level,eta,side,x/c,Cp
coarse,0.041,0,0.00048118465090914685,0.12480338413916114
coarse,0.041,0,0.0015496014049228182,-0.004218360961931733
coarse,0.041,0,0.00269005562647162,-0.30234857222572775
coarse,0.041,0,0.003918423528315704,-0.3264700507878655
coarse,0.041,0,0.0052896337841874235,-0.32047968737991206
coarse,0.041,0,0.006835167173204858,-0.287544045863636
coarse,0.041,0,0.008591903730461864,-0.37831526509092184
coarse,0.041,0,0.010606390156575746,-0.28897611535947076
coarse,0.041,0,0.012896826820377405,-0.43356251123841205
coarse,0.041,0,0.015524029917030911,-0.2980101945704572
coarse,0.041,0,0.01848720873574291,-0.4692716653204796
coarse,0.041,0,0.021860408384262946,-0.3067982462083165
coarse,0.041,0,0.02562386060145986,-0.4829778055564833
coarse,0.041,0,0.029863572475346302,-0.32549105174222626
coarse,0.041,0,0.03454113643487875,-0.4754853624252995
coarse,0.041,0,0.03975304994321132,-0.3614129692671324
coarse,0.041,0,0.0454429232835782,-0.45758300049451095
coarse,0.041,0,0.051716093195926224,-0.40848465360443753
coarse,0.041,0,0.0584991526614552,-0.44215541274735126
coarse,0.041,0,0.06590447535607928,-0.4503105046566953
coarse,0.041,0,0.07384289297340799,-0.4359087428848347
coarse,0.041,0,0.08243189338057205,-0.4752913740785536
coarse,0.041,0,0.0915680726780352,-0.4363557693234681
coarse,0.041,0,0.10137202267416444,-0.483315327601612
coarse,0.041,0,0.11172787314566725,-0.4381146967473579
coarse,0.041,0,0.12275725648287138,-0.4799312672265803
coarse,0.041,0,0.13433381871037453,-0.43808580906250505
coarse,0.041,0,0.14657815163654367,-0.4706598952851895
coarse,0.041,0,0.15935557948541748,-0.4364462233336597
coarse,0.041,0,0.1727835901241267,-0.459873686993552
coarse,0.041,0,0.1867214903160169,-0.4356233385075665
coarse,0.041,0,0.20128165373700224,-0.4517845416236057
coarse,0.041,0,0.216319776990022,-0.43820551025133003
coarse,0.041,0,0.2319411968150229,-0.44820778353566504
coarse,0.041,0,0.24800046872566975,-0.4424351748626745
coarse,0.041,0,0.26459409018511665,-0.4453066082207804
coarse,0.041,0,0.28157796421324005,-0.4414062486066004
coarse,0.041,0,0.29903809789805247,-0.4353681314833353
coarse,0.041,0,0.31683420730492456,-0.4279164132250608
coarse,0.041,0,0.3350403375416063,-0.41216447327635297
coarse,0.041,0,0.35352241801597445,-0.40310713396596065
coarse,0.041,0,0.37234126492319286,-0.38042337586671393
coarse,0.041,0,0.3913713149986512,-0.37516569708383374
coarse,0.041,0,0.4106591149429669,-0.3469016517132508
coarse,0.041,0,0.4300897572413104,-0.34757202995486547
coarse,0.041,0,0.4496947226727998,-0.3140794907955118
coarse,0.041,0,0.4693717255718243,-0.32038728587886167
coarse,0.041,0,0.48913664215114394,-0.2815454816393437
coarse,0.041,0,0.5089015587304634,-0.29284922077549336
coarse,0.041,0,0.528666475309783,-0.24870903350894724
coarse,0.041,0,0.5483593544215678,-0.2649238740524016
coarse,0.041,0,0.567964319853058,-0.21549737992191198
coarse,0.041,0,0.5874264429305198,-0.23671259016995738
coarse,0.041,0,0.6067142428748349,-0.18197849226391738
coarse,0.041,0,0.6257908396509104,-0.20832386264050884
coarse,0.041,0,0.6446096865581292,-0.1483645898620798
coarse,0.041,0,0.6631525832276604,-0.18003609956022215
coarse,0.041,0,0.68135871346434,-0.11521406439012494
coarse,0.041,0,0.6992288679789616,-0.15256189477147997
coarse,0.041,0,0.7166890016637757,-0.08372481916984253
coarse,0.041,0,0.7337588827799126,-0.12634423632179526
coarse,0.041,0,0.7503525042393596,-0.05447135114488155
coarse,0.041,0,0.7665082736131604,-0.10070473056319673
coarse,0.041,0,0.7821296934381609,-0.02746529207490611
coarse,0.041,0,0.7972731534311278,-0.0752067168001036
coarse,0.041,0,0.8118333168521147,-0.0030679575291652217
coarse,0.041,0,0.8258835907199191,-0.049850402515903
coarse,0.041,0,0.8393116013586267,0.018387164404575773
coarse,0.041,0,0.8522065170746307,-0.024470090507650477
coarse,0.041,0,0.8644508500008001,0.03685225961699645
coarse,0.041,0,0.8761480040366688,0.0011101398591522038
coarse,0.041,0,0.887177387373869,0.05230129458942878
coarse,0.041,0,0.8976548702356991,0.026716410529141643
coarse,0.041,0,0.9074588202318321,0.06456343215607874
coarse,0.041,0,0.9167155913376644,0.05164635608941115
coarse,0.041,0,0.925304591744829,0.07375366350963963
coarse,0.041,0,0.9333604972292886,0.074775733833641
coarse,0.041,0,0.9407658199239126,0.08061488190294797
coarse,0.041,0,0.9476612530653556,0.09459407185872293
coarse,0.041,0,0.9539344229777034,0.0862755393405602
coarse,0.041,0,0.959729633058017,0.1098929044403627
coarse,0.041,0,0.9649415465663495,0.09176732992623027
coarse,0.041,0,0.9697156079890361,0.12108850741065291
coarse,0.041,0,0.9739553198629224,0.09776343160292211
coarse,0.041,0,0.977804779168133,0.1302106583377376
coarse,0.041,0,0.981177978816655,0.10457165654557166
coarse,0.041,0,0.9842152027431164,0.13859054779534308
coarse,0.041,0,0.9868424058397669,0.1121907914054805
coarse,0.041,0,0.9891936586987315,0.14595076955766761
coarse,0.041,0,0.9912081451248465,0.12036090982983616
coarse,0.041,0,0.9930114283827214,0.1524079690536181
coarse,0.041,0,0.9945569617717391,0.1304368001351257
coarse,0.041,0,0.9959596528067287,0.09344867255058109
coarse,0.041,0,0.9971880207085727,0.05939919399750293
coarse,0.041,0,0.9983443511428813,0.220635149752901
coarse,0.041,0,0.999412767896895,0.21234823099184774
coarse,0.041,1,0.00048118465090914685,0.3900540294197843
coarse,0.041,1,0.0015496014049228182,0.33913163758704856
coarse,0.041,1,0.00269005562647169,0.4176101429842928
coarse,0.041,1,0.003918423528315872,0.39664449885478903
coarse,0.041,1,0.005289633784187605,0.41302134913486976
coarse,0.041,1,0.006835167173204914,0.4128818669839016
coarse,0.041,1,0.00859190373046192,0.3695376119464896
coarse,0.041,1,0.010606390156575914,0.4129250845329211
coarse,0.041,1,0.012896826820377546,0.31563226431830826
coarse,0.041,1,0.015524029917030798,0.40440504660862986
coarse,0.041,1,0.018487208735742795,0.259858717372747
coarse,0.041,1,0.021860408384263057,0.38646988060393705
coarse,0.041,1,0.02562386060146008,0.21077562580959608
coarse,0.041,1,0.029863572475346496,0.35288881588079546
coarse,0.041,1,0.034541136434878945,0.1735809979947207
coarse,0.041,1,0.039753049943211376,0.2967661415120594
coarse,0.041,1,0.04544292328357814,0.1458207594851073
coarse,0.041,1,0.05171609319592603,0.22290476683509097
coarse,0.041,1,0.05849915266145498,0.11994264146987121
coarse,0.041,1,0.06590447535607923,0.14737846925147613
coarse,0.041,1,0.07384289297340799,0.08995440620233464
coarse,0.041,1,0.08243189338057205,0.08380188836755298
coarse,0.041,1,0.09156807267803525,0.05658870514702019
coarse,0.041,1,0.1013720226741646,0.035928916038629244
coarse,0.041,1,0.1117278731456675,0.024223806766276446
coarse,0.041,1,0.1227572564828716,0.001303841966505681
coarse,0.041,1,0.13433381871037475,-0.004078294361178125
coarse,0.041,1,0.1465781516365439,-0.024028661381173988
coarse,0.041,1,0.15935557948541765,-0.028185808795095024
coarse,0.041,1,0.1727835901241268,-0.0439315530842006
coarse,0.041,1,0.1867214903160169,-0.05014102070899118
coarse,0.041,1,0.20128165373700224,-0.06235195886325129
coarse,0.041,1,0.216319776990022,-0.07245454724366884
coarse,0.041,1,0.2319411968150229,-0.08155302259830988
coarse,0.041,1,0.24800046872566975,-0.09456340265610486
coarse,0.041,1,0.26459409018511665,-0.09955871299988073
coarse,0.041,1,0.28157796421324,-0.11171501706757936
coarse,0.041,1,0.2990380978980523,-0.11100694229180941
coarse,0.041,1,0.31683420730492434,-0.11826610397614745
coarse,0.041,1,0.33504033754160617,-0.11093735952299744
coarse,0.041,1,0.3535224180159745,-0.11455845314856639
coarse,0.041,1,0.372341264923193,-0.10236108083017026
coarse,0.041,1,0.39137131499865147,-0.10667004956250903
coarse,0.041,1,0.41065911494296714,-0.09030911017660492
coarse,0.041,1,0.4300897572413105,-0.09748964144682337
coarse,0.041,1,0.4496947226727998,-0.07698366068709017
coarse,0.041,1,0.4693717255718243,-0.08731637708583828
coarse,0.041,1,0.48913664215114405,-0.06238021422428042
coarse,0.041,1,0.5089015587304636,-0.07573397329019382
coarse,0.041,1,0.5286664753097831,-0.04625794937928096
coarse,0.041,1,0.5483593544215681,-0.06284995628990653
coarse,0.041,1,0.5679643198530588,-0.028723520803753955
coarse,0.041,1,0.5874264429305208,-0.04885561155414564
coarse,0.041,1,0.6067142428748352,-0.009972230947925986
coarse,0.041,1,0.6257908396509105,-0.033933597856076636
coarse,0.041,1,0.6446096865581294,0.009692643025904779
coarse,0.041,1,0.663152583227661,-0.018402743002689625
coarse,0.041,1,0.6813587134643413,0.029677956177317166
coarse,0.041,1,0.6992288679789629,-0.0029590367426086672
coarse,0.041,1,0.7166890016637761,0.048832355311484665
coarse,0.041,1,0.7337588827799125,0.01192497502698886
coarse,0.041,1,0.7503525042393594,0.06651122827587697
coarse,0.041,1,0.7665082736131595,0.026746431800519055
coarse,0.041,1,0.7821296934381589,0.08257041009807886
coarse,0.041,1,0.7972731534311254,0.0418171133635582
coarse,0.041,1,0.8118333168521132,0.09659912351762523
coarse,0.041,1,0.8258835907199186,0.05709296476918113
coarse,0.041,1,0.8393116013586271,0.10824162520031821
coarse,0.041,1,0.8522065170746315,0.07270462103079245
coarse,0.041,1,0.8644508500008006,0.11743122686849705
coarse,0.041,1,0.8761480040366691,0.08883086080723512
coarse,0.041,1,0.8871773873738699,0.12415083993953191
coarse,0.041,1,0.8976548702356999,0.1053599912628087
coarse,0.041,1,0.9074588202318321,0.1282622055096303
coarse,0.041,1,0.9167155913376644,0.12168930649829213
coarse,0.041,1,0.9253045917448286,0.1298816368163601
coarse,0.041,1,0.9333604972292884,0.1367831602984122
coarse,0.041,1,0.9407658199239126,0.1297210186038693
coarse,0.041,1,0.9476612530653556,0.14921407359335992
coarse,0.041,1,0.9539344229777034,0.128890049930666
coarse,0.041,1,0.959729633058017,0.15783754905565095
coarse,0.041,1,0.9649415465663495,0.12843295780426134
coarse,0.041,1,0.9697156079890359,0.16307707517007008
coarse,0.041,1,0.9739553198629226,0.12905806134369613
coarse,0.041,1,0.9778047791681304,0.16692537972531096
coarse,0.041,1,0.9811779788166468,0.13111023874550887
coarse,0.041,1,0.9842152027431075,0.1706890871695328
coarse,0.041,1,0.9868424058397636,0.13460595708746637
coarse,0.041,1,0.9891936586987313,0.17407818025961752
coarse,0.041,1,0.9912081451248462,0.1392772593955638
coarse,0.041,1,0.9930114283827214,0.17717390390492582
coarse,0.041,1,0.9945569617717391,0.14647827254109635
coarse,0.041,1,0.9959596528067287,0.11906916885306762
coarse,0.041,1,0.9971880207085727,0.07806709735885498
coarse,0.041,1,0.9983443511428813,0.21739318228997784
coarse,0.041,1,0.999412767896895,0.21234823099184774
medium,0.041,0,6.0106394590345875e-05,0.21372768952765075
medium,0.041,0,0.000762480564323757,0.12775627999453132
medium,0.041,0,0.0014689201025283964,-0.1884694322972047
medium,0.041,0,0.0022188001961175883,-0.21279745527027338
medium,0.041,0,0.002976780086740445,-0.1821080902427037
medium,0.041,0,0.0038213104792755976,-0.17044451571856456
medium,0.041,0,0.0046779134530605575,-0.2337443813428055
medium,0.041,0,0.005663518173705085,-0.1889958208458149
medium,0.041,0,0.006665076380182741,-0.2864766093069191
medium,0.041,0,0.007837105797281049,-0.21512870690239327
medium,0.041,0,0.009028848189135477,-0.33082314912529376
medium,0.041,0,0.010431233866523944,-0.23944150640728368
medium,0.041,0,0.011856941979951,-0.3656820260825069
medium,0.041,0,0.013531862331236598,-0.2646156772448962
medium,0.041,0,0.01523353708202198,-0.39015219857427286
medium,0.041,0,0.01722109636737633,-0.29458262056197326
medium,0.041,0,0.019238638398557037,-0.4056254571272735
medium,0.041,0,0.021576561507090617,-0.3308868575894597
medium,0.041,0,0.023947467520977282,-0.4126895644143014
medium,0.041,0,0.026670812861550434,-0.368800534689097
medium,0.041,0,0.029429890247177997,-0.4134646832484308
medium,0.041,0,0.03257078293274012,-0.4039053026776329
medium,0.041,0,0.035749884860619564,-0.41286995183083386
medium,0.041,0,0.0393372722167033,-0.43186558870889225
medium,0.041,0,0.04296505521696179,-0.41365063416126713
medium,0.041,0,0.04702448647505605,-0.4507837449137515
medium,0.041,0,0.05112619234393883,-0.41709813678843544
medium,0.041,0,0.05567962419641018,-0.4611774193522995
medium,0.041,0,0.060276887890969626,-0.4218678248820682
medium,0.041,0,0.06534251738737609,-0.4642883703741354
medium,0.041,0,0.07045320237038545,-0.4255933433270247
medium,0.041,0,0.07604532842694091,-0.46193402795439753
medium,0.041,0,0.08168339071515585,-0.4269308726993404
medium,0.041,0,0.08781230529134439,-0.4566384180919876
medium,0.041,0,0.09398768724178905,-0.4261764246864319
medium,0.041,0,0.10065959701233833,-0.45074311038888415
medium,0.041,0,0.10737815165496441,-0.42435305865433115
medium,0.041,0,0.11459513077330384,-0.4456816075794299
medium,0.041,0,0.12185857726589934,-0.42249601369005263
medium,0.041,0,0.12961855157859992,-0.4419827771760336
medium,0.041,0,0.1374244621229599,-0.42132906322105246
medium,0.041,0,0.1457212249552932,-0.4395600089515277
medium,0.041,0,0.15406304327422934,-0.42117569737273497
medium,0.041,0,0.16288630266671167,-0.4380889298513009
medium,0.041,0,0.17175339390128203,-0.4221140367090557
medium,0.041,0,0.18108885093769977,-0.4374018036657559
medium,0.041,0,0.19046658258490598,-0.4245554479828719
medium,0.041,0,0.20029604021570058,-0.4381483542567144
medium,0.041,0,0.21016589349066994,-0.42897138893625675
medium,0.041,0,0.22046739502347515,-0.4404690758092442
medium,0.041,0,0.23080710579859776,-0.4341862519883024
medium,0.041,0,0.24155510200192443,-0.44278669377608804
medium,0.041,0,0.2523388302503056,-0.43826016391731626
medium,0.041,0,0.2635043737986214,-0.4437065731096017
medium,0.041,0,0.27470290025229027,-0.43950746165269705
medium,0.041,0,0.2862538660326451,-0.4411636843985107
medium,0.041,0,0.2978348145588264,-0.43491125410548537
medium,0.041,0,0.30973614416236145,-0.4319501187674619
medium,0.041,0,0.3216642281653963,-0.42331069069844496
medium,0.041,0,0.3338781967030005,-0.4165452770276692
medium,0.041,0,0.34611548767664313,-0.4075900753583064
medium,0.041,0,0.35860199088814243,-0.3978787704385529
medium,0.041,0,0.371108207074398,-0.39020703233627163
medium,0.041,0,0.38382506654618853,-0.3779694757599157
medium,0.041,0,0.39655787950381216,-0.3724807652157498
medium,0.041,0,0.40946116367205637,-0.35817398174204573
medium,0.041,0,0.4223765204215504,-0.35516450354004747
medium,0.041,0,0.4354208789179044,-0.3388699700593212
medium,0.041,0,0.448473337211292,-0.33797978475686863
medium,0.041,0,0.46161234600659157,-0.3196539737904889
medium,0.041,0,0.47475542017036226,-0.3206006873144589
medium,0.041,0,0.48794193488951787,-0.30029662298756854
medium,0.041,0,0.5011284496086734,-0.30297784663951544
medium,0.041,0,0.5143149643278289,-0.2806679515504722
medium,0.041,0,0.5274974136785129,-0.2850710337505047
medium,0.041,0,0.5406364224738128,-0.26075335685399614
medium,0.041,0,0.5537673314720791,-0.2669506776241837
medium,0.041,0,0.5668116899684336,-0.24055567099170605
medium,0.041,0,0.5798439758835381,-0.24863818161237972
medium,0.041,0,0.5927472600517815,-0.2200681284085222
medium,0.041,0,0.605634590734192,-0.2301848599700702
medium,0.041,0,0.6183514502059826,-0.19929396019821888
medium,0.041,0,0.6310485967030172,-0.2116651080247014
medium,0.041,0,0.6435350999145167,-0.17827324089489083
medium,0.041,0,0.6559982806899781,-0.1931994938257724
medium,0.041,0,0.6682122492275825,-0.15708614202909277
medium,0.041,0,0.6803994633656869,-0.17500320126643065
medium,0.041,0,0.692300792969221,-0.13598662621727264
medium,0.041,0,0.7041721398269286,-0.15740433686071387
medium,0.041,0,0.715723105607284,-0.11529107833404684
medium,0.041,0,0.7272410884822862,-0.14041324987548887
medium,0.041,0,0.7384066320306021,-0.0948975136933572
medium,0.041,0,0.749536443533864,-0.12363574538990574
medium,0.041,0,0.7602844397371971,-0.07460873087271347
medium,0.041,0,0.7709942266982119,-0.10684133070851876
medium,0.041,0,0.7812957282310103,-0.05447055235065479
medium,0.041,0,0.7915568341196345,-0.08995819234559099
medium,0.041,0,0.8013862917504293,-0.03470714695138066
medium,0.041,0,0.8111734747704356,-0.07293963254124658
medium,0.041,0,0.8205089318068524,-0.015587240241091038
medium,0.041,0,0.8298005570011814,-0.05568198741542929
medium,0.041,0,0.8386238163936641,0.0026734458872387235
medium,0.041,0,0.8474020202995443,-0.03806985938684271
medium,0.041,0,0.8556987831318779,0.01985136671636145
medium,0.041,0,0.8639496097325521,-0.020072100557747996
medium,0.041,0,0.8717095840452526,0.0357403140627961
medium,0.041,0,0.8794230909836964,-0.0016928404467471125
medium,0.041,0,0.886640070102032,0.050172754630819494
medium,0.041,0,0.8938104043482916,0.016966641770616797
medium,0.041,0,0.9004823141188447,0.06297372737138962
medium,0.041,0,0.9071077565151413,0.03570119767947655
medium,0.041,0,0.9132366710913303,0.07403692058560873
medium,0.041,0,0.9193196494358595,0.05430583514975862
medium,0.041,0,0.9249117754924154,0.08338994327835314
medium,0.041,0,0.930458846062368,0.07249590131358863
medium,0.041,0,0.935524475558774,0.09103147578259063
medium,0.041,0,0.9405462732130917,0.0898053909642903
medium,0.041,0,0.9450997050655636,0.09691981092621305
medium,0.041,0,0.949610862307247,0.10569691387805102
medium,0.041,0,0.9536702935653408,0.10111751208563258
medium,0.041,0,0.9576893291792603,0.11957498350873519
medium,0.041,0,0.9612767165353446,0.1039349654430618
medium,0.041,0,0.9648258946491115,0.13081728278668325
medium,0.041,0,0.9679667873346732,0.10593880665643673
medium,0.041,0,0.9710719479751805,0.13893845166015306
medium,0.041,0,0.9737952933157534,0.10774639406322195
medium,0.041,0,0.976485655750973,0.14398147748222656
medium,0.041,0,0.978823578859507,0.10981555855209524
medium,0.041,0,0.9811315192222146,0.14695260879807515
medium,0.041,0,0.9831190785075726,0.11245220548463164
medium,0.041,0,0.9850798833934303,0.14941207468963547
medium,0.041,0,0.9867548037447115,0.11583345797775191
medium,0.041,0,0.9884064016599543,0.15236373533894754
medium,0.041,0,0.9898087873373436,0.12006530676387428
medium,0.041,0,0.9911914600399766,0.15601967902842517
medium,0.041,0,0.9923634894570758,0.12528671584890494
medium,0.041,0,0.9935195653883413,0.16022318947390346
medium,0.041,0,0.9945051701089856,0.1318395975611476
medium,0.041,0,0.99547870224838,0.1667361771974999
medium,0.041,0,0.996323232640915,0.1427531737042549
medium,0.041,0,0.9971596632364164,0.10156027472333229
medium,0.041,0,0.9979095433300057,0.06835105206694336
medium,0.041,0,0.9986553580551235,0.2326416419074806
medium,0.041,0,0.9993577322248565,0.226174154334165
medium,0.041,1,6.0106394590345875e-05,0.3944073854793305
medium,0.041,1,0.000762480564323757,0.34946007668583934
medium,0.041,1,0.0014689201025283964,0.45200650745204995
medium,0.041,1,0.0022188001961176026,0.4266970192763542
medium,0.041,1,0.002976780086740459,0.4577128938123234
medium,0.041,1,0.003821310479275723,0.4415943638577262
medium,0.041,1,0.0046779134530607665,0.441809400580058
medium,0.041,1,0.005663518173705196,0.4522546183664551
medium,0.041,1,0.006665076380182741,0.4173967735928056
medium,0.041,1,0.007837105797281049,0.45450608134988046
medium,0.041,1,0.009028848189135491,0.38693584706957806
medium,0.041,1,0.01043123386652407,0.44906501797795895
medium,0.041,1,0.011856941979951222,0.35352073769033254
medium,0.041,1,0.01353186233123682,0.43498514183516157
medium,0.041,1,0.01523353708202219,0.32002974645054383
medium,0.041,1,0.017221096367376315,0.4100346440365388
medium,0.041,1,0.019238638398556843,0.2882052583613762
medium,0.041,1,0.021576561507090634,0.37289567591393025
medium,0.041,1,0.023947467520977504,0.2591080966965358
medium,0.041,1,0.026670812861550517,0.3260382245164378
medium,0.041,1,0.029429890247177997,0.2325356746287751
medium,0.041,1,0.03257078293274012,0.2741681859396349
medium,0.041,1,0.035749884860619564,0.20636530274052756
medium,0.041,1,0.03933727221670327,0.22302075594467208
medium,0.041,1,0.04296505521696179,0.17909706483410026
medium,0.041,1,0.047024486475056075,0.17674020634610266
medium,0.041,1,0.05112619234393883,0.1502608513304592
medium,0.041,1,0.055679624196410316,0.13721407180266432
medium,0.041,1,0.06027688789096982,0.12114839893073259
medium,0.041,1,0.0653425173873762,0.10476510742818124
medium,0.041,1,0.07045320237038545,0.09381177424039977
medium,0.041,1,0.07604532842694091,0.07854457721367869
medium,0.041,1,0.08168339071515585,0.06960771657070275
medium,0.041,1,0.0878123052913443,0.056808257241152016
medium,0.041,1,0.09398768724178883,0.04859499334690898
medium,0.041,1,0.10065959701233836,0.03770199350389447
medium,0.041,1,0.10737815165496466,0.030059009673614412
medium,0.041,1,0.11459513077330395,0.019894643591487182
medium,0.041,1,0.12185857726589934,0.01309676326727982
medium,0.041,1,0.12961855157859975,0.0027191856867369024
medium,0.041,1,0.13742446212295967,-0.0030307529978950143
medium,0.041,1,0.1457212249552932,-0.013965152690458948
medium,0.041,1,0.15406304327422957,-0.018756455795437388
medium,0.041,1,0.1628863026667119,-0.030057490222345606
medium,0.041,1,0.1717533939012822,-0.0342892895948026
medium,0.041,1,0.18108885093769977,-0.0455399453758627
medium,0.041,1,0.19046658258490576,-0.05003683325421848
medium,0.041,1,0.20029604021570047,-0.06097765300248459
medium,0.041,1,0.21016589349066994,-0.06648168634375118
medium,0.041,1,0.22046739502347515,-0.07663505465007736
medium,0.041,1,0.2308071057985977,-0.0829477805958827
medium,0.041,1,0.24155510200192448,-0.09157966158727393
medium,0.041,1,0.2523388302503056,-0.0981170482188729
medium,0.041,1,0.2635043737986214,-0.10491888682165529
medium,0.041,1,0.27470290025229027,-0.11075743172153896
medium,0.041,1,0.28625386603264524,-0.11514605230844488
medium,0.041,1,0.29783481455882654,-0.1185349732956944
medium,0.041,1,0.3097361441623615,-0.11978673193387035
medium,0.041,1,0.3216642281653963,-0.12037675467906861
medium,0.041,1,0.3338781967030005,-0.11900715475411405
medium,0.041,1,0.34611548767664313,-0.11831385261445759
medium,0.041,1,0.3586019908881426,-0.11487334262007054
medium,0.041,1,0.37110820707439823,-0.11419967560815247
medium,0.041,1,0.38382506654618864,-0.10891840799571062
medium,0.041,1,0.39655787950381216,-0.10910340906562821
medium,0.041,1,0.4094611636720566,-0.10226215043865139
medium,0.041,1,0.4223765204215508,-0.1036939359887954
medium,0.041,1,0.4354208789179046,-0.09529405722667761
medium,0.041,1,0.448473337211292,-0.09782774909804126
medium,0.041,1,0.4616123460065917,-0.08778249255693016
medium,0.041,1,0.4747554201703626,-0.09130179009954187
medium,0.041,1,0.4879419348895181,-0.07960820870413787
medium,0.041,1,0.5011284496086736,-0.08411909463939793
medium,0.041,1,0.5143149643278289,-0.0707140636401078
medium,0.041,1,0.5274974136785129,-0.07628251974048061
medium,0.041,1,0.5406364224738128,-0.061127324450513276
medium,0.041,1,0.5537673314720791,-0.06788052000680422
medium,0.041,1,0.5668116899684342,-0.05088375780755894
medium,0.041,1,0.5798439758835393,-0.058958671989752354
medium,0.041,1,0.5927472600517821,-0.04000702715155735
medium,0.041,1,0.6056345907341922,-0.04958501170166674
medium,0.041,1,0.6183514502059827,-0.02852582747208543
medium,0.041,1,0.6310485967030172,-0.03984585235686833
medium,0.041,1,0.643535099914517,-0.016497088645968994
medium,0.041,1,0.6559982806899786,-0.02986610611637386
medium,0.041,1,0.6682122492275832,-0.004011490820463148
medium,0.041,1,0.6803994633656878,-0.0198538477538297
medium,0.041,1,0.6923007929692215,0.008690320967364329
medium,0.041,1,0.7041721398269288,-0.010118216028670579
medium,0.041,1,0.7157231056072841,0.02130714806513412
medium,0.041,1,0.7272410884822862,-0.0006977850356257864
medium,0.041,1,0.7384066320306021,0.0338928122729667
medium,0.041,1,0.749536443533863,0.008723370254426488
medium,0.041,1,0.7602844397371846,0.04658828155705119
medium,0.041,1,0.7709942266981898,0.018328445741908284
medium,0.041,1,0.7812957282309982,0.05932780600048626
medium,0.041,1,0.791556834119632,0.028167842963554235
medium,0.041,1,0.8013862917504275,0.07188975976481604
medium,0.041,1,0.8111734747704344,0.038273809496098044
medium,0.041,1,0.8205089318068505,0.08401352142444596
medium,0.041,1,0.8298005570011788,0.04873515865712652
medium,0.041,1,0.8386238163936635,0.09548910902499042
medium,0.041,1,0.8474020202995451,0.059659914641622236
medium,0.041,1,0.8556987831318787,0.10610801157180172
medium,0.041,1,0.8639496097325529,0.07109303312868909
medium,0.041,1,0.8717095840452532,0.11568586229932099
medium,0.041,1,0.8794230909836971,0.0830595487795549
medium,0.041,1,0.8866400701020329,0.12408017414791062
medium,0.041,1,0.8938104043482925,0.09550558155572897
medium,0.041,1,0.9004823141188454,0.1311432613422049
medium,0.041,1,0.9071077565151417,0.10828460412382279
medium,0.041,1,0.9132366710913303,0.1367839216946799
medium,0.041,1,0.9193196494358595,0.12124049010730764
medium,0.041,1,0.924911775492415,0.1410247429039463
medium,0.041,1,0.9304588460623677,0.13412188302378836
medium,0.041,1,0.935524475558774,0.14385394390778983
medium,0.041,1,0.9405462732130921,0.14648357121120803
medium,0.041,1,0.9450997050655638,0.14521531650727448
medium,0.041,1,0.949610862307247,0.15778684779277574
medium,0.041,1,0.9536702935653408,0.14515136016466212
medium,0.041,1,0.9576893291792603,0.16741852008830604
medium,0.041,1,0.9612767165353442,0.14395060739979348
medium,0.041,1,0.9648258946491108,0.1747339176619197
medium,0.041,1,0.967966787334673,0.14216374991356062
medium,0.041,1,0.9710719479751809,0.17922817333563001
medium,0.041,1,0.9737952933157534,0.14040505798274883
medium,0.041,1,0.976485655750973,0.18092599831084777
medium,0.041,1,0.978823578859507,0.1391437622023075
medium,0.041,1,0.9811315192222144,0.18081010985673518
medium,0.041,1,0.9831190785075715,0.1387015827381448
medium,0.041,1,0.9850798833934281,0.18041591668142987
medium,0.041,1,0.9867548037447101,0.1392718443265465
medium,0.041,1,0.9884064016599539,0.18074263246517153
medium,0.041,1,0.9898087873373433,0.14097080649410854
medium,0.041,1,0.9911914600399766,0.1820131196781718
medium,0.041,1,0.9923634894570758,0.1439419579374991
medium,0.041,1,0.9935195653883413,0.18409640723804277
medium,0.041,1,0.9945051701089856,0.14852990718380354
medium,0.041,1,0.99547870224838,0.18878094085278296
medium,0.041,1,0.996323232640915,0.15777792177501082
medium,0.041,1,0.9971596632364164,0.12551278333610594
medium,0.041,1,0.9979095433300053,0.08637851796329155
medium,0.041,1,0.9986553580551231,0.23259966461003945
medium,0.041,1,0.9993577322248565,0.226174154334165
fine,0.041,0,5.5937078602379166e-05,0.24892755727751892
fine,0.041,0,0.0005212500868810686,0.17923442535653689
fine,0.041,0,0.0009882569962894338,-0.12447339528331658
fine,0.041,0,0.001467660733831845,-0.15184190309618528
fine,0.041,0,0.0019504465420083108,-0.09659538146420377
fine,0.041,0,0.0024579840595098414,-0.09999812276707432
fine,0.041,0,0.002970580373293382,-0.14177672849788325
fine,0.041,0,0.0035201995256438196,-0.12485254082921915
fine,0.041,0,0.004076537082558917,-0.18850570063318628
fine,0.041,0,0.004682043333716463,-0.1548044879094812
fine,0.041,0,0.005295904864767017,-0.22891772045233272
fine,0.041,0,0.0059709145744387135,-0.18153920649100153
fine,0.041,0,0.006655888167709287,-0.26433227297121564
fine,0.041,0,0.007413782517898443,-0.2068634515993062
fine,0.041,0,0.008183215640764305,-0.29528873477889594
fine,0.041,0,0.009037095358087527,-0.2320963977809165
fine,0.041,0,0.009904049693610972,-0.32191634327685503
fine,0.041,0,0.010866690720585371,-0.25795096629238534
fine,0.041,0,0.011843897970914521,-0.3438967514150284
fine,0.041,0,0.012927708236216135,-0.2845150695709284
fine,0.041,0,0.014027527042537567,-0.3611232812940208
fine,0.041,0,0.015244504476490698,-0.3116852661717857
fine,0.041,0,0.01647887860129349,-0.37454320536153074
fine,0.041,0,0.017840570538678706,-0.3397404267108799
fine,0.041,0,0.01922098845184841,-0.3858684397054384
fine,0.041,0,0.02073845255937513,-0.36778774048912943
fine,0.041,0,0.022275908564846673,-0.394799628431177
fine,0.041,0,0.02395967542550917,-0.39189760835209886
fine,0.041,0,0.02566463246002244,-0.4009235872914536
fine,0.041,0,0.02752466994093997,-0.41193616612129014
fine,0.041,0,0.029407024170773528,-0.4065355085445481
fine,0.041,0,0.03145270369508345,-0.42770599572106516
fine,0.041,0,0.033521751030560515,-0.41147833347949025
fine,0.041,0,0.035761815867489284,-0.43860716002153155
fine,0.041,0,0.0380262205085602,-0.4157642813764242
fine,0.041,0,0.040468756188967316,-0.44520042598741005
fine,0.041,0,0.042936521308299024,-0.4195284832720838
fine,0.041,0,0.04558892826580048,-0.44853396562098724
fine,0.041,0,0.04826736892857373,-0.42278463268579625
fine,0.041,0,0.051136337458816836,-0.44969101706154846
fine,0.041,0,0.05403205587086111,-0.4254512602981635
fine,0.041,0,0.057123543493682157,-0.4495757954042068
fine,0.041,0,0.06024240666170126,-0.4273954351814919
fine,0.041,0,0.06356161796276386,-0.44882014615029897
fine,0.041,0,0.06690873784224194,-0.42851810698663084
fine,0.041,0,0.07046010686236684,-0.4477874254650751
fine,0.041,0,0.07403982306032948,-0.42884622406304085
fine,0.041,0,0.07782699829210395,-0.44666388102966237
fine,0.041,0,0.08164286338326175,-0.42859246603140067
fine,0.041,0,0.08566869542569527,-0.445565671226801
fine,0.041,0,0.08972346293165524,-0.4280805894816935
fine,0.041,0,0.0939899948446555,-0.4445328032574398
fine,0.041,0,0.09828560991687595,-0.4275243308013499
fine,0.041,0,0.10279407030817998,-0.44346142652546683
fine,0.041,0,0.10733166314619323,-0.4269944750893562
fine,0.041,0,0.11208246201414832,-0.44233097736899496
fine,0.041,0,0.1168623440413236,-0.42657226412668003
fine,0.041,0,0.1218550713875826,-0.4411800969286752
fine,0.041,0,0.12687673419736803,-0.42629007054884016
fine,0.041,0,0.1321101614141939,-0.44007432659454726
fine,0.041,0,0.13737227849040312,-0.42619139843793996
fine,0.041,0,0.14284436251788798,-0.43910925327870953
fine,0.041,0,0.14834479372321066,-0.42633806533077845
fine,0.041,0,0.15405268396234573,-0.43837185843403725
fine,0.041,0,0.15978848277989607,-0.42678787251249073
fine,0.041,0,0.16572853073809174,-0.43791968111939417
fine,0.041,0,0.17169595424148565,-0.42759873246669233
fine,0.041,0,0.17786372587792404,-0.4378124648718049
fine,0.041,0,0.18405824739616367,-0.4288935064884385
fine,0.041,0,0.19044853812517984,-0.4382220652322071
fine,0.041,0,0.1968648625594678,-0.43098022955073545
fine,0.041,0,0.20347171486122553,-0.43953803266780844
fine,0.041,0,0.21010379660190773,-0.4340576241460219
fine,0.041,0,0.21692052018076,-0.4417194403804614
fine,0.041,0,0.22376158356375442,-0.4375852437554635
fine,0.041,0,0.23078077798608487,-0.4440470841124846
fine,0.041,0,0.23782334021958246,-0.4407882373384102
fine,0.041,0,0.24503691995453172,-0.4459627963245194
fine,0.041,0,0.25227281643839694,-0.44330946937086924
fine,0.041,0,0.2596720382167387,-0.4471543778005813
fine,0.041,0,0.26709245016893124,-0.44474520962284325
fine,0.041,0,0.274667942567528,-0.4471189801308597
fine,0.041,0,0.28226342686406963,-0.44428610442874605
fine,0.041,0,0.29000522201580176,-0.44491651954597544
fine,0.041,0,0.2977657431433183,-0.44083731350356437
fine,0.041,0,0.3056633104651915,-0.43945600622058034
fine,0.041,0,0.3135782744779148,-0.4338061091936165
fine,0.041,0,0.3216205563032225,-0.43048897280155285
fine,0.041,0,0.32967884666954994,-0.4241520595973176
fine,0.041,0,0.3378542956635082,-0.41952264442991916
fine,0.041,0,0.34604431088082105,-0.41335367815352897
fine,0.041,0,0.35434092911310483,-0.40742605334985504
fine,0.041,0,0.362650621963589,-0.4016442592409546
fine,0.041,0,0.3710560015055249,-0.3945317079459283
fine,0.041,0,0.37947291982013753,-0.38950548745465285
fine,0.041,0,0.38797428472920764,-0.3814323248247655
fine,0.041,0,0.39648561352187667,-0.37746790300306765
fine,0.041,0,0.40506986307146436,-0.36852264031329773
fine,0.041,0,0.4136624679009451,-0.36567375067949803
fine,0.041,0,0.42231622090904647,-0.35589240279342427
fine,0.041,0,0.4309766923217128,-0.3540663913464648
fine,0.041,0,0.43968633242862176,-0.34344571081883446
fine,0.041,0,0.4484010313318127,-0.3424860422032301
fine,0.041,0,0.4571527530735706,-0.3310119723639602
fine,0.041,0,0.4659078568859624,-0.3308095243889595
fine,0.041,0,0.4746877124076794,-0.31849812707570435
fine,0.041,0,0.4834692618305259,-0.31905046826541716
fine,0.041,0,0.4922632080815063,-0.3059474442448511
fine,0.041,0,0.5010571543324867,-0.30721138347376
fine,0.041,0,0.5098511005834669,-0.2932768782934385
fine,0.041,0,0.5186433529333175,-0.29521926765865003
fine,0.041,0,0.5274232084550345,-0.28048692666333297
fine,0.041,0,0.5361996819061174,-0.2831425211955054
fine,0.041,0,0.5449514036478755,-0.2676092778765822
fine,0.041,0,0.5536980665933513,-0.2709823923530228
fine,0.041,0,0.5624077067002602,-0.2546332173400714
fine,0.041,0,0.5711106284026042,-0.25873788042309087
fine,0.041,0,0.5797643814107059,-0.24155807865859535
fine,0.041,0,0.5884097791389143,-0.2464272912671377
fine,0.041,0,0.596994028688502,-0.22839290147282032
fine,0.041,0,0.6055683143544907,-0.23406802752632494
fine,0.041,0,0.6140696792635608,-0.2151415330815749
fine,0.041,0,0.6225595053999542,-0.22167307665098912
fine,0.041,0,0.63096488494189,-0.20180476552249815
fine,0.041,0,0.6393571898656255,-0.20927525536767022
fine,0.041,0,0.6476538080979101,-0.18841846042841115
fine,0.041,0,0.6559358601068398,-0.19693204122809904
fine,0.041,0,0.6641113091007976,-0.17501603087678652
fine,0.041,0,0.6722707495537354,-0.18467156126094486
fine,0.041,0,0.6803130313790395,-0.1616068582843313
fine,0.041,0,0.6883379165134946,-0.1725887306418208
fine,0.041,0,0.696235483835371,-0.14835176157240082
fine,0.041,0,0.7041143251814626,-0.16085164202664237
fine,0.041,0,0.7118561203331948,-0.13533832713727056
fine,0.041,0,0.7195779235869822,-0.14941705787869974
fine,0.041,0,0.7271534159855794,-0.12248792663856367
fine,0.041,0,0.7347077182103254,-0.13815038919311418
fine,0.041,0,0.7421069399886673,-0.10968156545322638
fine,0.041,0,0.7494838450180932,-0.12694284915453324
fine,0.041,0,0.7566974247530426,-0.09684798897202795
fine,0.041,0,0.7638876366768249,-0.11574351037277242
fine,0.041,0,0.7709068310991566,-0.08397773700110145
fine,0.041,0,0.777901685717346,-0.1045327506208702
fine,0.041,0,0.7847184092961965,-0.07108888137570935
fine,0.041,0,0.7915099034361227,-0.09329833138971755
fine,0.041,0,0.7981167557378812,-0.05822538721800541
fine,0.041,0,0.8046975743343677,-0.08203835266184178
fine,0.041,0,0.8110878650633836,-0.045466056178347314
fine,0.041,0,0.8174514059105983,-0.07073665033515475
fine,0.041,0,0.8236191775470355,-0.03284167739647392
fine,0.041,0,0.829759573638275,-0.05934030120422884
fine,0.041,0,0.8356996215964724,-0.020389764448313974
fine,0.041,0,0.8416117609762543,-0.047818927961201796
fine,0.041,0,0.8473196512153888,-0.00818445209940899
fine,0.041,0,0.8529991942766852,-0.036161955007225854
fine,0.041,0,0.85847127830417,0.0037049895964192947
fine,0.041,0,0.8639146724722715,-0.024361114832208486
fine,0.041,0,0.8691480996890972,0.015212362780982813
fine,0.041,0,0.8743525914423966,-0.012413204538122224
fine,0.041,0,0.8793453187886557,0.026275734644327864
fine,0.041,0,0.8843089629756943,-0.0003286087948051186
fine,0.041,0,0.8890597618436453,0.03683068223703012
fine,0.041,0,0.8937814282648882,0.011861549898977364
fine,0.041,0,0.8982898886561963,0.04680590324440115
fine,0.041,0,0.9027692658882837,0.024108646286801094
fine,0.041,0,0.9070357978012841,0.05613083503961047
fine,0.041,0,0.9112733942507577,0.03638812056985308
fine,0.041,0,0.9152992262931914,0.06480694363948092
fine,0.041,0,0.9192963684762414,0.04873197447530242
fine,0.041,0,0.9230835437080159,0.07284501431587587
fine,0.041,0,0.9268423717619523,0.0611260997635833
fine,0.041,0,0.9303937407820771,0.08021799432560928
fine,0.041,0,0.9339172012237866,0.0735076588324548
fine,0.041,0,0.9372364125248491,0.08688163127015802
fine,0.041,0,0.9405282482807135,0.08579514622473372
fine,0.041,0,0.943619735903535,0.09277678722813187
fine,0.041,0,0.9466844736445551,0.09784599566605212
fine,0.041,0,0.9495534421747981,0.09781520555842294
fine,0.041,0,0.9523963769997694,0.10946586353630972
fine,0.041,0,0.9550487839572708,0.10189205569190452
fine,0.041,0,0.9576759614758479,0.12041128824298886
fine,0.041,0,0.9601184971562551,0.10490859217971049
fine,0.041,0,0.9625366930325199,0.13038518394303877
fine,0.041,0,0.9647767578694472,0.10682386470102412
fine,0.041,0,0.9669934548952075,0.13905260169498557
fine,0.041,0,0.9690391344195192,0.1077105446403529
fine,0.041,0,0.9710624971949144,0.14607250065446564
fine,0.041,0,0.9729225346758318,0.10778093806392575
fine,0.041,0,0.9747613819828982,0.15113550483971527
fine,0.041,0,0.9764451488435607,0.1073432870443426
fine,0.041,0,0.9781089238062785,0.15402393113325652
fine,0.041,0,0.9796263879138054,0.10670693997110747
fine,0.041,0,0.9811251260455475,0.1547437988721977
fine,0.041,0,0.9824868179829328,0.10614303441325157
fine,0.041,0,0.9838311132294686,0.15367178780833368
fine,0.041,0,0.9850480906634214,0.10583952182858514
fine,0.041,0,0.9862490595563541,0.15157906000015642
fine,0.041,0,0.9873328698216551,0.10592085750271041
fine,0.041,0,0.9884021138636017,0.14943251209270747
fine,0.041,0,0.9893647548905768,0.10649829746958428
fine,0.041,0,0.9903143212993519,0.14799307130075656
fine,0.041,0,0.9911682010166755,0.1076765002164356
fine,0.041,0,0.9920105419613223,0.1476198054922977
fine,0.041,0,0.9927684363115116,0.1095668124152146
fine,0.041,0,0.9935163667781021,0.1483797325825864
fine,0.041,0,0.994191376487773,0.11232579291145961
fine,0.041,0,0.9948580309175509,0.15025390015633822
fine,0.041,0,0.995463537168709,0.1162419657313114
fine,0.041,0,0.9960623250153025,0.15332218537388798
fine,0.041,0,0.9966119441676526,0.1219390981487053
fine,0.041,0,0.997156504523721,0.15987129618477447
fine,0.041,0,0.997664042041222,0.13290528363182275
fine,0.041,0,0.9981681974880893,0.08370764200251768
fine,0.041,0,0.9986476012256317,0.047899711906101206
fine,0.041,0,0.9991253110620446,0.2529554087669508
fine,0.041,0,0.9995906240703231,0.2410453394586013
fine,0.041,1,5.5937078602379166e-05,0.3803880941503851
fine,0.041,1,0.0005212500868810686,0.34446800790987253
fine,0.041,1,0.0009882569962894338,0.46559570275965445
fine,0.041,1,0.001467660733831845,0.43676642549163847
fine,0.041,1,0.0019504465420083108,0.46744814151676706
fine,0.041,1,0.0024579840595098414,0.44103732352129765
fine,0.041,1,0.002970580373293382,0.46924514766877823
fine,0.041,1,0.0035201995256438196,0.4585184463141797
fine,0.041,1,0.004076537082558917,0.4631891290482497
fine,0.041,1,0.004682043333716351,0.4677868395083147
fine,0.041,1,0.005295904864766822,0.4519908136579386
fine,0.041,1,0.00597091457443863,0.4716506287329725
fine,0.041,1,0.006655888167709273,0.43703667240366706
fine,0.041,1,0.007413782517898317,0.4705778039737065
fine,0.041,1,0.008183215640764081,0.41934898882545635
fine,0.041,1,0.009037095358087442,0.4645068844846961
fine,0.041,1,0.009904049693610986,0.3997825717799497
fine,0.041,1,0.010866690720585482,0.4531613992561129
fine,0.041,1,0.011843897970914745,0.37915218379815996
fine,0.041,1,0.012927708236216246,0.4363477368565246
fine,0.041,1,0.014027527042537595,0.3581398185299587
fine,0.041,1,0.015244504476490825,0.414135933338903
fine,0.041,1,0.016478878601293687,0.3370316297752728
fine,0.041,1,0.017840570538678678,0.3868857597865277
fine,0.041,1,0.019220988451848216,0.3156151255641765
fine,0.041,1,0.020738452559375172,0.3557211376017272
fine,0.041,1,0.022275908564846923,0.29400928253529224
fine,0.041,1,0.02395967542550928,0.3230446985452109
fine,0.041,1,0.02566463246002244,0.2725463739293823
fine,0.041,1,0.02752466994093997,0.29014811066994184
fine,0.041,1,0.029407024170773528,0.25053099726531003
fine,0.041,1,0.03145270369508345,0.25837726678063266
fine,0.041,1,0.03352175103056049,0.2281965159090833
fine,0.041,1,0.03576181586748917,0.2288952267214348
fine,0.041,1,0.03802622050855998,0.20586173175403222
fine,0.041,1,0.04046875618896723,0.2021418014512305
fine,0.041,1,0.042936521308299024,0.18385075743778467
fine,0.041,1,0.04558892826580045,0.17805787282801777
fine,0.041,1,0.04826736892857376,0.16251036560510645
fine,0.041,1,0.05113633745881695,0.15629884854744935
fine,0.041,1,0.05403205587086134,0.14214767200093803
fine,0.041,1,0.05712354349368238,0.1364067236547568
fine,0.041,1,0.060242406661701484,0.12299237760632364
fine,0.041,1,0.06356161796276408,0.11794010899127094
fine,0.041,1,0.06690873784224216,0.10516459126220223
fine,0.041,1,0.07046010686236692,0.10055854833166789
fine,0.041,1,0.07403982306032948,0.08865062728737616
fine,0.041,1,0.07782699829210395,0.08404151646906821
fine,0.041,1,0.08164286338326175,0.07329364572869079
fine,0.041,1,0.08566869542569541,0.06826114599417277
fine,0.041,1,0.08972346293165546,0.05885149292716885
fine,0.041,1,0.09398999484465559,0.0531795856916325
fine,0.041,1,0.09828560991687595,0.045140734091203116
fine,0.041,1,0.10279407030818012,0.038861610656874546
fine,0.041,1,0.10733166314619343,0.03207583428888561
fine,0.041,1,0.11208246201414854,0.025315975202580887
fine,0.041,1,0.11686234404132383,0.019572847792597048
fine,0.041,1,0.12185507138758284,0.012501680521285752
fine,0.041,1,0.12687673419736825,0.007578102009603294
fine,0.041,1,0.13211016141419385,0.0003421349586510969
fine,0.041,1,0.1373722784904029,-0.003972776142575851
fine,0.041,1,0.14284436251788787,-0.01127076774252811
fine,0.041,1,0.14834479372321066,-0.015161643031786465
fine,0.041,1,0.15405268396234573,-0.022444788340492128
fine,0.041,1,0.15978848277989613,-0.02607160160268629
fine,0.041,1,0.16572853073809185,-0.03326847481845774
fine,0.041,1,0.17169595424148582,-0.03678589346457262
fine,0.041,1,0.17786372587792415,-0.043829302684765814
fine,0.041,1,0.18405824739616367,-0.047429627443782874
fine,0.041,1,0.19044853812517984,-0.05428937338087647
fine,0.041,1,0.1968648625594678,-0.05825828987076864
fine,0.041,1,0.20347171486122553,-0.06496481469564386
fine,0.041,1,0.21010379660190773,-0.06946978273372029
fine,0.041,1,0.21692052018075988,-0.0758821579352158
fine,0.041,1,0.2237615835637542,-0.0807426342695039
fine,0.041,1,0.23078077798608465,-0.08659466155468576
fine,0.041,1,0.2378233402195823,-0.09155477575075821
fine,0.041,1,0.2450369199545316,-0.0967455366726333
fine,0.041,1,0.25227281643839694,-0.10165770184345635
fine,0.041,1,0.2596720382167387,-0.10612097547697852
fine,0.041,1,0.2670924501689313,-0.11075753915890618
fine,0.041,1,0.274667942567528,-0.1143536960320144
fine,0.041,1,0.28226342686406963,-0.11824621177392092
fine,0.041,1,0.29000522201580187,-0.12073812789524418
fine,0.041,1,0.29776574314331844,-0.12327129837008499
fine,0.041,1,0.30566331046519163,-0.12442400431722711
fine,0.041,1,0.3135782744779148,-0.12531691302378412
fine,0.041,1,0.3216205563032225,-0.1251564218863792
fine,0.041,1,0.32967884666954994,-0.12503177195490078
fine,0.041,1,0.3378542956635082,-0.12400476967665774
fine,0.041,1,0.34604431088082105,-0.12351264394924355
fine,0.041,1,0.35434092911310483,-0.12159441661765791
fine,0.041,1,0.362650621963589,-0.1209358370338165
fine,0.041,1,0.3710560015055249,-0.11818544536091258
fine,0.041,1,0.37947291982013753,-0.11768061877033653
fine,0.041,1,0.38797428472920764,-0.11424874412697505
fine,0.041,1,0.39648561352187667,-0.11418064058602018
fine,0.041,1,0.40506986307146436,-0.11011432322696257
fine,0.041,1,0.4136624679009451,-0.11057518764594199
fine,0.041,1,0.42231622090904647,-0.10588352753057007
fine,0.041,1,0.4309766923217128,-0.10684686529259468
fine,0.041,1,0.43968633242862176,-0.10151039276552609
fine,0.041,1,0.4484010313318127,-0.10289152103741395
fine,0.041,1,0.4571527530735706,-0.09688391908115457
fine,0.041,1,0.4659078568859624,-0.09862797194327255
fine,0.041,1,0.47468771240767926,-0.09194857270343704
fine,0.041,1,0.4834692618305257,-0.0940813375840237
fine,0.041,1,0.4922632080815063,-0.08675475895125784
fine,0.041,1,0.5010571543324868,-0.08926688370671654
fine,0.041,1,0.5098511005834668,-0.08124906026297807
fine,0.041,1,0.5186433529333173,-0.08413621033983598
fine,0.041,1,0.5274232084550344,-0.07544423339374662
fine,0.041,1,0.5361996819061174,-0.07875527803466564
fine,0.041,1,0.5449514036478755,-0.06937684236536623
fine,0.041,1,0.5536980665933513,-0.0731348772086029
fine,0.041,1,0.56240770670026,-0.0630483796083543
fine,0.041,1,0.571110628402604,-0.06728298743464944
fine,0.041,1,0.5797643814107057,-0.05646747913952055
fine,0.041,1,0.5884097791389143,-0.06122313720368644
fine,0.041,1,0.596994028688502,-0.049650350036322566
fine,0.041,1,0.6055683143544909,-0.05497795438537034
fine,0.041,1,0.614069679263561,-0.04260808446362807
fine,0.041,1,0.6225595053999544,-0.048565714625254275
fine,0.041,1,0.6309648849418902,-0.035348612497972054
fine,0.041,1,0.6393571898656257,-0.042021438904220165
fine,0.041,1,0.6476538080979104,-0.027909202875678885
fine,0.041,1,0.6559358601068401,-0.03540134603939871
fine,0.041,1,0.6641113091007979,-0.02032519300930158
fine,0.041,1,0.672270749553736,-0.02873697543375453
fine,0.041,1,0.680313031379045,-0.012611476728504378
fine,0.041,1,0.6883379165135037,-0.022117569331483233
fine,0.041,1,0.6962354838353754,-0.004913309647069264
fine,0.041,1,0.7041143251814628,-0.01569715029733665
fine,0.041,1,0.7118561203331952,0.0026848713014013814
fine,0.041,1,0.7195779235869827,-0.009448967629979377
fine,0.041,1,0.7271534159855796,0.010241172239764063
fine,0.041,1,0.7347077182103257,-0.003265531260607135
fine,0.041,1,0.7421069399886675,0.017851014209873894
fine,0.041,1,0.7494838450180932,0.0029409853058744995
fine,0.041,1,0.7566974247530426,0.025570186898597025
fine,0.041,1,0.7638876366768248,0.009209476042775111
fine,0.041,1,0.7709068310991558,0.033402221786793196
fine,0.041,1,0.7779016857173442,0.015552942245622536
fine,0.041,1,0.7847184092961943,0.04132681600487331
fine,0.041,1,0.79150990343612,0.02197836626965055
fine,0.041,1,0.7981167557378794,0.04930140579957831
fine,0.041,1,0.804697574334367,0.02848494614483621
fine,0.041,1,0.8110878650633832,0.057253014144715175
fine,0.041,1,0.8174514059105982,0.03508569706252307
fine,0.041,1,0.8236191775470341,0.06515157451989462
fine,0.041,1,0.8297595736382725,0.0418284131154405
fine,0.041,1,0.8356996215964713,0.07296298773307386
fine,0.041,1,0.8416117609762543,0.04874397544246589
fine,0.041,1,0.8473196512153888,0.08062220289230027
fine,0.041,1,0.8529991942766852,0.05584863557076247
fine,0.041,1,0.8584712783041706,0.08807009812689226
fine,0.041,1,0.8639146724722724,0.06316010434703068
fine,0.041,1,0.8691480996890976,0.09525174631548816
fine,0.041,1,0.8743525914423966,0.07069508348084486
fine,0.041,1,0.8793453187886557,0.1021173145846358
fine,0.041,1,0.8843089629756944,0.07846133782364706
fine,0.041,1,0.8890597618436459,0.10861475106293694
fine,0.041,1,0.893781428264889,0.08644979029718158
fine,0.041,1,0.8982898886561964,0.11468477747906114
fine,0.041,1,0.9027692658882832,0.09463637403956515
fine,0.041,1,0.9070357978012836,0.12026658497703135
fine,0.041,1,0.9112733942507577,0.10301904453638389
fine,0.041,1,0.9152992262931914,0.12536329038550686
fine,0.041,1,0.9192963684762414,0.11164578688499915
fine,0.041,1,0.9230835437080159,0.12998496859644848
fine,0.041,1,0.9268423717619523,0.12051796146767857
fine,0.041,1,0.9303937407820771,0.13410432539271633
fine,0.041,1,0.9339172012237866,0.12958535432984197
fine,0.041,1,0.9372364125248493,0.1376746871730733
fine,0.041,1,0.9405282482807139,0.13877079065390796
fine,0.041,1,0.9436197359035352,0.14063248112165383
fine,0.041,1,0.9466844736445551,0.14793026301746903
fine,0.041,1,0.9495534421747981,0.14288380632447906
fine,0.041,1,0.9523963769997694,0.156859940920971
fine,0.041,1,0.9550487839572708,0.1443161288833794
fine,0.041,1,0.9576759614758479,0.16529983165072137
fine,0.041,1,0.9601184971562551,0.14482135151840037
fine,0.041,1,0.9625366930325203,0.17293226805650141
fine,0.041,1,0.9647767578694514,0.14434701072172285
fine,0.041,1,0.9669934548952148,0.17940067061016995
fine,0.041,1,0.9690391344195227,0.14295317128419016
fine,0.041,1,0.9710624971949149,0.18434443273411094
fine,0.041,1,0.9729225346758322,0.14083976450128421
fine,0.041,1,0.9747613819828986,0.18743920082300747
fine,0.041,1,0.9764451488435612,0.13830627045498578
fine,0.041,1,0.9781089238062789,0.18845806595400683
fine,0.041,1,0.9796263879138054,0.13565844735781674
fine,0.041,1,0.9811251260455475,0.18740062861374973
fine,0.041,1,0.9824868179829332,0.13316793138377248
fine,0.041,1,0.983831113229469,0.18463598673138593
fine,0.041,1,0.9850480906634218,0.1310283542703895
fine,0.041,1,0.9862490595563546,0.18092656083242442
fine,0.041,1,0.9873328698216551,0.12937099448187206
fine,0.041,1,0.9884021138636012,0.17723061019081288
fine,0.041,1,0.9893647548905768,0.12831289255166767
fine,0.041,1,0.9903143212993522,0.17430699661603855
fine,0.041,1,0.9911682010166755,0.12796548451138479
fine,0.041,1,0.9920105419613223,0.17252038627240163
fine,0.041,1,0.9927684363115116,0.1284454767985116
fine,0.041,1,0.9935163667781023,0.17194947472561306
fine,0.041,1,0.9941913764877732,0.1299174146734735
fine,0.041,1,0.9948580309175513,0.1725963779989943
fine,0.041,1,0.995463537168709,0.13267854342273278
fine,0.041,1,0.9960623250153016,0.17457509506568103
fine,0.041,1,0.9966119441676522,0.1373517713143243
fine,0.041,1,0.997156504523721,0.18021031813569377
fine,0.041,1,0.9976640420412225,0.14741442061931265
fine,0.041,1,0.9981681974880897,0.10692622162519161
fine,0.041,1,0.9986476012256319,0.06567974721790704
fine,0.041,1,0.9991253110620446,0.25726210126365634
fine,0.041,1,0.9995906240703231,0.2410453394586013
coarse,0.163,0,0.00024982898733673603,0.007472275092384573
coarse,0.163,0,0.0013182457413504355,0.00825755958877128
coarse,0.163,0,0.002424064036603292,-0.5688238028802364
coarse,0.163,0,0.0036524319384473062,-0.627856890549134
coarse,0.163,0,0.0049549629720289845,-0.5588306386879782
coarse,0.163,0,0.006500496361046419,-0.5705474781295046
coarse,0.163,0,0.008155685520554257,-0.5825388622252277
coarse,0.163,0,0.010170171946668154,-0.5461508239181512
coarse,0.163,0,0.012327930541390511,-0.6174485496492645
coarse,0.163,0,0.014955133638044016,-0.5461297694724645
coarse,0.163,0,0.01775677387489508,-0.6384081688548706
coarse,0.163,0,0.021129973523415172,-0.5353364767473823
coarse,0.163,0,0.024705790615891225,-0.649027215900678
coarse,0.163,0,0.028945502489777723,-0.5146483924911658
coarse,0.163,0,0.03341254527073595,-0.6502958027324701
coarse,0.163,0,0.0386244587790685,-0.487593642905531
coarse,0.163,0,0.04408452696274063,-0.6456810021558184
coarse,0.163,0,0.05035769687508863,-0.4622161245559657
coarse,0.163,0,0.05689559923574745,-0.6361895662551424
coarse,0.163,0,0.06430092193037153,-0.4459052812590818
coarse,0.163,0,0.07198302520068933,-0.6207642011056826
coarse,0.163,0,0.0805720256078534,-0.44177597981116357
coarse,0.163,0,0.08944511892570604,-0.5992427879036388
coarse,0.163,0,0.09924906892183522,-0.4475734174178516
coarse,0.163,0,0.10933956325518038,-0.574506164307188
coarse,0.163,0,0.12036894659238448,-0.45688365167753875
coarse,0.163,0,0.1316824228402771,-0.5503529491081645
coarse,0.163,0,0.1439267557664463,-0.46373696871905024
coarse,0.163,0,0.1564478692683092,-0.5298181726832314
coarse,0.163,0,0.16987587990701847,-0.4657247681272829
coarse,0.163,0,0.18356862299403856,-0.5148575094854422
coarse,0.163,0,0.1981287864150239,-0.4642884149979942
coarse,0.163,0,0.21293710451134884,-0.5058955199472874
coarse,0.163,0,0.2285585243363497,-0.46098163389976676
coarse,0.163,0,0.24440727506842244,-0.49876093173508185
coarse,0.163,0,0.2610008965278694,-0.4528006567430798
coarse,0.163,0,0.277797135431272,-0.4848020556071222
coarse,0.163,0,0.2952572691160844,-0.43351713183833573
coarse,0.163,0,0.3128918399410952,-0.45634713534709714
coarse,0.163,0,0.3310979701777768,-0.3993155158681292
coarse,0.163,0,0.3494473725830663,-0.41585763583287516
coarse,0.163,0,0.36826621949028465,-0.3574663941755769
coarse,0.163,0,0.3871947221679936,-0.37338034228298267
coarse,0.163,0,0.40648252211230934,-0.31627972421267825
coarse,0.163,0,0.4258444851883628,-0.33319530546987997
coarse,0.163,0,0.44544945061985247,-0.27816565612669475
coarse,0.163,0,0.46509181759258095,-0.29528472270223727
coarse,0.163,0,0.48485673417190045,-0.24249559909760232
coarse,0.163,0,0.50462165075122,-0.25860505268141565
coarse,0.163,0,0.5243865673305395,-0.20868861284489792
coarse,0.163,0,0.54411408236862,-0.2229547823537883
coarse,0.163,0,0.5637190478001101,-0.1767749984400273
coarse,0.163,0,0.5832498500998621,-0.18835861214940963
coarse,0.163,0,0.6025376500441775,-0.146809008878372
coarse,0.163,0,0.6217157942180023,-0.15487856949917633
coarse,0.163,0,0.640534641125221,-0.11886118416234925
coarse,0.163,0,0.6592102158638312,-0.12277513319685873
coarse,0.163,0,0.6774163461005108,-0.09321222533534845
coarse,0.163,0,0.6954480391969929,-0.09278427996411742
coarse,0.163,0,0.7129081728818071,-0.07057042152291748
coarse,0.163,0,0.7301656891226651,-0.06539458070633519
coarse,0.163,0,0.746759310582112,-0.05093263131544812
coarse,0.163,0,0.7631256011344871,-0.040118854856448616
coarse,0.163,0,0.7787470209594879,-0.03365142504990737
coarse,0.163,0,0.7941202861091492,-0.016732673692031907
coarse,0.163,0,0.8086804495301362,-0.018469515205704834
coarse,0.163,0,0.8229758805028112,0.004576352522885907
coarse,0.163,0,0.8364038911415189,-0.005222410759995411
coarse,0.163,0,0.8495551212045331,0.023672461178766535
coarse,0.163,0,0.8617994541307028,0.006495821239146493
coarse,0.163,0,0.873759694146183,0.04028743571063875
coarse,0.163,0,0.8847890774833831,0.017106400834436597
coarse,0.163,0,0.8955319164833692,0.05398933581658161
coarse,0.163,0,0.905335866479502,0.026827171974659114
coarse,0.163,0,0.9148557235649457,0.06475565829971475
coarse,0.163,0,0.9234447239721105,0.03591048545055031
coarse,0.163,0,0.9317569438035812,0.07359247217914555
coarse,0.163,0,0.9391622664982051,0.044765138494822665
coarse,0.163,0,0.9463028567445182,0.0818994437317152
coarse,0.163,0,0.9525760266568659,0.05370016256080046
coarse,0.163,0,0.9586010418938744,0.09049932750448486
coarse,0.163,0,0.9638129554022067,0.06286174142622758
coarse,0.163,0,0.9687975380034675,0.09953074511874593
coarse,0.163,0,0.9730372498773537,0.072304307725788
coarse,0.163,0,0.9770743443072847,0.10874441577850347
coarse,0.163,0,0.9804475439558069,0.08198666919384268
coarse,0.163,0,0.9836463064641302,0.11764512904965618
coarse,0.163,0,0.986273509560781,0.09175054343604938
coarse,0.163,0,0.9887574404888242,0.1254076706732642
coarse,0.163,0,0.9907719269149389,0.10127062754214577
coarse,0.163,0,0.9926767575705628,0.1323354872053094
coarse,0.163,0,0.9942222909595808,0.11196086766921642
coarse,0.163,0,0.9956936612168605,0.04107285458052057
coarse,0.163,0,0.9969220291187043,0.01864648697682103
coarse,0.163,0,0.9981129954793089,0.2826494293911528
coarse,0.163,0,0.9991814122333226,0.26211837751525163
coarse,0.163,1,0.00024982898733679176,0.29004621675736975
coarse,0.163,1,0.0013182457413504355,0.16419866324942178
coarse,0.163,1,0.002424064036603292,0.42534856227960416
coarse,0.163,1,0.0036524319384474177,0.37699310061674907
coarse,0.163,1,0.004954962972029207,0.42508553187292875
coarse,0.163,1,0.00650049636104653,0.38115297901875866
coarse,0.163,1,0.008155685520554257,0.3990180814546094
coarse,0.163,1,0.01017017194666832,0.3764709663138035
coarse,0.163,1,0.012327930541390678,0.3552358746061868
coarse,0.163,1,0.01495513363804396,0.35673549573050733
coarse,0.163,1,0.01775677387489497,0.3007961193276608
coarse,0.163,1,0.021129973523415228,0.32861238284607486
coarse,0.163,1,0.024705790615891392,0.2415428541025436
coarse,0.163,1,0.028945502489777834,0.29816534570441666
coarse,0.163,1,0.033412545270736116,0.1825170583739325
coarse,0.163,1,0.03862445877906861,0.2692289584249583
coarse,0.163,1,0.044084526962740574,0.12711813098696556
coarse,0.163,1,0.050357696875088453,0.2416513042548517
coarse,0.163,1,0.05689559923574728,0.07800147853307482
coarse,0.163,1,0.06430092193037142,0.21163418794169253
coarse,0.163,1,0.07198302520068933,0.03724546316078581
coarse,0.163,1,0.0805720256078534,0.1747972327632752
coarse,0.163,1,0.08944511892570604,0.005563045857130855
coarse,0.163,1,0.09924906892183533,0.13052096837183258
coarse,0.163,1,0.1093395632551806,-0.018683397765957066
coarse,0.163,1,0.12036894659238481,0.0833538909541246
coarse,0.163,1,0.1316824228402773,-0.038514071424046614
coarse,0.163,1,0.14392675576644653,0.03902045097229623
coarse,0.163,1,0.15644786926830942,-0.05695779113558497
coarse,0.163,1,0.16987587990701858,0.0006864907959353017
coarse,0.163,1,0.18356862299403856,-0.0762497682389669
coarse,0.163,1,0.1981287864150239,-0.03182432623278264
coarse,0.163,1,0.21293710451134884,-0.09733611928424946
coarse,0.163,1,0.2285585243363497,-0.05958797227223167
coarse,0.163,1,0.24440727506842244,-0.11785687801538436
coarse,0.163,1,0.2610008965278694,-0.08108417731655604
coarse,0.163,1,0.277797135431272,-0.13186823142494508
coarse,0.163,1,0.2952572691160844,-0.09234823009228132
coarse,0.163,1,0.312891839941095,-0.13339561816186385
coarse,0.163,1,0.3310979701777768,-0.09047541663331526
coarse,0.163,1,0.3494473725830663,-0.12343610720948295
coarse,0.163,1,0.368266219490285,-0.08016922332226328
coarse,0.163,1,0.38719472216799405,-0.10914973765527858
coarse,0.163,1,0.4064825221123097,-0.06741883194507858
coarse,0.163,1,0.42584448518836326,-0.09410778912567785
coarse,0.163,1,0.4454494506198526,-0.05441891213975958
coarse,0.163,1,0.46509181759258095,-0.07874372666943152
coarse,0.163,1,0.48485673417190056,-0.041161074450527524
coarse,0.163,1,0.5046216507512201,-0.06258321361804553
coarse,0.163,1,0.5243865673305395,-0.02756450000502686
coarse,0.163,1,0.5441140823686202,-0.045703701928616614
coarse,0.163,1,0.563719047800111,-0.013926813915446479
coarse,0.163,1,0.5832498500998634,-0.02831130953444405
coarse,0.163,1,0.6025376500441779,-0.0005120561865086248
coarse,0.163,1,0.6217157942180023,-0.010607410194662714
coarse,0.163,1,0.6405346411252212,0.01243898510417274
coarse,0.163,1,0.6592102158638321,0.007064666438583167
coarse,0.163,1,0.6774163461005122,0.024534773389913722
coarse,0.163,1,0.6954480391969947,0.023963599097845734
coarse,0.163,1,0.7129081728818077,0.03502511605901826
coarse,0.163,1,0.7301656891226651,0.03954931923557703
coarse,0.163,1,0.746759310582112,0.043747410327145464
coarse,0.163,1,0.7631256011344869,0.054118576631513426
coarse,0.163,1,0.7787470209594861,0.05111849665419477
coarse,0.163,1,0.7941202861091465,0.067760975165573
coarse,0.163,1,0.8086804495301344,0.05726110026536102
coarse,0.163,1,0.8229758805028106,0.08021387752744835
coarse,0.163,1,0.8364038911415189,0.062242059264057015
coarse,0.163,1,0.849555121204534,0.09125487003628774
coarse,0.163,1,0.8617994541307032,0.06637192705040384
coarse,0.163,1,0.873759694146183,0.10054448315278941
coarse,0.163,1,0.8847890774833838,0.07000565166615069
coarse,0.163,1,0.89553191648337,0.1076087778535908
coarse,0.163,1,0.9053358664795025,0.07332946502954629
coarse,0.163,1,0.9148557235649457,0.11238505378230179
coarse,0.163,1,0.9234447239721101,0.07656143091749834
coarse,0.163,1,0.9317569438035808,0.11580664541794439
coarse,0.163,1,0.9391622664982049,0.08007344059962718
coarse,0.163,1,0.9463028567445182,0.11920510526311734
coarse,0.163,1,0.9525760266568659,0.08415843145463242
coarse,0.163,1,0.9586010418938744,0.12337223679458675
coarse,0.163,1,0.9638129554022067,0.08895987969584374
coarse,0.163,1,0.9687975380034675,0.12844122377396316
coarse,0.163,1,0.9730372498773537,0.09453084204018336
coarse,0.163,1,0.9770743443072833,0.1341627783572632
coarse,0.163,1,0.9804475439557998,0.10082574532063993
coarse,0.163,1,0.9836463064641201,0.14003395795705142
coarse,0.163,1,0.9862735095607763,0.10767481343954155
coarse,0.163,1,0.9887574404888237,0.14520933706432748
coarse,0.163,1,0.9907719269149386,0.11473550780264341
coarse,0.163,1,0.9926767575705628,0.14994335275027326
coarse,0.163,1,0.9942222909595808,0.12341342415168555
coarse,0.163,1,0.9956936612168605,0.0619010316291444
coarse,0.163,1,0.9969220291187043,0.03129926480151013
coarse,0.163,1,0.9981129954793089,0.2856890251463662
coarse,0.163,1,0.9991814122333226,0.26211837751525163
medium,0.163,0,0.0005807617012621174,0.09907584622302834
medium,0.163,0,0.0012831358709954727,0.032721028483776005
medium,0.163,0,0.0020247905586456647,-0.5480849391531637
medium,0.163,0,0.002774670652234885,-0.5678745609876554
medium,0.163,0,0.003602812833197941,-0.5257719863457053
medium,0.163,0,0.004447343225733079,-0.5296099088790971
medium,0.163,0,0.005408521653357948,-0.5489626034649315
medium,0.163,0,0.0063941263740024895,-0.5208472267367343
medium,0.163,0,0.007533877315472296,-0.5905817426447681
medium,0.163,0,0.008705906732570604,-0.5388914213534184
medium,0.163,0,0.010068407410411926,-0.6224583272575608
medium,0.163,0,0.011470793087800352,-0.5492424462638552
medium,0.163,0,0.013098525464549125,-0.6455743465650778
medium,0.163,0,0.014773445815834722,-0.5519287818286187
medium,0.163,0,0.016706873280642725,-0.6609538467747984
medium,0.163,0,0.01869443256599706,-0.5483944574126274
medium,0.163,0,0.020971691983814145,-0.6711766587792873
medium,0.163,0,0.0233096150923477,-0.5405905060629645
medium,0.163,0,0.025966226559350405,-0.6759285457040867
medium,0.163,0,0.028689571899923584,-0.5279323201961406
medium,0.163,0,0.031758168414134244,-0.6750320779007346
medium,0.163,0,0.03489906109969637,-0.5127330147607068
medium,0.163,0,0.0384091402041653,-0.6703776838834392
medium,0.163,0,0.04199652756024898,-0.4983283720887546
medium,0.163,0,0.04597422684893979,-0.6623242393845368
medium,0.163,0,0.050033658107034085,-0.4880572867796582
medium,0.163,0,0.05450155630195162,-0.6518159394132117
medium,0.163,0,0.05905498815442294,-0.4846022842399873
medium,0.163,0,0.06403193326790586,-0.6390313333733149
medium,0.163,0,0.06909756276431232,-0.48778592325426073
medium,0.163,0,0.07459852865427766,-0.6238805346188281
medium,0.163,0,0.08019065471083303,-0.49490690655057934
medium,0.163,0,0.08622662712067666,-0.6069563958426587
medium,0.163,0,0.09235554169686525,-0.5027374984245789
medium,0.163,0,0.09893343464732064,-0.5896769565823694
medium,0.163,0,0.10560534441786998,-0.5088438114542091
medium,0.163,0,0.11272794758713645,-0.5734205528644032
medium,0.163,0,0.11994492670547588,-0.5118820697218653
medium,0.163,0,0.12761088419808253,-0.5590466805630929
medium,0.163,0,0.13537085851078307,-0.5115100652308899
medium,0.163,0,0.14357467917677144,-0.5467863081573978
medium,0.163,0,0.15187144200910468,-0.5080534080862422
medium,0.163,0,0.1606035412349969,-0.5363440567427082
medium,0.163,0,0.16942680062747922,-0.5021833087216641
medium,0.163,0,0.1786735732809733,-0.5272487487728987
medium,0.163,0,0.188009030317391,-0.49482455038527706
medium,0.163,0,0.19775295429063186,-0.5196097873033683
medium,0.163,0,0.20758241192142649,-0.48755423345545523
medium,0.163,0,0.21780218148482822,-0.5137442664728
medium,0.163,0,0.22810368301763342,-0.4810711312935212
medium,0.163,0,0.23877437096934534,-0.5081970643509013
medium,0.163,0,0.2495223671726721,-0.4738906367320863
medium,0.163,0,0.26061561454963633,-0.5008139918787684
medium,0.163,0,0.2717811580979523,-0.46462311643691634
medium,0.163,0,0.2832653900047367,-0.4898633312689804
medium,0.163,0,0.2948163557850916,-0.4513195828439802
medium,0.163,0,0.30665702169791,-0.472212895430165
medium,0.163,0,0.318558351301445,-0.4309692954991293
medium,0.163,0,0.3307181880185028,-0.44698608550575525
medium,0.163,0,0.3429321565561069,-0.4047121293954168
medium,0.163,0,0.35537147179306977,-0.41789923540365304
medium,0.163,0,0.36785797500456907,-0.3762593335028841
medium,0.163,0,0.3805349494768123,-0.3880794555458036
medium,0.163,0,0.3932518089486028,-0.3478057846667406
medium,0.163,0,0.40612281464121863,-0.35913412981050397
medium,0.163,0,0.41902609880946284,-0.32060183008584175
medium,0.163,0,0.43204603101279704,-0.3318376455408263
medium,0.163,0,0.445090389509151,-0.29492939965250065
medium,0.163,0,0.4582130100928785,-0.305773785999911
medium,0.163,0,0.47135201888817807,-0.2703189371648502
medium,0.163,0,0.4845303082013946,-0.28048640851744877
medium,0.163,0,0.4977168229205502,-0.24657206532434506
medium,0.163,0,0.5109033376397055,-0.2558574667660749
medium,0.163,0,0.5240898523588609,-0.22362764652552936
medium,0.163,0,0.5372370865600996,-0.23181687909745174
medium,0.163,0,0.5503760953553993,-0.20150493220586796
medium,0.163,0,0.5634368420633259,-0.2084124700457981
medium,0.163,0,0.5764812005596803,-0.18022808369099574
medium,0.163,0,0.5894089110209437,-0.18563687673641316
medium,0.163,0,0.6023121951891874,-0.15979409981609938
medium,0.163,0,0.6150613331366064,-0.1634982570068706
medium,0.163,0,0.627778192608397,-0.1402116641073834
medium,0.163,0,0.6403045808194441,-0.1420148693784229
medium,0.163,0,0.6527910840309437,-0.12152694693944133
medium,0.163,0,0.6650522405430844,-0.12123985670576665
medium,0.163,0,0.6772662090806889,-0.10383140980201344
medium,0.163,0,0.6892216705047697,-0.1013288653672495
medium,0.163,0,0.7011230001083038,-0.08736525451656241
medium,0.163,0,0.7127346295793754,-0.08256246410923018
medium,0.163,0,0.7242855953597307,-0.07238532599941427
medium,0.163,0,0.7355178727816168,-0.06491748224757643
medium,0.163,0,0.7466834163299328,-0.05871139812890447
medium,0.163,0,0.7575037087046161,-0.04801655524321258
medium,0.163,0,0.7682517049079494,-0.04602955356643257
medium,0.163,0,0.778630514692365,-0.03167616089772829
medium,0.163,0,0.7889320162251634,-0.0342479770794728
medium,0.163,0,0.7988432058253605,-0.015908168519986887
medium,0.163,0,0.8086726634561553,-0.023403070670121373
medium,0.163,0,0.818093654150126,-0.0007870399710747655
medium,0.163,0,0.8274291111865428,-0.013526826272783676
medium,0.163,0,0.8363410549619491,0.0136316798951992
medium,0.163,0,0.8451643143544321,-0.004579987147220299
medium,0.163,0,0.853552237353356,0.027264140000635928
medium,0.163,0,0.8618490001856899,0.003473463356041262
medium,0.163,0,0.8697019166647353,0.03992181369824899
medium,0.163,0,0.8774618909774355,0.010673054477728483
medium,0.163,0,0.8847728869158656,0.05135913939769765
medium,0.163,0,0.8919898660342015,0.01710275064775313
medium,0.163,0,0.8987561517538264,0.06126176622790369
medium,0.163,0,0.9054280615243795,0.022851178397461203
medium,0.163,0,0.9116509929206627,0.06933910780509256
medium,0.163,0,0.9177799074968512,0.028059627301477597
medium,0.163,0,0.9234649757197521,0.07552561993826656
medium,0.163,0,0.9290571017763076,0.03297479220595745
medium,0.163,0,0.934213891439304,0.08002961279629606
medium,0.163,0,0.9392795209357097,0.037805240605922164
medium,0.163,0,0.943921637171105,0.08333015217131512
medium,0.163,0,0.9484750690235767,0.042676470930327115
medium,0.163,0,0.9526200339392247,0.08615127509683107
medium,0.163,0,0.9566794651973185,0.04768381799800114
medium,0.163,0,0.9603485845228064,0.08917064121445262
medium,0.163,0,0.9639359718788908,0.0528980464679254
medium,0.163,0,0.9671541728160675,0.0927793622200862
medium,0.163,0,0.9702950655016291,0.05836901093218738
medium,0.163,0,0.9730907070135534,0.09707718748638139
medium,0.163,0,0.9758140523541263,0.06413065015980546
medium,0.163,0,0.9782187093362306,0.10198279748798678
medium,0.163,0,0.9805566324447643,0.07018381044598954
medium,0.163,0,0.9826048554208383,0.10734872240868398
medium,0.163,0,0.9845924147061961,0.07652769861225817
medium,0.163,0,0.9863214668780249,0.11301275766999208
medium,0.163,0,0.9879963872293058,0.08314218498748516
medium,0.163,0,0.9894459608812312,0.11878294327891858
medium,0.163,0,0.9908483465586202,0.09000979708179657
medium,0.163,0,0.9920602609752667,0.12448237664367778
medium,0.163,0,0.9932322903923656,0.09719019979012311
medium,0.163,0,0.9942501735886385,0.12996826616906776
medium,0.163,0,0.9952357783092827,0.10497448256463715
medium,0.163,0,0.9961047349948372,0.13733018502095862
medium,0.163,0,0.9969492653873722,0.11655646354193694
medium,0.163,0,0.9977155336925335,0.01950484887202697
medium,0.163,0,0.9984654137861227,-0.005540334371685107
medium,0.163,0,0.999176013361795,0.3425684354075045
medium,0.163,0,0.9998783875315281,0.33366439546866644
medium,0.163,1,0.0005807617012620616,0.18746161099908276
medium,0.163,1,0.0012831358709955287,0.11084425384223551
medium,0.163,1,0.0020247905586456647,0.4242190859282503
medium,0.163,1,0.002774670652234885,0.36407071833378557
medium,0.163,1,0.003602812833197997,0.42284611756245394
medium,0.163,1,0.004447343225733247,0.3589293989864827
medium,0.163,1,0.00540852165335806,0.43052480672982096
medium,0.163,1,0.0063941263740024895,0.3787654330907473
medium,0.163,1,0.007533877315472296,0.42201475213365625
medium,0.163,1,0.008705906732570604,0.3843273618651205
medium,0.163,1,0.010068407410411984,0.40249933435447804
medium,0.163,1,0.011470793087800576,0.38069737107689905
medium,0.163,1,0.013098525464549348,0.37489245536344706
medium,0.163,1,0.014773445815834944,0.37046097765280483
medium,0.163,1,0.01670687328064278,0.341640141803657
medium,0.163,1,0.018694432565996837,0.35582466873975704
medium,0.163,1,0.02097169198381409,0.30460318625418736
medium,0.163,1,0.023309615092347923,0.33857218407466394
medium,0.163,1,0.025966226559350516,0.2656694019839715
medium,0.163,1,0.028689571899923584,0.32033278794246944
medium,0.163,1,0.031758168414134244,0.22671245369507464
medium,0.163,1,0.03489906109969637,0.3017351780475579
medium,0.163,1,0.0384091402041653,0.18889607770600159
medium,0.163,1,0.04199652756024898,0.28229808261467937
medium,0.163,1,0.04597422684893979,0.15342762918314123
medium,0.163,1,0.050033658107034085,0.2604758369560758
medium,0.163,1,0.054501556301951734,0.12098329077134062
medium,0.163,1,0.05905498815442322,0.23433620669295097
medium,0.163,1,0.06403193326790603,0.09204388169872624
medium,0.163,1,0.06909756276431238,0.20310263781635363
medium,0.163,1,0.07459852865427766,0.06684637097470558
medium,0.163,1,0.08019065471083303,0.16793024908001097
medium,0.163,1,0.08622662712067661,0.045088398084633385
medium,0.163,1,0.09235554169686508,0.1312199067617048
medium,0.163,1,0.09893343464732064,0.025846642289793276
medium,0.163,1,0.10560534441787009,0.09545508190080099
medium,0.163,1,0.11272794758713656,0.008024590165245815
medium,0.163,1,0.11994492670547599,0.06244727989005239
medium,0.163,1,0.12761088419808242,-0.009240971176450508
medium,0.163,1,0.13537085851078284,0.03311708301685823
medium,0.163,1,0.14357467917677144,-0.026362423226330423
medium,0.163,1,0.1518714420091049,0.007658633135556037
medium,0.163,1,0.16060354123499712,-0.04329406358272592
medium,0.163,1,0.16942680062747945,-0.014206465173152605
medium,0.163,1,0.1786735732809733,-0.05976885437582835
medium,0.163,1,0.18800903031739089,-0.03309512052326746
medium,0.163,1,0.19775295429063164,-0.07584227173575409
medium,0.163,1,0.20758241192142637,-0.05014536997014041
medium,0.163,1,0.21780218148482822,-0.09179286928006936
medium,0.163,1,0.22810368301763342,-0.06604684413032835
medium,0.163,1,0.23877437096934534,-0.10683443075765964
medium,0.163,1,0.2495223671726721,-0.08012258366926561
medium,0.163,1,0.26061561454963633,-0.11961809021289427
medium,0.163,1,0.2717811580979523,-0.09164310919133278
medium,0.163,1,0.28326539000473683,-0.12896637492425422
medium,0.163,1,0.2948163557850918,-0.09934662924528781
medium,0.163,1,0.3066570216979101,-0.13260417108677824
medium,0.163,1,0.318558351301445,-0.10109357611734837
medium,0.163,1,0.3307181880185028,-0.12962129188878047
medium,0.163,1,0.3429321565561069,-0.09747594063056342
medium,0.163,1,0.3553714717930699,-0.12244152722247015
medium,0.163,1,0.3678579750045693,-0.09093664009986635
medium,0.163,1,0.38053494947681243,-0.11332410364826395
medium,0.163,1,0.3932518089486029,-0.08302560590683905
medium,0.163,1,0.40612281464121874,-0.10356119302612443
medium,0.163,1,0.41902609880946307,-0.07474134626104756
medium,0.163,1,0.43204603101279715,-0.09388501873142463
medium,0.163,1,0.445090389509151,-0.06642753241746169
medium,0.163,1,0.4582130100928785,-0.08412602966607619
medium,0.163,1,0.4713520188881783,-0.05787384660218864
medium,0.163,1,0.4845303082013948,-0.07404166602579476
medium,0.163,1,0.4977168229205503,-0.04904982130612101
medium,0.163,1,0.5109033376397055,-0.06362519235433584
medium,0.163,1,0.5240898523588609,-0.040006476043896066
medium,0.163,1,0.5372370865600996,-0.052893887426485264
medium,0.163,1,0.5503760953553993,-0.03084312822149049
medium,0.163,1,0.5634368420633266,-0.041949473220452616
medium,0.163,1,0.5764812005596817,-0.021651770414595095
medium,0.163,1,0.5894089110209446,-0.030842080581073628
medium,0.163,1,0.6023121951891877,-0.01249496156185792
medium,0.163,1,0.6150613331366064,-0.019626908511051644
medium,0.163,1,0.627778192608397,-0.0034382479052861292
medium,0.163,1,0.6403045808194443,-0.008361748572158323
medium,0.163,1,0.6527910840309441,0.005426909450954032
medium,0.163,1,0.6650522405430853,0.0028701776963129255
medium,0.163,1,0.6772662090806898,0.013973534311851665
medium,0.163,1,0.6892216705047701,0.01389847460173843
medium,0.163,1,0.701123000108304,0.021948887142862805
medium,0.163,1,0.7127346295793754,0.02444152306716918
medium,0.163,1,0.7242855953597307,0.029080632291507702
medium,0.163,1,0.7355178727816168,0.03447355603713098
medium,0.163,1,0.7466834163299328,0.03546838326478363
medium,0.163,1,0.7575037087046066,0.044280291892364265
medium,0.163,1,0.7682517049079285,0.04133781388316593
medium,0.163,1,0.7786305146923506,0.05398851691526951
medium,0.163,1,0.788932016225159,0.04673287762600875
medium,0.163,1,0.7988432058253585,0.06355584689121407
medium,0.163,1,0.8086726634561542,0.0515890207245121
medium,0.163,1,0.8180936541501245,0.07288183471308718
medium,0.163,1,0.8274291111865404,0.05584678471663862
medium,0.163,1,0.836341054961948,0.0818798253142129
medium,0.163,1,0.8451643143544327,0.059512872626689584
medium,0.163,1,0.8535522373533568,0.09043514295786226
medium,0.163,1,0.8618490001856908,0.06259747317504194
medium,0.163,1,0.8697019166647357,0.09833790982951796
medium,0.163,1,0.877461890977436,0.0651206811506021
medium,0.163,1,0.8847728869158665,0.10532567569031714
medium,0.163,1,0.8919898660342024,0.06715005195723422
medium,0.163,1,0.8987561517538268,0.11107456601509536
medium,0.163,1,0.9054280615243799,0.06876291679426039
medium,0.163,1,0.9116509929206627,0.11528754438314137
medium,0.163,1,0.9177799074968512,0.07008632492465106
medium,0.163,1,0.9234649757197518,0.11788397633603365
medium,0.163,1,0.9290571017763072,0.0713462376351951
medium,0.163,1,0.9342138914393038,0.1190511467544132
medium,0.163,1,0.9392795209357101,0.07273780793175899
medium,0.163,1,0.943921637171105,0.1192486695537216
medium,0.163,1,0.9484750690235767,0.07438109479397581
medium,0.163,1,0.9526200339392247,0.11917888291537548
medium,0.163,1,0.9566794651973185,0.07636925231726066
medium,0.163,1,0.9603485845228059,0.1195012934667592
medium,0.163,1,0.9639359718788899,0.07877257351108924
medium,0.163,1,0.9671541728160673,0.12059763341179741
medium,0.163,1,0.9702950655016294,0.08164127570611657
medium,0.163,1,0.9730907070135538,0.12256564881753973
medium,0.163,1,0.9758140523541263,0.08500881010603112
medium,0.163,1,0.9782187093362306,0.12532549178929964
medium,0.163,1,0.9805566324447643,0.08887551958830087
medium,0.163,1,0.9826048554208374,0.1287317710528627
medium,0.163,1,0.9845924147061943,0.09323759141464416
medium,0.163,1,0.9863214668780236,0.1326212072362838
medium,0.163,1,0.9879963872293054,0.098071772353861
medium,0.163,1,0.9894459608812307,0.1368018290147638
medium,0.163,1,0.9908483465586202,0.10335685305276332
medium,0.163,1,0.9920602609752667,0.14109805933317998
medium,0.163,1,0.9932322903923656,0.10914940698932618
medium,0.163,1,0.9942501735886385,0.145378408960387
medium,0.163,1,0.9952357783092827,0.1157392682394619
medium,0.163,1,0.9961047349948372,0.1517282846344863
medium,0.163,1,0.9969492653873722,0.1263107240334882
medium,0.163,1,0.9977155336925333,0.038046232226899734
medium,0.163,1,0.9984654137861223,0.0065842757513396855
medium,0.163,1,0.9991760133617947,0.34673022349339544
medium,0.163,1,0.9998783875315281,0.33366439546866644
fine,0.163,0,0.00010809955304188912,0.1274504379881758
fine,0.163,0,0.0005734125613205786,0.04098368516362927
fine,0.163,0,0.001041999068315914,-0.4422313633336594
fine,0.163,0,0.0015214028058582695,-0.46716776525630577
fine,0.163,0,0.0020073424643503343,-0.3963649472630211
fine,0.163,0,0.002514879981851865,-0.4035552875102424
fine,0.163,0,0.0030321937270485076,-0.429173693644477
fine,0.163,0,0.0035818128793989735,-0.4114285461409284
fine,0.163,0,0.004144415486530113,-0.47430517111199966
fine,0.163,0,0.00474992173768763,-0.4363858265364615
fine,0.163,0,0.005371574738810308,-0.5114052806703706
fine,0.163,0,0.006046584448482004,-0.4551488642337198
fine,0.163,0,0.006740849567812426,-0.5427024024041767
fine,0.163,0,0.0074987439180016924,-0.46927957418801847
fine,0.163,0,0.00827893718333216,-0.5693831870229826
fine,0.163,0,0.009132816900655327,-0.4796423018092293
fine,0.163,0,0.010011963586131878,-0.5921055711828487
fine,0.163,0,0.010974604613106233,-0.4866172692826376
fine,0.163,0,0.0119653951658247,-0.6108475215828897
fine,0.163,0,0.013049205431126283,-0.49028992884681877
fine,0.163,0,0.014163952530677053,-0.6256051373666236
fine,0.163,0,0.01538092996463017,-0.49121272174872055
fine,0.163,0,0.016631526860883553,-0.6372133789338261
fine,0.163,0,0.017993218798268727,-0.4911433130974743
fine,0.163,0,0.01939109906838702,-0.6468899653584601
fine,0.163,0,0.02090856317591378,-0.4915058373964525
fine,0.163,0,0.022464662036743598,-0.6532542495581672
fine,0.163,0,0.024148428897406125,-0.49094084186458575
fine,0.163,0,0.02587314620416597,-0.6549174985571746
fine,0.163,0,0.02773318368508353,-0.4912013518937879
fine,0.163,0,0.029636348741545724,-0.6537070892492627
fine,0.163,0,0.03168202826585568,-0.49393698440724365
fine,0.163,0,0.03377286656509372,-0.6491804163458947
fine,0.163,0,0.03601293140202252,-0.49912602063705735
fine,0.163,0,0.03830003341026301,-0.6416913910540472
fine,0.163,0,0.040742569090670123,-0.5068036918262069
fine,0.163,0,0.043233861179874204,-0.6321961362863584
fine,0.163,0,0.04588626813737569,-0.5165558598001199
fine,0.163,0,0.048588985764905404,-0.6217454542110836
fine,0.163,0,0.05145795429514854,-0.5274030699778505
fine,0.163,0,0.05437861752126931,-0.6112577428736763
fine,0.163,0,0.057470105144090414,-0.538041290359093
fine,0.163,0,0.06061449657015131,-0.601355119041526
fine,0.163,0,0.06393370787121391,-0.5471615070466396
fine,0.163,0,0.06730685307315461,-0.5923329482147908
fine,0.163,0,0.07085822209327951,-0.5537494394450355
fine,0.163,0,0.07446437261667258,-0.5842450385877076
fine,0.163,0,0.07825154784844697,-0.5573023686814418
fine,0.163,0,0.08209416682261332,-0.5770514475393196
fine,0.163,0,0.08611999886504683,-0.5578803885548262
fine,0.163,0,0.09020174928492213,-0.570671122117502
fine,0.163,0,0.0944682811979223,-0.555896345896683
fine,0.163,0,0.09879101691332523,-0.5648744147991052
fine,0.163,0,0.10329947730462935,-0.5517918517118547
fine,0.163,0,0.1078642367474207,-0.5593464094924521
fine,0.163,0,0.11261503561537584,-0.5460967075627836
fine,0.163,0,0.11742203828573358,-0.5538907878502519
fine,0.163,0,0.12241476563199266,-0.539338830707063
fine,0.163,0,0.12746341135569333,-0.5483564248728543
fine,0.163,0,0.1326968385725192,-0.5319723742134803
fine,0.163,0,0.13798570953173692,-0.542686468009743
fine,0.163,0,0.14345779355922178,-0.5243885212115531
fine,0.163,0,0.14898465908997502,-0.5369056734514472
fine,0.163,0,0.1546925493291101,-0.5168901840888331
fine,0.163,0,0.16045437346912286,-0.531076589703467
fine,0.163,0,0.16639442142731858,-0.509683756233881
fine,0.163,0,0.17238737318875433,-0.5252908039865698
fine,0.163,0,0.17855514482519283,-0.5029323274552802
fine,0.163,0,0.18477461115750884,-0.5197477695734087
fine,0.163,0,0.19116490188652507,-0.4968860937534474
fine,0.163,0,0.19760550328556956,-0.5149025845629811
fine,0.163,0,0.2042123555873272,-0.49197072554317134
fine,0.163,0,0.2108679642978819,-0.5110789939410207
fine,0.163,0,0.21768468787673415,-0.48805556480898504
fine,0.163,0,0.22454844862689805,-0.5076953856463335
fine,0.163,0,0.23156764304922853,-0.4842261690820986
fine,0.163,0,0.2386319962464872,-0.5038662062993338
fine,0.163,0,0.24584557598143633,-0.47983733488806846
fine,0.163,0,0.25310228329193035,-0.4992125862840451
fine,0.163,0,0.2605015050702721,-0.47460655741855473
fine,0.163,0,0.2679416772947113,-0.4933629223862954
fine,0.163,0,0.27551716969330803,-0.46798805484499395
fine,0.163,0,0.2831312968452078,-0.4854966363876718
fine,0.163,0,0.29087309199693995,-0.4589272317977382
fine,0.163,0,0.29865107548140507,-0.47441799105405225
fine,0.163,0,0.30654864280327837,-0.4463121884133192
fine,0.163,0,0.31447982958745246,-0.45946780239002694
fine,0.163,0,0.3225221114127601,-0.4301217652600877
fine,0.163,0,0.33059533007231673,-0.44182694954219337
fine,0.163,0,0.33877077906627495,-0.41221210283614895
fine,0.163,0,0.34697437758597693,-0.42329967765396637
fine,0.163,0,0.35527099581826077,-0.39356356013415694
fine,0.163,0,0.3635928810186982,-0.40422333798441556
fine,0.163,0,0.3719982605606341,-0.37445217337525993
fine,0.163,0,0.3804259390177113,-0.38512007803529813
fine,0.163,0,0.38892730392678143,-0.3555335036892049
fine,0.163,0,0.3974479242455103,-0.36656434102491664
fine,0.163,0,0.40603217379509804,-0.3372398319069192
fine,0.163,0,0.41463257009465093,-0.348705088136793
fine,0.163,0,0.4232863231027525,-0.3196372859621286
fine,0.163,0,0.43195305956563457,-0.3314612413091138
fine,0.163,0,0.4406626996725435,-0.3026089032899728
fine,0.163,0,0.44938211600714745,-0.31463641854466506
fine,0.163,0,0.4581338377489053,-0.285981818746903
fine,0.163,0,0.46689209541161286,-0.2980800175299978
fine,0.163,0,0.47567195093332976,-0.26968071211702727
fine,0.163,0,0.4844550799537633,-0.28180521691174243
fine,0.163,0,0.4932490262047437,-0.2537637582051173
fine,0.163,0,0.5020429724557239,-0.2658169139880604
fine,0.163,0,0.5108369187067042,-0.2381492367697957
fine,0.163,0,0.519627591458968,-0.25003535869621074
fine,0.163,0,0.528407446980685,-0.22283929089084809
fine,0.163,0,0.5371807665814522,-0.23452785283838584
fine,0.163,0,0.5459324883232103,-0.20787526818273117
fine,0.163,0,0.5546744338372731,-0.21929326231917345
fine,0.163,0,0.5633840739441819,-0.1932446654082436
fine,0.163,0,0.5720807305963099,-0.20432307817748896
fine,0.163,0,0.5807344836044114,-0.17894779072718503
fine,0.163,0,0.5893720898625477,-0.1896272490426001
fine,0.163,0,0.5979563394121354,-0.16499592167882637
fine,0.163,0,0.6065213335520644,-0.17521390616177412
fine,0.163,0,0.6150226984611346,-0.1513936838152028
fine,0.163,0,0.6235017644550632,-0.16108383786931246
fine,0.163,0,0.631907143996999,-0.13814371209921994
fine,0.163,0,0.6402872565707813,-0.1472572451375329
fine,0.163,0,0.6485838748030661,-0.12528384194785613
fine,0.163,0,0.6568523435096065,-0.1337763021403593
fine,0.163,0,0.6650277925035644,-0.11285067619681799
fine,0.163,0,0.6731723046632727,-0.12064517529163488
fine,0.163,0,0.6812145864885767,-0.10086255464626159
fine,0.163,0,0.6892232488515816,-0.10794001101455697
fine,0.163,0,0.697120816173458,-0.08948245458332327
fine,0.163,0,0.7049821951626006,-0.09581308725362203
fine,0.163,0,0.712723990314333,-0.07879419184810588
fine,0.163,0,0.7204271507127622,-0.08420835846612773
fine,0.163,0,0.7280026431113592,-0.06870178432707252
fine,0.163,0,0.7355371850638588,-0.0729725053423127
fine,0.163,0,0.7429364068422006,-0.05907746941035552
fine,0.163,0,0.7502925010449977,-0.06197464151047649
fine,0.163,0,0.757506080779947,-0.049848199706037155
fine,0.163,0,0.7646745017399686,-0.051145523528680625
fine,0.163,0,0.7716936961623004,-0.040997127950905154
fine,0.163,0,0.77866585341332,-0.040450097980974764
fine,0.163,0,0.7854825769921704,-0.032523196015932676
fine,0.163,0,0.7922505441622247,-0.029862605993006497
fine,0.163,0,0.7988573964639829,-0.024433840770327953
fine,0.163,0,0.8054139380957127,-0.019378423589650584
fine,0.163,0,0.8118042288247285,-0.01674871563083502
fine,0.163,0,0.8181428248578669,-0.008980522958425219
fine,0.163,0,0.8243105964943042,-0.00944497866095606
fine,0.163,0,0.830425464327502,0.001378778132583247
fine,0.163,0,0.8363655122856994,-0.00249455772304219
fine,0.163,0,0.8422516263430186,0.011708687925014782
fine,0.163,0,0.8479595165821531,0.004098926591850738
fine,0.163,0,0.8536126253180191,0.021986343995196833
fine,0.163,0,0.8590847093455038,0.010315862539310494
fine,0.163,0,0.8645013496305968,0.032169084074282095
fine,0.163,0,0.8697347768474226,0.01612681796265869
fine,0.163,0,0.8749122856868065,0.04218913819347703
fine,0.163,0,0.8799050130330658,0.021486281137551577
fine,0.163,0,0.8848415365769214,0.051942544993472284
fine,0.163,0,0.8895923354448725,0.02632981190898198
fine,0.163,0,0.894286835261338,0.06128285603911465
fine,0.163,0,0.8987952956526463,0.030580446905872805
fine,0.163,0,0.903247552241551,0.0700289224746915
fine,0.163,0,0.9075140841545509,0.03417230169865759
fine,0.163,0,0.9117246976901094,0.07802138318100627
fine,0.163,0,0.9157505297325431,0.03712958796468735
fine,0.163,0,0.9197209180325848,0.08514472491641967
fine,0.163,0,0.9235080932643589,0.03953676976894993
fine,0.163,0,0.9272404869928651,0.09125709148038641
fine,0.163,0,0.9307918560129901,0.04149286015634146
fine,0.163,0,0.9342892911322367,0.09621279980095099
fine,0.163,0,0.9376085024332993,0.04311947591599963
fine,0.163,0,0.9408748099311218,0.09989398235844704
fine,0.163,0,0.9439662975539431,0.044547740681747605
fine,0.163,0,0.9470060904808868,0.10223533046752475
fine,0.163,0,0.9498750590111298,0.04589532837053667
fine,0.163,0,0.9526937168713446,0.10326842244133083
fine,0.163,0,0.955346123828846,0.04725593611482015
fine,0.163,0,0.9579497743775506,0.1031737755290516
fine,0.163,0,0.9603923100579578,0.048699340247801426
fine,0.163,0,0.9627878085670529,0.10230350180040759
fine,0.163,0,0.9650278734039799,0.05027828856052463
fine,0.163,0,0.9672227794659797,0.10112975203254981
fine,0.163,0,0.9692684589902913,0.0520355963085497
fine,0.163,0,0.9712710109390577,0.10012139995042713
fine,0.163,0,0.9731310484199751,0.05400852569886894
fine,0.163,0,0.9749501354547949,0.09962052294413526
fine,0.163,0,0.9766339023154575,0.05622525632727504
fine,0.163,0,0.978279034422817,0.099790062150247
fine,0.163,0,0.979796498530344,0.058698652666127726
fine,0.163,0,0.9812777743051375,0.10066061605735832
fine,0.163,0,0.9826394662425229,0.06145233774204917
fine,0.163,0,0.9839675387176077,0.10218460519605488
fine,0.163,0,0.9851845161515604,0.0644953826895287
fine,0.163,0,0.9863705567512643,0.10426119839353187
fine,0.163,0,0.9874543670165653,0.06782154866838874
fine,0.163,0,0.9885100277561225,0.1068010102400141
fine,0.163,0,0.9894726687830979,0.07144300115810442
fine,0.163,0,0.9904100428419195,0.10973893606972307
fine,0.163,0,0.9912639225592431,0.07539146864584523
fine,0.163,0,0.9920955033614253,0.11303498197176243
fine,0.163,0,0.9928533977116151,0.07972815279960122
fine,0.163,0,0.9935920366521453,0.11668925011908926
fine,0.163,0,0.9942670463618161,0.08458194490583926
fine,0.163,0,0.9949259093215221,0.12077419357812047
fine,0.163,0,0.9955314155726802,0.09023639242804327
fine,0.163,0,0.9961239383690575,0.12551893605139708
fine,0.163,0,0.9966735575214077,0.0973403958591027
fine,0.163,0,0.9972134004460627,0.13346682981016522
fine,0.163,0,0.997720937963564,0.10949567967898066
fine,0.163,0,0.9982219395601157,-0.00238587337447993
fine,0.163,0,0.9987013432976581,-0.035613398302457355
fine,0.163,0,0.9991774735364838,0.32549558532683365
fine,0.163,0,0.9996427865447625,0.32671816792662345
fine,0.163,1,0.00010809955304188912,0.17961492134037516
fine,0.163,1,0.0005734125613205786,0.1135064609469375
fine,0.163,1,0.001041999068315914,0.40982572358080827
fine,0.163,1,0.0015214028058582695,0.34000892097507784
fine,0.163,1,0.0020073424643503343,0.3944126730837829
fine,0.163,1,0.002514879981851865,0.3169563306153276
fine,0.163,1,0.0030321937270485076,0.4170809799580252
fine,0.163,1,0.0035818128793989735,0.34927116668326696
fine,0.163,1,0.004144415486530058,0.4248693909407716
fine,0.163,1,0.004749921737687464,0.36763033350564844
fine,0.163,1,0.00537157473881014,0.4246296313148762
fine,0.163,1,0.006046584448481892,0.3795213010419092
fine,0.163,1,0.006740849567812426,0.4181712995335638
fine,0.163,1,0.0074987439180014695,0.38644136192500933
fine,0.163,1,0.008278937183331881,0.40670103454919315
fine,0.163,1,0.009132816900655214,0.3894473154157094
fine,0.163,1,0.010011963586131933,0.3911161108726503
fine,0.163,1,0.010974604613106457,0.3893329647197815
fine,0.163,1,0.011965395165824922,0.3722128723875173
fine,0.163,1,0.013049205431126394,0.3867293784226573
fine,0.163,1,0.014163952530677053,0.3507516047540361
fine,0.163,1,0.015380929964630282,0.38207732473963385
fine,0.163,1,0.016631526860883664,0.3273901125836439
fine,0.163,1,0.01799321879826867,0.37549435202731585
fine,0.163,1,0.01939109906838691,0.3026254857993341
fine,0.163,1,0.020908563175913837,0.36687197379052405
fine,0.163,1,0.022464662036743823,0.2772650780912622
fine,0.163,1,0.02414842889740618,0.35626021028059907
fine,0.163,1,0.02587314620416597,0.25239288535632753
fine,0.163,1,0.02773318368508353,0.3430220729902328
fine,0.163,1,0.029636348741545724,0.22827494449390362
fine,0.163,1,0.03168202826585568,0.3264854064769839
fine,0.163,1,0.033772866565093665,0.20555299939900096
fine,0.163,1,0.036012931402022295,0.3063352635103782
fine,0.163,1,0.03830003341026273,0.18455844613446304
fine,0.163,1,0.04074256909067007,0.28253020185465816
fine,0.163,1,0.043233861179874204,0.16524693690796555
fine,0.163,1,0.04588626813737569,0.2555125462701794
fine,0.163,1,0.048588985764905404,0.14731415059484532
fine,0.163,1,0.05145795429514865,0.2262171501144148
fine,0.163,1,0.05437861752126953,0.13031188043511055
fine,0.163,1,0.057470105144090636,0.1958898871840402
fine,0.163,1,0.06061449657015154,0.11379063230535102
fine,0.163,1,0.06393370787121419,0.16583216929200895
fine,0.163,1,0.06730685307315483,0.09741048689774123
fine,0.163,1,0.07085822209327956,0.13716315120113565
fine,0.163,1,0.07446437261667258,0.0809900490166976
fine,0.163,1,0.07825154784844697,0.1106499217571767
fine,0.163,1,0.08209416682261332,0.06448494492262025
fine,0.163,1,0.086119998865047,0.08664610059374656
fine,0.163,1,0.09020174928492229,0.047959075332831835
fine,0.163,1,0.09446828119792242,0.06518257425974583
fine,0.163,1,0.09879101691332534,0.03160869222708296
fine,0.163,1,0.10329947730462957,0.046141961714534774
fine,0.163,1,0.10786423674742092,0.015710477216001828
fine,0.163,1,0.11261503561537606,0.029261482894861524
fine,0.163,1,0.1174220382857338,0.0004797093496710092
fine,0.163,1,0.12241476563199288,0.014213883011046757
fine,0.163,1,0.12746341135569356,-0.0139178625172518
fine,0.163,1,0.1326968385725192,0.0006651848990892884
fine,0.163,1,0.1379857095317367,-0.0274026302568382
fine,0.163,1,0.14345779355922167,-0.011708140062943961
fine,0.163,1,0.14898465908997502,-0.0399768807241625
fine,0.163,1,0.1546925493291101,-0.023188103038564112
fine,0.163,1,0.16045437346912286,-0.05169457880368822
fine,0.163,1,0.1663944214273187,-0.0339981007996617
fine,0.163,1,0.17238737318875455,-0.06264740471747943
fine,0.163,1,0.17855514482519283,-0.04432683473263488
fine,0.163,1,0.18477461115750884,-0.07300790417434766
fine,0.163,1,0.19116490188652507,-0.05440640839711497
fine,0.163,1,0.19760550328556956,-0.08312813912516281
fine,0.163,1,0.2042123555873272,-0.06457169441668364
fine,0.163,1,0.2108679642978819,-0.09331298601447413
fine,0.163,1,0.21768468787673403,-0.07480214381067052
fine,0.163,1,0.22454844862689782,-0.10328275080232685
fine,0.163,1,0.2315676430492283,-0.08456958807431869
fine,0.163,1,0.23863199624648698,-0.11250134578120852
fine,0.163,1,0.24584557598143633,-0.0934987180621989
fine,0.163,1,0.25310228329193035,-0.1207317228424567
fine,0.163,1,0.2605015050702721,-0.10141910077993188
fine,0.163,1,0.2679416772947113,-0.12773353757187245
fine,0.163,1,0.27551716969330803,-0.10795794074219556
fine,0.163,1,0.2831312968452078,-0.1329383279680143
fine,0.163,1,0.29087309199694017,-0.11236709370168985
fine,0.163,1,0.2986510754814053,-0.1354612850884629
fine,0.163,1,0.3065486428032785,-0.11382427389551752
fine,0.163,1,0.31447982958745246,-0.1347276036675611
fine,0.163,1,0.3225221114127601,-0.11224301056403863
fine,0.163,1,0.33059533007231673,-0.13146692578459396
fine,0.163,1,0.33877077906627495,-0.10887051161463535
fine,0.163,1,0.34697437758597693,-0.1269560568141479
fine,0.163,1,0.35527099581826077,-0.1043564152951797
fine,0.163,1,0.3635928810186982,-0.12144905875146073
fine,0.163,1,0.3719982605606341,-0.09889849538211881
fine,0.163,1,0.3804259390177113,-0.11534464806493006
fine,0.163,1,0.38892730392678143,-0.09299782594918016
fine,0.163,1,0.3974479242455103,-0.10910667004873797
fine,0.163,1,0.40603217379509804,-0.08700975836542524
fine,0.163,1,0.41463257009465093,-0.10289508455205021
fine,0.163,1,0.4232863231027525,-0.08102958452640396
fine,0.163,1,0.43195305956563457,-0.0966952458661896
fine,0.163,1,0.4406626996725435,-0.07501502932002624
fine,0.163,1,0.44938211600714745,-0.09039607166737662
fine,0.163,1,0.4581338377489053,-0.06887543898184045
fine,0.163,1,0.46689209541161286,-0.08391175174106014
fine,0.163,1,0.47567195093332976,-0.06258753078326684
fine,0.163,1,0.4844550799537632,-0.07727895234234738
fine,0.163,1,0.4932490262047437,-0.05622586787332495
fine,0.163,1,0.5020429724557242,-0.07052755811324385
fine,0.163,1,0.5108369187067042,-0.04975092003358195
fine,0.163,1,0.5196275914589678,-0.06361495542789819
fine,0.163,1,0.5284074469806849,-0.043187624152879245
fine,0.163,1,0.5371807665814522,-0.056613938410828846
fine,0.163,1,0.5459324883232103,-0.036588994212398696
fine,0.163,1,0.5546744338372731,-0.049541555136904725
fine,0.163,1,0.5633840739441817,-0.029963878144545264
fine,0.163,1,0.5720807305963096,-0.042406423877307864
fine,0.163,1,0.5807344836044113,-0.02332978043338052
fine,0.163,1,0.5893720898625479,-0.03523062083743311
fine,0.163,1,0.5979563394121354,-0.016712053566486418
fine,0.163,1,0.6065213335520644,-0.028033623776278382
fine,0.163,1,0.6150226984611346,-0.010129240916582072
fine,0.163,1,0.6235017644550632,-0.02082712434549605
fine,0.163,1,0.631907143996999,-0.0035972006152951153
fine,0.163,1,0.6402872565707816,-0.0136380129973106
fine,0.163,1,0.6485838748030661,0.002839247825707214
fine,0.163,1,0.656852343509607,-0.0065113946621715435
fine,0.163,1,0.6650277925035646,0.009136321839333106
fine,0.163,1,0.6731723046632738,0.0005401824832129698
fine,0.163,1,0.6812145864885828,0.015265528041679466
fine,0.163,1,0.6892232488515903,0.007442939609377142
fine,0.163,1,0.6971208161734618,0.021073854291343008
fine,0.163,1,0.7049821951626011,0.014054863275487328
fine,0.163,1,0.7127239903143332,0.026474050159055462
fine,0.163,1,0.7204271507127626,0.02041217858112432
fine,0.163,1,0.7280026431113596,0.03153307527129967
fine,0.163,1,0.7355371850638592,0.026638635202371863
fine,0.163,1,0.7429364068422009,0.03634834770988016
fine,0.163,1,0.7502925010449977,0.03284252008549793
fine,0.163,1,0.757506080779947,0.040972172954584996
fine,0.163,1,0.7646745017399686,0.03908027204596487
fine,0.163,1,0.7716936961622995,0.04540969891794311
fine,0.163,1,0.7786658534133182,0.045379517382502454
fine,0.163,1,0.7854825769921682,0.049652844577758315
fine,0.163,1,0.7922505441622221,0.05175951965680159
fine,0.163,1,0.7988573964639815,0.053686569599489475
fine,0.163,1,0.8054139380957123,0.05822086984791752
fine,0.163,1,0.8118042288247285,0.05748528073069581
fine,0.163,1,0.8181428248578665,0.06477461718090849
fine,0.163,1,0.8243105964943024,0.061061317710214835
fine,0.163,1,0.8304254643274995,0.07145880745332056
fine,0.163,1,0.8363655122856983,0.06443279324613826
fine,0.163,1,0.8422516263430186,0.07827635274253442
fine,0.163,1,0.8479595165821531,0.06758980686770855
fine,0.163,1,0.8536126253180193,0.08519958809288597
fine,0.163,1,0.8590847093455045,0.07050789700777294
fine,0.163,1,0.8645013496305974,0.0921808294735208
fine,0.163,1,0.8697347768474228,0.07315323468709023
fine,0.163,1,0.8749122856868065,0.09914704439370514
fine,0.163,1,0.8799050130330658,0.07547700373236288
fine,0.163,1,0.8848415365769214,0.10598949307615946
fine,0.163,1,0.8895923354448732,0.0774124693093462
fine,0.163,1,0.8942868352613389,0.11255760581681173
fine,0.163,1,0.8987952956526463,0.07888104363227078
fine,0.163,1,0.9032475522415503,0.11866685204909944
fine,0.163,1,0.9075140841545507,0.0798144109966118
fine,0.163,1,0.9117246976901094,0.12415221764059992
fine,0.163,1,0.9157505297325431,0.0802288262101799
fine,0.163,1,0.9197209180325848,0.1288888886538323
fine,0.163,1,0.9235080932643589,0.08019994856801826
fine,0.163,1,0.9272404869928651,0.1327284870087263
fine,0.163,1,0.9307918560129901,0.07982028576640143
fine,0.163,1,0.9342892911322367,0.1355210643399093
fine,0.163,1,0.9376085024332993,0.0792056557648424
fine,0.163,1,0.9408748099311223,0.13714533262195028
fine,0.163,1,0.9439662975539433,0.07848257537133474
fine,0.163,1,0.9470060904808868,0.13753348661062614
fine,0.163,1,0.9498750590111298,0.07776576653341005
fine,0.163,1,0.9526937168713446,0.13671413769651575
fine,0.163,1,0.955346123828846,0.07714738875711291
fine,0.163,1,0.9579497743775506,0.1348634815292673
fine,0.163,1,0.9603923100579578,0.07669713027268321
fine,0.163,1,0.9627878085670538,0.1323272579237068
fine,0.163,1,0.9650278734039849,0.07646844477623993
fine,0.163,1,0.9672227794659868,0.12956995513565506
fine,0.163,1,0.9692684589902945,0.07650549143675534
fine,0.163,1,0.9712710109390581,0.1270534867732417
fine,0.163,1,0.9731310484199756,0.07684677080867242
fine,0.163,1,0.9749501354547954,0.12511561576626606
fine,0.163,1,0.976633902315458,0.07752204301738252
fine,0.163,1,0.9782790344228175,0.12391849772591057
fine,0.163,1,0.9797964985303442,0.07854538004337752
fine,0.163,1,0.9812777743051375,0.1234937925602283
fine,0.163,1,0.9826394662425231,0.07994021486253478
fine,0.163,1,0.9839675387176081,0.12379534493166855
fine,0.163,1,0.9851845161515609,0.08171621498295789
fine,0.163,1,0.9863705567512647,0.12472476096015594
fine,0.163,1,0.9874543670165653,0.08386709458512465
fine,0.163,1,0.9885100277561223,0.1261939505026558
fine,0.163,1,0.9894726687830979,0.08640377430772639
fine,0.163,1,0.9904100428419199,0.12813878456761485
fine,0.163,1,0.9912639225592433,0.0893582217548975
fine,0.163,1,0.9920955033614253,0.13052048560356755
fine,0.163,1,0.9928533977116151,0.09279175150562369
fine,0.163,1,0.9935920366521453,0.133342933250707
fine,0.163,1,0.9942670463618165,0.09683707654065021
fine,0.163,1,0.9949259093215224,0.1366901522731402
fine,0.163,1,0.99553141557268,0.101783119654273
fine,0.163,1,0.9961239383690567,0.140812776206668
fine,0.163,1,0.9966735575214073,0.10827721474019558
fine,0.163,1,0.9972134004460629,0.14826776926936214
fine,0.163,1,0.9977209379635644,0.11990515601112572
fine,0.163,1,0.9982219395601162,0.017941718150037644
fine,0.163,1,0.9987013432976581,-0.020888419150783877
fine,0.163,1,0.9991774735364838,0.33639784048723986
fine,0.163,1,0.9996427865447625,0.32671816792662345
coarse,0.245,0,0.0003279404297042116,0.09218718055664576
coarse,0.245,0,0.0013963571837179109,0.0589208825326325
coarse,0.245,0,0.00251386943155844,-0.677710554002946
coarse,0.245,0,0.003742237333402566,-0.6949442859992014
coarse,0.245,0,0.005067956185388659,-0.6546433991636884
coarse,0.245,0,0.006613489574406038,-0.6639670668137605
coarse,0.245,0,0.00830296366813337,-0.6558831088820123
coarse,0.245,0,0.01031745009424721,-0.6283228230792617
coarse,0.245,0,0.01252000411427396,-0.6805187507286738
coarse,0.245,0,0.015147207210927353,-0.6274165323422465
coarse,0.245,0,0.01800338690202103,-0.6905532673515473
coarse,0.245,0,0.021376586550541067,-0.6162033472595874
coarse,0.245,0,0.02501575394101469,-0.6891415147670903
coarse,0.245,0,0.02925546581490119,-0.5951684318410722
coarse,0.245,0,0.033793585796449366,-0.6780597813763032
coarse,0.245,0,0.03900549930478196,-0.5665948517632291
coarse,0.245,0,0.04454315544102777,-0.6635978483298519
coarse,0.245,0,0.05081632535337576,-0.5366809797622125
coarse,0.245,0,0.05743699886721204,-0.6491888093564222
coarse,0.245,0,0.06484232156183611,-0.5100303716282077
coarse,0.245,0,0.07261096294855608,-0.633680180457457
coarse,0.245,0,0.08119996335572009,-0.48875219473068743
coarse,0.245,0,0.09016188106203478,-0.6147550235094579
coarse,0.245,0,0.09996583105816391,-0.474661865979614
coarse,0.245,0,0.11014591624211774,-0.5926895505067031
coarse,0.245,0,0.12117529957932173,-0.46792626781556335
coarse,0.245,0,0.1325776002156764,-0.5690908757495547
coarse,0.245,0,0.1448219331418456,-0.46552210074125844
coarse,0.245,0,0.15742958476011049,-0.5458980212711491
coarse,0.245,0,0.17085759539881976,-0.46383105795937785
coarse,0.245,0,0.1846331096390174,-0.525652317080544
coarse,0.245,0,0.19919327306000276,-0.4619511380746
coarse,0.245,0,0.21407917910890142,-0.5103685196680985
coarse,0.245,0,0.2297005989339023,-0.4597248708074704
coarse,0.245,0,0.2456204268665646,-0.49722414935153036
coarse,0.245,0,0.26221404832601164,-0.4531638624630223
coarse,0.245,0,0.2790736375274121,-0.47818647065557585
coarse,0.245,0,0.2965337712122244,-0.43539345601527835
coarse,0.245,0,0.31422288149147776,-0.44576320308270123
coarse,0.245,0,0.33242901172815936,-0.4022279717109465
coarse,0.245,0,0.3508232095587531,-0.4023661137220771
coarse,0.245,0,0.3696420564659716,-0.36080603842259684
coarse,0.245,0,0.38860484407790014,-0.35760839835441494
coarse,0.245,0,0.40789264402221576,-0.3198162895483021
coarse,0.245,0,0.4272777949166735,-0.3155514863392195
coarse,0.245,0,0.44688276034816315,-0.28193198342492787
coarse,0.245,0,0.4665368212734792,-0.27618614151554666
coarse,0.245,0,0.48630173785279884,-0.24656903880022085
coarse,0.245,0,0.5060666544321185,-0.23856400671754607
coarse,0.245,0,0.5258315710114378,-0.21311257799381278
coarse,0.245,0,0.5455473920969307,-0.20252967063531102
coarse,0.245,0,0.5651523575284207,-0.18158614796131012
coarse,0.245,0,0.5846599720097686,-0.16812138184718228
coarse,0.245,0,0.6039477719540836,-0.1520477237461273
coarse,0.245,0,0.6230916311936892,-0.13539352690415396
coarse,0.245,0,0.6419104781009078,-0.12456522690632288
coarse,0.245,0,0.660541257414214,-0.10457093612490209
coarse,0.245,0,0.6787473876508934,-0.09941454051080223
coarse,0.245,0,0.696724541293133,-0.07630977522134574
coarse,0.245,0,0.7141846749779475,-0.07729491061485327
coarse,0.245,0,0.7313788409208076,-0.05099097190741775
coarse,0.245,0,0.7479724623802544,-0.058199444784487575
coarse,0.245,0,0.7642676757320398,-0.02807639010048857
coarse,0.245,0,0.7798890955570406,-0.04141286093438956
coarse,0.245,0,0.7951847727541281,-0.007328441560494392
coarse,0.245,0,0.8097449361751148,-0.026528419497606537
coarse,0.245,0,0.8239575959946123,0.011074953643161467
coarse,0.245,0,0.83738560663332,-0.013225076796117508
coarse,0.245,0,0.8504502985799325,0.027039672010379046
coarse,0.245,0,0.8626946315061021,-0.001039596993975822
coarse,0.245,0,0.87456604713312,0.040500624711143796
coarse,0.245,0,0.8855954304703202,0.010362422696832962
coarse,0.245,0,0.8962486786196981,0.051554885556563956
coarse,0.245,0,0.906052628615831,0.02104684741813634
coarse,0.245,0,0.9154836613128123,0.060866380552442534
coarse,0.245,0,0.9240726617199769,0.03113909913468893
coarse,0.245,0,0.9322983434350456,0.06958096764161525
coarse,0.245,0,0.9397036661296697,0.04096780910703768
coarse,0.245,0,0.946761485222805,0.07849604543294808
coarse,0.245,0,0.9530346551351531,0.05079096839449282
coarse,0.245,0,0.9589820824195878,0.08781337389313293
coarse,0.245,0,0.9641939959279202,0.060723300927720936
coarse,0.245,0,0.9691075013285909,0.09742612084644608
coarse,0.245,0,0.9733472132024774,0.07080545091560086
coarse,0.245,0,0.9773209573344107,0.10706064270126392
coarse,0.245,0,0.980694156982933,0.08099103447942524
coarse,0.245,0,0.9838383800370135,0.11623723729682756
coarse,0.245,0,0.9864655831336642,0.0910991949156803
coarse,0.245,0,0.9889047186364033,0.12409485680275745
coarse,0.245,0,0.990919205062518,0.1007091578321031
coarse,0.245,0,0.9927897507839227,0.13088532564831157
coarse,0.245,0,0.9943352841729404,0.11106405478511361
coarse,0.245,0,0.9957834666118158,0.03101241960450507
coarse,0.245,0,0.9970118345136595,0.012175244121921835
coarse,0.245,0,0.9981911069216763,0.3064721230267844
coarse,0.245,0,0.99925952367569,0.3034082162031413
coarse,0.245,1,0.0003279404297042116,0.1868118721438421
coarse,0.245,1,0.0013963571837179109,0.10535102326679835
coarse,0.245,1,0.00251386943155844,0.4442134906699059
coarse,0.245,1,0.0037422373334026777,0.40587862176622236
coarse,0.245,1,0.0050679561853888815,0.4450782841789722
coarse,0.245,1,0.006613489574406261,0.40889084281885857
coarse,0.245,1,0.00830296366813337,0.4253042957267088
coarse,0.245,1,0.01031745009424732,0.40256771764600574
coarse,0.245,1,0.01252000411427407,0.385599628443799
coarse,0.245,1,0.015147207210927353,0.37848451273739037
coarse,0.245,1,0.018003386902020805,0.3339198904356716
coarse,0.245,1,0.021376586550541067,0.3435016052533898
coarse,0.245,1,0.025015753941014914,0.27692857397388404
coarse,0.245,1,0.02925546581490141,0.3041791896609305
coarse,0.245,1,0.03379358579644948,0.2198717113398112
coarse,0.245,1,0.03900549930478196,0.2655143521288065
coarse,0.245,1,0.04454315544102777,0.16514437274333427
coarse,0.245,1,0.05081632535337565,0.22961362403010266
coarse,0.245,1,0.05743699886721193,0.11389902887319359
coarse,0.245,1,0.06484232156183611,0.19626378389436172
coarse,0.245,1,0.07261096294855608,0.06779788965318867
coarse,0.245,1,0.08119996335572009,0.16382305108833706
coarse,0.245,1,0.09016188106203478,0.028657123321503497
coarse,0.245,1,0.09996583105816413,0.12971647624215388
coarse,0.245,1,0.11014591624211796,-0.00324010953663878
coarse,0.245,1,0.12117529957932195,0.09261591638743083
coarse,0.245,1,0.13257760021567663,-0.028923670298899307
coarse,0.245,1,0.14482193314184583,0.05419523897586609
coarse,0.245,1,0.1574295847601107,-0.050136399934238796
coarse,0.245,1,0.17085759539881987,0.017400423556006794
coarse,0.245,1,0.1846331096390174,-0.06927430721158956
coarse,0.245,1,0.19919327306000276,-0.01643558463193706
coarse,0.245,1,0.21407917910890142,-0.08857093953347794
coarse,0.245,1,0.22970059893390218,-0.04700331725153761
coarse,0.245,1,0.24562042686656482,-0.10706717452306425
coarse,0.245,1,0.26221404832601164,-0.07195812902423793
coarse,0.245,1,0.2790736375274121,-0.11967868573246809
coarse,0.245,1,0.2965337712122243,-0.0868027618595466
coarse,0.245,1,0.31422288149147753,-0.1207334914217637
coarse,0.245,1,0.33242901172815936,-0.08824578745551981
coarse,0.245,1,0.3508232095587531,-0.11103384789772353
coarse,0.245,1,0.3696420564659717,-0.08064668116918328
coarse,0.245,1,0.38860484407790025,-0.09716282962289102
coarse,0.245,1,0.407892644022216,-0.07010735181357175
coarse,0.245,1,0.4272777949166737,-0.0824507091581852
coarse,0.245,1,0.44688276034816315,-0.05899778480494833
coarse,0.245,1,0.4665368212734792,-0.06736008643949298
coarse,0.245,1,0.48630173785279907,-0.04736913015324751
coarse,0.245,1,0.5060666544321185,-0.05153165167624807
coarse,0.245,1,0.5258315710114378,-0.03514519358747892
coarse,0.245,1,0.5455473920969309,-0.0351147565203187
coarse,0.245,1,0.5651523575284216,-0.022649730462772633
coarse,0.245,1,0.5846599720097695,-0.018367837565588907
coarse,0.245,1,0.603947771954084,-0.01018507041576866
coarse,0.245,1,0.6230916311936892,-0.0015352365794158995
coarse,0.245,1,0.6419104781009083,0.001973622692649779
coarse,0.245,1,0.6605412574142144,0.015014885518799148
coarse,0.245,1,0.6787473876508947,0.013403424272306341
coarse,0.245,1,0.6967245412931345,0.030551449243612305
coarse,0.245,1,0.7141846749779479,0.023330300386978253
coarse,0.245,1,0.7313788409208076,0.044565616006837505
coarse,0.245,1,0.7479724623802544,0.03156833696542061
coarse,0.245,1,0.7642676757320394,0.05734188187900047
coarse,0.245,1,0.7798890955570386,0.03857465334875876
coarse,0.245,1,0.7951847727541256,0.06893727601119282
coarse,0.245,1,0.8097449361751135,0.044597237221654984
coarse,0.245,1,0.8239575959946116,0.07906887940243079
coarse,0.245,1,0.8373856066333204,0.04984297917166369
coarse,0.245,1,0.8504502985799334,0.08754283087537029
coarse,0.245,1,0.8626946315061026,0.054670514883276566
coarse,0.245,1,0.8745660471331203,0.09421836730375399
coarse,0.245,1,0.8855954304703206,0.059344718277554276
coarse,0.245,1,0.896248678619699,0.09914188560995096
coarse,0.245,1,0.9060526286158315,0.06389761169989105
coarse,0.245,1,0.9154836613128123,0.10292108486309137
coarse,0.245,1,0.9240726617199767,0.06841610570770562
coarse,0.245,1,0.9322983434350451,0.1066252510017831
coarse,0.245,1,0.9397036661296693,0.07318366072553528
coarse,0.245,1,0.946761485222805,0.11099784742760921
coarse,0.245,1,0.9530346551351531,0.07843116530163308
coarse,0.245,1,0.9589820824195878,0.11622055354994265
coarse,0.245,1,0.9641939959279202,0.08425972357194722
coarse,0.245,1,0.9691075013285909,0.12217974398609222
coarse,0.245,1,0.9733472132024774,0.09069938913383035
coarse,0.245,1,0.9773209573344092,0.12859608050546478
coarse,0.245,1,0.9806941569829254,0.09769258336312414
coarse,0.245,1,0.9838383800370037,0.13497909347189296
coarse,0.245,1,0.9864655831336597,0.10504224374419902
coarse,0.245,1,0.9889047186364024,0.1404496417850607
coarse,0.245,1,0.9909192050625177,0.11230395842236984
coarse,0.245,1,0.9927897507839227,0.1452101442020295
coarse,0.245,1,0.9943352841729404,0.1206836166560199
coarse,0.245,1,0.9957834666118158,0.046947155389650774
coarse,0.245,1,0.9970118345136595,0.02037437337922332
coarse,0.245,1,0.9981911069216763,0.3129950053162752
coarse,0.245,1,0.99925952367569,0.3034082162031413
medium,0.245,0,0.00031302556495614597,0.11707649641845896
medium,0.245,0,0.0010153997346895572,0.03908160908996605
medium,0.245,0,0.0017389457659386077,-0.591806399553243
medium,0.245,0,0.002488825859527716,-0.5933659319139957
medium,0.245,0,0.0032808885454979507,-0.5827074326805468
medium,0.245,0,0.004125418938033145,-0.5834532649611859
medium,0.245,0,0.005032821618815901,-0.5959728413438967
medium,0.245,0,0.006018426339460443,-0.569840567873602
medium,0.245,0,0.007087114548142882,-0.6344572908339863
medium,0.245,0,0.00825914396524119,-0.5885671031811075
medium,0.245,0,0.009533835754655825,-0.6630444917630869
medium,0.245,0,0.010936221432044195,-0.5994304897150389
medium,0.245,0,0.012460067043386622,-0.6825870654010002
medium,0.245,0,0.01413498739467222,-0.6024527130768591
medium,0.245,0,0.01594924085810979,-0.6940099315329473
medium,0.245,0,0.01793680014346407,-0.5989799626835037
medium,0.245,0,0.02008050531005496,-0.7000067729389754
medium,0.245,0,0.022418428418588512,-0.590964653352239
medium,0.245,0,0.0249281218130034,-0.7003777997204259
medium,0.245,0,0.02765146715357658,-0.5775654480734296
medium,0.245,0,0.030560899909082232,-0.6952441537852685
medium,0.245,0,0.033701792594644356,-0.5605130345265332
medium,0.245,0,0.03704167358660004,-0.6870484088145234
medium,0.245,0,0.04062906094268372,-0.5425448634918697
medium,0.245,0,0.04442682307545796,-0.6766689556292043
medium,0.245,0,0.04848625433355224,-0.5264070041179787
medium,0.245,0,0.0527658457595555,-0.6652491502437516
medium,0.245,0,0.05731927761202693,-0.5148722323333748
medium,0.245,0,0.062100979471811736,-0.6526460960646914
medium,0.245,0,0.0671666089682182,-0.5088937191368759
medium,0.245,0,0.07246688103875366,-0.638094586586766
medium,0.245,0,0.0780590070953091,-0.5075417580323163
medium,0.245,0,0.08389036252113904,-0.6214772018770982
medium,0.245,0,0.09001927709732763,-0.5089724738686685
medium,0.245,0,0.09639018715798518,-0.6036853414917815
medium,0.245,0,0.10306209692853441,-0.5111454725295195
medium,0.245,0,0.10997692656698974,-0.5858798229245923
medium,0.245,0,0.11719390568532918,-0.5123326482881725
medium,0.245,0,0.12465288028813772,-0.569062057557453
medium,0.245,0,0.13241285460083824,-0.5115481204467309
medium,0.245,0,0.14041205828281306,-0.5538883357758093
medium,0.245,0,0.1487088211151463,-0.5085358724698457
medium,0.245,0,0.15724022652160877,-0.5405634781670701
medium,0.245,0,0.16606348591409084,-0.503523140346033
medium,0.245,0,0.17511501531388687,-0.5289771882577388
medium,0.245,0,0.18445047235030457,-0.49710836886066145
medium,0.245,0,0.19400608955463122,-0.5193688000441614
medium,0.245,0,0.20383554718542582,-0.4906349906655971
medium,0.245,0,0.21387537959291097,-0.511980463178282
medium,0.245,0,0.22417688112571632,-0.48469244460869243
medium,0.245,0,0.23467737096491495,-0.5052237478572308
medium,0.245,0,0.24542536716824173,-0.4777638945992826
medium,0.245,0,0.25635945078650096,-0.49683454762861023
medium,0.245,0,0.2675249943348169,-0.468435210086231
medium,0.245,0,0.27886230816901375,-0.48494886080651955
medium,0.245,0,0.2904132739493686,-0.45482363813444904
medium,0.245,0,0.30212038561096044,-0.46638268322245535
medium,0.245,0,0.3140217152144955,-0.4340296718686436
medium,0.245,0,0.32606237793018267,-0.44031486677532916
medium,0.245,0,0.33827634646778665,-0.4072485657460907
medium,0.245,0,0.35061177493934376,-0.41045400549144273
medium,0.245,0,0.36309827815084317,-0.3783050502984524
medium,0.245,0,0.37568744373465934,-0.3799237968222262
medium,0.245,0,0.3884043032064499,-0.3494960831539409
medium,0.245,0,0.4012042461662782,-0.35036799692376386
medium,0.245,0,0.4141075303345223,-0.3220803252940876
medium,0.245,0,0.42707368679101454,-0.32258444966904065
medium,0.245,0,0.4401180452873686,-0.2963152728631884
medium,0.245,0,0.45320458637610317,-0.2961803205774125
medium,0.245,0,0.4663435951714028,-0.27169539406484855
medium,0.245,0,0.47950377582821796,-0.2707074899198709
medium,0.245,0,0.4926902905473737,-0.24798895818878885
medium,0.245,0,0.5058768052665289,-0.2460308648680709
medium,0.245,0,0.5190633199856844,-0.22512309842828238
medium,0.245,0,0.5322286628433245,-0.2220587819756792
medium,0.245,0,0.5453676716386242,-0.20311173831258045
medium,0.245,0,0.5584644978415435,-0.19881321039481814
medium,0.245,0,0.5715088563378977,-0.18197735472511578
medium,0.245,0,0.5844903425460036,-0.17626365029390545
medium,0.245,0,0.5973936267142473,-0.16171400658627166
medium,0.245,0,0.6102138273944533,-0.1543957338775621
medium,0.245,0,0.6229306868662439,-0.1423272372391744
medium,0.245,0,0.635544883965718,-0.13320731157834143
medium,0.245,0,0.6480313871772178,-0.12385993612176915
medium,0.245,0,0.6603964304547644,-0.11273672811852009
medium,0.245,0,0.6726103989923685,-0.1064001430408772
medium,0.245,0,0.6846850344178205,-0.09313560151761502
medium,0.245,0,0.6965863640213547,-0.09018282900965868
medium,0.245,0,0.7083315477436524,-0.07468397843712249
medium,0.245,0,0.7198825135240075,-0.07546295768312494
medium,0.245,0,0.7312617090184813,-0.057363597801814326
medium,0.245,0,0.7424272525667972,-0.062066639994684314
medium,0.245,0,0.7534067087001833,-0.04082185152108542
medium,0.245,0,0.7641547049035166,-0.04968416299402145
medium,0.245,0,0.7747037128004505,-0.024908934970166108
medium,0.245,0,0.7850052143332489,-0.03822650799650451
medium,0.245,0,0.7950963410893599,-0.009675036609400278
medium,0.245,0,0.8049257987201547,-0.027730392955344962
medium,0.245,0,0.8145350961830401,0.004765548590121682
medium,0.245,0,0.8238705532194569,-0.018214653804245362
medium,0.245,0,0.8329777402485609,0.01832316190393224
medium,0.245,0,0.8418009996410436,-0.00960283707823506
medium,0.245,0,0.8503896164593974,0.030893512600342676
medium,0.245,0,0.8586863792917313,-0.0017957232806473655
medium,0.245,0,0.8667439127547905,0.04229068806168257
medium,0.245,0,0.8745038870674909,0.005314433525883233
medium,0.245,0,0.8820218658957204,0.05229900124102238
medium,0.245,0,0.8892388450140563,0.011851641994915951
medium,0.245,0,0.8962129042644892,0.06067258461544067
medium,0.245,0,0.9028848140350422,0.017894885763518054
medium,0.245,0,0.9093147283211248,0.06724848277196627
medium,0.245,0,0.9154436428973136,0.023534869649837198
medium,0.245,0,0.921333328104228,0.07216976391230279
medium,0.245,0,0.9269254541607835,0.028957753492754312
medium,0.245,0,0.9322829376432098,0.07589957603375719
medium,0.245,0,0.9373485671396159,0.03432669578054015
medium,0.245,0,0.9421859266287088,0.07906736957358429
medium,0.245,0,0.9467393584811804,0.039739489703527586
medium,0.245,0,0.9510726301657431,0.0823007473557773
medium,0.245,0,0.9551320614238369,0.04527407109166104
medium,0.245,0,0.9589811179052409,0.08600718134753116
medium,0.245,0,0.9625685052613253,0.05098747757758093
medium,0.245,0,0.9659569043110156,0.09033305643452483
medium,0.245,0,0.9690977969965773,0.056918210056042584
medium,0.245,0,0.9720526022672065,0.09525455047215903
medium,0.245,0,0.9747759476077794,0.06309192062071445
medium,0.245,0,0.9773275226624712,0.10066061119344327
medium,0.245,0,0.979665445771005,0.06950462441754957
medium,0.245,0,0.9818472229983037,0.10641475939333755
medium,0.245,0,0.9838347822836617,0.07615319404770626
medium,0.245,0,0.9856830084568641,0.11237239044728908
medium,0.245,0,0.9873579288081454,0.08301520522721506
medium,0.245,0,0.9889113892254751,0.1183516426489798
medium,0.245,0,0.9903137749028641,0.09006682834673574
medium,0.245,0,0.991613498207937,0.12417239758418552
medium,0.245,0,0.9927855276250362,0.09735345692394926
medium,0.245,0,0.9938744735540966,0.12967927472558438
medium,0.245,0,0.9948600782747408,0.10514641017666926
medium,0.245,0,0.9957828107071374,0.13700620083746318
medium,0.245,0,0.9966273410996724,0.116675752720104
medium,0.245,0,0.9974296888998265,0.009742709132875782
medium,0.245,0,0.9981795689934159,-0.014453898861583436
medium,0.245,0,0.9989082772254894,0.35840961901634727
medium,0.245,0,0.9996106513952225,0.35315879643064796
medium,0.245,1,0.00031302556495614597,0.13642207406575813
medium,0.245,1,0.0010153997346895572,0.09245710558345221
medium,0.245,1,0.0017389457659386077,0.43105075819634175
medium,0.245,1,0.002488825859527716,0.3775521521516415
medium,0.245,1,0.0032808885454979507,0.42900883145978996
medium,0.245,1,0.004125418938033257,0.3735624442050679
medium,0.245,1,0.005032821618816124,0.4406785553740261
medium,0.245,1,0.006018426339460554,0.39412105284193455
medium,0.245,1,0.007087114548142882,0.4351488917683237
medium,0.245,1,0.00825914396524119,0.39934565284622925
medium,0.245,1,0.009533835754655825,0.4179484077769914
medium,0.245,1,0.010936221432044419,0.3944110756602537
medium,0.245,1,0.012460067043386844,0.3921024607809567
medium,0.245,1,0.014134987394672442,0.3819771736375037
medium,0.245,1,0.015949240858109903,0.3601968780678724
medium,0.245,1,0.01793680014346396,0.36437902237721875
medium,0.245,1,0.020080505310054734,0.3242267324700029
medium,0.245,1,0.022418428418588512,0.3435766555756462
medium,0.245,1,0.024928121813003624,0.2861207057427676
medium,0.245,1,0.02765146715357658,0.3214758113443238
medium,0.245,1,0.030560899909082232,0.2476885064496679
medium,0.245,1,0.033701792594644356,0.2992795226853382
medium,0.245,1,0.03704167358660004,0.20991251774233766
medium,0.245,1,0.04062906094268372,0.2773253806848863
medium,0.245,1,0.04442682307545796,0.1737198183122779
medium,0.245,1,0.04848625433355224,0.25502713370006225
medium,0.245,1,0.05276584575955561,0.13963865350912263
medium,0.245,1,0.05731927761202704,0.23100632198765803
medium,0.245,1,0.06210097947181185,0.1082782270664534
medium,0.245,1,0.0671666089682182,0.20403673536904887
medium,0.245,1,0.07246688103875366,0.08027379325932782
medium,0.245,1,0.0780590070953091,0.17386824725666272
medium,0.245,1,0.08389036252113904,0.0558536174877341
medium,0.245,1,0.09001927709732752,0.1413969037709789
medium,0.245,1,0.09639018715798507,0.0345976746686012
medium,0.245,1,0.10306209692853463,0.10828388063179306
medium,0.245,1,0.10997692656698985,0.0157229724810235
medium,0.245,1,0.11719390568532918,0.07628280974007684
medium,0.245,1,0.12465288028813772,-0.0016256712672517715
medium,0.245,1,0.13241285460083801,0.046661869754068275
medium,0.245,1,0.14041205828281295,-0.01815458141644366
medium,0.245,1,0.14870882111514652,0.0200457551722778
medium,0.245,1,0.157240226521609,-0.03425690886681565
medium,0.245,1,0.16606348591409129,-0.003463467226047401
medium,0.245,1,0.1751150153138871,-0.05003757969674827
medium,0.245,1,0.18445047235030457,-0.024174374012674305
medium,0.245,1,0.1940060895546311,-0.06572669992381686
medium,0.245,1,0.20383554718542582,-0.0429783405749018
medium,0.245,1,0.21387537959291097,-0.08158876416011318
medium,0.245,1,0.22417688112571632,-0.06042904505817992
medium,0.245,1,0.23467737096491495,-0.09677419972701107
medium,0.245,1,0.24542536716824173,-0.07580921620789915
medium,0.245,1,0.25635945078650096,-0.10986933045600944
medium,0.245,1,0.2675249943348169,-0.08836158212688305
medium,0.245,1,0.27886230816901375,-0.11959535230474083
medium,0.245,1,0.2904132739493686,-0.09687469913991897
medium,0.245,1,0.30212038561096055,-0.12364561864225188
medium,0.245,1,0.3140217152144956,-0.0993115571439196
medium,0.245,1,0.32606237793018256,-0.12112424213651929
medium,0.245,1,0.33827634646778676,-0.09628789036030683
medium,0.245,1,0.35061177493934387,-0.11438274778298307
medium,0.245,1,0.3630982781508434,-0.0902958127625324
medium,0.245,1,0.37568744373465957,-0.10563910817884281
medium,0.245,1,0.3884043032064499,-0.08294989903227479
medium,0.245,1,0.4012042461662782,-0.09620328277884238
medium,0.245,1,0.4141075303345225,-0.07525135758387425
medium,0.245,1,0.42707368679101476,-0.0868302199453399
medium,0.245,1,0.4401180452873686,-0.06752653833365585
medium,0.245,1,0.45320458637610317,-0.07738325277687519
medium,0.245,1,0.4663435951714028,-0.059544077293919084
medium,0.245,1,0.4795037758282182,-0.06763783337581675
medium,0.245,1,0.4926902905473739,-0.05125292095961398
medium,0.245,1,0.5058768052665293,-0.05758144098504081
medium,0.245,1,0.5190633199856844,-0.04270067550521284
medium,0.245,1,0.5322286628433245,-0.04722114157099555
medium,0.245,1,0.5453676716386242,-0.03398909594124122
medium,0.245,1,0.5584644978415437,-0.036644941581408075
medium,0.245,1,0.5715088563378986,-0.025215773095068172
medium,0.245,1,0.5844903425460047,-0.0258924368847524
medium,0.245,1,0.5973936267142478,-0.01644810252273987
medium,0.245,1,0.6102138273944533,-0.015009303755656234
medium,0.245,1,0.6229306868662439,-0.007756015901481339
medium,0.245,1,0.6355448839657182,-0.004045866035875534
medium,0.245,1,0.6480313871772182,0.0007651972766643533
medium,0.245,1,0.660396430454765,0.006917238673508019
medium,0.245,1,0.6726103989923694,0.00898551109803758
medium,0.245,1,0.6846850344178211,0.017703240519906682
medium,0.245,1,0.6965863640213547,0.016651658349718934
medium,0.245,1,0.7083315477436524,0.028021195659512776
medium,0.245,1,0.7198825135240075,0.02348864600977807
medium,0.245,1,0.7312617090184813,0.03783052980447721
medium,0.245,1,0.7424272525667972,0.029585600477166074
medium,0.245,1,0.7534067087001785,0.04738507826421323
medium,0.245,1,0.7641547049035003,0.035159358389601714
medium,0.245,1,0.7747037128004322,0.05677313643737758
medium,0.245,1,0.7850052143332409,0.0402477225588056
medium,0.245,1,0.7950963410893576,0.06591102130146409
medium,0.245,1,0.8049257987201534,0.0447838878490362
medium,0.245,1,0.8145350961830388,0.07465716624318586
medium,0.245,1,0.8238705532194549,0.04872007569257597
medium,0.245,1,0.8329777402485591,0.08289100597904453
medium,0.245,1,0.8418009996410436,0.052098470146599074
medium,0.245,1,0.8503896164593983,0.09047925404627477
medium,0.245,1,0.8586863792917322,0.0549902866753188
medium,0.245,1,0.8667439127547913,0.0972173593529787
medium,0.245,1,0.8745038870674914,0.05748202318331719
medium,0.245,1,0.8820218658957211,0.1028757216113122
medium,0.245,1,0.8892388450140569,0.0596804415691462
medium,0.245,1,0.8962129042644901,0.10720113053107427
medium,0.245,1,0.9028848140350428,0.061653708510003624
medium,0.245,1,0.9093147283211253,0.11002415189318637
medium,0.245,1,0.9154436428973138,0.06347962474543822
medium,0.245,1,0.921333328104228,0.11146962077845501
medium,0.245,1,0.9269254541607833,0.06532448315184902
medium,0.245,1,0.9322829376432098,0.11197424180023974
medium,0.245,1,0.9373485671396159,0.06733747370438492
medium,0.245,1,0.942185926628709,0.11214325292641247
medium,0.245,1,0.9467393584811806,0.0696094701364931
medium,0.245,1,0.9510726301657431,0.11258219403793257
medium,0.245,1,0.9551320614238369,0.07221403459956566
medium,0.245,1,0.9589811179052409,0.11368351732678694
medium,0.245,1,0.9625685052613244,0.07520522777249694
medium,0.245,1,0.9659569043110149,0.11558675978561417
medium,0.245,1,0.9690977969965773,0.0786193860279718
medium,0.245,1,0.9720526022672069,0.11826606473565626
medium,0.245,1,0.9747759476077794,0.08247934731213791
medium,0.245,1,0.977327522662471,0.12161013441407076
medium,0.245,1,0.979665445771005,0.08677855929139844
medium,0.245,1,0.9818472229983033,0.1254823066175963
medium,0.245,1,0.9838347822836602,0.09150921085265362
medium,0.245,1,0.9856830084568623,0.12973516806574859
medium,0.245,1,0.9873579288081441,0.09664399568146465
medium,0.245,1,0.9889113892254742,0.13418513105489183
medium,0.245,1,0.9903137749028637,0.10215328273345858
medium,0.245,1,0.991613498207937,0.13865096378889097
medium,0.245,1,0.9927855276250362,0.10807563348696592
medium,0.245,1,0.9938744735540966,0.14298254383797215
medium,0.245,1,0.9948600782747408,0.11467393868764508
medium,0.245,1,0.9957828107071374,0.1492936298402261
medium,0.245,1,0.9966273410996724,0.12514946047142217
medium,0.245,1,0.9974296888998265,0.025068066917659615
medium,0.245,1,0.9981795689934154,-0.0051249652733866835
medium,0.245,1,0.9989082772254887,0.363387040386689
medium,0.245,1,0.9996106513952221,0.35315879643064796
fine,0.245,0,7.055382704709045e-05,0.12312256241255382
fine,0.245,0,0.0005358668353258357,0.03711433748211135
fine,0.245,0,0.001003316372903602,-0.5042884228681683
fine,0.245,0,0.0014827201104459019,-0.5156937139472473
fine,0.245,0,0.001966389677247502,-0.4741771824984451
fine,0.245,0,0.002473927194749088,-0.47763025730559394
fine,0.245,0,0.0029878454072541825,-0.4991236160137471
fine,0.245,0,0.0035374645596045924,-0.4804388706507663
fine,0.245,0,0.0040955576824507475,-0.5432659900481192
fine,0.245,0,0.004701063933608154,-0.5069838749547764
fine,0.245,0,0.005317108757519855,-0.5786876800720329
fine,0.245,0,0.00599211846719144,-0.5267431952801296
fine,0.245,0,0.006679695692681328,-0.6077962443361371
fine,0.245,0,0.007437590042870483,-0.5414403787714537
fine,0.245,0,0.008210038327446366,-0.6318753260073637
fine,0.245,0,0.009063918044769699,-0.5519985073508071
fine,0.245,0,0.009934288869141336,-0.6516599586350165
fine,0.245,0,0.010896929896115749,-0.5587926751073518
fine,0.245,0,0.011877943402114403,-0.6671857419291514
fine,0.245,0,0.012961753667415988,-0.5617938889594398
fine,0.245,0,0.014065755617063936,-0.6785472424427863
fine,0.245,0,0.015282733051017053,-0.5613520470217652
fine,0.245,0,0.016521653052370293,-0.6867671714034478
fine,0.245,0,0.017883344989755467,-0.5589733389047968
fine,0.245,0,0.01926865613089264,-0.6933088150733913
fine,0.245,0,0.02078612023841934,-0.5558632153316752
fine,0.245,0,0.022328800266140373,-0.6969545553127434
fine,0.245,0,0.02401256712680279,-0.5503959633518647
fine,0.245,0,0.025723061301410187,-0.6965377309103691
fine,0.245,0,0.027583098782327804,-0.5439650226711044
fine,0.245,0,0.029471284534170736,-0.6940556621484264
fine,0.245,0,0.03151696405848063,-0.5384274541794654
fine,0.245,0,0.03359211756585777,-0.6890273976484307
fine,0.245,0,0.035832182402786565,-0.5342452357603287
fine,0.245,0,0.038102947204295495,-0.6815888716039795
fine,0.245,0,0.04054548288470261,-0.5323023501491728
fine,0.245,0,0.043019840632240444,-0.6723125796594134
fine,0.245,0,0.04567224758974182,-0.5332092524929248
fine,0.245,0,0.048357491041122566,-0.6617910947393437
fine,0.245,0,0.05122645957136559,-0.5368659638130922
fine,0.245,0,0.054129167913935156,-0.6505331808307864
fine,0.245,0,0.05722065553675614,-0.5424611685531335
fine,0.245,0,0.06034667212550607,-0.6389075121204801
fine,0.245,0,0.06366588342656872,-0.5487320157062476
fine,0.245,0,0.0670202960120721,-0.6271760831259923
fine,0.245,0,0.07057166503219695,-0.5543666005837324
fine,0.245,0,0.0741587885452702,-0.6155851251590037
fine,0.245,0,0.0779459637770447,-0.5583842282616607
fine,0.245,0,0.08176932572838895,-0.6044529588432912
fine,0.245,0,0.08579515777082246,-0.5603296098954091
fine,0.245,0,0.08985748631504302,-0.5941125903754747
fine,0.245,0,0.09412401822804332,-0.5601551930849982
fine,0.245,0,0.0984272329324384,-0.5846895330393644
fine,0.245,0,0.10293569332374251,-0.5579351043703422
fine,0.245,0,0.10748089867309468,-0.5760923128268474
fine,0.245,0,0.11223169754104971,-0.5539201410646595
fine,0.245,0,0.11701917920039973,-0.5681909540761354
fine,0.245,0,0.1220119065466587,-0.5484513898650722
fine,0.245,0,0.12704113039470474,-0.5607770718316472
fine,0.245,0,0.13227455761153062,-0.5418773468038593
fine,0.245,0,0.13754417154792634,-0.5536643968552917
fine,0.245,0,0.1430162555754112,-0.5345584286344212
fine,0.245,0,0.14852409409584458,-0.5467234144400002
fine,0.245,0,0.15423198433497964,-0.5268332798603304
fine,0.245,0,0.15997507585855503,-0.539872351748008
fine,0.245,0,0.16591512381675075,-0.5189953743893134
fine,0.245,0,0.1718897007408755,-0.533092021421377
fine,0.245,0,0.1780574723773139,-0.5113245330428455
fine,0.245,0,0.18425898382607883,-0.5265154391590734
fine,0.245,0,0.19064927455509495,-0.5041926534847476
fine,0.245,0,0.19707240177799024,-0.520564119637462
fine,0.245,0,0.20367925407974802,-0.49813318020173436
fine,0.245,0,0.2103179284486365,-0.5155355733102611
fine,0.245,0,0.21713465202748866,-0.4931099102328169
fine,0.245,0,0.22398207557092106,-0.510849360133387
fine,0.245,0,0.23100126999325152,-0.4882566734072402
fine,0.245,0,0.2380499383986491,-0.5056608662211761
fine,0.245,0,0.24526351813359837,-0.48291435231532853
fine,0.245,0,0.25250524613947306,-0.4996314917088789
fine,0.245,0,0.2599044679178148,-0.47678016721879324
fine,0.245,0,0.2673304170101016,-0.49241081830019984
fine,0.245,0,0.2749059094086983,-0.4693025229072598
fine,0.245,0,0.28250661772748936,-0.48317872849676946
fine,0.245,0,0.2902484128792215,-0.45942549847159464
fine,0.245,0,0.29801382723470526,-0.4707419247597022
fine,0.245,0,0.30591139455657856,-0.4460344470231412
fine,0.245,0,0.31383090444585243,-0.45448018409236157
fine,0.245,0,0.3218731862711601,-0.4291068008062504
fine,0.245,0,0.32993565978081396,-0.43561687267314664
fine,0.245,0,0.3381111087747722,-0.4105102213503018
fine,0.245,0,0.34630493024775466,-0.415937275989809
fine,0.245,0,0.35460154848003855,-0.39129229401602594
fine,0.245,0,0.3629146578193709,-0.39580303445015397
fine,0.245,0,0.3713200373613067,-0.3717323649279254
fine,0.245,0,0.3797399708376294,-0.3757625199020178
fine,0.245,0,0.3882413357466996,-0.35245945266327405
fine,0.245,0,0.3967552681715877,-0.35639391829601674
fine,0.245,0,0.4053395177211753,-0.3338991534640605
fine,0.245,0,0.4139343058435173,-0.3378446599323044
fine,0.245,0,0.4225880588516187,-0.31610992123397175
fine,0.245,0,0.43125028583021585,-0.32002773268822526
fine,0.245,0,0.43995992593712474,-0.2989646566315627
fine,0.245,0,0.4486759467390373,-0.3027401283285387
fine,0.245,0,0.4574276684807952,-0.2822833232852344
fine,0.245,0,0.4661836560518123,-0.28582695284190685
fine,0.245,0,0.4749635115735291,-0.2659860547477493
fine,0.245,0,0.4837455036245451,-0.2692954879436149
fine,0.245,0,0.4925394498755256,-0.25012878283370354
fine,0.245,0,0.501333396126506,-0.25314107050883616
fine,0.245,0,0.510127342377486,-0.23463113519926693
fine,0.245,0,0.5189191520991674,-0.23728297662309927
fine,0.245,0,0.5276990076208843,-0.21948726320398548
fine,0.245,0,0.5364745973133421,-0.22178098710211236
fine,0.245,0,0.5452263190551,-0.20473382684111963
fine,0.245,0,0.5539716601018544,-0.2066262176568756
fine,0.245,0,0.5626813002087631,-0.19035344070968585
fine,0.245,0,0.5713824663451762,-0.19180159751239745
fine,0.245,0,0.580036219353278,-0.17634007694328013
fine,0.245,0,0.5886794337886255,-0.1773064416048029
fine,0.245,0,0.597263683338213,-0.1626998044463146
fine,0.245,0,0.6058353653719823,-0.16313648587962293
fine,0.245,0,0.6143367302810526,-0.14943324077798703
fine,0.245,0,0.6228235412557359,-0.14927929898926262
fine,0.245,0,0.6312289207976716,-0.1365399262887783
fine,0.245,0,0.6396178092325591,-0.13574126545457177
fine,0.245,0,0.6479144274648436,-0.12405560543078442
fine,0.245,0,0.6561926732181039,-0.12254823258701664
fine,0.245,0,0.6643681222120617,-0.1120170881870639
fine,0.245,0,0.6725233795216728,-0.10969136629410858
fine,0.245,0,0.6805656613469772,-0.10044292050867165
fine,0.245,0,0.6885860006048817,-0.09723992407918702
fine,0.245,0,0.6964835679267581,-0.08949287717663479
fine,0.245,0,0.7043575160448822,-0.08533564729579113
fine,0.245,0,0.7120993111966145,-0.07925180703137524
fine,0.245,0,0.7198158904281523,-0.07391661806601268
fine,0.245,0,0.7273913828267494,-0.06962274051920603
fine,0.245,0,0.7349401479114015,-0.06282664662185922
fine,0.245,0,0.7423393696897436,-0.06047455551318004
fine,0.245,0,0.74971044319716,-0.05193644545131271
fine,0.245,0,0.756924022932109,-0.051731744348301634
fine,0.245,0,0.7641081286839914,-0.04118143907029892
fine,0.245,0,0.7711273231063231,-0.04337641743853338
fine,0.245,0,0.7781158175640746,-0.03053690220143923
fine,0.245,0,0.784932541142925,-0.03540766776096449
fine,0.245,0,0.791717442654645,-0.01999421829899628
fine,0.245,0,0.7983242949564037,-0.027832788407645692
fine,0.245,0,0.8048983107642829,-0.009570914140452746
fine,0.245,0,0.8112886014932986,-0.02067192399775597
fine,0.245,0,0.817645152409988,0.0007240063407725206
fine,0.245,0,0.8238129240464255,-0.013906606251314901
fine,0.245,0,0.8299461667169341,0.010906749076425304
fine,0.245,0,0.8358862146751317,-0.007515479087738308
fine,0.245,0,0.8417910613488881,0.020951367519279063
fine,0.245,0,0.8474989515880226,-0.0015113962170891782
fine,0.245,0,0.8531710873342087,0.030798112219139084
fine,0.245,0,0.8586431713616934,0.004077337192275543
fine,0.245,0,0.8640790686696079,0.040367629366522384
fine,0.245,0,0.8693124958864338,0.00921829412692532
fine,0.245,0,0.8745094266014726,0.04955682684797191
fine,0.245,0,0.8795021539477319,0.013876661026302917
fine,0.245,0,0.8844581985025958,0.05823409836332427
fine,0.245,0,0.8892089973705468,0.018018784294047796
fine,0.245,0,0.8939230512804509,0.06623993628948066
fine,0.245,0,0.8984315116717592,0.02162076388890488
fine,0.245,0,0.9029032892716717,0.073399587404117
fine,0.245,0,0.9071698211846719,0.024686043071048047
fine,0.245,0,0.911399856595885,0.07957953720542066
fine,0.245,0,0.9154256886383186,0.027306705209890425
fine,0.245,0,0.9194153339611822,0.08470476403421978
fine,0.245,0,0.9232025091929565,0.02961639669639593
fine,0.245,0,0.9269539299317822,0.08869577786700111
fine,0.245,0,0.9305052989519073,0.03172719515409983
fine,0.245,0,0.9340214666875913,0.09150002001474822
fine,0.245,0,0.9373406779886541,0.03373429068776934
fine,0.245,0,0.9406253603237874,0.09313652438335751
fine,0.245,0,0.9437168479466087,0.035715991136644476
fine,0.245,0,0.9467745957571037,0.09373229214385803
fine,0.245,0,0.9496435642873469,0.037731684599280224
fine,0.245,0,0.9524796963237108,0.09354597582401647
fine,0.245,0,0.9551321032812123,0.039826151764948636
fine,0.245,0,0.9577526881715829,0.09294599332255749
fine,0.245,0,0.9601952238519901,0.04203505256427964
fine,0.245,0,0.9626070595678173,0.0923318969372382
fine,0.245,0,0.9648471244047443,0.04438891695458136
fine,0.245,0,0.9670577152586045,0.09203797472426123
fine,0.245,0,0.9691033947829162,0.04691499813259381
fine,0.245,0,0.971120926036302,0.09227387213238714
fine,0.245,0,0.9729809635172191,0.04963744160175776
fine,0.245,0,0.9748142736841917,0.09312147323939746
fine,0.245,0,0.9764980405448543,0.05257242856293454
fine,0.245,0,0.9781565914853224,0.09456467553324299
fine,0.245,0,0.9796740555928494,0.0557223919004981
fine,0.245,0,0.9811679004966242,0.0965488363179382
fine,0.245,0,0.9825295924340095,0.0591026965949204
fine,0.245,0,0.9838693418039947,0.09900594246810934
fine,0.245,0,0.9850863192379474,0.06271661584406152
fine,0.245,0,0.986283104987554,0.10184765033116172
fine,0.245,0,0.987366915252855,0.0665548031501697
fine,0.245,0,0.9884323530391319,0.10500820800617616
fine,0.245,0,0.9893949940661071,0.07062766535523679
fine,0.245,0,0.9903411439860338,0.10844568379923625
fine,0.245,0,0.9911950237033574,0.07496661765244339
fine,0.245,0,0.992034349486294,0.11213918690733171
fine,0.245,0,0.9927922438364837,0.07963304500100532
fine,0.245,0,0.9935375706708549,0.11610357989559061
fine,0.245,0,0.9942125803805256,0.08475720005991416
fine,0.245,0,0.9948770515174424,0.12042570157767496
fine,0.245,0,0.9954825577686007,0.09062760769905187
fine,0.245,0,0.996079590049263,0.12535723929832343
fine,0.245,0,0.9966292092016132,0.09790801749565281
fine,0.245,0,0.9971724476589597,0.13352377641982094
fine,0.245,0,0.9976799851764613,0.11026813950776204
fine,0.245,0,0.9981832568647032,-0.023789133069030077
fine,0.245,0,0.9986626606022458,-0.05532205450602712
fine,0.245,0,0.9991399278104891,0.3264290025113641
fine,0.245,0,0.9996052408187679,0.33361853988240936
fine,0.245,1,7.055382704709045e-05,0.12303662199695109
fine,0.245,1,0.0005358668353258357,0.07624626320868588
fine,0.245,1,0.001003316372903602,0.41046848182587947
fine,0.245,1,0.0014827201104459019,0.3447738951999344
fine,0.245,1,0.001966389677247502,0.3915652090475532
fine,0.245,1,0.002473927194749088,0.3199363625811361
fine,0.245,1,0.0029878454072541825,0.42039096900760187
fine,0.245,1,0.0035374645596045924,0.3551139600854697
fine,0.245,1,0.0040955576824506365,0.4324640776731301
fine,0.245,1,0.004701063933608042,0.3747773748085127
fine,0.245,1,0.005317108757519632,0.4357440452386855
fine,0.245,1,0.00599211846719144,0.38709093703432007
fine,0.245,1,0.006679695692681328,0.4322111357288827
fine,0.245,1,0.007437590042870372,0.3936769003096853
fine,0.245,1,0.008210038327446142,0.4231890133736891
fine,0.245,1,0.009063918044769588,0.395695506352979
fine,0.245,1,0.009934288869141336,0.40965128107298354
fine,0.245,1,0.010896929896115749,0.3940419580472011
fine,0.245,1,0.011877943402114515,0.39243254331814426
fine,0.245,1,0.0129617536674161,0.3894784597418933
fine,0.245,1,0.014065755617063936,0.37230485570935545
fine,0.245,1,0.015282733051017164,0.3826523310422413
fine,0.245,1,0.016521653052370515,0.34992480642025725
fine,0.245,1,0.017883344989755467,0.37400673995038136
fine,0.245,1,0.01926865613089219,0.3257662037549507
fine,0.245,1,0.02078612023841923,0.3638366504136844
fine,0.245,1,0.0223288002661406,0.30052554526514075
fine,0.245,1,0.0240125671268029,0.3525908047714852
fine,0.245,1,0.025723061301410187,0.2751392159186441
fine,0.245,1,0.027583098782327804,0.3401654081856569
fine,0.245,1,0.029471284534170736,0.24985150496674202
fine,0.245,1,0.03151696405848063,0.32618507108977135
fine,0.245,1,0.03359211756585777,0.22529486456885683
fine,0.245,1,0.035832182402786454,0.31028233010711304
fine,0.245,1,0.038102947204295266,0.201930406909832
fine,0.245,1,0.04054548288470249,0.2919554014008032
fine,0.245,1,0.043019840632240444,0.17998793089807896
fine,0.245,1,0.04567224758974182,0.2708433089544905
fine,0.245,1,0.048357491041122566,0.15952638530274466
fine,0.245,1,0.0512264595713657,0.24697781595799106
fine,0.245,1,0.05412916791393538,0.1404691779193058
fine,0.245,1,0.05722065553675637,0.22087865573889842
fine,0.245,1,0.06034667212550629,0.12265709281890269
fine,0.245,1,0.06366588342656894,0.19346218642686164
fine,0.245,1,0.06702029601207232,0.1058854312316081
fine,0.245,1,0.07057166503219695,0.165810044567967
fine,0.245,1,0.0741587885452702,0.08991625821593663
fine,0.245,1,0.0779459637770447,0.13890426790911725
fine,0.245,1,0.08176932572838895,0.07447601307004048
fine,0.245,1,0.08579515777082257,0.11344437331252699
fine,0.245,1,0.08985748631504324,0.059298651229138466
fine,0.245,1,0.09412401822804344,0.08983384195207045
fine,0.245,1,0.0984272329324384,0.044244012149344814
fine,0.245,1,0.10293569332374264,0.06828960158058883
fine,0.245,1,0.10748089867309492,0.029330713306627065
fine,0.245,1,0.11223169754104993,0.04883017841221515
fine,0.245,1,0.11701917920039995,0.01464516267842475
fine,0.245,1,0.12201190654665892,0.03134353261816414
fine,0.245,1,0.12704113039470497,0.0003427244797348239
fine,0.245,1,0.13227455761153062,0.01564534815870644
fine,0.245,1,0.13754417154792611,-0.013422475442272042
fine,0.245,1,0.1430162555754111,0.0014976166215617814
fine,0.245,1,0.14852409409584458,-0.02653451089047265
fine,0.245,1,0.15423198433497964,-0.0113580536478044
fine,0.245,1,0.15997507585855503,-0.038921264391082566
fine,0.245,1,0.16591512381675086,-0.023175014529259075
fine,0.245,1,0.17188970074087573,-0.050566375522303364
fine,0.245,1,0.17805747237731412,-0.034209172868890025
fine,0.245,1,0.18425898382607883,-0.06156458765344719
fine,0.245,1,0.19064927455509495,-0.04477471662971433
fine,0.245,1,0.19707240177799024,-0.07221324580562172
fine,0.245,1,0.20367925407974802,-0.05528442812487744
fine,0.245,1,0.2103179284486365,-0.08278032496572418
fine,0.245,1,0.21713465202748855,-0.06580168219827054
fine,0.245,1,0.22398207557092084,-0.09299605881482464
fine,0.245,1,0.2310012699932513,-0.0758640534675652
fine,0.245,1,0.238049938398649,-0.10237131690185564
fine,0.245,1,0.24526351813359837,-0.08510656446896858
fine,0.245,1,0.25250524613947306,-0.11070655520460826
fine,0.245,1,0.2599044679178148,-0.09335141166174732
fine,0.245,1,0.2673304170101016,-0.11778495154620483
fine,0.245,1,0.2749059094086983,-0.10023069047185129
fine,0.245,1,0.28250661772748936,-0.12305179914990494
fine,0.245,1,0.2902484128792217,-0.10500991651308333
fine,0.245,1,0.2980138272347057,-0.12563904796289282
fine,0.245,1,0.3059113945565788,-0.10687647970077574
fine,0.245,1,0.31383090444585243,-0.12500231297278885
fine,0.245,1,0.3218731862711601,-0.10573621534272237
fine,0.245,1,0.32993565978081396,-0.12187413755217347
fine,0.245,1,0.3381111087747722,-0.1028135359615272
fine,0.245,1,0.34630493024775466,-0.11748717850610224
fine,0.245,1,0.35460154848003855,-0.0987926960436798
fine,0.245,1,0.3629146578193709,-0.11210950600613145
fine,0.245,1,0.3713200373613067,-0.09386995787061503
fine,0.245,1,0.3797399708376294,-0.10615459712648723
fine,0.245,1,0.3882413357466996,-0.08851603578024325
fine,0.245,1,0.3967552681715877,-0.10008548671022277
fine,0.245,1,0.4053395177211753,-0.08307589077673927
fine,0.245,1,0.4139343058435173,-0.09406300407759693
fine,0.245,1,0.4225880588516187,-0.07763984917684286
fine,0.245,1,0.43125028583021585,-0.08807205057682532
fine,0.245,1,0.43995992593712474,-0.07216107056198995
fine,0.245,1,0.4486759467390373,-0.08200099343078104
fine,0.245,1,0.4574276684807952,-0.06654754892008263
fine,0.245,1,0.4661836560518123,-0.07576427471419245
fine,0.245,1,0.4749635115735291,-0.06077608552436975
fine,0.245,1,0.4837455036245449,-0.069395956360506
fine,0.245,1,0.4925394498755256,-0.05492217139966016
fine,0.245,1,0.501333396126506,-0.06292103758505196
fine,0.245,1,0.510127342377486,-0.04895106947610195
fine,0.245,1,0.518919152099167,-0.05629950731861144
fine,0.245,1,0.5276990076208843,-0.04288442322791863
fine,0.245,1,0.5364745973133421,-0.04960074760649791
fine,0.245,1,0.5452263190551,-0.03677412859960283
fine,0.245,1,0.5539716601018544,-0.04283885693823941
fine,0.245,1,0.5626813002087631,-0.030628367148230584
fine,0.245,1,0.5713824663451762,-0.036018913679140674
fine,0.245,1,0.5800362193532778,-0.024462744458578323
fine,0.245,1,0.5886794337886255,-0.02915770792283756
fine,0.245,1,0.5972636833382132,-0.018301668793934578
fine,0.245,1,0.6058353653719828,-0.0222679910192789
fine,0.245,1,0.6143367302810528,-0.012163893945472681
fine,0.245,1,0.6228235412557361,-0.015354064223644492
fine,0.245,1,0.631228920797672,-0.0060663105965335085
fine,0.245,1,0.6396178092325593,-0.008434743165630199
fine,0.245,1,0.6479144274648441,-5.549579997143894e-05
fine,0.245,1,0.6561926732181044,-0.0015448040300760635
fine,0.245,1,0.6643681222120619,0.005821123876034284
fine,0.245,1,0.6725233795216737,0.005310596528854017
fine,0.245,1,0.6805656613469827,0.011531433707531402
fine,0.245,1,0.6885860006048908,0.012060154354198271
fine,0.245,1,0.6964835679267624,0.016922432358592254
fine,0.245,1,0.7043575160448826,0.018567336085227204
fine,0.245,1,0.7120993111966147,0.02190342893923447
fine,0.245,1,0.7198158904281527,0.024869298418786046
fine,0.245,1,0.7273913828267499,0.026539231732176427
fine,0.245,1,0.7349401479114019,0.031088102716315458
fine,0.245,1,0.7423393696897436,0.030927331466054975
fine,0.245,1,0.74971044319716,0.03732657496329728
fine,0.245,1,0.756924022932109,0.03511981557319821
fine,0.245,1,0.7641081286839911,0.043633072087000735
fine,0.245,1,0.7711273231063223,0.03912086174009888
fine,0.245,1,0.7781158175640728,0.05002197110469686
fine,0.245,1,0.7849325411429228,0.04292077428385144
fine,0.245,1,0.7917174426546424,0.05649303130721184
fine,0.245,1,0.7983242949564019,0.046503439667463065
fine,0.245,1,0.804898310764282,0.0630226534096574
fine,0.245,1,0.8112886014932984,0.04984184960372773
fine,0.245,1,0.817645152409988,0.06959393231052424
fine,0.245,1,0.8238129240464239,0.05294336679669487
fine,0.245,1,0.8299461667169314,0.07621190627197416
fine,0.245,1,0.8358862146751304,0.05581887648435746
fine,0.245,1,0.8417910613488881,0.0828432922270953
fine,0.245,1,0.8474989515880226,0.05844912008884284
fine,0.245,1,0.8531710873342087,0.08942300169045858
fine,0.245,1,0.8586431713616939,0.060801042127920146
fine,0.245,1,0.8640790686696088,0.0958667192794107
fine,0.245,1,0.8693124958864342,0.0628380145920584
fine,0.245,1,0.8745094266014726,0.10206709967283256
fine,0.245,1,0.8795021539477319,0.06452198324278158
fine,0.245,1,0.8844581985025958,0.10788961403497843
fine,0.245,1,0.8892089973705473,0.06581687220958443
fine,0.245,1,0.8939230512804516,0.11317317969176888
fine,0.245,1,0.8984315116717592,0.06669684050553326
fine,0.245,1,0.9029032892716713,0.11774258924905867
fine,0.245,1,0.9071698211846715,0.06716256106523988
fine,0.245,1,0.911399856595885,0.12146154752985505
fine,0.245,1,0.9154256886383186,0.06729809142999432
fine,0.245,1,0.9194153339611822,0.12424885975758271
fine,0.245,1,0.9232025091929565,0.06722848599199238
fine,0.245,1,0.9269539299317822,0.1260213661542121
fine,0.245,1,0.9305052989519073,0.06706029843902683
fine,0.245,1,0.9340214666875916,0.1267241102729616
fine,0.245,1,0.9373406779886543,0.0668845292264203
fine,0.245,1,0.9406253603237879,0.1263731342261335
fine,0.245,1,0.9437168479466091,0.06677656025732714
fine,0.245,1,0.9467745957571037,0.12509138510457585
fine,0.245,1,0.9496435642873469,0.06679403898983238
fine,0.245,1,0.9524796963237108,0.12313126019197107
fine,0.245,1,0.9551321032812123,0.0669806732396877
fine,0.245,1,0.9577526881715829,0.12085313559637967
fine,0.245,1,0.9601952238519901,0.06737171585413293
fine,0.245,1,0.9626070595678178,0.11864801598470975
fine,0.245,1,0.9648471244047487,0.06799747790211719
fine,0.245,1,0.9670577152586117,0.11684295680684742
fine,0.245,1,0.9691033947829197,0.06888522592389801
fine,0.245,1,0.9711209260363024,0.11564280041052144
fine,0.245,1,0.9729809635172195,0.07005881163566452
fine,0.245,1,0.9748142736841922,0.1151271232344736
fine,0.245,1,0.9764980405448548,0.07153438411684798
fine,0.245,1,0.9781565914853229,0.11527963049783418
fine,0.245,1,0.9796740555928496,0.07331401134617632
fine,0.245,1,0.9811679004966244,0.11604580762426331
fine,0.245,1,0.98252959243401,0.07541147400391712
fine,0.245,1,0.9838693418039951,0.11735752646923692
fine,0.245,1,0.9850863192379479,0.07782920814711713
fine,0.245,1,0.9862831049875542,0.11912698831955537
fine,0.245,1,0.9873669152528548,0.0805565992467755
fine,0.245,1,0.9884323530391315,0.12128788218458009
fine,0.245,1,0.9893949940661073,0.08360159312242244
fine,0.245,1,0.9903411439860342,0.12379758389830953
fine,0.245,1,0.9911950237033577,0.08699435671676481
fine,0.245,1,0.992034349486294,0.12663454134055985
fine,0.245,1,0.9927922438364837,0.09079429044752108
fine,0.245,1,0.9935375706708549,0.12981472073916556
fine,0.245,1,0.9942125803805261,0.0951323402698151
fine,0.245,1,0.9948770515174429,0.13343150069861154
fine,0.245,1,0.9954825577686003,0.10029751850148283
fine,0.245,1,0.9960795900492624,0.13774813254139862
fine,0.245,1,0.9966292092016128,0.1069459021437118
fine,0.245,1,0.99717244765896,0.1453844797418894
fine,0.245,1,0.9976799851764615,0.11871735245328108
fine,0.245,1,0.9981832568647037,-0.007245834764332937
fine,0.245,1,0.9986626606022458,-0.04385906448872934
fine,0.245,1,0.9991399278104891,0.3378660201764144
fine,0.245,1,0.9996052408187679,0.33361853988240936
coarse,0.51,0,0.0009773445603639772,0.037808042342082904
coarse,0.51,0,0.0020457613143778997,-0.07139595897618589
coarse,0.51,0,0.0032604949280518798,-0.684745419718451
coarse,0.51,0,0.004488862829896006,-0.6642048138599992
coarse,0.51,0,0.006007360929024542,-0.7756666090632047
coarse,0.51,0,0.007552894318042032,-0.7545766761489578
coarse,0.51,0,0.00952740703385368,-0.7544165614431331
coarse,0.51,0,0.011541893459967409,-0.7264517816317266
coarse,0.51,0,0.014116868387170856,-0.7658742665497691
coarse,0.51,0,0.016744071483824362,-0.7266815251458467
coarse,0.51,0,0.020053682142206725,-0.7625355153697544
coarse,0.51,0,0.023426881790726984,-0.714685667937951
coarse,0.51,0,0.027592731879039448,-0.7474458992495443
coarse,0.51,0,0.031832443752925724,-0.6920822411242373
coarse,0.51,0,0.03696148647587775,-0.722137789426768
coarse,0.51,0,0.042173399984210345,-0.661572112824601
coarse,0.51,0,0.04835610805348478,-0.6932846366311394
coarse,0.51,0,0.05462927796583278,-0.629320716472771
coarse,0.51,0,0.061938095586906355,-0.6653188967324497
coarse,0.51,0,0.06934341828153043,-0.5989428112817703
coarse,0.51,0,0.07783152161323179,-0.6386402887943436
coarse,0.51,0,0.0864205220203959,-0.5706452073960451
coarse,0.51,0,0.09612090931608505,-0.6121683836433149
coarse,0.51,0,0.1059248593122144,-0.5450066174202151
coarse,0.51,0,0.11684978631051872,-0.5860472014202798
coarse,0.51,0,0.12787916964772272,-0.5237786570822394
coarse,0.51,0,0.14001993987345196,-0.5605472900716935
coarse,0.51,0,0.15226427279962115,-0.507579059868299
coarse,0.51,0,0.16559138636286744,-0.5360325650873925
coarse,0.51,0,0.1790193970015767,-0.49530904552409605
coarse,0.51,0,0.19348305534901156,-0.5139379567647031
coarse,0.51,0,0.2080432187699969,-0.4862812534991847
coarse,0.51,0,0.22357417675192454,-0.4958435270531345
coarse,0.51,0,0.2391955965769255,-0.47952360131488714
coarse,0.51,0,0.2557063472509918,-0.4792351344978265
coarse,0.51,0,0.2722999687104384,-0.4702201010348581
coarse,0.51,0,0.28968624060967696,-0.45690239124606635
coarse,0.51,0,0.3071463742944894,-0.45077188177686955
coarse,0.51,0,0.32528891554103334,-0.42214507614760777
coarse,0.51,0,0.34349504577771517,-0.41637601357247234
coarse,0.51,0,0.3622616645154838,-0.3776472005411131
coarse,0.51,0,0.3810805114227021,-0.3737174382870869
coarse,0.51,0,0.4003283376567152,-0.3325500768740113
coarse,0.51,0,0.41961613760103106,-0.331589059550355
coarse,0.51,0,0.43919406774263176,-0.29053637676201216
coarse,0.51,0,0.4587990331741212,-0.2928060052508581
coarse,0.51,0,0.4785503154652709,-0.251434973156871
coarse,0.51,0,0.49831523204459033,-0.25678036555967454
coarse,0.51,0,0.5180801486239099,-0.21424978739710054
coarse,0.51,0,0.5378450652032296,-0.2228054042513643
coarse,0.51,0,0.5574636649228891,-0.17876759363900852
coarse,0.51,0,0.5770686303543795,-0.190853253601726
coarse,0.51,0,0.5963834655885836,-0.14497776984380817
coarse,0.51,0,0.6156712655328989,-0.1609733369065578
coarse,0.51,0,0.6345300861504201,-0.11293429239133435
coarse,0.51,0,0.6533489330576387,-0.1332316484291216
coarse,0.51,0,0.6716072914637684,-0.0829286620000318
coarse,0.51,0,0.689813421700448,-0.10788288630775056
coarse,0.51,0,0.7073371443753995,-0.055724080626462724
coarse,0.51,0,0.7247972780602134,-0.08556858412375812
coarse,0.51,0,0.7414647613052343,-0.03181196478580728
coarse,0.51,0,0.7580583827646814,-0.06620075853124097
coarse,0.51,0,0.7737626733750627,-0.010777709309270689
coarse,0.51,0,0.7893840932000632,-0.048953977466105636
coarse,0.51,0,0.8040347184641232,0.00756303695206495
coarse,0.51,0,0.8185948818851099,-0.033346636118060324
coarse,0.51,0,0.8321193975973683,0.02312015797195388
coarse,0.51,0,0.8455474082360762,-0.01908935093483044
coarse,0.51,0,0.857892638237708,0.036081053274660047
coarse,0.51,0,0.8701369711638781,-0.005835767623064481
coarse,0.51,0,0.8812699172015185,0.04691261081577203
coarse,0.51,0,0.8922993005387185,0.0066219701198134695
coarse,0.51,0,0.9022077068737506,0.05627555323717237
coarse,0.51,0,0.9120116568698835,0.018266030747747575
coarse,0.51,0,0.9207042199774885,0.06493089024630394
coarse,0.51,0,0.9292932203846531,0.029180609342068342
coarse,0.51,0,0.9367994401547397,0.07359686626351336
coarse,0.51,0,0.9442047628493634,0.03968249726345752
coarse,0.51,0,0.9505744378352623,0.08262659334671163
coarse,0.51,0,0.9568476077476098,0.0500359297987828
coarse,0.51,0,0.9621499830990164,0.09203284250895227
coarse,0.51,0,0.9673618966073488,0.06037160848002188
coarse,0.51,0,0.9716844792666158,0.10168341711591788
coarse,0.51,0,0.9759241911405017,0.07075064339171311
coarse,0.51,0,0.9793712525745976,0.11130677944330969
coarse,0.51,0,0.9827444522231196,0.08114482004772161
coarse,0.51,0,0.9854352443099086,0.12035409638382277
coarse,0.51,0,0.9880624474065596,0.09137757438425342
coarse,0.51,0,0.9901291620021239,0.12768935336026077
coarse,0.51,0,0.9921436484282382,0.10100473253531461
coarse,0.51,0,0.9937291555275582,0.13306764404760774
coarse,0.51,0,0.9952746889165762,0.11141303400108127
coarse,0.51,0,0.9965300921083088,0.003891824966911428
coarse,0.51,0,0.9977584600101528,-0.037687925876703776
coarse,0.51,0,0.998840511052336,0.39471516437443177
coarse,0.51,0,0.9999089278063494,0.3623724320101177
coarse,0.51,1,0.0009773445603639772,0.13657796305472614
coarse,0.51,1,0.0020457613143778997,0.18813209322383329
coarse,0.51,1,0.003260494928052103,0.4526971383142191
coarse,0.51,1,0.004488862829896006,0.4327003267406002
coarse,0.51,1,0.006007360929024765,0.4633494818823177
coarse,0.51,1,0.007552894318042032,0.4452144561661634
coarse,0.51,1,0.00952740703385368,0.4547879184633038
coarse,0.51,1,0.011541893459967633,0.43984721740441657
coarse,0.51,1,0.014116868387170856,0.42255458557655734
coarse,0.51,1,0.01674407148382414,0.4123885368863408
coarse,0.51,1,0.020053682142206725,0.3755639513500596
coarse,0.51,1,0.023426881790726984,0.371242420142194
coarse,0.51,1,0.02759273187903967,0.32142129064425273
coarse,0.51,1,0.03183244375292617,0.3237536535183033
coarse,0.51,1,0.03696148647587775,0.26628695133678104
coarse,0.51,1,0.042173399984210345,0.27555649826025796
coarse,0.51,1,0.04835610805348478,0.21334941777287963
coarse,0.51,1,0.05462927796583278,0.22957297044070257
coarse,0.51,1,0.061938095586906355,0.16380941548380468
coarse,0.51,1,0.06934341828153043,0.18692376609694672
coarse,0.51,1,0.07783152161323179,0.11847569886858267
coarse,0.51,1,0.0864205220203959,0.14809493128129048
coarse,0.51,1,0.09612090931608527,0.078154148668657
coarse,0.51,1,0.10592485931221463,0.11253240178447788
coarse,0.51,1,0.11684978631051916,0.0429872750767466
coarse,0.51,1,0.12787916964772317,0.078625149664727
coarse,0.51,1,0.14001993987345218,0.012751887550910168
coarse,0.51,1,0.15226427279962115,0.04517167403386624
coarse,0.51,1,0.16559138636286766,-0.01310976889343185
coarse,0.51,1,0.1790193970015767,0.012328371694348639
coarse,0.51,1,0.19348305534901156,-0.035968182083685685
coarse,0.51,1,0.2080432187699969,-0.019493815443579754
coarse,0.51,1,0.22357417675192454,-0.05755532246940365
coarse,0.51,1,0.2391955965769255,-0.049734776025472716
coarse,0.51,1,0.2557063472509918,-0.0772457577788932
coarse,0.51,1,0.2722999687104384,-0.0756191991211943
coarse,0.51,1,0.28968624060967696,-0.09089600908318807
coarse,0.51,1,0.3071463742944894,-0.092232447820765
coarse,0.51,1,0.32528891554103334,-0.09367099964109227
coarse,0.51,1,0.34349504577771517,-0.09582497083946007
coarse,0.51,1,0.3622616645154838,-0.08645787966117036
coarse,0.51,1,0.38108051142270233,-0.09022981482555847
coarse,0.51,1,0.40032833765671566,-0.07524744766536173
coarse,0.51,1,0.4196161376010315,-0.08145160855251032
coarse,0.51,1,0.43919406774263176,-0.06303968826002704
coarse,0.51,1,0.4587990331741212,-0.07193829933738582
coarse,0.51,1,0.4785503154652709,-0.0502301293920262
coarse,0.51,1,0.4983152320445908,-0.06176141326951634
coarse,0.51,1,0.5180801486239102,-0.03648588123908336
coarse,0.51,1,0.5378450652032296,-0.050800345675845904
coarse,0.51,1,0.55746366492289,-0.02195792641357386
coarse,0.51,1,0.5770686303543808,-0.039362017806161775
coarse,0.51,1,0.5963834655885843,-0.006910483231798992
coarse,0.51,1,0.6156712655328989,-0.027768220510891783
coarse,0.51,1,0.6345300861504201,0.00836934390819355
coarse,0.51,1,0.653348933057639,-0.01631684223908758
coarse,0.51,1,0.6716072914637691,0.023420182690402802
coarse,0.51,1,0.6898134217004493,-0.005430983978917503
coarse,0.51,1,0.7073371443754002,0.037389982029430335
coarse,0.51,1,0.7247972780602134,0.004154480641360703
coarse,0.51,1,0.7414647613052343,0.049637997189120986
coarse,0.51,1,0.758058382764681,0.012326876900405348
coarse,0.51,1,0.7737626733750609,0.060315710613981666
coarse,0.51,1,0.7893840932000601,0.019639307730663802
coarse,0.51,1,0.804034718464121,0.06942992395476755
coarse,0.51,1,0.818594881885109,0.026397324645740405
coarse,0.51,1,0.8321193975973683,0.07678212759829384
coarse,0.51,1,0.8455474082360771,0.03276454192687006
coarse,0.51,1,0.8578926382377089,0.08244969701211757
coarse,0.51,1,0.8701369711638781,0.03896855725707893
coarse,0.51,1,0.8812699172015189,0.0868028429636668
coarse,0.51,1,0.8922993005387194,0.045126075632904605
coarse,0.51,1,0.9022077068737515,0.09041856045987262
coarse,0.51,1,0.912011656869884,0.051155816024413325
coarse,0.51,1,0.9207042199774881,0.09396559224660839
coarse,0.51,1,0.9292932203846527,0.057074194269823075
coarse,0.51,1,0.9367994401547397,0.09806329064022468
coarse,0.51,1,0.9442047628493634,0.06312144123291974
coarse,0.51,1,0.9505744378352623,0.1029947986766534
coarse,0.51,1,0.9568476077476098,0.06950191643417258
coarse,0.51,1,0.9621499830990164,0.10873264053126241
coarse,0.51,1,0.9673618966073488,0.0763037170901425
coarse,0.51,1,0.9716844792666158,0.11511702227425269
coarse,0.51,1,0.9759241911405017,0.08355143426663336
coarse,0.51,1,0.9793712525745927,0.12185150764911878
coarse,0.51,1,0.9827444522231089,0.09117553372216913
coarse,0.51,1,0.9854352443099024,0.1283495381528572
coarse,0.51,1,0.9880624474065587,0.09892543950765043
coarse,0.51,1,0.9901291620021234,0.13338943748831045
coarse,0.51,1,0.9921436484282382,0.10617703159123937
coarse,0.51,1,0.9937291555275582,0.13649204815081717
coarse,0.51,1,0.9952746889165762,0.11385853222758835
coarse,0.51,1,0.9965300921083088,-0.0024318913265568565
coarse,0.51,1,0.9977584600101528,-0.05709480916477916
coarse,0.51,1,0.998840511052336,0.4074122260584102
coarse,0.51,1,0.9999089278063499,0.3623724320101177
medium,0.51,0,0.0006131722044418839,0.04564351181452475
medium,0.51,0,0.001315546374175295,-0.044058526968915324
medium,0.51,0,0.002059393185286955,-0.5925424764777503
medium,0.51,0,0.0028092732788760635,-0.5853230322762586
medium,0.51,0,0.003641783023378735,-0.6902050164134002
medium,0.51,0,0.004486313415913818,-0.6732059933322403
medium,0.51,0,0.005454001607361085,-0.6883611505898544
medium,0.51,0,0.006439606328005627,-0.6606939034883474
medium,0.51,0,0.007587959690346681,-0.7210334699828906
medium,0.51,0,0.00875998910744499,-0.6821888447136557
medium,0.51,0,0.010133119393589698,-0.7430173773344955
medium,0.51,0,0.01153550507097829,-0.6943845257481771
medium,0.51,0,0.013175813345724742,-0.7553153789848877
medium,0.51,0,0.014850733697010563,-0.6978143780846042
medium,0.51,0,0.016798587639333493,-0.7589473460749641
medium,0.51,0,0.018786146924687882,-0.6941063725502459
medium,0.51,0,0.02107957360533249,-0.756792242908247
medium,0.51,0,0.023417496713866042,-0.6854928506868578
medium,0.51,0,0.026091893186376353,-0.7486761038185059
medium,0.51,0,0.02881523852694931,-0.6710984009810936
medium,0.51,0,0.03190310243471709,-0.7349122233238528
medium,0.51,0,0.03504399512027921,-0.6523524573423651
medium,0.51,0,0.038574677369855315,-0.7183177718087213
medium,0.51,0,0.042162064725939113,-0.6315752238961272
medium,0.51,0,0.04616154610891296,-0.700311828995366
medium,0.51,0,0.05022097736700725,-0.6107662617416942
medium,0.51,0,0.05471167083049354,-0.6826360852612872
medium,0.51,0,0.05926510268296497,-0.5920239081281615
medium,0.51,0,0.06426568275354456,-0.6655378701030259
medium,0.51,0,0.06933131224995114,-0.5762031139802934
medium,0.51,0,0.0748565729092462,-0.6482147487070957
medium,0.51,0,0.08044869896580165,-0.5633089705610534
medium,0.51,0,0.0865094410593438,-0.6300555959895491
medium,0.51,0,0.0926383556355324,-0.5532145754763758
medium,0.51,0,0.09924130467180627,-0.6111823204241134
medium,0.51,0,0.10591321444235571,-0.5454845674909037
medium,0.51,0,0.11306096940761776,-0.5920269384069803
medium,0.51,0,0.1202779485259572,-0.5391612290254522
medium,0.51,0,0.12796896210438238,-0.5731466312924989
medium,0.51,0,0.13572893641708292,-0.5331998189150777
medium,0.51,0,0.14395752676676996,-0.5551325523949036
medium,0.51,0,0.1522542895991032,-0.5268750309206145
medium,0.51,0,0.16101068359432513,-0.5384624067663499
medium,0.51,0,0.16983394298680746,-0.5198774047269714
medium,0.51,0,0.1791043505973984,-0.5234726032613026
medium,0.51,0,0.18843980763381607,-0.5123358650144125
medium,0.51,0,0.19820652687562576,-0.5108011789649269
medium,0.51,0,0.20803598450642036,-0.5052123815072469
medium,0.51,0,0.21827753616410503,-0.5008667849700592
medium,0.51,0,0.22857903769691035,-0.4988645075474367
medium,0.51,0,0.23927032879372967,-0.49211469982829015
medium,0.51,0,0.25001832499705645,-0.4916254967262974
medium,0.51,0,0.2611308397675778,-0.4822551328483393
medium,0.51,0,0.2722963833158935,-0.4819139491828115
medium,0.51,0,0.28379840022818575,-0.46928486375402745
medium,0.51,0,0.29534936600854067,-0.4677849331675201
medium,0.51,0,0.3072061991841864,-0.44995033935233786
medium,0.51,0,0.31910752878772136,-0.4463285817250757
medium,0.51,0,0.33128179198229407,-0.4234580958243741
medium,0.51,0,0.3434957605198985,-0.4186905437509596
medium,0.51,0,0.355947651654859,-0.39339608909320867
medium,0.51,0,0.3684341548663584,-0.3888003667172195
medium,0.51,0,0.3811217589469051,-0.36276792093320887
medium,0.51,0,0.39383861841869566,-0.35911373375487443
medium,0.51,0,0.40671822653218254,-0.33317469209459527
medium,0.51,0,0.4196215107004267,-0.33096407819962703
medium,0.51,0,0.4326479526675832,-0.30538754290757475
medium,0.51,0,0.44569231116393726,-0.30462754324952335
medium,0.51,0,0.4588192993112044,-0.2790216274908637
medium,0.51,0,0.47195830810650397,-0.27957241069549243
medium,0.51,0,0.4851387895431818,-0.25363687196417106
medium,0.51,0,0.49832530426233723,-0.2555269010029282
medium,0.51,0,0.5115118189814928,-0.22907940351170564
medium,0.51,0,0.5246983337006482,-0.23239777096529268
medium,0.51,0,0.5378433757784257,-0.2052333158309736
medium,0.51,0,0.5509823845737255,-0.21018772329822122
medium,0.51,0,0.5640387637181121,-0.18209193101743626
medium,0.51,0,0.5770831222144666,-0.1889149057372317
medium,0.51,0,0.5900043229119077,-0.15960396198767346
medium,0.51,0,0.6029076070801512,-0.16856821647238518
medium,0.51,0,0.6156481426066986,-0.13774192043897737
medium,0.51,0,0.6283650020784894,-0.14914832577220039
medium,0.51,0,0.6408807606812333,-0.11650160348304306
medium,0.51,0,0.6533672638927333,-0.13069375265121952
medium,0.51,0,0.6656158445068762,-0.09593464939742002
medium,0.51,0,0.6778298130444805,-0.11329003230379264
medium,0.51,0,0.689770847991046,-0.07622352395333132
medium,0.51,0,0.7016721775945799,-0.09717033017533061
medium,0.51,0,0.7132676398028244,-0.057686907758906614
medium,0.51,0,0.7248186055831798,-0.08259248257111218
medium,0.51,0,0.7360330979995583,-0.0403578094665229
medium,0.51,0,0.7471986415478743,-0.06938903029709409
medium,0.51,0,0.7579996665290007,-0.0239644561486001
medium,0.51,0,0.7687476627323342,-0.05724404674914574
medium,0.51,0,0.7791058693716416,-0.008444890673321659
medium,0.51,0,0.7894073709044402,-0.046049107219683805
medium,0.51,0,0.7992967784103546,0.006073242065675721
medium,0.51,0,0.8091262360411492,-0.03580577312357103
medium,0.51,0,0.8185244314665514,0.019421794319602337
medium,0.51,0,0.8278598885029682,-0.02647885244532744
medium,0.51,0,0.8367481973212777,0.031486781732961266
medium,0.51,0,0.8455714567137604,-0.017925599826411842
medium,0.51,0,0.8539350849433547,0.04217243385078573
medium,0.51,0,0.8622318477756882,-0.00999025700177647
medium,0.51,0,0.8700599945710349,0.0513437121206457
medium,0.51,0,0.8778199688837357,-0.002548870728437125
medium,0.51,0,0.8851059087363471,0.058892828759923854
medium,0.51,0,0.8923228878546825,0.004488811595876996
medium,0.51,0,0.899064021778312,0.06477100276766623
medium,0.51,0,0.9057359315488651,0.011136016629126555
medium,0.51,0,0.9119338068593297,0.06911859812398469
medium,0.51,0,0.9180627214355187,0.017414433215200642
medium,0.51,0,0.9237230199747206,0.07241579550740096
medium,0.51,0,0.929315146031276,0.02345995277135393
medium,0.51,0,0.9344476409249425,0.07531683434603742
medium,0.51,0,0.9395132704213486,0.02940886567479839
medium,0.51,0,0.944131751699647,0.07835989216141603
medium,0.51,0,0.9486851835521187,0.03534734951458973
medium,0.51,0,0.9528073531991978,0.0818783931007685
medium,0.51,0,0.9568667844572917,0.041348861448829655
medium,0.51,0,0.9605141216884964,0.08599316685501912
medium,0.51,0,0.9641015090445808,0.047468760985942327
medium,0.51,0,0.96729910683665,0.09068750701895456
medium,0.51,0,0.9704399995222117,0.05374530077601869
medium,0.51,0,0.9732163736405794,0.09588395593287669
medium,0.51,0,0.975939718981152,0.06020622851046831
medium,0.51,0,0.9783265909577485,0.10147194849240548
medium,0.51,0,0.9806645140662822,0.06685057913748327
medium,0.51,0,0.982696569779529,0.10732926194536296
medium,0.51,0,0.9846841290648872,0.07367718088395325
medium,0.51,0,0.9863987547592002,0.11331552026578451
medium,0.51,0,0.9880736751104816,0.08066083282077863
medium,0.51,0,0.9895106728644092,0.1192327809079573
medium,0.51,0,0.9909130585417987,0.08776458346632332
medium,0.51,0,0.9921143433501413,0.12485424562885605
medium,0.51,0,0.9932863727672405,0.09500534659297977
medium,0.51,0,0.9942956535426414,0.12996084219139914
medium,0.51,0,0.9952812582632855,0.10261996757307856
medium,0.51,0,0.9961437051850178,0.13677778300062537
medium,0.51,0,0.9969882355775529,0.11398408708108099
medium,0.51,0,0.9977501363191746,-0.035494166163103635
medium,0.51,0,0.998500016412764,-0.07448538889300793
medium,0.51,0,0.9992084238649749,0.3731752182745298
medium,0.51,0,0.9999107980347078,0.37217356010958247
medium,0.51,1,0.0006131722044418839,0.11265192683505376
medium,0.51,1,0.001315546374175295,0.13542183103304228
medium,0.51,1,0.002059393185286955,0.4227402805116154
medium,0.51,1,0.0028092732788760635,0.3911930548792144
medium,0.51,1,0.003641783023378958,0.43215287121889523
medium,0.51,1,0.0044863134159142636,0.4004454800126678
medium,0.51,1,0.005454001607361085,0.45395659018066825
medium,0.51,1,0.006439606328005627,0.42513163058138714
medium,0.51,1,0.007587959690346681,0.4558386507453319
medium,0.51,1,0.00875998910744499,0.43145284439614895
medium,0.51,1,0.010133119393589698,0.4444303232906385
medium,0.51,1,0.01153550507097829,0.42558690347966777
medium,0.51,1,0.013175813345725188,0.4230684636119306
medium,0.51,1,0.014850733697010563,0.41057008331714917
medium,0.51,1,0.016798587639333493,0.39459233764860313
medium,0.51,1,0.01878614692468766,0.3890074871270167
medium,0.51,1,0.02107957360533249,0.36128795625948795
medium,0.51,1,0.023417496713866042,0.36310319460752916
medium,0.51,1,0.026091893186376353,0.32527459370887524
medium,0.51,1,0.02881523852694931,0.33499685487004915
medium,0.51,1,0.03190310243471709,0.2884737422804816
medium,0.51,1,0.03504399512027921,0.3063253329529271
medium,0.51,1,0.038574677369855315,0.25196129227939024
medium,0.51,1,0.042162064725939113,0.2780835933791671
medium,0.51,1,0.04616154610891296,0.21653593460540477
medium,0.51,1,0.05022097736700725,0.2506556163259984
medium,0.51,1,0.05471167083049399,0.18248978662333104
medium,0.51,1,0.0592651026829652,0.2237678408934577
medium,0.51,1,0.06426568275354456,0.15016443402544988
medium,0.51,1,0.06933131224995114,0.19691613926899765
medium,0.51,1,0.0748565729092462,0.12010718736318149
medium,0.51,1,0.08044869896580165,0.16961419430132674
medium,0.51,1,0.0865094410593438,0.09279041128463128
medium,0.51,1,0.0926383556355324,0.14152824228661243
medium,0.51,1,0.09924130467180627,0.0683286520472437
medium,0.51,1,0.10591321444235595,0.11276935058872584
medium,0.51,1,0.11306096940761821,0.046542186927128304
medium,0.51,1,0.12027794852595743,0.08400752024222213
medium,0.51,1,0.12796896210438238,0.02703396190593288
medium,0.51,1,0.1357289364170827,0.056147455129735846
medium,0.51,1,0.14395752676676996,0.009274437828037052
medium,0.51,1,0.15225428959910342,0.029942787204583765
medium,0.51,1,0.16101068359432558,-0.007267658863193249
medium,0.51,1,0.1698339429868079,0.0058167997592928344
medium,0.51,1,0.1791043505973984,-0.02304878748913275
medium,0.51,1,0.18843980763381563,-0.016190165313046512
medium,0.51,1,0.19820652687562554,-0.03865906089790094
medium,0.51,1,0.20803598450642036,-0.036639572460384295
medium,0.51,1,0.21827753616410503,-0.05458272289910959
medium,0.51,1,0.22857903769691035,-0.055872938376399395
medium,0.51,1,0.23927032879372967,-0.07012246792874022
medium,0.51,1,0.25001832499705645,-0.07307080453180781
medium,0.51,1,0.2611308397675778,-0.08394535718108243
medium,0.51,1,0.2722963833158935,-0.08735852252242937
medium,0.51,1,0.28379840022818575,-0.09472474383028939
medium,0.51,1,0.29534936600854067,-0.09748511804832516
medium,0.51,1,0.3072061991841866,-0.10016047265492278
medium,0.51,1,0.31910752878772136,-0.10143396514744096
medium,0.51,1,0.33128179198229407,-0.09934099257654072
medium,0.51,1,0.3434957605198985,-0.09974444458558795
medium,0.51,1,0.355947651654859,-0.0943978179339684
medium,0.51,1,0.3684341548663586,-0.09490653094179691
medium,0.51,1,0.3811217589469051,-0.08737503122746726
medium,0.51,1,0.39383861841869566,-0.08861819049881059
medium,0.51,1,0.40671822653218276,-0.07951835762591175
medium,0.51,1,0.41962151070042714,-0.08192890013321752
medium,0.51,1,0.43264795266758344,-0.07156257649929576
medium,0.51,1,0.44569231116393726,-0.07518354874308097
medium,0.51,1,0.4588192993112044,-0.06340247016806866
medium,0.51,1,0.47195830810650397,-0.06814610418132716
medium,0.51,1,0.48513878954318224,-0.05484152225632766
medium,0.51,1,0.4983253042623377,-0.06074710302894348
medium,0.51,1,0.5115118189814932,-0.04586762957941404
medium,0.51,1,0.5246983337006482,-0.053028556742140465
medium,0.51,1,0.5378433757784257,-0.03648152878843569
medium,0.51,1,0.5509823845737255,-0.04509395914764225
medium,0.51,1,0.5640387637181128,-0.02676009082098063
medium,0.51,1,0.5770831222144679,-0.037046913643483226
medium,0.51,1,0.5900043229119086,-0.016738605448768817
medium,0.51,1,0.6029076070801517,-0.028959942625139456
medium,0.51,1,0.6156481426066991,-0.00646421019751231
medium,0.51,1,0.6283650020784897,-0.020907258051359845
medium,0.51,1,0.6408807606812333,0.004003064259081035
medium,0.51,1,0.6533672638927333,-0.012987942476388348
medium,0.51,1,0.6656158445068766,0.0145608630398254
medium,0.51,1,0.677829813044481,-0.0053362296681873644
medium,0.51,1,0.6897708479910465,0.024997474630162997
medium,0.51,1,0.7016721775945803,0.0017913076950970552
medium,0.51,1,0.7132676398028244,0.03497968809318408
medium,0.51,1,0.7248186055831798,0.008114711441888356
medium,0.51,1,0.7360330979995583,0.0444085544979661
medium,0.51,1,0.7471986415478743,0.013715259641503219
medium,0.51,1,0.7579996665289909,0.05345530083719474
medium,0.51,1,0.7687476627323128,0.018811219253310862
medium,0.51,1,0.7791058693716273,0.062124929032633225
medium,0.51,1,0.7894073709044362,0.02345652451891811
medium,0.51,1,0.7992967784103524,0.07026358806185273
medium,0.51,1,0.8091262360411483,0.027618192264463715
medium,0.51,1,0.8185244314665496,0.07768338788491214
medium,0.51,1,0.8278598885029654,0.031301830324884095
medium,0.51,1,0.8367481973212764,0.08424646890581422
medium,0.51,1,0.8455714567137613,0.034614764537848286
medium,0.51,1,0.8539350849433556,0.08983541428774666
medium,0.51,1,0.8622318477756891,0.037682189061037374
medium,0.51,1,0.8700599945710358,0.09430191129982579
medium,0.51,1,0.8778199688837357,0.04060448590952981
medium,0.51,1,0.8851059087363475,0.09752656523097891
medium,0.51,1,0.8923228878546834,0.04345194277599096
medium,0.51,1,0.8990640217783125,0.09945079500313614
medium,0.51,1,0.9057359315488656,0.046223397851643644
medium,0.51,1,0.9119338068593301,0.10019825945623573
medium,0.51,1,0.9180627214355187,0.04892368714278206
medium,0.51,1,0.9237230199747202,0.1002150148482458
medium,0.51,1,0.929315146031276,0.05166302668910838
medium,0.51,1,0.9344476409249425,0.10011415372175725
medium,0.51,1,0.9395132704213486,0.05455428046345823
medium,0.51,1,0.9441317516996475,0.10039844522701402
medium,0.51,1,0.9486851835521187,0.05766655579365787
medium,0.51,1,0.9528073531991978,0.10137226936554977
medium,0.51,1,0.9568667844572917,0.06105841702507353
medium,0.51,1,0.9605141216884964,0.10313544142092324
medium,0.51,1,0.9641015090445799,0.0647721611760349
medium,0.51,1,0.96729910683665,0.10565718823580794
medium,0.51,1,0.9704399995222122,0.06883462795659312
medium,0.51,1,0.9732163736405794,0.10884996608279163
medium,0.51,1,0.975939718981152,0.07326245780369078
medium,0.51,1,0.9783265909577485,0.11259532881137901
medium,0.51,1,0.9806645140662822,0.07804405356028943
medium,0.51,1,0.9826965697795281,0.1167630941633756
medium,0.51,1,0.984684129064885,0.0831655287819626
medium,0.51,1,0.9863987547591994,0.12120237114974797
medium,0.51,1,0.9880736751104812,0.0885846968737719
medium,0.51,1,0.9895106728644092,0.12570051755825473
medium,0.51,1,0.9909130585417987,0.0942394846190665
medium,0.51,1,0.9921143433501413,0.13000508633268681
medium,0.51,1,0.9932863727672405,0.10010383054429983
medium,0.51,1,0.9942956535426414,0.1338532717891403
medium,0.51,1,0.9952812582632855,0.10634470305460342
medium,0.51,1,0.9961437051850178,0.1393635274218925
medium,0.51,1,0.9969882355775529,0.1161958633985164
medium,0.51,1,0.9977501363191742,-0.0398582300896595
medium,0.51,1,0.9985000164127635,-0.08622723669197452
medium,0.51,1,0.9992084238649744,0.36490429837932503
medium,0.51,1,0.9999107980347078,0.37217356010958247
fine,0.51,0,0.0003769362267073388,0.06107610825244003
fine,0.51,0,0.0008422492349858611,-0.020157080030156038
fine,0.51,0,0.0013189767238955385,-0.5282282238072422
fine,0.51,0,0.0017983804614377266,-0.5311140689443845
fine,0.51,0,0.002300574537251744,-0.586206088014122
fine,0.51,0,0.0028081120547533305,-0.5765620727735055
fine,0.51,0,0.0033497386528767285,-0.5988621585851808
fine,0.51,0,0.0038993578052271384,-0.5766069345638936
fine,0.51,0,0.004494249433891626,-0.6409086070689045
fine,0.51,0,0.005099755685049032,-0.6067953185261876
fine,0.51,0,0.005761564620484598,-0.6732199879672998
fine,0.51,0,0.006436574330156183,-0.6289488717650529
fine,0.51,0,0.007178726421607069,-0.6985053358074083
fine,0.51,0,0.007936620771796113,-0.6452065402991365
fine,0.51,0,0.008772270012699507,-0.7182137519878613
fine,0.51,0,0.00962614973002284,-0.6567322937111648
fine,0.51,0,0.010568133749057428,-0.733168364535784
fine,0.51,0,0.011530774776031727,-0.6640324226383187
fine,0.51,0,0.012591571398649245,-0.7434430003389054
fine,0.51,0,0.01367538166395072,-0.6670939709389767
fine,0.51,0,0.01486706669135813,-0.7491841636732257
fine,0.51,0,0.016084044125311135,-0.6662077887577829
fine,0.51,0,0.017418250473786444,-0.7515559476689337
fine,0.51,0,0.01877994241117173,-0.6628209476639337
fine,0.51,0,0.020267820749956512,-0.7522012430094742
fine,0.51,0,0.021785284857483215,-0.6581051939692613
fine,0.51,0,0.02343746587844835,-0.7499479507089932
fine,0.51,0,0.025121232739110988,-0.6501740185358345
fine,0.51,0,0.0269477911858587,-0.7438867840900802
fine,0.51,0,0.028807828666776312,-0.6399404596047631
fine,0.51,0,0.030818249244898316,-0.7362868728605663
fine,0.51,0,0.03286392876920821,-0.629088320912
fine,0.51,0,0.03506707405304395,-0.7269067204544906
fine,0.51,0,0.037307138889972745,-0.6178814319015751
fine,0.51,0,0.03971121933446277,-0.7160636789431272
fine,0.51,0,0.04215375501486977,-0.607261469546919
fine,0.51,0,0.04476630117397562,-0.7043620835631375
fine,0.51,0,0.04741870813147699,-0.598272249911874
fine,0.51,0,0.05024654517716985,-0.6922308073624805
fine,0.51,0,0.0531155137074131,-0.5915742155719745
fine,0.51,0,0.05616473833545335,-0.6798455501851177
fine,0.51,0,0.05925622595827445,-0.5872585323837471
fine,0.51,0,0.06253218575892219,-0.6671604994204907
fine,0.51,0,0.06585139705998484,-0.5848488995345058
fine,0.51,0,0.06935867242344708,-0.6540504568895704
fine,0.51,0,0.07291004144357194,-0.5835086537036411
fine,0.51,0,0.07665243006141248,-0.6404921306067737
fine,0.51,0,0.08043960529318676,-0.5823716022472523
fine,0.51,0,0.0844201093081403,-0.6267001712282341
fine,0.51,0,0.0884459413505739,-0.5808185474092531
fine,0.51,0,0.09266675719824395,-0.6130731299981318
fine,0.51,0,0.09693328911124435,-0.578495555559795
fine,0.51,0,0.10139580008806262,-0.5999416062389367
fine,0.51,0,0.10590426047936685,-0.5751364670983947
fine,0.51,0,0.11060903206195397,-0.5875046307561358
fine,0.51,0,0.11535983092990898,-0.5706646749263116
fine,0.51,0,0.12030660886168232,-0.5759157777351627
fine,0.51,0,0.1252993362079414,-0.5651459514464869
fine,0.51,0,0.13048704735943734,-0.5651833379368132
fine,0.51,0,0.135720474576263,-0.5587064417028771
fine,0.51,0,0.14114723057626766,-0.5552374154936195
fine,0.51,0,0.14661931460375263,-0.5515364933219777
fine,0.51,0,0.15228241822895375,-0.5459683819616239
fine,0.51,0,0.15799030846808884,-0.5438562479279985
fine,0.51,0,0.16388626276962218,-0.5372477718501067
fine,0.51,0,0.16982631072781768,-0.5358884611419004
fine,0.51,0,0.17595083086384095,-0.528978644526942
fine,0.51,0,0.18211860250027934,-0.5278830536054295
fine,0.51,0,0.18846663023451493,-0.5212082497625743
fine,0.51,0,0.1948569209635312,-0.5202138624277717
fine,0.51,0,0.20142264178073868,-0.514267317019472
fine,0.51,0,0.20802949408249635,-0.5134440541436742
fine,0.51,0,0.21480635686295285,-0.508353718004088
fine,0.51,0,0.22162308044180512,-0.5076079969021647
fine,0.51,0,0.2286038196282186,-0.5028305361483414
fine,0.51,0,0.23562301405054906,-0.5019016497146946
fine,0.51,0,0.24279967423240537,-0.496852964816642
fine,0.51,0,0.2500132539673545,-0.49567714794098583
fine,0.51,0,0.2573772167995085,-0.4900780029653202
fine,0.51,0,0.26477643857785016,-0.48863969858724077
fine,0.51,0,0.27231845194227733,-0.48213743401408626
fine,0.51,0,0.27989394434087417,-0.4802622667891505
fine,0.51,0,0.287604153652909,-0.47219474861001465
fine,0.51,0,0.2953459488046411,-0.4695167667181639
fine,0.51,0,0.3032139303577725,-0.45907187919143455
fine,0.51,0,0.3111114976796456,-0.4552960165651747
fine,0.51,0,0.31912629391604297,-0.4422027796636905
fine,0.51,0,0.3271685757413508,-0.43756015992360386
fine,0.51,0,0.3353187323287634,-0.42284152047350987
fine,0.51,0,0.34349418132272164,-0.4181689950225407
fine,0.51,0,0.35176778591232155,-0.4027219920811562
fine,0.51,0,0.3600644041446054,-0.39824530149142734
fine,0.51,0,0.3684491266786016,-0.38221734887730774
fine,0.51,0,0.3768545062205373,-0.37809029592928844
fine,0.51,0,0.3853376406531876,-0.36189354625876224
fine,0.51,0,0.3938390055622576,-0.3583151457825935
fine,0.51,0,0.4024075128531069,-0.34232663913339856
fine,0.51,0,0.4109917624026945,-0.3393342283832743
fine,0.51,0,0.4196323146365595,-0.32366111865910585
fine,0.51,0,0.4282860676446611,-0.3211955705942071
fine,0.51,0,0.4369850931290773,-0.3058023908488883
fine,0.51,0,0.44569473323598635,-0.30375938636940325
fine,0.51,0,0.45443846242351704,-0.2885379078538035
fine,0.51,0,0.4631901841652749,-0.286833699420876
fine,0.51,0,0.47196469624530396,-0.27170294984033116
fine,0.51,0,0.480744551767021,-0.27033075459545897
fine,0.51,0,0.4895358217693684,-0.2552906403755135
fine,0.51,0,0.4983297680203487,-0.25430497803515517
fine,0.51,0,0.5071237142713292,-0.2392786580737205
fine,0.51,0,0.5159176605223097,-0.2386810940969919
fine,0.51,0,0.5247001922926593,-0.22357863896512087
fine,0.51,0,0.5334800478143764,-0.2234509763153094
fine,0.51,0,0.5422371129978218,-0.20823850756005768
fine,0.51,0,0.5509888347395797,-0.20865137097284525
fine,0.51,0,0.5597064674007156,-0.19323969815416797
fine,0.51,0,0.5684161075076242,-0.19426433788632091
fine,0.51,0,0.577080475138219,-0.1785566802560341
fine,0.51,0,0.5857342281463206,-0.18028156215347613
fine,0.51,0,0.5943316784701446,-0.1641797419705342
fine,0.51,0,0.602915928019732,-0.1667069305370843
fine,0.51,0,0.6114330351875403,-0.15009523995248397
fine,0.51,0,0.6199344000966108,-0.15353972428638007
fine,0.51,0,0.6283580101149663,-0.1362817796350555
fine,0.51,0,0.6367633896569019,-0.1407787121171893
fine,0.51,0,0.6450806648971263,-0.1227372603575545
fine,0.51,0,0.6533772831294109,-0.12845915115126605
fine,0.51,0,0.6615757457660528,-0.10947964903190388
fine,0.51,0,0.6697511947600107,-0.11661823544262351
fine,0.51,0,0.677818768991861,-0.09649807332661031
fine,0.51,0,0.685861050817165,-0.10527348694604188
fine,0.51,0,0.6937861037279507,-0.08386675553569733
fine,0.51,0,0.7016836710498269,-0.09458056091871847
fine,0.51,0,0.7094550519703017,-0.07172865391123762
fine,0.51,0,0.7171968471220341,-0.08462340960350967
fine,0.51,0,0.7248039253603283,-0.06002670991678216
fine,0.51,0,0.7323794177589253,-0.07530204011251396
fine,0.51,0,0.7398121185714369,-0.04861541586321372
fine,0.51,0,0.747211340349779,-0.06647917851566221
fine,0.51,0,0.754460179030916,-0.037381277728660844
fine,0.51,0,0.7616737587658654,-0.05807406016832295
fine,0.51,0,0.7687298727412896,-0.026280085985646684
fine,0.51,0,0.7757490671636215,-0.05006790963931418
fine,0.51,0,0.7826042459783897,-0.01531376494349801
fine,0.51,0,0.7894209695572407,-0.042463309275097894
fine,0.51,0,0.7960676826573941,-0.004507098023355693
fine,0.51,0,0.8026745349591526,-0.03527403747252311
fine,0.51,0,0.8091059571727188,0.006082586990335814
fine,0.51,0,0.815496247901735,-0.028528071808975985
fine,0.51,0,0.821706282532953,0.016401865746963118
fine,0.51,0,0.8278740541693904,-0.02221547080632602
fine,0.51,0,0.833857353628002,0.026416528098501035
fine,0.51,0,0.8397974015862,-0.016318955862556273
fine,0.51,0,0.845549385481997,0.036052029829790055
fine,0.51,0,0.8512572757211313,-0.010847097782605397
fine,0.51,0,0.8567741463625497,0.04520768204717174
fine,0.51,0,0.8622462303900343,-0.005811815314729518
fine,0.51,0,0.8675249856343406,0.053773230222289414
fine,0.51,0,0.8727584128511666,-0.0012135396641674845
fine,0.51,0,0.8777968562627554,0.0616303924642021
fine,0.51,0,0.8827895836090152,0.0029601236696833455
fine,0.51,0,0.8875863318914524,0.06865076175391083
fine,0.51,0,0.8923371307594036,0.006731712742888862
fine,0.51,0,0.8968916184360778,0.07469851022692464
fine,0.51,0,0.9014000788273858,0.01012885442934841
fine,0.51,0,0.9057125601548727,0.07964255227764006
fine,0.51,0,0.9099790920678725,0.013186117384607066
fine,0.51,0,0.9140506401756365,0.08341385786051003
fine,0.51,0,0.9180764722180702,0.015995365926328664
fine,0.51,0,0.9219089754773243,0.0860276586162787
fine,0.51,0,0.9256961507090988,0.018662615736317778
fine,0.51,0,0.9292923063431576,0.08753762036972645
fine,0.51,0,0.9328436753632825,0.021255377971443168
fine,0.51,0,0.9362069803210072,0.08807564720732541
fine,0.51,0,0.9395261916220695,0.02382092112761669
fine,0.51,0,0.9426609307453062,0.08787908674656908
fine,0.51,0,0.9457524183681275,0.02639788949214883
fine,0.51,0,0.9486636498931509,0.0872699617054109
fine,0.51,0,0.9515326184233944,0.02901810121103099
fine,0.51,0,0.9542261568654459,0.08659696349322965
fine,0.51,0,0.9568785638229476,0.03170983107426173
fine,0.51,0,0.9593609603017502,0.08616304146619069
fine,0.51,0,0.9618034959821578,0.03449908311265737
fine,0.51,0,0.9640820160550021,0.08617491855371195
fine,0.51,0,0.9663220808919292,0.03740983203819448
fine,0.51,0,0.9684046799693332,0.08673457382878103
fine,0.51,0,0.9704503594936449,0.04046366618463104
fine,0.51,0,0.9723456559207502,0.08786205448185169
fine,0.51,0,0.9742056934016674,0.043679473993451845
fine,0.51,0,0.9759229392964994,0.08952532767748078
fine,0.51,0,0.977606706157162,0.047068946770554176
fine,0.51,0,0.9791557561043863,0.09166004670942618
fine,0.51,0,0.9806732202119135,0.05063130756459944
fine,0.51,0,0.9820644979180408,0.09420438965125222
fine,0.51,0,0.9834261898554257,0.05437983552921122
fine,0.51,0,0.9846706528782887,0.09710161509285975
fine,0.51,0,0.9858876303122419,0.05831700964909137
fine,0.51,0,0.9869967329840885,0.10028080824649532
fine,0.51,0,0.9880805432493895,0.06243322995450318
fine,0.51,0,0.9890661979190487,0.10369155710459799
fine,0.51,0,0.9900288389460237,0.06673865565914561
fine,0.51,0,0.9909033756712872,0.10730237161805556
fine,0.51,0,0.9917572553886107,0.07126358183705328
fine,0.51,0,0.9925333802152202,0.11109800347874255
fine,0.51,0,0.9932912745654094,0.07606803574888332
fine,0.51,0,0.993982026533819,0.11509661437440155
fine,0.51,0,0.9946570362434897,0.08128161848144111
fine,0.51,0,0.995275743268884,0.11939333266898589
fine,0.51,0,0.9958812495200423,0.0871977586609689
fine,0.51,0,0.9964414832948851,0.12426916835338031
fine,0.51,0,0.9969911024472353,0.09450005751486457
fine,0.51,0,0.9975066325189638,0.13247888592904855
fine,0.51,0,0.9980141700364649,0.10699638449077431
fine,0.51,0,0.9984989172156951,-0.08333744839712054
fine,0.51,0,0.9989783209532372,-0.12207299839384889
fine,0.51,0,0.9994463102101492,0.2603082858962803
fine,0.51,0,0.9999116232184282,0.28016198426379035
fine,0.51,1,0.0003769362267073388,0.08496822971380757
fine,0.51,1,0.0008422492349858611,0.08538707607333118
fine,0.51,1,0.0013189767238955385,0.392667018046465
fine,0.51,1,0.0017983804614377266,0.349216041172728
fine,0.51,1,0.002300574537251744,0.3826002190873581
fine,0.51,1,0.0028081120547533305,0.3361650477934962
fine,0.51,1,0.0033497386528767285,0.42155005216644104
fine,0.51,1,0.0038993578052271384,0.3769130480500933
fine,0.51,1,0.004494249433891626,0.4409190929716683
fine,0.51,1,0.005099755685049032,0.3995739651053736
fine,0.51,1,0.005761564620484152,0.45026087332916553
fine,0.51,1,0.006436574330156183,0.4133910475300996
fine,0.51,1,0.0071787264216068465,0.45184363353094825
fine,0.51,1,0.00793662077179589,0.42027341329696555
fine,0.51,1,0.008772270012699283,0.4471834209525233
fine,0.51,1,0.009626149730022618,0.42155860061938366
fine,0.51,1,0.010568133749057428,0.4373852726615419
fine,0.51,1,0.011530774776031951,0.41826075931369044
fine,0.51,1,0.012591571398649245,0.4233675631415722
fine,0.51,1,0.01367538166395072,0.4112412965230563
fine,0.51,1,0.014867066691358354,0.4059646623592116
fine,0.51,1,0.016084044125311583,0.40127135114376966
fine,0.51,1,0.017418250473786444,0.38589995039226
fine,0.51,1,0.018779942411171507,0.3889846406622479
fine,0.51,1,0.020267820749956512,0.36371583199593194
fine,0.51,1,0.021785284857483437,0.3749116897667575
fine,0.51,1,0.02343746587844835,0.340080105022156
fine,0.51,1,0.025121232739110988,0.3597534816219461
fine,0.51,1,0.0269477911858587,0.3158128189703504
fine,0.51,1,0.028807828666776312,0.34388472613024534
fine,0.51,1,0.030818249244898316,0.29116021487764987
fine,0.51,1,0.03286392876920821,0.3274265654510391
fine,0.51,1,0.03506707405304395,0.26663071600197863
fine,0.51,1,0.03730713888997252,0.3104755030690266
fine,0.51,1,0.03971121933446255,0.2425999675989653
fine,0.51,1,0.04215375501486977,0.2928560207899309
fine,0.51,1,0.04476630117397562,0.21929665206791427
fine,0.51,1,0.04741870813147699,0.2742201263291265
fine,0.51,1,0.05024654517717008,0.1968845342174217
fine,0.51,1,0.053115513707413325,0.25422239992116424
fine,0.51,1,0.056164738335453795,0.17550052511597136
fine,0.51,1,0.05925622595827467,0.2326956261526254
fine,0.51,1,0.06253218575892242,0.15527298056254912
fine,0.51,1,0.06585139705998506,0.20977215163316287
fine,0.51,1,0.06935867242344732,0.13630215744267338
fine,0.51,1,0.07291004144357194,0.18588408154258318
fine,0.51,1,0.07665243006141248,0.11861174859020718
fine,0.51,1,0.08043960529318676,0.1616364488361851
fine,0.51,1,0.0844201093081403,0.10209681572045093
fine,0.51,1,0.0884459413505739,0.1376320073801921
fine,0.51,1,0.09266675719824417,0.08653308342046984
fine,0.51,1,0.09693328911124435,0.11437384841329645
fine,0.51,1,0.10139580008806284,0.07168216643986292
fine,0.51,1,0.10590426047936685,0.09227368187458718
fine,0.51,1,0.11060903206195419,0.0573531961290592
fine,0.51,1,0.11535983092990944,0.07158419131127325
fine,0.51,1,0.12030660886168276,0.04338764075657908
fine,0.51,1,0.12529933620794162,0.05241837079128686
fine,0.51,1,0.13048704735943734,0.02971843167241328
fine,0.51,1,0.135720474576263,0.03479054194054498
fine,0.51,1,0.14114723057626766,0.016347116230554737
fine,0.51,1,0.14661931460375263,0.01862881090468904
fine,0.51,1,0.15228241822895375,0.003320061176735112
fine,0.51,1,0.15799030846808884,0.0038038779048065186
fine,0.51,1,0.16388626276962218,-0.009292245265162036
fine,0.51,1,0.1698263107278179,-0.009846627080394965
fine,0.51,1,0.17595083086384117,-0.02143219580158906
fine,0.51,1,0.18211860250027934,-0.022522362221628178
fine,0.51,1,0.18846663023451493,-0.0331279865582661
fine,0.51,1,0.1948569209635312,-0.03450843896664657
fine,0.51,1,0.20142264178073868,-0.04458927983890981
fine,0.51,1,0.20802949408249635,-0.046211820275578575
fine,0.51,1,0.21480635686295285,-0.05599482057507954
fine,0.51,1,0.22162308044180512,-0.05774232802257839
fine,0.51,1,0.22860381962821838,-0.06704547277912476
fine,0.51,1,0.23562301405054906,-0.06870732545930847
fine,0.51,1,0.24279967423240514,-0.07726827403605752
fine,0.51,1,0.2500132539673545,-0.07877187450160172
fine,0.51,1,0.2573772167995085,-0.0864616682935544
fine,0.51,1,0.26477643857785016,-0.08777378592033847
fine,0.51,1,0.27231845194227733,-0.09439934781943804
fine,0.51,1,0.27989394434087417,-0.09537761048251636
fine,0.51,1,0.287604153652909,-0.10053136692353193
fine,0.51,1,0.2953459488046411,-0.10089450515925358
fine,0.51,1,0.3032139303577725,-0.10402432863481059
fine,0.51,1,0.3111114976796456,-0.10354109289447777
fine,0.51,1,0.31912629391604297,-0.1043763995615481
fine,0.51,1,0.3271685757413508,-0.10320772484609764
fine,0.51,1,0.3353187323287634,-0.1022975892335467
fine,0.51,1,0.34349418132272164,-0.1010706557527079
fine,0.51,1,0.35176778591232155,-0.09893702996476494
fine,0.51,1,0.3600644041446054,-0.09784519146814796
fine,0.51,1,0.3684491266786016,-0.09456397746940137
fine,0.51,1,0.3768545062205373,-0.0937405300358849
fine,0.51,1,0.3853376406531876,-0.08959525517724365
fine,0.51,1,0.3938390055622576,-0.0892022796543881
fine,0.51,1,0.4024075128531069,-0.08448576294164467
fine,0.51,1,0.4109917624026945,-0.08455870107007435
fine,0.51,1,0.4196323146365595,-0.07939772446115412
fine,0.51,1,0.4282860676446611,-0.07989290620540479
fine,0.51,1,0.4369850931290773,-0.07431770756816003
fine,0.51,1,0.44569473323598635,-0.07515311266435276
fine,0.51,1,0.45443846242351704,-0.0691348839837358
fine,0.51,1,0.4631901841652749,-0.07024444432991883
fine,0.51,1,0.47196469624530396,-0.06376190311595398
fine,0.51,1,0.480744551767021,-0.0651431321119702
fine,0.51,1,0.4895358217693684,-0.05822426397687197
fine,0.51,1,0.4983297680203491,-0.05992738540329401
fine,0.51,1,0.5071237142713292,-0.052536785630628025
fine,0.51,1,0.5159176605223093,-0.054571877218159814
fine,0.51,1,0.5247001922926591,-0.04665753172437337
fine,0.51,1,0.5334800478143762,-0.04910137700272199
fine,0.51,1,0.5422371129978218,-0.04064908817409907
fine,0.51,1,0.5509888347395797,-0.043571172483428455
fine,0.51,1,0.5597064674007156,-0.03452170370332053
fine,0.51,1,0.5684161075076242,-0.03799302212388467
fine,0.51,1,0.5770804751382188,-0.02827751968586467
fine,0.51,1,0.5857342281463206,-0.03238437397613758
fine,0.51,1,0.5943316784701448,-0.02192960804223354
fine,0.51,1,0.6029159280197325,-0.02677114361726396
fine,0.51,1,0.6114330351875408,-0.015486621803597389
fine,0.51,1,0.6199344000966113,-0.021174218548265067
fine,0.51,1,0.6283580101149667,-0.008948982748608003
fine,0.51,1,0.6367633896569024,-0.015613001039170626
fine,0.51,1,0.6450806648971266,-0.0023313906146877894
fine,0.51,1,0.6533772831294113,-0.010136360188441662
fine,0.51,1,0.661575745766053,0.004335120999405362
fine,0.51,1,0.6697511947600107,-0.00479435952438223
fine,0.51,1,0.677818768991865,0.011043699796640771
fine,0.51,1,0.6858610508171741,0.0003793926447914764
fine,0.51,1,0.6937861037279569,0.01771662427990106
fine,0.51,1,0.7016836710498282,0.005234364061763808
fine,0.51,1,0.7094550519703021,0.024213005084202655
fine,0.51,1,0.7171968471220341,0.009680430722198707
fine,0.51,1,0.7248039253603288,0.030559904272396077
fine,0.51,1,0.7323794177589256,0.013782942495055406
fine,0.51,1,0.7398121185714369,0.03686390415597718
fine,0.51,1,0.747211340349779,0.0176419745231583
fine,0.51,1,0.754460179030916,0.0432087387549559
fine,0.51,1,0.7616737587658654,0.021311756720529984
fine,0.51,1,0.7687298727412891,0.04962050621096337
fine,0.51,1,0.7757490671636206,0.024795337796989503
fine,0.51,1,0.782604245978388,0.056086027924938886
fine,0.51,1,0.7894209695572381,0.0280784538476615
fine,0.51,1,0.7960676826573924,0.06257178026297083
fine,0.51,1,0.8026745349591513,0.031138033078314753
fine,0.51,1,0.8091059571727184,0.06901555510572532
fine,0.51,1,0.815496247901735,0.0339394423115823
fine,0.51,1,0.8217062825329516,0.0753576655988144
fine,0.51,1,0.8278740541693878,0.03648220248863221
fine,0.51,1,0.8338573536280006,0.0815558939724027
fine,0.51,1,0.8397974015861995,0.038773586933419035
fine,0.51,1,0.845549385481997,0.08753293060868339
fine,0.51,1,0.8512572757211313,0.040799482105372764
fine,0.51,1,0.8567741463625501,0.09318814841616196
fine,0.51,1,0.8622462303900352,0.04254432392405816
fine,0.51,1,0.867524985634341,0.09841238895549909
fine,0.51,1,0.8727584128511666,0.0440044560674433
fine,0.51,1,0.8777968562627554,0.10308932405335802
fine,0.51,1,0.8827895836090152,0.04518968016905278
fine,0.51,1,0.8875863318914529,0.10709354792050108
fine,0.51,1,0.8923371307594045,0.04612040841528675
fine,0.51,1,0.8968916184360782,0.11029274387376065
fine,0.51,1,0.9014000788273854,0.04682246271871704
fine,0.51,1,0.9057125601548722,0.11255898465296987
fine,0.51,1,0.9099790920678725,0.04732792640347039
fine,0.51,1,0.9140506401756365,0.11382177968677154
fine,0.51,1,0.9180764722180702,0.04772119895800364
fine,0.51,1,0.9219089754773243,0.11409064291783944
fine,0.51,1,0.9256961507090988,0.04809927684286186
fine,0.51,1,0.9292923063431576,0.1134145241808946
fine,0.51,1,0.9328436753632825,0.048523450838010906
fine,0.51,1,0.9362069803210072,0.1119195307432479
fine,0.51,1,0.9395261916220704,0.049035682808573844
fine,0.51,1,0.9426609307453062,0.10983436279394032
fine,0.51,1,0.9457524183681275,0.0496697450933099
fine,0.51,1,0.9486636498931509,0.10746987716553325
fine,0.51,1,0.9515326184233944,0.05045299756345556
fine,0.51,1,0.9542261568654459,0.10516151773435756
fine,0.51,1,0.9568785638229476,0.051409327640290825
fine,0.51,1,0.9593609603017502,0.10319880550323424
fine,0.51,1,0.9618034959821578,0.052560632719999445
fine,0.51,1,0.9640820160550053,0.1017764704661317
fine,0.51,1,0.9663220808919363,0.053926836698955594
fine,0.51,1,0.9684046799693381,0.10098688383863752
fine,0.51,1,0.9704503594936458,0.055525750203519575
fine,0.51,1,0.9723456559207506,0.10084286252336383
fine,0.51,1,0.9742056934016678,0.057372327809838364
fine,0.51,1,0.9759229392964999,0.10130716701316211
fine,0.51,1,0.9776067061571625,0.0594747576131025
fine,0.51,1,0.9791557561043868,0.10231188921792178
fine,0.51,1,0.9806732202119135,0.06182867935474379
fine,0.51,1,0.9820644979180408,0.10379155453098654
fine,0.51,1,0.9834261898554266,0.0644430346538416
fine,0.51,1,0.9846706528782891,0.10568629804268681
fine,0.51,1,0.9858876303122419,0.06731599917467912
fine,0.51,1,0.9869967329840885,0.10792234774164433
fine,0.51,1,0.9880805432493891,0.07043342554330256
fine,0.51,1,0.9890661979190487,0.11044493993146265
fine,0.51,1,0.9900288389460241,0.07379880364410041
fine,0.51,1,0.9909033756712872,0.11321736547405081
fine,0.51,1,0.9917572553886107,0.07743504865108597
fine,0.51,1,0.9925333802152202,0.11621706761556727
fine,0.51,1,0.9932912745654094,0.08139084235391347
fine,0.51,1,0.993982026533819,0.11945232682874363
fine,0.51,1,0.9946570362434901,0.0857824312436336
fine,0.51,1,0.995275743268884,0.1230049193464341
fine,0.51,1,0.9958812495200419,0.09088316852702139
fine,0.51,1,0.9964414832948851,0.12713116720723805
fine,0.51,1,0.9969911024472353,0.09734503211089995
fine,0.51,1,0.9975066325189638,0.1345170826055745
fine,0.51,1,0.9980141700364658,0.10889833265526783
fine,0.51,1,0.9984989172156955,-0.08589743406528227
fine,0.51,1,0.9989783209532377,-0.12900670959993232
fine,0.51,1,0.9994463102101492,0.24411553199254798
fine,0.51,1,0.9999116232184282,0.28016198426379035
