level,eta,side,x/c,Cp
coarse,0.041,0,0.00048118465090914685,0.13193366911600202
coarse,0.041,0,0.0015496014049228182,0.03581920868116062
coarse,0.041,0,0.00269005562647162,-0.20084054858663203
coarse,0.041,0,0.003918423528315704,-0.1940313243731988
coarse,0.041,0,0.0052896337841874235,-0.3069488249800272
coarse,0.041,0,0.006835167173204858,-0.2633139217794731
coarse,0.041,0,0.008591903730461864,-0.3720824462058985
coarse,0.041,0,0.010606390156575746,-0.29515550423177683
coarse,0.041,0,0.012896826820377405,-0.4220679385849435
coarse,0.041,0,0.015524029917030911,-0.3145954841721199
coarse,0.041,0,0.01848720873574291,-0.45789022644281263
coarse,0.041,0,0.021860408384262946,-0.33091732221723946
coarse,0.041,0,0.02562386060145986,-0.4792761334052993
coarse,0.041,0,0.029863572475346302,-0.3545366065222244
coarse,0.041,0,0.03454113643487875,-0.4833581547047181
coarse,0.041,0,0.03975304994321132,-0.39241785235638016
coarse,0.041,0,0.0454429232835782,-0.4749243687078508
coarse,0.041,0,0.051716093195926224,-0.43776777287907387
coarse,0.041,0,0.0584991526614552,-0.46370735223135995
coarse,0.041,0,0.06590447535607928,-0.4746274546382867
coarse,0.041,0,0.07384289297340799,-0.4571354929957554
coarse,0.041,0,0.08243189338057205,-0.4930750012503391
coarse,0.041,0,0.0915680726780352,-0.45494622066047485
coarse,0.041,0,0.10137202267416444,-0.4945984520583091
coarse,0.041,0,0.11172787314566725,-0.4538122400125404
coarse,0.041,0,0.12275725648287138,-0.48611464079043265
coarse,0.041,0,0.13433381871037453,-0.45171272221099223
coarse,0.041,0,0.14657815163654367,-0.47414529259610494
coarse,0.041,0,0.15935557948541748,-0.44880717634582656
coarse,0.041,0,0.1727835901241267,-0.46322343246208186
coarse,0.041,0,0.1867214903160169,-0.44658555805918976
coarse,0.041,0,0.20128165373700224,-0.4566565936098459
coarse,0.041,0,0.216319776990022,-0.44666327346867885
coarse,0.041,0,0.2319411968150229,-0.45499169928677885
coarse,0.041,0,0.24800046872566975,-0.4472881611990027
coarse,0.041,0,0.26459409018511665,-0.4538203412159163
coarse,0.041,0,0.28157796421324005,-0.44241353805693673
coarse,0.041,0,0.29903809789805247,-0.4456233247473922
coarse,0.041,0,0.31683420730492456,-0.42614786012128403
coarse,0.041,0,0.3350403375416063,-0.4249175137150867
coarse,0.041,0,0.35352241801597445,-0.3990624811602814
coarse,0.041,0,0.37234126492319286,-0.39576460055236207
coarse,0.041,0,0.3913713149986512,-0.3685106020036384
coarse,0.041,0,0.4106591149429669,-0.36426465777770245
coarse,0.041,0,0.4300897572413104,-0.33800999635711193
coarse,0.041,0,0.4496947226727998,-0.33324706110325497
coarse,0.041,0,0.4693717255718243,-0.30782172530901875
coarse,0.041,0,0.48913664215114394,-0.3027276557829479
coarse,0.041,0,0.5089015587304634,-0.2772012900583509
coarse,0.041,0,0.528666475309783,-0.27230077274092945
coarse,0.041,0,0.5483593544215678,-0.24597717328055002
coarse,0.041,0,0.567964319853058,-0.24188954873533408
coarse,0.041,0,0.5874264429305198,-0.21415420133876317
coarse,0.041,0,0.6067142428748349,-0.211567736736056
coarse,0.041,0,0.6257908396509104,-0.1817769122440498
coarse,0.041,0,0.6446096865581292,-0.18153069390916765
coarse,0.041,0,0.6631525832276604,-0.1490772543332204
coarse,0.041,0,0.68135871346434,-0.15223847338233942
coarse,0.041,0,0.6992288679789616,-0.11663182969795094
coarse,0.041,0,0.7166890016637757,-0.12455511802399788
coarse,0.041,0,0.7337588827799126,-0.08497865675285143
coarse,0.041,0,0.7503525042393596,-0.0986240687779707
coarse,0.041,0,0.7665082736131604,-0.05395529781294228
coarse,0.041,0,0.7821296934381609,-0.07407246495358133
coarse,0.041,0,0.7972731534311278,-0.023774169368142584
coarse,0.041,0,0.8118333168521147,-0.05078858092299132
coarse,0.041,0,0.8258835907199191,0.004761649788061595
coarse,0.041,0,0.8393116013586267,-0.028722653872588433
coarse,0.041,0,0.8522065170746307,0.03092667201645416
coarse,0.041,0,0.8644508500008001,-0.007843424373837893
coarse,0.041,0,0.8761480040366688,0.05426945085201851
coarse,0.041,0,0.887177387373869,0.011610251583651587
coarse,0.041,0,0.8976548702356991,0.07462508658515066
coarse,0.041,0,0.9074588202318321,0.029061180784245688
coarse,0.041,0,0.9167155913376644,0.09208911434735845
coarse,0.041,0,0.925304591744829,0.044119905224545675
coarse,0.041,0,0.9333604972292886,0.1068880641447767
coarse,0.041,0,0.9407658199239126,0.056976656514791224
coarse,0.041,0,0.9476612530653556,0.11890538368839099
coarse,0.041,0,0.9539344229777034,0.06827671790892154
coarse,0.041,0,0.959729633058017,0.12781459710209375
coarse,0.041,0,0.9649415465663495,0.07867693456063485
coarse,0.041,0,0.9697156079890361,0.13422055093813268
coarse,0.041,0,0.9739553198629224,0.08858848943534703
coarse,0.041,0,0.977804779168133,0.1398662189330515
coarse,0.041,0,0.981177978816655,0.09821740070002549
coarse,0.041,0,0.9842152027431164,0.14561173016991913
coarse,0.041,0,0.9868424058397669,0.1075855653934028
coarse,0.041,0,0.9891936586987315,0.15048638700595185
coarse,0.041,0,0.9912081451248465,0.11624664068819512
coarse,0.041,0,0.9930114283827214,0.14998577548360637
coarse,0.041,0,0.9945569617717391,0.12104642499365925
coarse,0.041,0,0.9959596528067287,0.09989355411626999
coarse,0.041,0,0.9971880207085727,0.07936272580358206
coarse,0.041,0,0.9983443511428813,-0.035529102165212434
coarse,0.041,0,0.999412767896895,-0.13133608133434638
coarse,0.041,1,0.00048118465090914685,0.3887561455016695
coarse,0.041,1,0.0015496014049228182,0.3522092632151832
coarse,0.041,1,0.00269005562647169,0.4479198155008164
coarse,0.041,1,0.003918423528315872,0.40975428144279424
coarse,0.041,1,0.005289633784187605,0.43472319721389663
coarse,0.041,1,0.006835167173204914,0.4188827788527174
coarse,0.041,1,0.00859190373046192,0.3971304651432469
coarse,0.041,1,0.010606390156575914,0.4111610612815836
coarse,0.041,1,0.012896826820377546,0.3468740720239605
coarse,0.041,1,0.015524029917030798,0.39419896615505423
coarse,0.041,1,0.018487208735742795,0.29118450555902875
coarse,0.041,1,0.021860408384263057,0.3686883007428404
coarse,0.041,1,0.02562386060146008,0.23656294951810775
coarse,0.041,1,0.029863572475346496,0.3290002524322543
coarse,0.041,1,0.034541136434878945,0.18969986749940204
coarse,0.041,1,0.039753049943211376,0.2691198020776834
coarse,0.041,1,0.04544292328357814,0.15217740017647152
coarse,0.041,1,0.05171609319592603,0.1948102286251051
coarse,0.041,1,0.05849915266145498,0.11949227966132803
coarse,0.041,1,0.06590447535607923,0.12216525934237654
coarse,0.041,1,0.07384289297340799,0.08610767109170325
coarse,0.041,1,0.08243189338057205,0.06362289538915067
coarse,0.041,1,0.09156807267803525,0.05164817405952982
coarse,0.041,1,0.1013720226741646,0.021494987605695348
coarse,0.041,1,0.1117278731456675,0.01905337560578546
coarse,0.041,1,0.1227572564828716,-0.008037962009799005
coarse,0.041,1,0.13433381871037475,-0.009549450709444463
coarse,0.041,1,0.1465781516365439,-0.029987345424999257
coarse,0.041,1,0.15935557948541765,-0.03417194601373175
coarse,0.041,1,0.1727835901241268,-0.048575618794560516
coarse,0.041,1,0.1867214903160169,-0.056266820640942905
coarse,0.041,1,0.20128165373700224,-0.0672316707658085
coarse,0.041,1,0.216319776990022,-0.07765053035567804
coarse,0.041,1,0.2319411968150229,-0.08728754559027863
coarse,0.041,1,0.24800046872566975,-0.09774799469875672
coarse,0.041,1,0.26459409018511665,-0.1062131792591412
coarse,0.041,1,0.28157796421324,-0.11246492516552542
coarse,0.041,1,0.2990380978980523,-0.11865887597974356
coarse,0.041,1,0.31683420730492434,-0.11722396362433485
coarse,0.041,1,0.33504033754160617,-0.12019913477892041
coarse,0.041,1,0.3535224180159745,-0.1120068746977605
coarse,0.041,1,0.372341264923193,-0.11342374245431586
coarse,0.041,1,0.39137131499865147,-0.10225527573383775
coarse,0.041,1,0.41065911494296714,-0.10289909675842046
coarse,0.041,1,0.4300897572413105,-0.09086700373123247
coarse,0.041,1,0.4496947226727998,-0.09106504263577131
coarse,0.041,1,0.4693717255718243,-0.07829940965560578
coarse,0.041,1,0.48913664215114405,-0.07822543093902601
coarse,0.041,1,0.5089015587304636,-0.0641594680416564
coarse,0.041,1,0.5286664753097831,-0.06427550487186418
coarse,0.041,1,0.5483593544215681,-0.04844869783386474
coarse,0.041,1,0.5679643198530588,-0.04931507929564871
coarse,0.041,1,0.5874264429305208,-0.031279062532884705
coarse,0.041,1,0.6067142428748352,-0.033539309734025524
coarse,0.041,1,0.6257908396509105,-0.01277762057677645
coarse,0.041,1,0.6446096865581294,-0.01723057889395152
coarse,0.041,1,0.663152583227661,0.00677809464443524
coarse,0.041,1,0.6813587134643413,-0.0008897124642308629
coarse,0.041,1,0.6992288679789629,0.02681002781049291
coarse,0.041,1,0.7166890016637761,0.014632014134403293
coarse,0.041,1,0.7337588827799125,0.046759867162123325
coarse,0.041,1,0.7503525042393594,0.02908411764779617
coarse,0.041,1,0.7665082736131595,0.06665870174632493
coarse,0.041,1,0.7821296934381589,0.04268276500309953
coarse,0.041,1,0.7972731534311254,0.08621321963327233
coarse,0.041,1,0.8118333168521132,0.05545449465877572
coarse,0.041,1,0.8258835907199186,0.10461993525890456
coarse,0.041,1,0.8393116013586271,0.06740174249714548
coarse,0.041,1,0.8522065170746315,0.12116048107712096
coarse,0.041,1,0.8644508500008006,0.07854362351367972
coarse,0.041,1,0.8761480040366691,0.13540201402991514
coarse,0.041,1,0.8871773873738699,0.08868200172777296
coarse,0.041,1,0.8976548702356999,0.1472165831912191
coarse,0.041,1,0.9074588202318321,0.09731825875374756
coarse,0.041,1,0.9167155913376644,0.1567399845713282
coarse,0.041,1,0.9253045917448286,0.10411423146542609
coarse,0.041,1,0.9333604972292884,0.16421426989007082
coarse,0.041,1,0.9407658199239126,0.10927633181820073
coarse,0.041,1,0.9476612530653556,0.16953405885249428
coarse,0.041,1,0.9539344229777034,0.11346393556959422
coarse,0.041,1,0.959729633058017,0.17238414931100943
coarse,0.041,1,0.9649415465663495,0.11736159320292816
coarse,0.041,1,0.9697156079890359,0.17335337830953002
coarse,0.041,1,0.9739553198629226,0.12141747412672199
coarse,0.041,1,0.9778047791681304,0.1741490117555119
coarse,0.041,1,0.9811779788166468,0.12587006723991756
coarse,0.041,1,0.9842152027431075,0.1756199981089771
coarse,0.041,1,0.9868424058397636,0.1307538747925998
coarse,0.041,1,0.9891936586987313,0.17679953645904556
coarse,0.041,1,0.9912081451248462,0.1356090321704737
coarse,0.041,1,0.9930114283827214,0.1731983441280679
coarse,0.041,1,0.9945569617717391,0.13727131823683825
coarse,0.041,1,0.9959596528067287,0.12085862739331521
coarse,0.041,1,0.9971880207085727,0.09348248864736386
coarse,0.041,1,0.9983443511428813,-0.01931892998470297
coarse,0.041,1,0.999412767896895,-0.13133608133434638
medium,0.041,0,6.0106394590345875e-05,0.19123280831238865
medium,0.041,0,0.000762480564323757,0.11012573168017104
medium,0.041,0,0.0014689201025283964,-0.08003490170332106
medium,0.041,0,0.0022188001961175883,-0.0810430872514103
medium,0.041,0,0.002976780086740445,-0.16938948148999144
medium,0.041,0,0.0038213104792755976,-0.1434368559597483
medium,0.041,0,0.0046779134530605575,-0.2330774387692529
medium,0.041,0,0.005663518173705085,-0.18349280410760893
medium,0.041,0,0.006665076380182741,-0.28589634146230547
medium,0.041,0,0.007837105797281049,-0.21627410414756776
medium,0.041,0,0.009028848189135477,-0.3301186238641298
medium,0.041,0,0.010431233866523944,-0.2454966331067483
medium,0.041,0,0.011856941979951,-0.36591868382873893
medium,0.041,0,0.013531862331236598,-0.2741810231234345
medium,0.041,0,0.01523353708202198,-0.39272158061996065
medium,0.041,0,0.01722109636737633,-0.3061299685326786
medium,0.041,0,0.019238638398557037,-0.4113647520105561
medium,0.041,0,0.021576561507090617,-0.3426273074701549
medium,0.041,0,0.023947467520977282,-0.42209111315630343
medium,0.041,0,0.026670812861550434,-0.379529351310929
medium,0.041,0,0.029429890247177997,-0.4259641797667497
medium,0.041,0,0.03257078293274012,-0.4126056997669352
medium,0.041,0,0.035749884860619564,-0.4272406777452167
medium,0.041,0,0.0393372722167033,-0.43789201369380604
medium,0.041,0,0.04296505521696179,-0.4284787835913544
medium,0.041,0,0.04702448647505605,-0.45395586550700995
medium,0.041,0,0.05112619234393883,-0.431148148847879
medium,0.041,0,0.05567962419641018,-0.4616825598324914
medium,0.041,0,0.060276887890969626,-0.43454499654778544
medium,0.041,0,0.06534251738737609,-0.46282206997588915
medium,0.041,0,0.07045320237038545,-0.43700636832246875
medium,0.041,0,0.07604532842694091,-0.45954030168349846
medium,0.041,0,0.08168339071515585,-0.437535677922233
medium,0.041,0,0.08781230529134439,-0.4542791599998526
medium,0.041,0,0.09398768724178905,-0.4363865240416769
medium,0.041,0,0.10065959701233833,-0.44901041970262345
medium,0.041,0,0.10737815165496441,-0.4343574624642186
medium,0.041,0,0.11459513077330384,-0.4447855729979242
medium,0.041,0,0.12185857726589934,-0.43226186709883496
medium,0.041,0,0.12961855157859992,-0.44186482949794126
medium,0.041,0,0.1374244621229599,-0.4307119678504756
medium,0.041,0,0.1457212249552932,-0.44005146229367953
medium,0.041,0,0.15406304327422934,-0.43003769416822935
medium,0.041,0,0.16288630266671167,-0.4390661950785142
medium,0.041,0,0.17175339390128203,-0.4303962055748449
medium,0.041,0,0.18108885093769977,-0.4388949933019155
medium,0.041,0,0.19046658258490598,-0.4320851241420731
medium,0.041,0,0.20029604021570058,-0.440170853534392
medium,0.041,0,0.21016589349066994,-0.4354214962960694
medium,0.041,0,0.22046739502347515,-0.442950979102144
medium,0.041,0,0.23080710579859776,-0.43939588888489856
medium,0.041,0,0.24155510200192443,-0.44583339180303305
medium,0.041,0,0.2523388302503056,-0.44205350866266957
medium,0.041,0,0.2635043737986214,-0.44735894323980063
medium,0.041,0,0.27470290025229027,-0.4416879345387996
medium,0.041,0,0.2862538660326451,-0.44533151684230154
medium,0.041,0,0.2978348145588264,-0.4358137825383417
medium,0.041,0,0.30973614416236145,-0.43694530208379967
medium,0.041,0,0.3216642281653963,-0.4232969432907516
medium,0.041,0,0.3338781967030005,-0.42262524074686425
medium,0.041,0,0.34611548767664313,-0.4066337871921797
medium,0.041,0,0.35860199088814243,-0.4048728071725567
medium,0.041,0,0.371108207074398,-0.3882639922078932
medium,0.041,0,0.38382506654618853,-0.385698721406206
medium,0.041,0,0.39655787950381216,-0.36949890604654523
medium,0.041,0,0.40946116367205637,-0.36650120265443276
medium,0.041,0,0.4223765204215504,-0.351078887449626
medium,0.041,0,0.4354208789179044,-0.34769313668874324
medium,0.041,0,0.448473337211292,-0.3328144163198312
medium,0.041,0,0.46161234600659157,-0.3290031271423557
medium,0.041,0,0.47475542017036226,-0.314372780339639
medium,0.041,0,0.48794193488951787,-0.3102395484271674
medium,0.041,0,0.5011284496086734,-0.2956746079449626
medium,0.041,0,0.5143149643278289,-0.2912839245288159
medium,0.041,0,0.5274974136785129,-0.276655131900023
medium,0.041,0,0.5406364224738128,-0.2721444655811829
medium,0.041,0,0.5537673314720791,-0.2573540894822104
medium,0.041,0,0.5668116899684336,-0.25284478892750717
medium,0.041,0,0.5798439758835381,-0.23777231554207967
medium,0.041,0,0.5927472600517815,-0.23341617528983805
medium,0.041,0,0.605634590734192,-0.21793314137474473
medium,0.041,0,0.6183514502059826,-0.21390108046717127
medium,0.041,0,0.6310485967030172,-0.19787649224738102
medium,0.041,0,0.6435350999145167,-0.19438181739515414
medium,0.041,0,0.6559982806899781,-0.17769007413203308
medium,0.041,0,0.6682122492275825,-0.17498532494280927
medium,0.041,0,0.6803994633656869,-0.15753168709650311
medium,0.041,0,0.692300792969221,-0.15598564934087888
medium,0.041,0,0.7041721398269286,-0.13763383542387886
medium,0.041,0,0.715723105607284,-0.13765890829611305
medium,0.041,0,0.7272410884822862,-0.1179963407311515
medium,0.041,0,0.7384066320306021,-0.11987900345028324
medium,0.041,0,0.749536443533864,-0.0982768663411484
medium,0.041,0,0.7602844397371971,-0.10241276938667876
medium,0.041,0,0.7709942266982119,-0.07828109748243728
medium,0.041,0,0.7812957282310103,-0.08517352485327279
medium,0.041,0,0.7915568341196345,-0.05801114815424202
medium,0.041,0,0.8013862917504293,-0.06819251736069187
medium,0.041,0,0.8111734747704356,-0.03756842707421226
medium,0.041,0,0.8205089318068524,-0.05151559405362893
medium,0.041,0,0.8298005570011814,-0.017091829314146656
medium,0.041,0,0.8386238163936641,-0.03514193702216484
medium,0.041,0,0.8474020202995443,0.0032262896038345312
medium,0.041,0,0.8556987831318779,-0.019111619995098694
medium,0.041,0,0.8639496097325521,0.023090634684729272
medium,0.041,0,0.8717095840452526,-0.0035082359029625643
medium,0.041,0,0.8794230909836964,0.04219967629823318
medium,0.041,0,0.886640070102032,0.011526001532462082
medium,0.041,0,0.8938104043482916,0.06028207598025703
medium,0.041,0,0.9004823141188447,0.02576093767787424
medium,0.041,0,0.9071077565151413,0.07714233356670475
medium,0.041,0,0.9132366710913303,0.03897977857311208
medium,0.041,0,0.9193196494358595,0.09274049557659436
medium,0.041,0,0.9249117754924154,0.0510552380540894
medium,0.041,0,0.930458846062368,0.10708138383243182
medium,0.041,0,0.935524475558774,0.061831497070015895
medium,0.041,0,0.9405462732130917,0.12004905926060216
medium,0.041,0,0.9450997050655636,0.07114270962149771
medium,0.041,0,0.949610862307247,0.13142914647880088
medium,0.041,0,0.9536702935653408,0.07892748032758756
medium,0.041,0,0.9576893291792603,0.1409054786385957
medium,0.041,0,0.9612767165353446,0.08536236731441371
medium,0.041,0,0.9648258946491115,0.1480903199934004
medium,0.041,0,0.9679667873346732,0.090866354962444
medium,0.041,0,0.9710719479751805,0.1526715110042589
medium,0.041,0,0.9737952933157534,0.09590525149672835
medium,0.041,0,0.976485655750973,0.154782203539077
medium,0.041,0,0.978823578859507,0.10080467960826478
medium,0.041,0,0.9811315192222146,0.1554264154002548
medium,0.041,0,0.9831190785075726,0.10578595339524444
medium,0.041,0,0.9850798833934303,0.15608956188936185
medium,0.041,0,0.9867548037447115,0.11100852039946607
medium,0.041,0,0.9884064016599543,0.15767157304236235
medium,0.041,0,0.9898087873373436,0.11663187025856092
medium,0.041,0,0.9911914600399766,0.160218094880195
medium,0.041,0,0.9923634894570758,0.12282300173650973
medium,0.041,0,0.9935195653883413,0.16302497194318943
medium,0.041,0,0.9945051701089856,0.12953390116050567
medium,0.041,0,0.99547870224838,0.1624786425082716
medium,0.041,0,0.996323232640915,0.1342597945726216
medium,0.041,0,0.9971596632364164,0.11781446339383805
medium,0.041,0,0.9979095433300057,0.09711650658427273
medium,0.041,0,0.9986553580551235,-0.019137421432235513
medium,0.041,0,0.9993577322248565,-0.11544452423300577
medium,0.041,1,6.0106394590345875e-05,0.40633173303817005
medium,0.041,1,0.000762480564323757,0.3752400797236687
medium,0.041,1,0.0014689201025283964,0.464834291581649
medium,0.041,1,0.0022188001961176026,0.42946743702036616
medium,0.041,1,0.002976780086740459,0.46763194976884703
medium,0.041,1,0.003821310479275723,0.4475004182297939
medium,0.041,1,0.0046779134530607665,0.4552320866148438
medium,0.041,1,0.005663518173705196,0.4548302675495809
medium,0.041,1,0.006665076380182741,0.43255822512281694
medium,0.041,1,0.007837105797281049,0.4530349438585186
medium,0.041,1,0.009028848189135491,0.4031942906036985
medium,0.041,1,0.01043123386652407,0.44356567067582653
medium,0.041,1,0.011856941979951222,0.3698524794496072
medium,0.041,1,0.01353186233123682,0.4258614812354422
medium,0.041,1,0.01523353708202219,0.3351330026551249
medium,0.041,1,0.017221096367376315,0.39804510545280003
medium,0.041,1,0.019238638398556843,0.30093370297977184
medium,0.041,1,0.021576561507090634,0.35918539393962734
medium,0.041,1,0.023947467520977504,0.2686352721304899
medium,0.041,1,0.026670812861550517,0.31187188729691717
medium,0.041,1,0.029429890247177997,0.23872128982595875
medium,0.041,1,0.03257078293274012,0.2607725263028684
medium,0.041,1,0.035749884860619564,0.2096755801884045
medium,0.041,1,0.03933727221670327,0.2113477571879918
medium,0.041,1,0.04296505521696179,0.1803551227948771
medium,0.041,1,0.047024486475056075,0.16734463638507402
medium,0.041,1,0.05112619234393883,0.15034964695885322
medium,0.041,1,0.055679624196410316,0.130248022314568
medium,0.041,1,0.06027688789096982,0.12064653963058214
medium,0.041,1,0.0653425173873762,0.09993007593415293
medium,0.041,1,0.07045320237038545,0.09285375956181774
medium,0.041,1,0.07604532842694091,0.07520738958839113
medium,0.041,1,0.08168339071515585,0.06805073755773994
medium,0.041,1,0.0878123052913443,0.054290608123257145
medium,0.041,1,0.09398768724178883,0.04627755220411334
medium,0.041,1,0.10065959701233836,0.03551247027199245
medium,0.041,1,0.10737815165496466,0.026953943780896217
medium,0.041,1,0.11459513077330395,0.01778934951667277
medium,0.041,1,0.12185857726589934,0.009328992580191375
medium,0.041,1,0.12961855157859975,0.0006530699629253567
medium,0.041,1,0.13742446212295967,-0.00725654330905412
medium,0.041,1,0.1457212249552932,-0.015941450589112227
medium,0.041,1,0.15406304327422957,-0.023242195439352464
medium,0.041,1,0.1628863026667119,-0.03191297056318687
medium,0.041,1,0.1717533939012822,-0.038899469563211664
medium,0.041,1,0.18108885093769977,-0.04735212073594264
medium,0.041,1,0.19046658258490576,-0.05456578896316833
medium,0.041,1,0.20029604021570047,-0.06282730573857531
medium,0.041,1,0.21016589349066994,-0.07061602592411598
medium,0.041,1,0.22046739502347515,-0.07854718141302097
medium,0.041,1,0.2308071057985977,-0.08649245950716344
medium,0.041,1,0.24155510200192448,-0.09368686149352556
medium,0.041,1,0.2523388302503056,-0.10087175020659189
medium,0.041,1,0.2635043737986214,-0.10729380099883001
medium,0.041,1,0.27470290025229027,-0.1125129605618207
medium,0.041,1,0.28625386603264524,-0.11775162007191442
medium,0.041,1,0.29783481455882654,-0.11949179752264505
medium,0.041,1,0.3097361441623615,-0.12287194667898893
medium,0.041,1,0.3216642281653963,-0.12077622252777642
medium,0.041,1,0.3338781967030005,-0.12279448484663469
medium,0.041,1,0.34611548767664313,-0.11811045837881817
medium,0.041,1,0.3586019908881426,-0.11927660719437361
medium,0.041,1,0.37110820707439823,-0.11333098428300437
medium,0.041,1,0.38382506654618864,-0.11384137045523679
medium,0.041,1,0.39655787950381216,-0.10749804857357392
medium,0.041,1,0.4094611636720566,-0.10763278008309629
medium,0.041,1,0.4223765204215508,-0.10126992898459708
medium,0.041,1,0.4354208789179046,-0.10106067857696943
medium,0.041,1,0.448473337211292,-0.09457557990824994
medium,0.041,1,0.4616123460065917,-0.09399217097774182
medium,0.041,1,0.4747554201703626,-0.08720958878339036
medium,0.041,1,0.4879419348895181,-0.08633654666246726
medium,0.041,1,0.5011284496086736,-0.07915304294168402
medium,0.041,1,0.5143149643278289,-0.07804614260489595
medium,0.041,1,0.5274974136785129,-0.07038966687904202
medium,0.041,1,0.5406364224738128,-0.0691673441952938
medium,0.041,1,0.5537673314720791,-0.06098270973304709
medium,0.041,1,0.5668116899684342,-0.05975432811609749
medium,0.041,1,0.5798439758835393,-0.05095994472905674
medium,0.041,1,0.5927472600517821,-0.04986412249253114
medium,0.041,1,0.6056345907341922,-0.040364579149159585
medium,0.041,1,0.6183514502059827,-0.03956076116049445
medium,0.041,1,0.6310485967030172,-0.029251756885866342
medium,0.041,1,0.643535099914517,-0.028939884924043646
medium,0.041,1,0.6559982806899786,-0.017715688138446595
medium,0.041,1,0.6682122492275832,-0.018135323813471826
medium,0.041,1,0.6803994633656878,-0.0059117738043572565
medium,0.041,1,0.6923007929692215,-0.007408101075007778
medium,0.041,1,0.7041721398269288,0.005937837034045934
medium,0.041,1,0.7157231056072841,0.0029733644864869957
medium,0.041,1,0.7272410884822862,0.017808869662414795
medium,0.041,1,0.7384066320306021,0.013084254538046625
medium,0.041,1,0.749536443533863,0.02997615941461096
medium,0.041,1,0.7602844397371846,0.023099020480173982
medium,0.041,1,0.7709942266981898,0.042593034445659206
medium,0.041,1,0.7812957282309982,0.03307133255955996
medium,0.041,1,0.791556834119632,0.055644317067116034
medium,0.041,1,0.8013862917504275,0.042955006260931405
medium,0.041,1,0.8111734747704344,0.06902750567071936
medium,0.041,1,0.8205089318068505,0.05269409536971392
medium,0.041,1,0.8298005570011788,0.08260774784724223
medium,0.041,1,0.8386238163936635,0.06227907152224643
medium,0.041,1,0.8474020202995451,0.09620542443368685
medium,0.041,1,0.8556987831318787,0.07167244407631768
medium,0.041,1,0.8639496097325529,0.10955570568298845
medium,0.041,1,0.8717095840452532,0.08080555398304401
medium,0.041,1,0.8794230909836971,0.12239648868821729
medium,0.041,1,0.8866400701020329,0.08956336488701144
medium,0.041,1,0.8938104043482925,0.13450109215590955
medium,0.041,1,0.9004823141188454,0.09775316812047097
medium,0.041,1,0.9071077565151417,0.14571585754437355
medium,0.041,1,0.9132366710913303,0.10519013996489612
medium,0.041,1,0.9193196494358595,0.1560236645264359
medium,0.041,1,0.924911775492415,0.11176441288763428
medium,0.041,1,0.9304588460623677,0.16543137467556845
medium,0.041,1,0.935524475558774,0.11733318282216132
medium,0.041,1,0.9405462732130921,0.17381394134092587
medium,0.041,1,0.9450997050655638,0.12173583477993322
medium,0.041,1,0.949610862307247,0.18093596804480416
medium,0.041,1,0.9536702935653408,0.1249055343935177
medium,0.041,1,0.9576893291792603,0.18645618842168565
medium,0.041,1,0.9612767165353442,0.1270049931261562
medium,0.041,1,0.9648258946491108,0.1899664848738848
medium,0.041,1,0.967966787334673,0.12843904242193216
medium,0.041,1,0.9710719479751809,0.19114140710385463
medium,0.041,1,0.9737952933157534,0.12966777127824447
medium,0.041,1,0.976485655750973,0.19010167156510327
medium,0.041,1,0.978823578859507,0.13102332352493806
medium,0.041,1,0.9811315192222144,0.18783189061734518
medium,0.041,1,0.9831190785075715,0.1327372957276043
medium,0.041,1,0.9850798833934281,0.18579625946674838
medium,0.041,1,0.9867548037447101,0.13498086253414654
medium,0.041,1,0.9884064016599539,0.18489273060830536
medium,0.041,1,0.9898087873373433,0.13791994101721805
medium,0.041,1,0.9911914600399766,0.1851803469878277
medium,0.041,1,0.9923634894570758,0.14172220913591937
medium,0.041,1,0.9935195653883413,0.1859825045549468
medium,0.041,1,0.9945051701089856,0.14633265562256914
medium,0.041,1,0.99547870224838,0.18374720190796923
medium,0.041,1,0.996323232640915,0.14922625913612608
medium,0.041,1,0.9971596632364164,0.1379297646086164
medium,0.041,1,0.9979095433300053,0.110853679675181
medium,0.041,1,0.9986553580551231,-0.00285792624418324
medium,0.041,1,0.9993577322248565,-0.11544452423300577
fine,0.041,0,5.5937078602379166e-05,0.20957055293551563
fine,0.041,0,0.0005212500868810686,0.14016451357781257
fine,0.041,0,0.0009882569962894338,-0.014088849629100952
fine,0.041,0,0.001467660733831845,-0.021955464806193925
fine,0.041,0,0.0019504465420083108,-0.08619282430246011
fine,0.041,0,0.0024579840595098414,-0.07561563851241315
fine,0.041,0,0.002970580373293382,-0.14218781517901546
fine,0.041,0,0.0035201995256438196,-0.11506759113292642
fine,0.041,0,0.004076537082558917,-0.18991395282138424
fine,0.041,0,0.004682043333716463,-0.14847277409589932
fine,0.041,0,0.005295904864767017,-0.2309346562107486
fine,0.041,0,0.0059709145744387135,-0.1779509754930495
fine,0.041,0,0.006655888167709287,-0.2667540332099627
fine,0.041,0,0.007413782517898443,-0.2053670618938357
fine,0.041,0,0.008183215640764305,-0.29811139954809884
fine,0.041,0,0.009037095358087527,-0.23211301805679385
fine,0.041,0,0.009904049693610972,-0.32527226583788904
fine,0.041,0,0.010866690720585371,-0.2589384711621632
fine,0.041,0,0.011843897970914521,-0.3480342021847158
fine,0.041,0,0.012927708236216135,-0.2860246922855234
fine,0.041,0,0.014027527042537567,-0.366324552006017
fine,0.041,0,0.015244504476490698,-0.31336947132260806
fine,0.041,0,0.01647887860129349,-0.38087277397298047
fine,0.041,0,0.017840570538678706,-0.3411862904491192
fine,0.041,0,0.01922098845184841,-0.3930797529694279
fine,0.041,0,0.02073845255937513,-0.36846715127802265
fine,0.041,0,0.022275908564846673,-0.40298535043133743
fine,0.041,0,0.02395967542550917,-0.39184006812141514
fine,0.041,0,0.02566463246002244,-0.409899855320065
fine,0.041,0,0.02752466994093997,-0.411126600418968
fine,0.041,0,0.029407024170773528,-0.41589617247844535
fine,0.041,0,0.03145270369508345,-0.42604212486384196
fine,0.041,0,0.033521751030560515,-0.4209576148340093
fine,0.041,0,0.035761815867489284,-0.43626698491887206
fine,0.041,0,0.0380262205085602,-0.4250979781220039
fine,0.041,0,0.040468756188967316,-0.4424175960330099
fine,0.041,0,0.042936521308299024,-0.4285018485505767
fine,0.041,0,0.04558892826580048,-0.4455497135624671
fine,0.041,0,0.04826736892857373,-0.4312794984367112
fine,0.041,0,0.051136337458816836,-0.4467232334671156
fine,0.041,0,0.05403205587086111,-0.43344728350396955
fine,0.041,0,0.057123543493682157,-0.4467822866526294
fine,0.041,0,0.06024240666170126,-0.43494277071192267
fine,0.041,0,0.06356161796276386,-0.4462850241244549
fine,0.041,0,0.06690873784224194,-0.43569687482680486
fine,0.041,0,0.07046010686236684,-0.4455304090644292
fine,0.041,0,0.07403982306032948,-0.43572779521991345
fine,0.041,0,0.07782699829210395,-0.4446591755174625
fine,0.041,0,0.08164286338326175,-0.43520978665911025
fine,0.041,0,0.08566869542569527,-0.44375602845864726
fine,0.041,0,0.08972346293165524,-0.43442427601404265
fine,0.041,0,0.0939899948446555,-0.4428487072196945
fine,0.041,0,0.09828560991687595,-0.43358443382494083
fine,0.041,0,0.10279407030817998,-0.44186765514438475
fine,0.041,0,0.10733166314619323,-0.4327670852290204
fine,0.041,0,0.11208246201414832,-0.4408271680644624
fine,0.041,0,0.1168623440413236,-0.4320578328682243
fine,0.041,0,0.1218550713875826,-0.43978846811342587
fine,0.041,0,0.12687673419736803,-0.43149670466243717
fine,0.041,0,0.1321101614141939,-0.43883485405043476
fine,0.041,0,0.13737227849040312,-0.4311250933097952
fine,0.041,0,0.14284436251788798,-0.4380640535815359
fine,0.041,0,0.14834479372321066,-0.43099769683090994
fine,0.041,0,0.15405268396234573,-0.43755749737910143
fine,0.041,0,0.15978848277989607,-0.4311685716760205
fine,0.041,0,0.16572853073809174,-0.4373701866615778
fine,0.041,0,0.17169595424148565,-0.4317007328871645
fine,0.041,0,0.17786372587792404,-0.4375684734121481
fine,0.041,0,0.18405824739616367,-0.43272005929843904
fine,0.041,0,0.19044853812517984,-0.4383285225110316
fine,0.041,0,0.1968648625594678,-0.4344686204505155
fine,0.041,0,0.20347171486122553,-0.43997695449581675
fine,0.041,0,0.21010379660190773,-0.4370994605204759
fine,0.041,0,0.21692052018076,-0.4424308138464792
fine,0.041,0,0.22376158356375442,-0.4401518731242644
fine,0.041,0,0.23078077798608487,-0.4450521081669254
fine,0.041,0,0.23782334021958246,-0.44288840697691945
fine,0.041,0,0.24503691995453172,-0.44731609648453596
fine,0.041,0,0.25227281643839694,-0.4449022969376719
fine,0.041,0,0.2596720382167387,-0.44884958700977173
fine,0.041,0,0.26709245016893124,-0.44575843842507634
fine,0.041,0,0.274667942567528,-0.44910515883282964
fine,0.041,0,0.28226342686406963,-0.4446856142437663
fine,0.041,0,0.29000522201580176,-0.4471663308868019
fine,0.041,0,0.2977657431433183,-0.44071169893269246
fine,0.041,0,0.3056633104651915,-0.4420479568030251
fine,0.041,0,0.3135782744779148,-0.4333513322844138
fine,0.041,0,0.3216205563032225,-0.4335916304799594
fine,0.041,0,0.32967884666954994,-0.4233605145705943
fine,0.041,0,0.3378542956635082,-0.42309578663983527
fine,0.041,0,0.34604431088082105,-0.41214549468148265
fine,0.041,0,0.35434092911310483,-0.4113475772125852
fine,0.041,0,0.362650621963589,-0.40005764740773375
fine,0.041,0,0.3710560015055249,-0.39879952281334585
fine,0.041,0,0.37947291982013753,-0.38754454384465253
fine,0.041,0,0.38797428472920764,-0.3860183111958102
fine,0.041,0,0.39648561352187667,-0.37510485810670335
fine,0.041,0,0.40506986307146436,-0.373373680927076
fine,0.041,0,0.4136624679009451,-0.3628934945972093
fine,0.041,0,0.42231622090904647,-0.36097568011897563
fine,0.041,0,0.4309766923217128,-0.3508652959819294
fine,0.041,0,0.43968633242862176,-0.34874709460422637
fine,0.041,0,0.4484010313318127,-0.33887570030029623
fine,0.041,0,0.4571527530735706,-0.33653892496393856
fine,0.041,0,0.4659078568859624,-0.326806050974509
fine,0.041,0,0.4746877124076794,-0.32426937451863735
fine,0.041,0,0.4834692618305259,-0.31464375867937733
fine,0.041,0,0.4922632080815063,-0.3119638047432052
fine,0.041,0,0.5010571543324867,-0.30239788811585266
fine,0.041,0,0.5098511005834669,-0.29955114160916696
fine,0.041,0,0.5186433529333175,-0.2899989122308928
fine,0.041,0,0.5274232084550345,-0.2870442213756603
fine,0.041,0,0.5361996819061174,-0.2774975378951474
fine,0.041,0,0.5449514036478755,-0.27446602641221873
fine,0.041,0,0.5536980665933513,-0.2648966451812016
fine,0.041,0,0.5624077067002602,-0.26181686010798333
fine,0.041,0,0.5711106284026042,-0.25219197334130916
fine,0.041,0,0.5797643814107059,-0.24910392845243545
fine,0.041,0,0.5884097791389143,-0.23939451766932573
fine,0.041,0,0.596994028688502,-0.23634178835249187
fine,0.041,0,0.6055683143544907,-0.22651539761302542
fine,0.041,0,0.6140696792635608,-0.2235426165149994
fine,0.041,0,0.6225595053999542,-0.21356356049898917
fine,0.041,0,0.63096488494189,-0.21071942129015198
fine,0.041,0,0.6393571898656255,-0.20056127314343164
fine,0.041,0,0.6476538080979101,-0.19791619402215854
fine,0.041,0,0.6559358601068398,-0.18755385708448813
fine,0.041,0,0.6641113091007976,-0.1851736351755835
fine,0.041,0,0.6722707495537354,-0.17457365157254423
fine,0.041,0,0.6803130313790395,-0.17252378391017253
fine,0.041,0,0.6883379165134946,-0.16169108963836454
fine,0.041,0,0.696235483835371,-0.16012563323059448
fine,0.041,0,0.7041143251814626,-0.14904349511026083
fine,0.041,0,0.7118561203331948,-0.1480538646986551
fine,0.041,0,0.7195779235869822,-0.13659289436771238
fine,0.041,0,0.7271534159855794,-0.13624404533662382
fine,0.041,0,0.7347077182103254,-0.12421208476912016
fine,0.041,0,0.7421069399886673,-0.12458580456810187
fine,0.041,0,0.7494838450180932,-0.11179317953461942
fine,0.041,0,0.7566974247530426,-0.11300162545731052
fine,0.041,0,0.7638876366768249,-0.09928405089858128
fine,0.041,0,0.7709068310991566,-0.10146230617263763
fine,0.041,0,0.777901685717346,-0.08667158404482422
fine,0.041,0,0.7847184092961965,-0.08996020140746097
fine,0.041,0,0.7915099034361227,-0.07395754440134383
fine,0.041,0,0.7981167557378812,-0.07850565466908943
fine,0.041,0,0.8046975743343677,-0.06116448958207865
fine,0.041,0,0.8110878650633836,-0.06712346949158565
fine,0.041,0,0.8174514059105983,-0.0483166285285308
fine,0.041,0,0.8236191775470355,-0.055800502609798075
fine,0.041,0,0.829759573638275,-0.035411850447061965
fine,0.041,0,0.8356996215964724,-0.04452800813545421
fine,0.041,0,0.8416117609762543,-0.02247985791609386
fine,0.041,0,0.8473196512153888,-0.03332022458756301
fine,0.041,0,0.8529991942766852,-0.009572524963459061
fine,0.041,0,0.85847127830417,-0.02220428876119107
fine,0.041,0,0.8639146724722715,0.0032559777788447875
fine,0.041,0,0.8691480996890972,-0.01121576198421148
fine,0.041,0,0.8743525914423966,0.015955973816869196
fine,0.041,0,0.8793453187886557,-0.00040368032426441047
fine,0.041,0,0.8843089629756943,0.028481979715398342
fine,0.041,0,0.8890597618436453,0.01016269777630252
fine,0.041,0,0.8937814282648882,0.040792677360733
fine,0.041,0,0.8982898886561963,0.02039195675052552
fine,0.041,0,0.9027692658882837,0.05285496777289833
fine,0.041,0,0.9070357978012841,0.03018654223386663
fine,0.041,0,0.9112733942507577,0.06467091069429076
fine,0.041,0,0.9152992262931914,0.03951148028453033
fine,0.041,0,0.9192963684762414,0.07629761705495053
fine,0.041,0,0.9230835437080159,0.04833352562656534
fine,0.041,0,0.9268423717619523,0.08775257201051467
fine,0.041,0,0.9303937407820771,0.05659898466382629
fine,0.041,0,0.9339172012237866,0.09899954480837359
fine,0.041,0,0.9372364125248491,0.06424769202851044
fine,0.041,0,0.9405282482807135,0.10996923486838694
fine,0.041,0,0.943619735903535,0.07121989510414117
fine,0.041,0,0.9466844736445551,0.12052495125974794
fine,0.041,0,0.9495534421747981,0.07744018881413872
fine,0.041,0,0.9523963769997694,0.13048375443939286
fine,0.041,0,0.9550487839572708,0.08281601349887968
fine,0.041,0,0.9576759614758479,0.13962060769591633
fine,0.041,0,0.9601184971562551,0.08726085085651747
fine,0.041,0,0.9625366930325199,0.14767497244577243
fine,0.041,0,0.9647767578694472,0.09072993889836567
fine,0.041,0,0.9669934548952075,0.15436799179214888
fine,0.041,0,0.9690391344195192,0.09327442355042148
fine,0.041,0,0.9710624971949144,0.15942544635660827
fine,0.041,0,0.9729225346758318,0.09506776289912322
fine,0.041,0,0.9747613819828982,0.16260733567229357
fine,0.041,0,0.9764451488435607,0.09636544505399913
fine,0.041,0,0.9781089238062785,0.1637580434236402
fine,0.041,0,0.9796263879138054,0.09742282418266202
fine,0.041,0,0.9811251260455475,0.1629243783368407
fine,0.041,0,0.9824868179829328,0.09845685668741389
fine,0.041,0,0.9838311132294686,0.16050307713184953
fine,0.041,0,0.9850480906634214,0.09960778901996559
fine,0.041,0,0.9862490595563541,0.15727239851197383
fine,0.041,0,0.9873328698216551,0.10097277194846843
fine,0.041,0,0.9884021138636017,0.154188783884463
fine,0.041,0,0.9893647548905768,0.1026518267022799
fine,0.041,0,0.9903143212993519,0.15199301655796704
fine,0.041,0,0.9911682010166755,0.1047582701262676
fine,0.041,0,0.9920105419613223,0.15101820939917943
fine,0.041,0,0.9927684363115116,0.10742413775746729
fine,0.041,0,0.9935163667781021,0.1512903699029008
fine,0.041,0,0.994191376487773,0.11081788432260076
fine,0.041,0,0.9948580309175509,0.15267939736690217
fine,0.041,0,0.995463537168709,0.11516028376027232
fine,0.041,0,0.9960623250153025,0.15472536910857182
fine,0.041,0,0.9966119441676526,0.12053288219439617
fine,0.041,0,0.997156504523721,0.15434333019885937
fine,0.041,0,0.997664042041222,0.12469591106566646
fine,0.041,0,0.9981681974880893,0.1147882600248975
fine,0.041,0,0.9986476012256317,0.09096086678116366
fine,0.041,0,0.9991253110620446,-0.014156302064572746
fine,0.041,0,0.9995906240703231,-0.11098513390341569
fine,0.041,1,5.5937078602379166e-05,0.40060919847684673
fine,0.041,1,0.0005212500868810686,0.3751315590288091
fine,0.041,1,0.0009882569962894338,0.45941308562568683
fine,0.041,1,0.001467660733831845,0.4255251163043785
fine,0.041,1,0.0019504465420083108,0.4703702760489604
fine,0.041,1,0.0024579840595098414,0.44560406293723653
fine,0.041,1,0.002970580373293382,0.47385154948564023
fine,0.041,1,0.0035201995256438196,0.4610422257166218
fine,0.041,1,0.004076537082558917,0.4691355525128935
fine,0.041,1,0.004682043333716351,0.4689957385240434
fine,0.041,1,0.005295904864766822,0.4588865475749486
fine,0.041,1,0.00597091457443863,0.471314021912969
fine,0.041,1,0.006655888167709273,0.4446134109908966
fine,0.041,1,0.007413782517898317,0.46867304301259305
fine,0.041,1,0.008183215640764081,0.4273513607379533
fine,0.041,1,0.009037095358087442,0.4611286218617705
fine,0.041,1,0.009904049693610986,0.40793369541693647
fine,0.041,1,0.010866690720585482,0.44849945118302303
fine,0.041,1,0.011843897970914745,0.38714408658795374
fine,0.041,1,0.012927708236216246,0.430662153585725
fine,0.041,1,0.014027527042537595,0.3656582878748438
fine,0.041,1,0.015244504476490825,0.4077286435402925
fine,0.041,1,0.016478878601293687,0.3438393543916446
fine,0.041,1,0.017840570538678678,0.38009842634667357
fine,0.041,1,0.019220988451848216,0.3216079962113275
fine,0.041,1,0.020738452559375172,0.34893536382747714
fine,0.041,1,0.022275908564846923,0.2990433737413811
fine,0.041,1,0.02395967542550928,0.31651329681337736
fine,0.041,1,0.02566463246002244,0.27661644134649177
fine,0.041,1,0.02752466994093997,0.28408774576551954
fine,0.041,1,0.029407024170773528,0.2537572139808737
fine,0.041,1,0.03145270369508345,0.2529643583686727
fine,0.041,1,0.03352175103056049,0.2307011041185275
fine,0.041,1,0.03576181586748917,0.2241619210891116
fine,0.041,1,0.03802622050855998,0.20779358540604986
fine,0.041,1,0.04046875618896723,0.19803743991186906
fine,0.041,1,0.042936521308299024,0.1853483492363479
fine,0.041,1,0.04558892826580045,0.17447723198341036
fine,0.041,1,0.04826736892857376,0.16366754709698184
fine,0.041,1,0.05113633745881695,0.15311741974614457
fine,0.041,1,0.05403205587086134,0.1430037254951373
fine,0.041,1,0.05712354349368238,0.1335182260939397
fine,0.041,1,0.060242406661701484,0.12354322335878476
fine,0.041,1,0.06356161796276408,0.11527800804220378
fine,0.041,1,0.06690873784224216,0.10538663295152473
fine,0.041,1,0.07046010686236692,0.09809823097411341
fine,0.041,1,0.07403982306032948,0.08852607472052487
fine,0.041,1,0.07782699829210395,0.08179021349624505
fine,0.041,1,0.08164286338326175,0.0728303365051125
fine,0.041,1,0.08566869542569541,0.06624621628076077
fine,0.041,1,0.08972346293165546,0.05808646182005861
fine,0.041,1,0.09398999484465559,0.051433928033483345
fine,0.041,1,0.09828560991687595,0.04411502351190055
fine,0.041,1,0.10279407030818012,0.037395207345917725
fine,0.041,1,0.10733166314619343,0.030827720677390258
fine,0.041,1,0.11208246201414854,0.024113266757407104
fine,0.041,1,0.11686234404132383,0.018136624792510547
fine,0.041,1,0.12185507138758284,0.011528117200384602
fine,0.041,1,0.12687673419736825,0.005981658332534279
fine,0.041,1,0.13211016141419385,-0.0004511179489636863
fine,0.041,1,0.1373722784904029,-0.0057018954153496
fine,0.041,1,0.14284436251788787,-0.011935600061768303
fine,0.041,1,0.14834479372321066,-0.016992657790857013
fine,0.041,1,0.15405268396234573,-0.023029807696930416
fine,0.041,1,0.15978848277989613,-0.02797244845981739
fine,0.041,1,0.16572853073809185,-0.03382010757482501
fine,0.041,1,0.17169595424148582,-0.03872925508720759
fine,0.041,1,0.17786372587792415,-0.04439795974684779
fine,0.041,1,0.18405824739616367,-0.049391849550691314
fine,0.041,1,0.19044853812517984,-0.05492887179888717
fine,0.041,1,0.1968648625594678,-0.06017145959459547
fine,0.041,1,0.20347171486122553,-0.06568698599161316
fine,0.041,1,0.21010379660190773,-0.0712337288354763
fine,0.041,1,0.21692052018075988,-0.07666729774278824
fine,0.041,1,0.2237615835637542,-0.0823130893862507
fine,0.041,1,0.23078077798608465,-0.08747415261580871
fine,0.041,1,0.2378233402195823,-0.09291648418643406
fine,0.041,1,0.2450369199545316,-0.09777195616652734
fine,0.041,1,0.25227281643839694,-0.10276241807331332
fine,0.041,1,0.2596720382167387,-0.10730310454953473
fine,0.041,1,0.2670924501689313,-0.11153496201060276
fine,0.041,1,0.274667942567528,-0.11566547810305394
fine,0.041,1,0.28226342686406963,-0.11865464087671351
fine,0.041,1,0.29000522201580187,-0.12216654609982802
fine,0.041,1,0.29776574314331844,-0.12336277268859308
fine,0.041,1,0.30566331046519163,-0.12603200267803527
fine,0.041,1,0.3135782744779148,-0.125229188561635
fine,0.041,1,0.3216205563032225,-0.12707753208915085
fine,0.041,1,0.32967884666954994,-0.12475192365281007
fine,0.041,1,0.3378542956635082,-0.12622177776047216
fine,0.041,1,0.34604431088082105,-0.12297140254751815
fine,0.041,1,0.35434092911310483,-0.12402819021769007
fine,0.041,1,0.362650621963589,-0.12015306319966546
fine,0.041,1,0.3710560015055249,-0.1208454193445827
fine,0.041,1,0.37947291982013753,-0.11665052466177173
fine,0.041,1,0.38797428472920764,-0.1171241603272315
fine,0.041,1,0.39648561352187667,-0.11287263425987826
fine,0.041,1,0.40506986307146436,-0.11317402610689276
fine,0.041,1,0.4136624679009451,-0.10896840815533193
fine,0.041,1,0.42231622090904647,-0.10911036030417676
fine,0.041,1,0.4309766923217128,-0.10492987676105492
fine,0.041,1,0.43968633242862176,-0.10490049604769291
fine,0.041,1,0.4484010313318127,-0.10066571153638515
fine,0.041,1,0.4571527530735706,-0.10044969215046184
fine,0.041,1,0.4659078568859624,-0.09609921034387936
fine,0.041,1,0.47468771240767926,-0.09571114031792094
fine,0.041,1,0.4834692618305257,-0.09123486725104457
fine,0.041,1,0.4922632080815063,-0.09072074219394866
fine,0.041,1,0.5010571543324868,-0.08609354351247434
fine,0.041,1,0.5098511005834668,-0.08543449197745234
fine,0.041,1,0.5186433529333173,-0.08062990372193446
fine,0.041,1,0.5274232084550344,-0.07987509499376877
fine,0.041,1,0.5361996819061174,-0.07489556524861563
fine,0.041,1,0.5449514036478755,-0.07407217067703864
fine,0.041,1,0.5536980665933513,-0.06890257864135196
fine,0.041,1,0.56240770670026,-0.06803632229978085
fine,0.041,1,0.571110628402604,-0.0626561742788454
fine,0.041,1,0.5797643814107057,-0.06178299759886241
fine,0.041,1,0.5884097791389143,-0.056173577128813434
fine,0.041,1,0.596994028688502,-0.055333385501032506
fine,0.041,1,0.6055683143544909,-0.049471832357200096
fine,0.041,1,0.614069679263561,-0.04870605039449116
fine,0.041,1,0.6225595053999544,-0.042565451493835615
fine,0.041,1,0.6309648849418902,-0.041919893282842624
fine,0.041,1,0.6393571898656257,-0.03548000939858853
fine,0.041,1,0.6476538080979104,-0.0350198611966992
fine,0.041,1,0.6559358601068401,-0.02826072614134878
fine,0.041,1,0.6641113091007979,-0.028048374118757824
fine,0.041,1,0.672270749553736,-0.02094203832418895
fine,0.041,1,0.680313031379045,-0.02104067505204643
fine,0.041,1,0.6883379165135037,-0.013591381533386793
fine,0.041,1,0.6962354838353754,-0.014141585996205075
fine,0.041,1,0.7041143251814628,-0.006335213313548804
fine,0.041,1,0.7118561203331952,-0.007425389418316053
fine,0.041,1,0.7195779235869827,0.0008500432667652991
fine,0.041,1,0.7271534159855796,-0.0008468246199677676
fine,0.041,1,0.7347077182103257,0.008066614485264356
fine,0.041,1,0.7421069399886675,0.005681355170585323
fine,0.041,1,0.7494838450180932,0.015402561276478877
fine,0.041,1,0.7566974247530426,0.012219765790142278
fine,0.041,1,0.7638876366768248,0.022898745694272082
fine,0.041,1,0.7709068310991558,0.01878887025024434
fine,0.041,1,0.7779016857173442,0.030563235263909805
fine,0.041,1,0.7847184092961943,0.025391015938474926
fine,0.041,1,0.79150990343612,0.038391262857631614
fine,0.041,1,0.7981167557378794,0.03201385402550283
fine,0.041,1,0.804697574334367,0.046360600161166055
fine,0.041,1,0.8110878650633832,0.038633199391408635
fine,0.041,1,0.8174514059105982,0.054448293949192705
fine,0.041,1,0.8236191775470341,0.045259524060048295
fine,0.041,1,0.8297595736382725,0.06265616796175333
fine,0.041,1,0.8356996215964713,0.05190170380539538
fine,0.041,1,0.8416117609762543,0.07096009769147815
fine,0.041,1,0.8473196512153888,0.0585500781249515
fine,0.041,1,0.8529991942766852,0.07931850672398899
fine,0.041,1,0.8584712783041706,0.06518531827318708
fine,0.041,1,0.8639146724722724,0.08769062926432902
fine,0.041,1,0.8691480996890976,0.07178194831263407
fine,0.041,1,0.8743525914423966,0.09604270063434872
fine,0.041,1,0.8793453187886557,0.07830345784572157
fine,0.041,1,0.8843089629756944,0.10434757506242354
fine,0.041,1,0.8890597618436459,0.08469486546506355
fine,0.041,1,0.893781428264889,0.11258346138625719
fine,0.041,1,0.8982898886561964,0.09087995988935782
fine,0.041,1,0.9027692658882832,0.12073666594071408
fine,0.041,1,0.9070357978012836,0.09677470726224735
fine,0.041,1,0.9112733942507577,0.1288252347123009
fine,0.041,1,0.9152992262931914,0.10235023112763542
fine,0.041,1,0.9192963684762414,0.136915323786024
fine,0.041,1,0.9230835437080159,0.10757765960300592
fine,0.041,1,0.9268423717619523,0.14503209122710103
fine,0.041,1,0.9303937407820771,0.11240724296200921
fine,0.041,1,0.9339172012237866,0.15314455589214793
fine,0.041,1,0.9372364125248493,0.11678047132512093
fine,0.041,1,0.9405282482807139,0.16118220531257688
fine,0.041,1,0.9436197359035352,0.12063678387734933
fine,0.041,1,0.9466844736445551,0.1690030929083618
fine,0.041,1,0.9495534421747981,0.12389819516521583
fine,0.041,1,0.9523963769997694,0.1764126213664038
fine,0.041,1,0.9550487839572708,0.12646764015006862
fine,0.041,1,0.9576759614758479,0.18316909540394777
fine,0.041,1,0.9601184971562551,0.12825145839513152
fine,0.041,1,0.9625366930325203,0.18899261794419075
fine,0.041,1,0.9647767578694514,0.12919502337026945
fine,0.041,1,0.9669934548952148,0.19358477858844136
fine,0.041,1,0.9690391344195227,0.12933746054821027
fine,0.041,1,0.9710624971949149,0.19665436075233766
fine,0.041,1,0.9729225346758322,0.12883937714965543
fine,0.041,1,0.9747613819828986,0.19794868224500506
fine,0.041,1,0.9764451488435612,0.1279463306845724
fine,0.041,1,0.9781089238062789,0.1973044156484376
fine,0.041,1,0.9796263879138054,0.1269082471759444
fine,0.041,1,0.9811251260455475,0.19476296750324074
fine,0.041,1,0.9824868179829332,0.12594081837711857
fine,0.041,1,0.983831113229469,0.19071375112053535
fine,0.041,1,0.9850480906634218,0.12518822321090162
fine,0.041,1,0.9862490595563546,0.18592631265803572
fine,0.041,1,0.9873328698216551,0.12475288508035731
fine,0.041,1,0.9884021138636012,0.1813489594394081
fine,0.041,1,0.9893647548905768,0.12473940919571036
fine,0.041,1,0.9903143212993522,0.1777210216723265
fine,0.041,1,0.9911682010166755,0.12526680739348572
fine,0.041,1,0.9920105419613223,0.17538190706132606
fine,0.041,1,0.9927684363115116,0.12647184135408818
fine,0.041,1,0.9935163667781023,0.17437032901355298
fine,0.041,1,0.9941913764877732,0.12853030476573635
fine,0.041,1,0.9948580309175513,0.1745774912882453
fine,0.041,1,0.995463537168709,0.13166924888821852
fine,0.041,1,0.9960623250153016,0.17557763726191844
fine,0.041,1,0.9966119441676522,0.13596099901627445
fine,0.041,1,0.997156504523721,0.17435381486194035
fine,0.041,1,0.9976640420412225,0.1391145222323915
fine,0.041,1,0.9981681974880897,0.1343271195197
fine,0.041,1,0.9986476012256319,0.1047199105921619
fine,0.041,1,0.9991253110620446,0.0023530834823419777
fine,0.041,1,0.9995906240703231,-0.11098513390341569
coarse,0.163,0,0.00024982898733673603,-0.03579844768593543
coarse,0.163,0,0.0013182457413504355,-0.1430964430978392
coarse,0.163,0,0.002424064036603292,-0.4228119774632282
coarse,0.163,0,0.0036524319384473062,-0.4271410907115063
coarse,0.163,0,0.0049549629720289845,-0.5456998776751931
coarse,0.163,0,0.006500496361046419,-0.5189216564943424
coarse,0.163,0,0.008155685520554257,-0.5938425885430632
coarse,0.163,0,0.010170171946668154,-0.5441736824162413
coarse,0.163,0,0.012327930541390511,-0.6219501096216837
coarse,0.163,0,0.014955133638044016,-0.5522457861352035
coarse,0.163,0,0.01775677387489508,-0.6343628539867143
coarse,0.163,0,0.021129973523415172,-0.5478700619996693
coarse,0.163,0,0.024705790615891225,-0.6351831530825842
coarse,0.163,0,0.028945502489777723,-0.5330998038539763
coarse,0.163,0,0.03341254527073595,-0.6263270538182024
coarse,0.163,0,0.0386244587790685,-0.5117236934456721
coarse,0.163,0,0.04408452696274063,-0.612942538660781
coarse,0.163,0,0.05035769687508863,-0.49097504242718126
coarse,0.163,0,0.05689559923574745,-0.5980765488333664
coarse,0.163,0,0.06430092193037153,-0.47796853419348584
coarse,0.163,0,0.07198302520068933,-0.5812120997258345
coarse,0.163,0,0.0805720256078534,-0.4761699206306669
coarse,0.163,0,0.08944511892570604,-0.5608165323006142
coarse,0.163,0,0.09924906892183522,-0.4835038107909486
coarse,0.163,0,0.10933956325518038,-0.5381435666184231
coarse,0.163,0,0.12036894659238448,-0.4935469613749859
coarse,0.163,0,0.1316824228402771,-0.516066865570965
coarse,0.163,0,0.1439267557664463,-0.5004945444340381
coarse,0.163,0,0.1564478692683092,-0.4971853393759529
coarse,0.163,0,0.16987587990701847,-0.5022417338316085
coarse,0.163,0,0.18356862299403856,-0.48293966053465587
coarse,0.163,0,0.1981287864150239,-0.5002421818391156
coarse,0.163,0,0.21293710451134884,-0.4732618288946333
coarse,0.163,0,0.2285585243363497,-0.49583884111253806
coarse,0.163,0,0.24440727506842244,-0.46428980618516125
coarse,0.163,0,0.2610008965278694,-0.4862181449868397
coarse,0.163,0,0.277797135431272,-0.44846345196785586
coarse,0.163,0,0.2952572691160844,-0.4657561823555316
coarse,0.163,0,0.3128918399410952,-0.4195167258656771
coarse,0.163,0,0.3310979701777768,-0.43146822874156165
coarse,0.163,0,0.3494473725830663,-0.37934271065863734
coarse,0.163,0,0.36826621949028465,-0.3899437156910128
coarse,0.163,0,0.3871947221679936,-0.3368656091643911
coarse,0.163,0,0.40648252211230934,-0.34851423909791635
coarse,0.163,0,0.4258444851883628,-0.2964845031945966
coarse,0.163,0,0.44544945061985247,-0.30967512986497914
coarse,0.163,0,0.46509181759258095,-0.25860482723994327
coarse,0.163,0,0.48485673417190045,-0.2730536387069118
coarse,0.163,0,0.50462165075122,-0.2224310268722942
coarse,0.163,0,0.5243865673305395,-0.238158765324737
coarse,0.163,0,0.54411408236862,-0.1877823526005724
coarse,0.163,0,0.5637190478001101,-0.20495131542844258
coarse,0.163,0,0.5832498500998621,-0.15470901054007857
coarse,0.163,0,0.6025376500441775,-0.1734783715432875
coarse,0.163,0,0.6217157942180023,-0.12328693293918813
coarse,0.163,0,0.640534641125221,-0.14386000417348788
coarse,0.163,0,0.6592102158638312,-0.09372901986665494
coarse,0.163,0,0.6774163461005108,-0.1164447989657813
coarse,0.163,0,0.6954480391969929,-0.06654130294314164
coarse,0.163,0,0.7129081728818071,-0.09190191582468321
coarse,0.163,0,0.7301656891226651,-0.04200823698424205
coarse,0.163,0,0.746759310582112,-0.07022089990118685
coarse,0.163,0,0.7631256011344871,-0.019621980130535954
coarse,0.163,0,0.7787470209594879,-0.050898000867313886
coarse,0.163,0,0.7941202861091492,0.0009414752832614948
coarse,0.163,0,0.8086804495301362,-0.03370919383643489
coarse,0.163,0,0.8229758805028112,0.019609170666211484
coarse,0.163,0,0.8364038911415189,-0.018464242726757174
coarse,0.163,0,0.8495551212045331,0.036266382503430616
coarse,0.163,0,0.8617994541307028,-0.004796758081563546
coarse,0.163,0,0.873759694146183,0.05065658567823461
coarse,0.163,0,0.8847890774833831,0.007660751666172416
coarse,0.163,0,0.8955319164833692,0.062400542880485244
coarse,0.163,0,0.905335866479502,0.019097993556843162
coarse,0.163,0,0.9148557235649457,0.0715261902003308
coarse,0.163,0,0.9234447239721105,0.02973917003783788
coarse,0.163,0,0.9317569438035812,0.07901145019158451
coarse,0.163,0,0.9391622664982051,0.03991248525307378
coarse,0.163,0,0.9463028567445182,0.08620459733386354
coarse,0.163,0,0.9525760266568659,0.0498734336927521
coarse,0.163,0,0.9586010418938744,0.09387462730926144
coarse,0.163,0,0.9638129554022067,0.059765755094044026
coarse,0.163,0,0.9687975380034675,0.10208532060355369
coarse,0.163,0,0.9730372498773537,0.06964886410090465
coarse,0.163,0,0.9770743443072847,0.1105045240546062
coarse,0.163,0,0.9804475439558069,0.07948363253456037
coarse,0.163,0,0.9836463064641302,0.11854041256888614
coarse,0.163,0,0.986273509560781,0.08910470864741893
coarse,0.163,0,0.9887574404888242,0.12504421258132226
coarse,0.163,0,0.9907719269149389,0.09797848183552138
coarse,0.163,0,0.9926767575705628,0.12589833843488396
coarse,0.163,0,0.9942222909595808,0.10307974186742253
coarse,0.163,0,0.9956936612168605,0.07908772330409075
coarse,0.163,0,0.9969220291187043,0.06376879626214849
coarse,0.163,0,0.9981129954793089,-0.05027685673518145
coarse,0.163,0,0.9991814122333226,-0.1414061657895943
coarse,0.163,1,0.00024982898733679176,0.28832437731822347
coarse,0.163,1,0.0013182457413504355,0.25829436330649436
coarse,0.163,1,0.002424064036603292,0.4118236558082309
coarse,0.163,1,0.0036524319384474177,0.3559671492467146
coarse,0.163,1,0.004954962972029207,0.4216722670906826
coarse,0.163,1,0.00650049636104653,0.3742117344891147
coarse,0.163,1,0.008155685520554257,0.4011652963601182
coarse,0.163,1,0.01017017194666832,0.36765288162249843
coarse,0.163,1,0.012327930541390678,0.36168819604860303
coarse,0.163,1,0.01495513363804396,0.34461791197369585
coarse,0.163,1,0.01775677387489497,0.3120327184959376
coarse,0.163,1,0.021129973523415228,0.31314678375931093
coarse,0.163,1,0.024705790615891392,0.2583616887467357
coarse,0.163,1,0.028945502489777834,0.27934002388107737
coarse,0.163,1,0.033412545270736116,0.2055212004794219
coarse,0.163,1,0.03862445877906861,0.2469794020934728
coarse,0.163,1,0.044084526962740574,0.1559164704129924
coarse,0.163,1,0.050357696875088453,0.21615059345426246
coarse,0.163,1,0.05689559923574728,0.11075550194759154
coarse,0.163,1,0.06430092193037142,0.1833327868588721
coarse,0.163,1,0.07198302520068933,0.07141863294338113
coarse,0.163,1,0.0805720256078534,0.14424339733004
coarse,0.163,1,0.08944511892570604,0.03918845633423329
coarse,0.163,1,0.09924906892183533,0.09836016985794105
coarse,0.163,1,0.1093395632551806,0.013419299347461111
coarse,0.163,1,0.12036894659238481,0.050328295344182594
coarse,0.163,1,0.1316824228402773,-0.008191458580942834
coarse,0.163,1,0.14392675576644653,0.005793975569760024
coarse,0.163,1,0.15644786926830942,-0.028238836529763
coarse,0.163,1,0.16987587990701858,-0.03230828872968128
coarse,0.163,1,0.18356862299403856,-0.048506813420315265
coarse,0.163,1,0.1981287864150239,-0.0642549884121073
coarse,0.163,1,0.21293710451134884,-0.06951517441439692
coarse,0.163,1,0.2285585243363497,-0.09104497868143047
coarse,0.163,1,0.24440727506842244,-0.08903687778158775
coarse,0.163,1,0.2610008965278694,-0.11125534345608146
coarse,0.163,1,0.277797135431272,-0.10188745582177217
coarse,0.163,1,0.2952572691160844,-0.12129640951805665
coarse,0.163,1,0.312891839941095,-0.10317423113386082
coarse,0.163,1,0.3310979701777768,-0.11889231301948566
coarse,0.163,1,0.3494473725830663,-0.09357265660690395
coarse,0.163,1,0.368266219490285,-0.10840399134594425
coarse,0.163,1,0.38719472216799405,-0.0794039850215853
coarse,0.163,1,0.4064825221123097,-0.09516353698099533
coarse,0.163,1,0.42584448518836326,-0.06428063182294119
coarse,0.163,1,0.4454494506198526,-0.08137675886626772
coarse,0.163,1,0.46509181759258095,-0.04895478544652687
coarse,0.163,1,0.48485673417190056,-0.06718839597546489
coarse,0.163,1,0.5046216507512201,-0.03316703690888145
coarse,0.163,1,0.5243865673305395,-0.05257301790723612
coarse,0.163,1,0.5441140823686202,-0.01703621062422811
coarse,0.163,1,0.563719047800111,-0.03777035919202221
coarse,0.163,1,0.5832498500998634,-0.0008079721150773267
coarse,0.163,1,0.6025376500441779,-0.02303428506128058
coarse,0.163,1,0.6217157942180023,0.015289161163229426
coarse,0.163,1,0.6405346411252212,-0.00864238357968028
coarse,0.163,1,0.6592102158638321,0.03093735419914334
coarse,0.163,1,0.6774163461005122,0.004959620770124906
coarse,0.163,1,0.6954480391969947,0.045578354772938146
coarse,0.163,1,0.7129081728818077,0.01705881502637363
coarse,0.163,1,0.7301656891226651,0.05884042147613067
coarse,0.163,1,0.746759310582112,0.027507689035790373
coarse,0.163,1,0.7631256011344869,0.07103372471724201
coarse,0.163,1,0.7787470209594861,0.03660828564079743
coarse,0.163,1,0.7941202861091465,0.0823279691056753
coarse,0.163,1,0.8086804495301344,0.04446013175355923
coarse,0.163,1,0.8229758805028106,0.09255850116700914
coarse,0.163,1,0.8364038911415189,0.05115774971053266
coarse,0.163,1,0.849555121204534,0.10152533425164001
coarse,0.163,1,0.8617994541307032,0.05697935664329146
coarse,0.163,1,0.873759694146183,0.10890743613807874
coarse,0.163,1,0.8847890774833838,0.062230233879050245
coarse,0.163,1,0.89553191648337,0.11428809464552436
coarse,0.163,1,0.9053358664795025,0.06706703036411654
coarse,0.163,1,0.9148557235649457,0.11765924197752409
coarse,0.163,1,0.9234447239721101,0.07167669820982026
coarse,0.163,1,0.9317569438035808,0.11993449391143574
coarse,0.163,1,0.9391622664982049,0.07635083704952894
coarse,0.163,1,0.9463028567445182,0.12240023581448511
coarse,0.163,1,0.9525760266568659,0.0813277486047369
coarse,0.163,1,0.9586010418938744,0.1257971330774309
coarse,0.163,1,0.9638129554022067,0.08674613952123034
coarse,0.163,1,0.9687975380034675,0.13018515210988335
coarse,0.163,1,0.9730372498773537,0.09266248695513202
coarse,0.163,1,0.9770743443072833,0.13523306880440078
coarse,0.163,1,0.9804475439557998,0.0990310869933787
coarse,0.163,1,0.9836463064641201,0.14034190746631692
coarse,0.163,1,0.9862735095607763,0.10567101084193853
coarse,0.163,1,0.9887574404888237,0.14434487678328944
coarse,0.163,1,0.9907719269149386,0.11202513182915697
coarse,0.163,1,0.9926767575705628,0.1431199441518779
coarse,0.163,1,0.9942222909595808,0.11506213803806786
coarse,0.163,1,0.9956936612168605,0.09482490152303336
coarse,0.163,1,0.9969220291187043,0.07441206803050504
coarse,0.163,1,0.9981129954793089,-0.03789321265329404
coarse,0.163,1,0.9991814122333226,-0.1414061657895943
medium,0.163,0,0.0005807617012621174,-0.02764618111339434
medium,0.163,0,0.0012831358709954727,-0.1283373620213275
medium,0.163,0,0.0020247905586456647,-0.37245358893383984
medium,0.163,0,0.002774670652234885,-0.38269696234025163
medium,0.163,0,0.003602812833197941,-0.4925642846409908
medium,0.163,0,0.004447343225733079,-0.4752475866909436
medium,0.163,0,0.005408521653357948,-0.5502541904774896
medium,0.163,0,0.0063941263740024895,-0.5126107708263417
medium,0.163,0,0.007533877315472296,-0.5917338491169293
medium,0.163,0,0.008705906732570604,-0.5369532506107124
medium,0.163,0,0.010068407410411926,-0.6217648877376187
medium,0.163,0,0.011470793087800352,-0.5517045063830464
medium,0.163,0,0.013098525464549125,-0.6422283624185823
medium,0.163,0,0.014773445815834722,-0.5580176533455434
medium,0.163,0,0.016706873280642725,-0.6544771332354145
medium,0.163,0,0.01869443256599706,-0.5578160537039829
medium,0.163,0,0.020971691983814145,-0.6608851686614934
medium,0.163,0,0.0233096150923477,-0.552835525988951
medium,0.163,0,0.025966226559350405,-0.6617817012863219
medium,0.163,0,0.028689571899923584,-0.5429831717617575
medium,0.163,0,0.031758168414134244,-0.6571705491655757
medium,0.163,0,0.03489906109969637,-0.5304945488040584
medium,0.163,0,0.0384091402041653,-0.6491494498997852
medium,0.163,0,0.04199652756024898,-0.5184362337233135
medium,0.163,0,0.04597422684893979,-0.638529451645724
medium,0.163,0,0.050033658107034085,-0.5101031112356
medium,0.163,0,0.05450155630195162,-0.6263562272370737
medium,0.163,0,0.05905498815442294,-0.5080349240728055
medium,0.163,0,0.06403193326790586,-0.6127685511196694
medium,0.163,0,0.06909756276431232,-0.5121424715131446
medium,0.163,0,0.07459852865427766,-0.5974741943026116
medium,0.163,0,0.08019065471083303,-0.5198911303700442
medium,0.163,0,0.08622662712067666,-0.5807681539537008
medium,0.163,0,0.09235554169686525,-0.5281202254942781
medium,0.163,0,0.09893343464732064,-0.5638366608772585
medium,0.163,0,0.10560534441786998,-0.5343899404439889
medium,0.163,0,0.11272794758713645,-0.5479628227174316
medium,0.163,0,0.11994492670547588,-0.537376714311204
medium,0.163,0,0.12761088419808253,-0.5339568922589557
medium,0.163,0,0.13537085851078307,-0.5367848905975525
medium,0.163,0,0.14357467917677144,-0.5219989231250315
medium,0.163,0,0.15187144200910468,-0.5330075003654384
medium,0.163,0,0.1606035412349969,-0.5117630040200403
medium,0.163,0,0.16942680062747922,-0.5268058267439075
medium,0.163,0,0.1786735732809733,-0.5027994240782772
medium,0.163,0,0.188009030317391,-0.5192114319767522
medium,0.163,0,0.19775295429063186,-0.495094564389174
medium,0.163,0,0.20758241192142649,-0.5117206185105998
medium,0.163,0,0.21780218148482822,-0.48883298821392973
medium,0.163,0,0.22810368301763342,-0.504884983827453
medium,0.163,0,0.23877437096934534,-0.4827869469000483
medium,0.163,0,0.2495223671726721,-0.49735649922984226
medium,0.163,0,0.26061561454963633,-0.47488235136142776
medium,0.163,0,0.2717811580979523,-0.48771831757510586
medium,0.163,0,0.2832653900047367,-0.4633843650186398
medium,0.163,0,0.2948163557850916,-0.4739157185230287
medium,0.163,0,0.30665702169791,-0.44569169567255074
medium,0.163,0,0.318558351301445,-0.45334440961166855
medium,0.163,0,0.3307181880185028,-0.4209716190672512
medium,0.163,0,0.3429321565561069,-0.4271535249528797
medium,0.163,0,0.35537147179306977,-0.39243896552639357
medium,0.163,0,0.36785797500456907,-0.3986260163444133
medium,0.163,0,0.3805349494768123,-0.36312543233717465
medium,0.163,0,0.3932518089486028,-0.369918633511535
medium,0.163,0,0.40612281464121863,-0.3346388093435839
medium,0.163,0,0.41902609880946284,-0.34230986293867427
medium,0.163,0,0.43204603101279704,-0.3077533977444127
medium,0.163,0,0.445090389509151,-0.3160855854465081
medium,0.163,0,0.4582130100928785,-0.2821759286161889
medium,0.163,0,0.47135201888817807,-0.2908808618715961
medium,0.163,0,0.4845303082013946,-0.25748012271425247
medium,0.163,0,0.4977168229205502,-0.2665169670482028
medium,0.163,0,0.5109033376397055,-0.23353201975369942
medium,0.163,0,0.5240898523588609,-0.2429188645327196
medium,0.163,0,0.5372370865600996,-0.2102525031922271
medium,0.163,0,0.5503760953553993,-0.2201074389811739
medium,0.163,0,0.5634368420633259,-0.18766702911476507
medium,0.163,0,0.5764812005596803,-0.1981030266462489
medium,0.163,0,0.5894089110209437,-0.16575849656118136
medium,0.163,0,0.6023121951891874,-0.17691594694559631
medium,0.163,0,0.6150613331366064,-0.14452032571093865
medium,0.163,0,0.627778192608397,-0.1565668839655574
medium,0.163,0,0.6403045808194441,-0.12395697659081373
medium,0.163,0,0.6527910840309437,-0.13711620564066718
medium,0.163,0,0.6650522405430844,-0.10411438638262571
medium,0.163,0,0.6772662090806889,-0.11867478342782034
medium,0.163,0,0.6892216705047697,-0.08512725512325492
medium,0.163,0,0.7011230001083038,-0.10148511227592794
medium,0.163,0,0.7127346295793754,-0.06722129106813401
medium,0.163,0,0.7242855953597307,-0.08576580603385531
medium,0.163,0,0.7355178727816168,-0.050381726298509566
medium,0.163,0,0.7466834163299328,-0.07134668498098029
medium,0.163,0,0.7575037087046161,-0.03428998444411002
medium,0.163,0,0.7682517049079494,-0.05796026537693799
medium,0.163,0,0.778630514692365,-0.018775038764279772
medium,0.163,0,0.7889320162251634,-0.045509491930792345
medium,0.163,0,0.7988432058253605,-0.0038474696191872493
medium,0.163,0,0.8086726634561553,-0.034007491856041794
medium,0.163,0,0.818093654150126,0.010414047627850365
medium,0.163,0,0.8274291111865428,-0.023464874389493184
medium,0.163,0,0.8363410549619491,0.02393835394722954
medium,0.163,0,0.8451643143544321,-0.013835420457833925
medium,0.163,0,0.853552237353356,0.036632491923307864
medium,0.163,0,0.8618490001856899,-0.005080207279824389
medium,0.163,0,0.8697019166647353,0.0483185371444258
medium,0.163,0,0.8774618909774355,0.0028464524446485395
medium,0.163,0,0.8847728869158656,0.05876652557914597
medium,0.163,0,0.8919898660342015,0.010021613376316019
medium,0.163,0,0.8987561517538264,0.06769488877633079
medium,0.163,0,0.9054280615243795,0.01652898544675374
medium,0.163,0,0.9116509929206627,0.07485246025874626
medium,0.163,0,0.9177799074968512,0.022505954342034284
medium,0.163,0,0.9234649757197521,0.08018823709419709
medium,0.163,0,0.9290571017763076,0.028170492863971774
medium,0.163,0,0.934213891439304,0.08391653516342079
medium,0.163,0,0.9392795209357097,0.03369693349194902
medium,0.163,0,0.943921637171105,0.08653079124618446
medium,0.163,0,0.9484750690235767,0.039193822649786325
medium,0.163,0,0.9526200339392247,0.08875721375634738
medium,0.163,0,0.9566794651973185,0.04474025963542372
medium,0.163,0,0.9603485845228064,0.09126758600960694
medium,0.163,0,0.9639359718788908,0.05039890946665293
medium,0.163,0,0.9671541728160675,0.09444168437233058
medium,0.163,0,0.9702950655016291,0.056220161240432165
medium,0.163,0,0.9730907070135534,0.09836457824992395
medium,0.163,0,0.9758140523541263,0.06224345526591091
medium,0.163,0,0.9782187093362306,0.1029444161861397
medium,0.163,0,0.9805566324447643,0.0684828774849997
medium,0.163,0,0.9826048554208383,0.10802967744120573
medium,0.163,0,0.9845924147061961,0.07495811535727814
medium,0.163,0,0.9863214668780249,0.11346338065763795
medium,0.163,0,0.9879963872293058,0.08168011766683336
medium,0.163,0,0.9894459608812312,0.11908263231239213
medium,0.163,0,0.9908483465586202,0.08869026971198679
medium,0.163,0,0.9920602609752667,0.12471289228645166
medium,0.163,0,0.9932322903923656,0.0960847368361396
medium,0.163,0,0.9942501735886385,0.12985267029323821
medium,0.163,0,0.9952357783092827,0.10381413325531708
medium,0.163,0,0.9961047349948372,0.13130921135410234
medium,0.163,0,0.9969492653873722,0.10955622230332718
medium,0.163,0,0.9977155336925335,0.09062853293694684
medium,0.163,0,0.9984654137861227,0.07566666837892477
medium,0.163,0,0.999176013361795,-0.038709316291509754
medium,0.163,0,0.9998783875315281,-0.12991640139303617
medium,0.163,1,0.0005807617012620616,0.2594998398000209
medium,0.163,1,0.0012831358709955287,0.22564874796540246
medium,0.163,1,0.0020247905586456647,0.3872245260514977
medium,0.163,1,0.002774670652234885,0.32325208611352974
medium,0.163,1,0.003602812833197997,0.4169469425405382
medium,0.163,1,0.004447343225733247,0.35602974270413645
medium,0.163,1,0.00540852165335806,0.42802308412443535
medium,0.163,1,0.0063941263740024895,0.3755300579698865
medium,0.163,1,0.007533877315472296,0.4221654966740299
medium,0.163,1,0.008705906732570604,0.3803788075702017
medium,0.163,1,0.010068407410411984,0.4048489914710339
medium,0.163,1,0.011470793087800576,0.3753447331287193
medium,0.163,1,0.013098525464549348,0.37939961631540975
medium,0.163,1,0.014773445815834944,0.3635047862631424
medium,0.163,1,0.01670687328064278,0.34837442848503264
medium,0.163,1,0.018694432565996837,0.3471637561889316
medium,0.163,1,0.02097169198381409,0.31374339555309794
medium,0.163,1,0.023309615092347923,0.32816838676514226
medium,0.163,1,0.025966226559350516,0.2773423655466273
medium,0.163,1,0.028689571899923584,0.3081454351961238
medium,0.163,1,0.031758168414134244,0.24094300259049095
medium,0.163,1,0.03489906109969637,0.28772881729508804
medium,0.163,1,0.0384091402041653,0.20556080237372865
medium,0.163,1,0.04199652756024898,0.2665189740611992
medium,0.163,1,0.04597422684893979,0.17213734578900752
medium,0.163,1,0.050033658107034085,0.24303804254086803
medium,0.163,1,0.054501556301951734,0.14119027216116786
medium,0.163,1,0.05905498815442322,0.21545438251831506
medium,0.163,1,0.06403193326790603,0.11316969842882352
medium,0.163,1,0.06909756276431238,0.18303937585619068
medium,0.163,1,0.07459852865427766,0.08840901951534141
medium,0.163,1,0.08019065471083303,0.14694580611927033
medium,0.163,1,0.08622662712067661,0.06677056418269711
medium,0.163,1,0.09235554169686508,0.10957016404700926
medium,0.163,1,0.09893343464732064,0.04747358993685202
medium,0.163,1,0.10560534441787009,0.07339801202673446
medium,0.163,1,0.11272794758713656,0.02949782061839601
medium,0.163,1,0.11994492670547599,0.04022250119440385
medium,0.163,1,0.12761088419808242,0.012029154811829978
medium,0.163,1,0.13537085851078284,0.010923584928389074
medium,0.163,1,0.14357467917677144,-0.005295667657657432
medium,0.163,1,0.1518714420091049,-0.014364876885301081
medium,0.163,1,0.16060354123499712,-0.022393673620084265
medium,0.163,1,0.16942680062747945,-0.03599858664687705
medium,0.163,1,0.1786735732809733,-0.03899456984237104
medium,0.163,1,0.18800903031739089,-0.05468266255926535
medium,0.163,1,0.19775295429063164,-0.05506888674501531
medium,0.163,1,0.20758241192142637,-0.07153310419726244
medium,0.163,1,0.21780218148482822,-0.0707988106256392
medium,0.163,1,0.22810368301763342,-0.08715529288780721
medium,0.163,1,0.23877437096934534,-0.08553201553053102
medium,0.163,1,0.2495223671726721,-0.10093981745761149
medium,0.163,1,0.26061561454963633,-0.09797812815018503
medium,0.163,1,0.2717811580979523,-0.11213121440666574
medium,0.163,1,0.28326539000473683,-0.10696567747533647
medium,0.163,1,0.2948163557850918,-0.11939059706467292
medium,0.163,1,0.3066570216979101,-0.11059281711459823
medium,0.163,1,0.318558351301445,-0.1208431630369946
medium,0.163,1,0.3307181880185028,-0.10800614313372958
medium,0.163,1,0.3429321565561069,-0.11711665603989263
medium,0.163,1,0.3553714717930699,-0.10128222027191836
medium,0.163,1,0.3678579750045693,-0.11038600947375543
medium,0.163,1,0.38053494947681243,-0.09259517216374102
medium,0.163,1,0.3932518089486029,-0.1021732881558417
medium,0.163,1,0.40612281464121874,-0.0832245626866781
medium,0.163,1,0.41902609880946307,-0.0934902615888562
medium,0.163,1,0.43204603101279715,-0.07389599100454292
medium,0.163,1,0.445090389509151,-0.08467635984464805
medium,0.163,1,0.4582130100928785,-0.064531192279073
medium,0.163,1,0.4713520188881783,-0.07559313760575836
medium,0.163,1,0.4845303082013948,-0.054914081190548636
medium,0.163,1,0.4977168229205503,-0.06622428823507809
medium,0.163,1,0.5109033376397055,-0.04502912985727603
medium,0.163,1,0.5240898523588609,-0.05661055098851109
medium,0.163,1,0.5372370865600996,-0.03488881723008963
medium,0.163,1,0.5503760953553993,-0.046852323261503015
medium,0.163,1,0.5634368420633266,-0.024578832442279985
medium,0.163,1,0.5764812005596817,-0.0370383405987571
medium,0.163,1,0.5894089110209446,-0.014142849008701663
medium,0.163,1,0.6023121951891877,-0.02724141491776466
medium,0.163,1,0.6150613331366064,-0.003625553778401125
medium,0.163,1,0.627778192608397,-0.017536665699964482
medium,0.163,1,0.6403045808194443,0.0069249786240680455
medium,0.163,1,0.6527910840309441,-0.008027211763351305
medium,0.163,1,0.6650522405430853,0.017429607753712384
medium,0.163,1,0.6772662090806898,0.001143647083598931
medium,0.163,1,0.6892216705047701,0.02773360291153837
medium,0.163,1,0.701123000108304,0.009721152993771742
medium,0.163,1,0.7127346295793754,0.03760077389508687
medium,0.163,1,0.7242855953597307,0.01746634899099675
medium,0.163,1,0.7355178727816168,0.04699784190594081
medium,0.163,1,0.7466834163299328,0.024472386376905964
medium,0.163,1,0.7575037087046066,0.05615846018345594
medium,0.163,1,0.7682517049079285,0.030926422549820365
medium,0.163,1,0.7786305146923506,0.06519614094324899
medium,0.163,1,0.788932016225159,0.036877763356886195
medium,0.163,1,0.7988432058253585,0.07406770286993292
medium,0.163,1,0.8086726634561542,0.042283607471985674
medium,0.163,1,0.8180936541501245,0.08266796080789696
medium,0.163,1,0.8274291111865404,0.047105314319811686
medium,0.163,1,0.836341054961948,0.09089609057220449
medium,0.163,1,0.8451643143544327,0.05135761332474953
medium,0.163,1,0.8535522373533568,0.09862976546384694
medium,0.163,1,0.8618490001856908,0.05505454185826508
medium,0.163,1,0.8697019166647357,0.10567003675095765
medium,0.163,1,0.877461890977436,0.05822215630587457
medium,0.163,1,0.8847728869158665,0.11177080361926717
medium,0.163,1,0.8919898660342024,0.06092132282337093
medium,0.163,1,0.8987561517538268,0.1166406652918841
medium,0.163,1,0.9054280615243799,0.06322380301424879
medium,0.163,1,0.9116509929206627,0.12002129635735759
medium,0.163,1,0.9177799074968512,0.06525168188382735
medium,0.163,1,0.9234649757197518,0.12184754352174065
medium,0.163,1,0.9290571017763072,0.0672026554057783
medium,0.163,1,0.9342138914393038,0.12231362165715698
medium,0.163,1,0.9392795209357101,0.06923813674861179
medium,0.163,1,0.943921637171105,0.12189329821193817
medium,0.163,1,0.9484750690235767,0.0714605116079301
medium,0.163,1,0.9526200339392247,0.12129133746125342
medium,0.163,1,0.9566794651973185,0.07394623595104965
medium,0.163,1,0.9603485845228059,0.12116185704793336
medium,0.163,1,0.9639359718788899,0.07675715108204628
medium,0.163,1,0.9671541728160673,0.12187564083896152
medium,0.163,1,0.9702950655016294,0.07994361073331135
medium,0.163,1,0.9730907070135538,0.12351604409587114
medium,0.163,1,0.9758140523541263,0.08354421337740137
medium,0.163,1,0.9782187093362306,0.12599262982962667
medium,0.163,1,0.9805566324447643,0.08757198333975225
medium,0.163,1,0.9826048554208374,0.1291553572301113
medium,0.163,1,0.9845924147061943,0.09204253237611737
medium,0.163,1,0.9863214668780236,0.13284501796547177
medium,0.163,1,0.9879963872293054,0.09696214753229548
medium,0.163,1,0.9894459608812307,0.13689582369591602
medium,0.163,1,0.9908483465586202,0.10236552173201463
medium,0.163,1,0.9920602609752667,0.14113018906992603
medium,0.163,1,0.9932322903923656,0.1083417553031979
medium,0.163,1,0.9942501735886385,0.1450537522467119
medium,0.163,1,0.9952357783092827,0.1148355649253906
medium,0.163,1,0.9961047349948372,0.14551189498695227
medium,0.163,1,0.9969492653873722,0.11951921233977836
medium,0.163,1,0.9977155336925333,0.10420521770961755
medium,0.163,1,0.9984654137861223,0.08498898160955803
medium,0.163,1,0.9991760133617947,-0.02750794920946853
medium,0.163,1,0.9998783875315281,-0.12991640139303617
fine,0.163,0,0.00010809955304188912,0.01040661014792299
fine,0.163,0,0.0005734125613205786,-0.08809277678005456
fine,0.163,0,0.001041999068315914,-0.27357567238788416
fine,0.163,0,0.0015214028058582695,-0.2919180784840625
fine,0.163,0,0.0020073424643503343,-0.3697592447680442
fine,0.163,0,0.002514879981851865,-0.36402179395448275
fine,0.163,0,0.0030321937270485076,-0.4273338655420609
fine,0.163,0,0.0035818128793989735,-0.4021781767607673
fine,0.163,0,0.004144415486530113,-0.47335365461026346
fine,0.163,0,0.00474992173768763,-0.4311174846165631
fine,0.163,0,0.005371574738810308,-0.5105661230313356
fine,0.163,0,0.006046584448482004,-0.45311634705670234
fine,0.163,0,0.006740849567812426,-0.5413211333606474
fine,0.163,0,0.0074987439180016924,-0.46989650373478065
fine,0.163,0,0.00827893718333216,-0.5669975483765668
fine,0.163,0,0.009132816900655327,-0.4825238417060478
fine,0.163,0,0.010011963586131878,-0.5883607563743127
fine,0.163,0,0.010974604613106233,-0.49147576814237404
fine,0.163,0,0.0119653951658247,-0.6055698391597741
fine,0.163,0,0.013049205431126283,-0.4969856682502942
fine,0.163,0,0.014163952530677053,-0.6187908964921431
fine,0.163,0,0.01538092996463017,-0.4997163955680586
fine,0.163,0,0.016631526860883553,-0.6288237724747405
fine,0.163,0,0.017993218798268727,-0.5013133472386957
fine,0.163,0,0.01939109906838702,-0.6367175458143104
fine,0.163,0,0.02090856317591378,-0.5029281854310836
fine,0.163,0,0.022464662036743598,-0.6416453106514219
fine,0.163,0,0.024148428897406125,-0.5035870864171166
fine,0.163,0,0.02587314620416597,-0.6422967474104437
fine,0.163,0,0.02773318368508353,-0.5050082259857966
fine,0.163,0,0.029636348741545724,-0.6402558217407743
fine,0.163,0,0.03168202826585568,-0.5085345554342879
fine,0.163,0,0.03377286656509372,-0.6352991444599021
fine,0.163,0,0.03601293140202252,-0.5143481813298387
fine,0.163,0,0.03830003341026301,-0.627700356284935
fine,0.163,0,0.040742569090670123,-0.5224844611210586
fine,0.163,0,0.043233861179874204,-0.6182820363554571
fine,0.163,0,0.04588626813737569,-0.5325227765438816
fine,0.163,0,0.048588985764905404,-0.6079901586229508
fine,0.163,0,0.05145795429514854,-0.5435024565860742
fine,0.163,0,0.05437861752126931,-0.5976774692015525
fine,0.163,0,0.057470105144090414,-0.554142494000355
fine,0.163,0,0.06061449657015131,-0.5879423963888069
fine,0.163,0,0.06393370787121391,-0.5631616270704534
fine,0.163,0,0.06730685307315461,-0.5790812237418166
fine,0.163,0,0.07085822209327951,-0.5695799446534158
fine,0.163,0,0.07446437261667258,-0.5711479032295785
fine,0.163,0,0.07825154784844697,-0.5729313620725287
fine,0.163,0,0.08209416682261332,-0.5640799753398471
fine,0.163,0,0.08611999886504683,-0.5733011329009796
fine,0.163,0,0.09020174928492213,-0.5577595515813292
fine,0.163,0,0.0944682811979223,-0.5711165363637882
fine,0.163,0,0.09879101691332523,-0.5519519257356142
fine,0.163,0,0.10329947730462935,-0.5668536155890871
fine,0.163,0,0.1078642367474207,-0.5463439066006326
fine,0.163,0,0.11261503561537584,-0.5610619717646912
fine,0.163,0,0.11742203828573358,-0.5407423443197694
fine,0.163,0,0.12241476563199266,-0.5542680622793881
fine,0.163,0,0.12746341135569333,-0.535015247461972
fine,0.163,0,0.1326968385725192,-0.5469231840734197
fine,0.163,0,0.13798570953173692,-0.5291236208149603
fine,0.163,0,0.14345779355922178,-0.5394065078212089
fine,0.163,0,0.14898465908997502,-0.5231074666529991
fine,0.163,0,0.1546925493291101,-0.5320071718183641
fine,0.163,0,0.16045437346912286,-0.5170447262155926
fine,0.163,0,0.16639442142731858,-0.5249243378601753
fine,0.163,0,0.17238737318875433,-0.5110438528688768
fine,0.163,0,0.17855514482519283,-0.5183243540324416
fine,0.163,0,0.18477461115750884,-0.5053092758474718
fine,0.163,0,0.19116490188652507,-0.5124590119864552
fine,0.163,0,0.19760550328556956,-0.5002263228267536
fine,0.163,0,0.2042123555873272,-0.5076914210110459
fine,0.163,0,0.2108679642978819,-0.49606703791029805
fine,0.163,0,0.21768468787673415,-0.5038457834456509
fine,0.163,0,0.22454844862689805,-0.49233481395674317
fine,0.163,0,0.23156764304922853,-0.5000862167157651
fine,0.163,0,0.2386319962464872,-0.48819224779394865
fine,0.163,0,0.24584557598143633,-0.4958058198960549
fine,0.163,0,0.25310228329193035,-0.48320861179860963
fine,0.163,0,0.2605015050702721,-0.49066432471910937
fine,0.163,0,0.2679416772947113,-0.47698068674405714
fine,0.163,0,0.27551716969330803,-0.4840742248855021
fine,0.163,0,0.2831312968452078,-0.4687337164603418
fine,0.163,0,0.29087309199693995,-0.4750060902499129
fine,0.163,0,0.29865107548140507,-0.45740501224822805
fine,0.163,0,0.30654864280327837,-0.4624536205724168
fine,0.163,0,0.31447982958745246,-0.44244226964607325
fine,0.163,0,0.3225221114127601,-0.44648706739083743
fine,0.163,0,0.33059533007231673,-0.4248160163862589
fine,0.163,0,0.33877077906627495,-0.4287718722918463
fine,0.163,0,0.34697437758597693,-0.4062209393684644
fine,0.163,0,0.35527099581826077,-0.41019806908215206
fine,0.163,0,0.3635928810186982,-0.3871143980359908
fine,0.163,0,0.3719982605606341,-0.39116193980392966
fine,0.163,0,0.3804259390177113,-0.36798807719597226
fine,0.163,0,0.38892730392678143,-0.372294358645505
fine,0.163,0,0.3974479242455103,-0.3493815455004676
fine,0.163,0,0.40603217379509804,-0.3539969757194472
fine,0.163,0,0.41463257009465093,-0.33146139402409225
fine,0.163,0,0.4232863231027525,-0.3363502987623572
fine,0.163,0,0.43195305956563457,-0.31416597502235666
fine,0.163,0,0.4406626996725435,-0.3192496304107246
fine,0.163,0,0.44938211600714745,-0.29732209747821825
fine,0.163,0,0.4581338377489053,-0.30253672874939763
fine,0.163,0,0.46689209541161286,-0.28079080871015805
fine,0.163,0,0.47567195093332976,-0.286141159937489
fine,0.163,0,0.4844550799537633,-0.2645665449986929
fine,0.163,0,0.4932490262047437,-0.27009900311011625
fine,0.163,0,0.5020429724557239,-0.24866221246099007
fine,0.163,0,0.5108369187067042,-0.2543322709538751
fine,0.163,0,0.519627591458968,-0.23300905416789797
fine,0.163,0,0.528407446980685,-0.23885104888762054
fine,0.163,0,0.5371807665814522,-0.21766036190217997
fine,0.163,0,0.5459324883232103,-0.22368257787212475
fine,0.163,0,0.5546744338372731,-0.20261998479418208
fine,0.163,0,0.5633840739441819,-0.20881946023399256
fine,0.163,0,0.5720807305963099,-0.1878801659193119
fine,0.163,0,0.5807344836044114,-0.1942645513476149
fine,0.163,0,0.5893720898625477,-0.17344710332505575
fine,0.163,0,0.5979563394121354,-0.18002907648779098
fine,0.163,0,0.6065213335520644,-0.15932603474845908
fine,0.163,0,0.6150226984611346,-0.16611993268655856
fine,0.163,0,0.6235017644550632,-0.14551701461769606
fine,0.163,0,0.631907143996999,-0.1525455544103711
fine,0.163,0,0.6402872565707813,-0.1320341757602641
fine,0.163,0,0.6485838748030661,-0.139345800585573
fine,0.163,0,0.6568523435096065,-0.11891159039241361
fine,0.163,0,0.6650277925035644,-0.12655815347626742
fine,0.163,0,0.6731723046632727,-0.1061601121286766
fine,0.163,0,0.6812145864885767,-0.11421659404098872
fine,0.163,0,0.6892232488515816,-0.09383946318875758
fine,0.163,0,0.697120816173458,-0.10247823935134859
fine,0.163,0,0.7049821951626006,-0.0820758422199992
fine,0.163,0,0.712723990314333,-0.091410613207481
fine,0.163,0,0.7204271507127622,-0.07082124098025266
fine,0.163,0,0.7280026431113592,-0.08093192229942137
fine,0.163,0,0.7355371850638588,-0.0599319540324299
fine,0.163,0,0.7429364068422006,-0.0709293437731402
fine,0.163,0,0.7502925010449977,-0.04927877337188802
fine,0.163,0,0.757506080779947,-0.06133597609938146
fine,0.163,0,0.7646745017399686,-0.038788539337274
fine,0.163,0,0.7716936961623004,-0.05213470562245992
fine,0.163,0,0.77866585341332,-0.028423870534332707
fine,0.163,0,0.7854825769921704,-0.04332470923100051
fine,0.163,0,0.7922505441622247,-0.018160442753764272
fine,0.163,0,0.7988573964639829,-0.03491488669320342
fine,0.163,0,0.8054139380957127,-0.007992145642466753
fine,0.163,0,0.8118042288247285,-0.026920959376733
fine,0.163,0,0.8181428248578669,0.0020933193274688122
fine,0.163,0,0.8243105964943042,-0.01931921433910766
fine,0.163,0,0.830425464327502,0.012132302149608476
fine,0.163,0,0.8363655122856994,-0.012084189249446098
fine,0.163,0,0.8422516263430186,0.022127183020291485
fine,0.163,0,0.8479595165821531,-0.0052143129937773924
fine,0.163,0,0.8536126253180191,0.03204842054771262
fine,0.163,0,0.8590847093455038,0.001278038331308573
fine,0.163,0,0.8645013496305968,0.04184499862022817
fine,0.163,0,0.8697347768474226,0.007370758385981446
fine,0.163,0,0.8749122856868065,0.051441119604963115
fine,0.163,0,0.8799050130330658,0.013026024901872657
fine,0.163,0,0.8848415365769214,0.06072740565658419
fine,0.163,0,0.8895923354448725,0.018187399390050762
fine,0.163,0,0.894286835261338,0.069556651862405
fine,0.163,0,0.8987952956526463,0.022786101929179958
fine,0.163,0,0.903247552241551,0.07775527370238755
fine,0.163,0,0.9075140841545509,0.02676691988778035
fine,0.163,0,0.9117246976901094,0.08516960475789204
fine,0.163,0,0.9157505297325431,0.030155385507520283
fine,0.163,0,0.9197209180325848,0.09168618888843338
fine,0.163,0,0.9235080932643589,0.033026889401873594
fine,0.163,0,0.9272404869928651,0.09717596963930031
fine,0.163,0,0.9307918560129901,0.03547563503918205
fine,0.163,0,0.9342892911322367,0.10150874251349518
fine,0.163,0,0.9376085024332993,0.03761573852873057
fine,0.163,0,0.9408748099311218,0.10458027752919663
fine,0.163,0,0.9439662975539431,0.03956733563696224
fine,0.163,0,0.9470060904808868,0.10633787905736702
fine,0.163,0,0.9498750590111298,0.04143609282871197
fine,0.163,0,0.9526937168713446,0.10682367793026026
fine,0.163,0,0.955346123828846,0.0433035991771058
fine,0.163,0,0.9579497743775506,0.10622609324041066
fine,0.163,0,0.9603923100579578,0.04522803275399523
fine,0.163,0,0.9627878085670529,0.10490223336401083
fine,0.163,0,0.9650278734039799,0.04725187690569255
fine,0.163,0,0.9672227794659797,0.1033261895906813
fine,0.163,0,0.9692684589902913,0.04941013974824715
fine,0.163,0,0.9712710109390577,0.1019656026991762
fine,0.163,0,0.9731310484199751,0.05173528200991284
fine,0.163,0,0.9749501354547949,0.10115911616825679
fine,0.163,0,0.9766339023154575,0.05425432720020029
fine,0.163,0,0.978279034422817,0.10106775255350786
fine,0.163,0,0.979796498530344,0.05698540891631554
fine,0.163,0,0.9812777743051375,0.10171798833533319
fine,0.163,0,0.9826394662425229,0.059957714743490986
fine,0.163,0,0.9839675387176077,0.10305827838082016
fine,0.163,0,0.9851845161515604,0.06318713836967793
fine,0.163,0,0.9863705567512643,0.10499222207295611
fine,0.163,0,0.9874543670165653,0.06668361614189589
fine,0.163,0,0.9885100277561225,0.10743506864541064
fine,0.163,0,0.9894726687830979,0.07047530046120687
fine,0.163,0,0.9904100428419195,0.1103294418673515
fine,0.163,0,0.9912639225592431,0.07461288372557762
fine,0.163,0,0.9920955033614253,0.11364569699237359
fine,0.163,0,0.9928533977116151,0.07917858251045007
fine,0.163,0,0.9935920366521453,0.11738272629681712
fine,0.163,0,0.9942670463618161,0.08430870351846831
fine,0.163,0,0.9949259093215221,0.12153778690933403
fine,0.163,0,0.9955314155726802,0.0902117068879279
fine,0.163,0,0.9961239383690575,0.12582694452053111
fine,0.163,0,0.9966735575214077,0.096986636623277
fine,0.163,0,0.9972134004460627,0.12743814133057996
fine,0.163,0,0.997720937963564,0.10253780061116657
fine,0.163,0,0.9982219395601157,0.09130615236030137
fine,0.163,0,0.9987013432976581,0.07193402246464109
fine,0.163,0,0.9991774735364838,-0.031128940619557177
fine,0.163,0,0.9996427865447625,-0.12370683078631617
fine,0.163,1,0.00010809955304188912,0.256593305696897
fine,0.163,1,0.0005734125613205786,0.2110541828019622
fine,0.163,1,0.001041999068315914,0.36247984637706054
fine,0.163,1,0.0015214028058582695,0.28919951028013635
fine,0.163,1,0.0020073424643503343,0.39131166134172024
fine,0.163,1,0.002514879981851865,0.319787396046057
fine,0.163,1,0.0030321937270485076,0.4138247925890547
fine,0.163,1,0.0035818128793989735,0.34890293535291306
fine,0.163,1,0.004144415486530058,0.42369253230400383
fine,0.163,1,0.004749921737687464,0.36748027805699646
fine,0.163,1,0.00537157473881014,0.4249207064110655
fine,0.163,1,0.006046584448481892,0.3788887282812954
fine,0.163,1,0.006740849567812426,0.41969971166406717
fine,0.163,1,0.0074987439180014695,0.38502237411400486
fine,0.163,1,0.008278937183331881,0.40938761663205003
fine,0.163,1,0.009132816900655214,0.38708596703166354
fine,0.163,1,0.010011963586131933,0.39495592002002833
fine,0.163,1,0.010974604613106457,0.3859433316843246
fine,0.163,1,0.011965395165824922,0.3772253090570309
fine,0.163,1,0.013049205431126394,0.38225909559958904
fine,0.163,1,0.014163952530677053,0.35694959884813393
fine,0.163,1,0.015380929964630282,0.37648631675259747
fine,0.163,1,0.016631526860883664,0.3347788695502708
fine,0.163,1,0.01799321879826867,0.3687556900206116
fine,0.163,1,0.01939109906838691,0.3112210766240193
fine,0.163,1,0.020908563175913837,0.3590076826567242
fine,0.163,1,0.022464662036743823,0.2869834058687817
fine,0.163,1,0.02414842889740618,0.34730245616353483
fine,0.163,1,0.02587314620416597,0.26306021929832857
fine,0.163,1,0.02773318368508353,0.33300627926890536
fine,0.163,1,0.029636348741545724,0.23973426783820417
fine,0.163,1,0.03168202826585568,0.31552307842140004
fine,0.163,1,0.033772866565093665,0.21757694769553992
fine,0.163,1,0.036012931402022295,0.2945330989127002
fine,0.163,1,0.03830003341026273,0.19693097698818063
fine,0.163,1,0.04074256909067007,0.27001052115914703
fine,0.163,1,0.043233861179874204,0.1778020210745319
fine,0.163,1,0.04588626813737569,0.24240926275333663
fine,0.163,1,0.048588985764905404,0.15994219752652727
fine,0.163,1,0.05145795429514865,0.21266690086823026
fine,0.163,1,0.05437861752126953,0.1429488087855747
fine,0.163,1,0.057470105144090636,0.18202744175595686
fine,0.163,1,0.06061449657015154,0.12639794062851917
fine,0.163,1,0.06393370787121419,0.15178433474324948
fine,0.163,1,0.06730685307315483,0.10995976591656964
fine,0.163,1,0.07085822209327956,0.12303982563290095
fine,0.163,1,0.07446437261667258,0.09345965376903265
fine,0.163,1,0.07825154784844697,0.09653540957015383
fine,0.163,1,0.08209416682261332,0.07686938464721527
fine,0.163,1,0.086119998865047,0.07259741777067519
fine,0.163,1,0.09020174928492229,0.06027728211415828
fine,0.163,1,0.09446828119792242,0.05123226837784811
fine,0.163,1,0.09879101691332534,0.04389024850436851
fine,0.163,1,0.10329947730462957,0.03229169435329815
fine,0.163,1,0.10786423674742092,0.027990314821254247
fine,0.163,1,0.11261503561537606,0.015491343087148612
fine,0.163,1,0.1174220382857338,0.012794841703569815
fine,0.163,1,0.12241476563199288,0.0004958624944697565
fine,0.163,1,0.12746341135569356,-0.0015385498297513234
fine,0.163,1,0.1326968385725192,-0.013032065629022371
fine,0.163,1,0.1379857095317367,-0.014939612535336932
fine,0.163,1,0.14345779355922167,-0.025412098624664647
fine,0.163,1,0.14898465908997502,-0.027419395137056712
fine,0.163,1,0.1546925493291101,-0.03691966449878992
fine,0.163,1,0.16045437346912286,-0.03904088063618505
fine,0.163,1,0.1663944214273187,-0.04777422913771279
fine,0.163,1,0.17238737318875455,-0.04990564938074127
fine,0.163,1,0.17855514482519283,-0.05816668999124541
fine,0.163,1,0.18477461115750884,-0.0601889249237737
fine,0.163,1,0.19116490188652507,-0.06833156926478057
fine,0.163,1,0.19760550328556956,-0.07019874194094489
fine,0.163,1,0.2042123555873272,-0.07856839020412054
fine,0.163,1,0.2108679642978819,-0.080204031086478
fine,0.163,1,0.21768468787673403,-0.08882679778031632
fine,0.163,1,0.22454844862689782,-0.08997593605811449
fine,0.163,1,0.2315676430492283,-0.09862131778096139
fine,0.163,1,0.23863199624648698,-0.09901122237659021
fine,0.163,1,0.24584557598143633,-0.10759928433674992
fine,0.163,1,0.25310228329193035,-0.10704175136591121
fine,0.163,1,0.2605015050702721,-0.11555450461339767
fine,0.163,1,0.2679416772947113,-0.11380642125214502
fine,0.163,1,0.27551716969330803,-0.12208491074469574
fine,0.163,1,0.2831312968452078,-0.11876773135657448
fine,0.163,1,0.29087309199694017,-0.12645459828630634
fine,0.163,1,0.2986510754814053,-0.12113484464145463
fine,0.163,1,0.3065486428032785,-0.12791055034090149
fine,0.163,1,0.31447982958745246,-0.12041348828296905
fine,0.163,1,0.3225221114127601,-0.1264348236253059
fine,0.163,1,0.33059533007231673,-0.11718951103775432
fine,0.163,1,0.33877077906627495,-0.12315303931781796
fine,0.163,1,0.34697437758597693,-0.11265722593987393
fine,0.163,1,0.35527099581826077,-0.11865270134024364
fine,0.163,1,0.3635928810186982,-0.10715239183005876
fine,0.163,1,0.3719982605606341,-0.11321402774779954
fine,0.163,1,0.3804259390177113,-0.10105122874655126
fine,0.163,1,0.38892730392678143,-0.10732145209872312
fine,0.163,1,0.3974479242455103,-0.09479077375088596
fine,0.163,1,0.40603217379509804,-0.1013075325210655
fine,0.163,1,0.41463257009465093,-0.08854293192008389
fine,0.163,1,0.4232863231027525,-0.09527615589387928
fine,0.163,1,0.43195305956563457,-0.08230765721139832
fine,0.163,1,0.4406626996725435,-0.08919257600148489
fine,0.163,1,0.44938211600714745,-0.07599226051004315
fine,0.163,1,0.4581338377489053,-0.0829761384232317
fine,0.163,1,0.46689209541161286,-0.06952112342685357
fine,0.163,1,0.47567195093332976,-0.07660699359380896
fine,0.163,1,0.4844550799537632,-0.06291747686882299
fine,0.163,1,0.4932490262047437,-0.070142559233483
fine,0.163,1,0.5020429724557242,-0.05621799909826275
fine,0.163,1,0.5108369187067042,-0.06354548518616832
fine,0.163,1,0.5196275914589678,-0.049389511442034184
fine,0.163,1,0.5284074469806849,-0.056846501732655375
fine,0.163,1,0.5371807665814522,-0.04249444994173124
fine,0.163,1,0.5459324883232103,-0.05008721380078862
fine,0.163,1,0.5546744338372731,-0.035554301948739875
fine,0.163,1,0.5633840739441817,-0.04327996169316184
fine,0.163,1,0.5720807305963096,-0.028578895994043174
fine,0.163,1,0.5807344836044113,-0.03644394342070867
fine,0.163,1,0.5893720898625479,-0.021587786643627593
fine,0.163,1,0.5979563394121354,-0.0296041332232464
fine,0.163,1,0.6065213335520644,-0.014598540054116649
fine,0.163,1,0.6150226984611346,-0.022780597772032785
fine,0.163,1,0.6235017644550632,-0.007622752003291655
fine,0.163,1,0.631907143996999,-0.015993761513158677
fine,0.163,1,0.6402872565707816,-0.000682745414771091
fine,0.163,1,0.6485838748030661,-0.009289956950971012
fine,0.163,1,0.656852343509607,0.0061827654700155055
fine,0.163,1,0.6650277925035646,-0.0027135144135843614
fine,0.163,1,0.6731723046632738,0.01295514448594004
fine,0.163,1,0.6812145864885828,0.0036939663860300342
fine,0.163,1,0.6892232488515903,0.01957403911769917
fine,0.163,1,0.6971208161734618,0.009784395598630313
fine,0.163,1,0.7049821951626011,0.02591960665268722
fine,0.163,1,0.7127239903143332,0.015484726383599434
fine,0.163,1,0.7204271507127626,0.0320213656164704
fine,0.163,1,0.7280026431113596,0.020850272176505147
fine,0.163,1,0.7355371850638592,0.03799459049447651
fine,0.163,1,0.7429364068422009,0.025965676070701327
fine,0.163,1,0.7502925010449977,0.043945710368351154
fine,0.163,1,0.757506080779947,0.030877801787657977
fine,0.163,1,0.7646745017399686,0.04993416383766003
fine,0.163,1,0.7716936961622995,0.03559193272850114
fine,0.163,1,0.7786658534133182,0.05598919144861625
fine,0.163,1,0.7854825769921682,0.04009971846437754
fine,0.163,1,0.7922505441622221,0.06212840458172597
fine,0.163,1,0.7988573964639815,0.04438488150036857
fine,0.163,1,0.8054139380957123,0.06835324410920929
fine,0.163,1,0.8118042288247285,0.04842540773522919
fine,0.163,1,0.8181428248578665,0.07467009906637712
fine,0.163,1,0.8243105964943024,0.0522346709766196
fine,0.163,1,0.8304254643274995,0.08110626678390342
fine,0.163,1,0.8363655122856983,0.05582873678913436
fine,0.163,1,0.8422516263430186,0.0876578005185713
fine,0.163,1,0.8479595165821531,0.05920275135106268
fine,0.163,1,0.8536126253180193,0.094290305296721
fine,0.163,1,0.8590847093455045,0.062339350252113346
fine,0.163,1,0.8645013496305974,0.10094788044031555
fine,0.163,1,0.8697347768474228,0.06521204111147183
fine,0.163,1,0.8749122856868065,0.10754965575795761
fine,0.163,1,0.8799050130330658,0.06777975534025915
fine,0.163,1,0.8848415365769214,0.11398161440258459
fine,0.163,1,0.8895923354448732,0.06998378984511155
fine,0.163,1,0.8942868352613389,0.12009250681341577
fine,0.163,1,0.8987952956526463,0.07175372424002158
fine,0.163,1,0.9032475522415503,0.12570516336798998
fine,0.163,1,0.9075140841545507,0.07303160243736617
fine,0.163,1,0.9117246976901094,0.13066047769851463
fine,0.163,1,0.9157505297325431,0.07383512297306005
fine,0.163,1,0.9197209180325848,0.1348363594984615
fine,0.163,1,0.9235080932643589,0.07423135283954507
fine,0.163,1,0.9272404869928651,0.13809730439260026
fine,0.163,1,0.9307918560129901,0.0743078904772515
fine,0.163,1,0.9342892911322367,0.14030879687376252
fine,0.163,1,0.9376085024332993,0.07417291405103155
fine,0.163,1,0.9408748099311223,0.14136323510325388
fine,0.163,1,0.9439662975539433,0.07394187405529651
fine,0.163,1,0.9470060904808868,0.1412053390063529
fine,0.163,1,0.9498750590111298,0.07371730944043631
fine,0.163,1,0.9526937168713446,0.13987420959718389
fine,0.163,1,0.955346123828846,0.07357914017972589
fine,0.163,1,0.9579497743775506,0.13755384794198466
fine,0.163,1,0.9603923100579578,0.07358528630120864
fine,0.163,1,0.9627878085670538,0.13459494818964968
fine,0.163,1,0.9650278734039849,0.07377878597682275
fine,0.163,1,0.9672227794659868,0.13146395522041843
fine,0.163,1,0.9692684589902945,0.0741958168029293
fine,0.163,1,0.9712710109390581,0.12862166240459716
fine,0.163,1,0.9731310484199756,0.07486993508278195
fine,0.163,1,0.9749501354547954,0.12640253176545846
fine,0.163,1,0.976633902315458,0.07582960491532209
fine,0.163,1,0.9782790344228175,0.12496678077923107
fine,0.163,1,0.9797964985303442,0.07709390853880793
fine,0.163,1,0.9812777743051375,0.12434204914651859
fine,0.163,1,0.9826394662425231,0.0786917324317773
fine,0.163,1,0.9839675387176081,0.12447811650955953
fine,0.163,1,0.9851845161515609,0.0806392945973623
fine,0.163,1,0.9863705567512647,0.12528063803946998
fine,0.163,1,0.9874543670165653,0.082946020350951
fine,0.163,1,0.9885100277561223,0.12666579847106962
fine,0.163,1,0.9894726687830979,0.08563841498724001
fine,0.163,1,0.9904100428419199,0.12857648115861964
fine,0.163,1,0.9912639225592433,0.08876669791895087
fine,0.163,1,0.9920955033614253,0.13098347761649265
fine,0.163,1,0.9928533977116151,0.09241262123830618
fine,0.163,1,0.9935920366521453,0.13388865085873047
fine,0.163,1,0.9942670463618165,0.09671586856593262
fine,0.163,1,0.9949259093215224,0.13729992919816048
fine,0.163,1,0.99553141557268,0.10188964521152688
fine,0.163,1,0.9961239383690567,0.14095684970213063
fine,0.163,1,0.9966735575214073,0.10803037459064324
fine,0.163,1,0.9972134004460629,0.14210261801340018
fine,0.163,1,0.9977209379635644,0.11301671675759606
fine,0.163,1,0.9982219395601162,0.1058080417427385
fine,0.163,1,0.9987013432976581,0.08214704976730802
fine,0.163,1,0.9991774735364838,-0.018625151882648794
fine,0.163,1,0.9996427865447625,-0.12370683078631617
coarse,0.245,0,0.0003279404297042116,-0.07516884337663776
coarse,0.245,0,0.0013963571837179109,-0.17468068083194033
coarse,0.245,0,0.00251386943155844,-0.48312899013691246
coarse,0.245,0,0.003742237333402566,-0.48977603168578865
coarse,0.245,0,0.005067956185388659,-0.617756603929756
coarse,0.245,0,0.006613489574406038,-0.5976179137868416
coarse,0.245,0,0.00830296366813337,-0.66138797837513
coarse,0.245,0,0.01031745009424721,-0.6228071029611215
coarse,0.245,0,0.01252000411427396,-0.683394497317324
coarse,0.245,0,0.015147207210927353,-0.629283721810111
coarse,0.245,0,0.01800338690202103,-0.6888711745891296
coarse,0.245,0,0.021376586550541067,-0.6226693867714674
coarse,0.245,0,0.02501575394101469,-0.68211697678053
coarse,0.245,0,0.02925546581490119,-0.6053417567480697
coarse,0.245,0,0.033793585796449366,-0.6653844019442803
coarse,0.245,0,0.03900549930478196,-0.5805778079798491
coarse,0.245,0,0.04454315544102777,-0.6445003393644433
coarse,0.245,0,0.05081632535337576,-0.5539976446041774
coarse,0.245,0,0.05743699886721204,-0.6234996013614791
coarse,0.245,0,0.06484232156183611,-0.5299446338060254
coarse,0.245,0,0.07261096294855608,-0.6027945590650825
coarse,0.245,0,0.08119996335572009,-0.5107351873133528
coarse,0.245,0,0.09016188106203478,-0.5809179849164945
coarse,0.245,0,0.09996583105816391,-0.4982890392533139
coarse,0.245,0,0.11014591624211774,-0.5577088679128421
coarse,0.245,0,0.12117529957932173,-0.4927186915248061
coarse,0.245,0,0.1325776002156764,-0.5340127754929007
coarse,0.245,0,0.1448219331418456,-0.4910413971779686
coarse,0.245,0,0.15742958476011049,-0.5113606267721562
coarse,0.245,0,0.17085759539881976,-0.48977447341042635
coarse,0.245,0,0.1846331096390174,-0.49183964184351603
coarse,0.245,0,0.19919327306000276,-0.4878730429111151
coarse,0.245,0,0.21407917910890142,-0.4768849519901166
coarse,0.245,0,0.2297005989339023,-0.4848250756522392
coarse,0.245,0,0.2456204268665646,-0.46371868167789465
coarse,0.245,0,0.26221404832601164,-0.4767672626372763
coarse,0.245,0,0.2790736375274121,-0.44504839994568046
coarse,0.245,0,0.2965337712122244,-0.4574922455984194
coarse,0.245,0,0.31422288149147776,-0.4144339439186435
coarse,0.245,0,0.33242901172815936,-0.4237663669468208
coarse,0.245,0,0.3508232095587531,-0.3735535135655528
coarse,0.245,0,0.3696420564659716,-0.38212863554145393
coarse,0.245,0,0.38860484407790014,-0.3308564519405357
coarse,0.245,0,0.40789264402221576,-0.34033798094335554
coarse,0.245,0,0.4272777949166735,-0.2904947047355184
coarse,0.245,0,0.44688276034816315,-0.301230872550333
coarse,0.245,0,0.4665368212734792,-0.25280367728922304
coarse,0.245,0,0.48630173785279884,-0.2645582446473733
coarse,0.245,0,0.5060666544321185,-0.21697599204350726
coarse,0.245,0,0.5258315710114378,-0.2298545677291619
coarse,0.245,0,0.5455473920969307,-0.1827701945426008
coarse,0.245,0,0.5651523575284207,-0.19710633362072172
coarse,0.245,0,0.5846599720097686,-0.1501662227071443
coarse,0.245,0,0.6039477719540836,-0.166372341254019
coarse,0.245,0,0.6230916311936892,-0.119202014640577
coarse,0.245,0,0.6419104781009078,-0.13775338202388832
coarse,0.245,0,0.660541257414214,-0.09010112861307529
coarse,0.245,0,0.6787473876508934,-0.11155424018076698
coarse,0.245,0,0.696724541293133,-0.06341807729005544
coarse,0.245,0,0.7141846749779475,-0.08838176398326625
coarse,0.245,0,0.7313788409208076,-0.03949802281298864
coarse,0.245,0,0.7479724623802544,-0.06817129039428815
coarse,0.245,0,0.7642676757320398,-0.017944518993795455
coarse,0.245,0,0.7798890955570406,-0.05031178740708819
coarse,0.245,0,0.7951847727541281,0.0014544588517785284
coarse,0.245,0,0.8097449361751148,-0.03440298036592826
coarse,0.245,0,0.8239575959946123,0.01857034324623752
coarse,0.245,0,0.83738560663332,-0.02008528454980052
coarse,0.245,0,0.8504502985799325,0.03331475329850064
coarse,0.245,0,0.8626946315061021,-0.006927873574839927
coarse,0.245,0,0.87456604713312,0.04563648946119303
coarse,0.245,0,0.8855954304703202,0.005361473655466242
coarse,0.245,0,0.8962486786196981,0.055682789477444206
coarse,0.245,0,0.906052628615831,0.016841185538023162
coarse,0.245,0,0.9154836613128123,0.06415862054074728
coarse,0.245,0,0.9240726617199769,0.027636844722766063
coarse,0.245,0,0.9322983434350456,0.07217284172598293
coarse,0.245,0,0.9397036661296697,0.0380272985322212
coarse,0.245,0,0.946761485222805,0.08047332679195018
coarse,0.245,0,0.9530346551351531,0.04823759250704873
coarse,0.245,0,0.9589820824195878,0.08922604751012486
coarse,0.245,0,0.9641939959279202,0.05838023377325241
coarse,0.245,0,0.9691075013285909,0.09827764930323724
coarse,0.245,0,0.9733472132024774,0.06848743455839301
coarse,0.245,0,0.9773209573344107,0.10730467044543768
coarse,0.245,0,0.980694156982933,0.07850535712573814
coarse,0.245,0,0.9838383800370135,0.11577772089768312
coarse,0.245,0,0.9864655831336642,0.08826811147539693
coarse,0.245,0,0.9889047186364033,0.12260567359290053
coarse,0.245,0,0.990919205062518,0.0972545967860372
coarse,0.245,0,0.9927897507839227,0.12373374720758834
coarse,0.245,0,0.9943352841729404,0.10247889998207771
coarse,0.245,0,0.9957834666118158,0.07741844505751783
coarse,0.245,0,0.9970118345136595,0.0636261518091703
coarse,0.245,0,0.9981911069216763,-0.05130670634694279
coarse,0.245,0,0.99925952367569,-0.1415164113035966
coarse,0.245,1,0.0003279404297042116,0.2730012296957419
coarse,0.245,1,0.0013963571837179109,0.2626994851953217
coarse,0.245,1,0.00251386943155844,0.4196394360443101
coarse,0.245,1,0.0037422373334026777,0.37776674957747614
coarse,0.245,1,0.0050679561853888815,0.4391385807332442
coarse,0.245,1,0.006613489574406261,0.40094839216490075
coarse,0.245,1,0.00830296366813337,0.4244821680566201
coarse,0.245,1,0.01031745009424732,0.39476637009661175
coarse,0.245,1,0.01252000411427407,0.38800769879785824
coarse,0.245,1,0.015147207210927353,0.3687971567471924
coarse,0.245,1,0.018003386902020805,0.3394779011815149
coarse,0.245,1,0.021376586550541067,0.33191181261333436
coarse,0.245,1,0.025015753941014914,0.28580182098517337
coarse,0.245,1,0.02925546581490141,0.29081250089257704
coarse,0.245,1,0.03379358579644948,0.23228636736688302
coarse,0.245,1,0.03900549930478196,0.2502743490066165
coarse,0.245,1,0.04454315544102777,0.18157439726356062
coarse,0.245,1,0.05081632535337565,0.212474932833559
coarse,0.245,1,0.05743699886721193,0.13463421056967984
coarse,0.245,1,0.06484232156183611,0.1773767629672609
coarse,0.245,1,0.07261096294855608,0.09227315968459271
coarse,0.245,1,0.08119996335572009,0.14341227539192658
coarse,0.245,1,0.09016188106203478,0.05558487768240483
coarse,0.245,1,0.09996583105816413,0.10804110278428725
coarse,0.245,1,0.11014591624211796,0.024889314930568895
coarse,0.245,1,0.12117529957932195,0.06999439411847319
coarse,0.245,1,0.13257760021567663,-0.00043294703177476634
coarse,0.245,1,0.14482193314184583,0.030969403636598725
coarse,0.245,1,0.1574295847601107,-0.02184170746321179
coarse,0.245,1,0.17085759539881987,-0.0061364308179399085
coarse,0.245,1,0.1846331096390174,-0.04142392075758883
coarse,0.245,1,0.19919327306000276,-0.039920558100588144
coarse,0.245,1,0.21407917910890142,-0.060997630735880826
coarse,0.245,1,0.22970059893390218,-0.06985374963787994
coarse,0.245,1,0.24562042686656482,-0.07956296967973508
coarse,0.245,1,0.26221404832601164,-0.09361061657454539
coarse,0.245,1,0.2790736375274121,-0.09250909157519227
coarse,0.245,1,0.2965337712122243,-0.10709267849246262
coarse,0.245,1,0.31422288149147753,-0.09494034574988963
coarse,0.245,1,0.33242901172815936,-0.10771286531467106
coarse,0.245,1,0.3508232095587531,-0.08721372090836477
coarse,0.245,1,0.3696420564659717,-0.09955750604757974
coarse,0.245,1,0.38860484407790025,-0.0750495497958581
coarse,0.245,1,0.407892644022216,-0.08811991866736202
coarse,0.245,1,0.4272777949166737,-0.06177476563779938
coarse,0.245,1,0.44688276034816315,-0.07584267073526174
coarse,0.245,1,0.4665368212734792,-0.04808424473292772
coarse,0.245,1,0.48630173785279907,-0.06299686529657222
coarse,0.245,1,0.5060666544321185,-0.03372998806366412
coarse,0.245,1,0.5258315710114378,-0.04961693085204866
coarse,0.245,1,0.5455473920969309,-0.018803297764061755
coarse,0.245,1,0.5651523575284216,-0.03600295937569742
coarse,0.245,1,0.5846599720097695,-0.003521959636842098
coarse,0.245,1,0.603947771954084,-0.022458875499595576
coarse,0.245,1,0.6230916311936892,0.011877192012809679
coarse,0.245,1,0.6419104781009083,-0.009285653758607904
coarse,0.245,1,0.6605412574142144,0.02702004335237318
coarse,0.245,1,0.6787473876508947,0.0030708981804213886
coarse,0.245,1,0.6967245412931345,0.04125578698884336
coarse,0.245,1,0.7141846749779479,0.013917712939080618
coarse,0.245,1,0.7313788409208076,0.05410605126454637
coarse,0.245,1,0.7479724623802544,0.023125960502273557
coarse,0.245,1,0.7642676757320394,0.06573545998634855
coarse,0.245,1,0.7798890955570386,0.031070370358595945
coarse,0.245,1,0.7951847727541256,0.07617940806505408
coarse,0.245,1,0.8097449361751135,0.03799511714409343
coarse,0.245,1,0.8239575959946116,0.08520149250000064
coarse,0.245,1,0.8373856066333204,0.044141250216889194
coarse,0.245,1,0.8504502985799334,0.0926182685162662
coarse,0.245,1,0.8626946315061026,0.04983790225322304
coarse,0.245,1,0.8745660471331203,0.09830569341679407
coarse,0.245,1,0.8855954304703206,0.05530923816923028
coarse,0.245,1,0.896248678619699,0.10235849330315328
coarse,0.245,1,0.9060526286158315,0.060577362243213084
coarse,0.245,1,0.9154836613128123,0.10542402909939974
coarse,0.245,1,0.9240726617199767,0.0657271710359113
coarse,0.245,1,0.9322983434350451,0.1085385692061166
coarse,0.245,1,0.9397036661296693,0.07099474359602642
coarse,0.245,1,0.946761485222805,0.11239849493834753
coarse,0.245,1,0.9530346551351531,0.07657906760483679
coarse,0.245,1,0.9589820824195878,0.11714958667611419
coarse,0.245,1,0.9641939959279202,0.08257820676512573
coarse,0.245,1,0.9691075013285909,0.12263153300903684
coarse,0.245,1,0.9733472132024774,0.08901303786240666
coarse,0.245,1,0.9773209573344092,0.12851416004040317
coarse,0.245,1,0.9806941569829254,0.09581674755072922
coarse,0.245,1,0.9838383800370037,0.1342542048496551
coarse,0.245,1,0.9864655831336597,0.10280344026928712
coarse,0.245,1,0.9889047186364024,0.1387369368671878
coarse,0.245,1,0.9909192050625177,0.1094233012202721
coarse,0.245,1,0.9927897507839227,0.13789102138940512
coarse,0.245,1,0.9943352841729404,0.11266830630518299
coarse,0.245,1,0.9957834666118158,0.09011589879359161
coarse,0.245,1,0.9970118345136595,0.07242077703134364
coarse,0.245,1,0.9981911069216763,-0.04153760264528117
coarse,0.245,1,0.99925952367569,-0.1415164113035966
medium,0.245,0,0.00031302556495614597,-0.05026341886340435
medium,0.245,0,0.0010153997346895572,-0.14489154972951734
medium,0.245,0,0.0017389457659386077,-0.4078912865111528
medium,0.245,0,0.002488825859527716,-0.4174550938875765
medium,0.245,0,0.0032808885454979507,-0.5371203195362675
medium,0.245,0,0.004125418938033145,-0.5211905364881062
medium,0.245,0,0.005032821618815901,-0.5943787239113447
medium,0.245,0,0.006018426339460443,-0.5603693035011867
medium,0.245,0,0.007087114548142882,-0.6343154794366581
medium,0.245,0,0.00825914396524119,-0.5853639829136961
medium,0.245,0,0.009533835754655825,-0.6622027516979367
medium,0.245,0,0.010936221432044195,-0.6001723645350467
medium,0.245,0,0.012460067043386622,-0.6800720679083239
medium,0.245,0,0.01413498739467222,-0.606151717340349
medium,0.245,0,0.01594924085810979,-0.6893826694025806
medium,0.245,0,0.01793680014346407,-0.6052878654294647
medium,0.245,0,0.02008050531005496,-0.6925998744846533
medium,0.245,0,0.022418428418588512,-0.5993313094036001
medium,0.245,0,0.0249281218130034,-0.6901241168906582
medium,0.245,0,0.02765146715357658,-0.5879978701282504
medium,0.245,0,0.030560899909082232,-0.6821804441644275
medium,0.245,0,0.033701792594644356,-0.5730532038977108
medium,0.245,0,0.03704167358660004,-0.6711429075416095
medium,0.245,0,0.04062906094268372,-0.556983497196051
medium,0.245,0,0.04442682307545796,-0.6581663689537236
medium,0.245,0,0.04848625433355224,-0.5425205302392566
medium,0.245,0,0.0527658457595555,-0.6445243435851038
medium,0.245,0,0.05731927761202693,-0.5322622027423567
medium,0.245,0,0.062100979471811736,-0.63031005557921
medium,0.245,0,0.0671666089682182,-0.5272092208167054
medium,0.245,0,0.07246688103875366,-0.6148583515981305
medium,0.245,0,0.0780590070953091,-0.5265714026574544
medium,0.245,0,0.08389036252113904,-0.5978861781902269
medium,0.245,0,0.09001927709732763,-0.5285591812466608
medium,0.245,0,0.09639018715798518,-0.5800294131771673
medium,0.245,0,0.10306209692853441,-0.5311150849286357
medium,0.245,0,0.10997692656698974,-0.5623031446810409
medium,0.245,0,0.11719390568532918,-0.5325112330398911
medium,0.245,0,0.12465288028813772,-0.5456548268642019
medium,0.245,0,0.13241285460083824,-0.5317727552709903
medium,0.245,0,0.14041205828281306,-0.5307180674828986
medium,0.245,0,0.1487088211151463,-0.5286648675059551
medium,0.245,0,0.15724022652160877,-0.5176888390563006
medium,0.245,0,0.16606348591409084,-0.5234641093069292
medium,0.245,0,0.17511501531388687,-0.5064725819477562
medium,0.245,0,0.18445047235030457,-0.5168551531834136
medium,0.245,0,0.19400608955463122,-0.4971588109714642
medium,0.245,0,0.20383554718542582,-0.510102181190011
medium,0.245,0,0.21387537959291097,-0.48981972484151903
medium,0.245,0,0.22417688112571632,-0.5036638348474283
medium,0.245,0,0.23467737096491495,-0.4830557206374557
medium,0.245,0,0.24542536716824173,-0.4961873923466058
medium,0.245,0,0.25635945078650096,-0.47465477715950843
medium,0.245,0,0.2675249943348169,-0.48626011767680777
medium,0.245,0,0.27886230816901375,-0.46272746434471146
medium,0.245,0,0.2904132739493686,-0.4719184555122695
medium,0.245,0,0.30212038561096044,-0.44459639695162756
medium,0.245,0,0.3140217152144955,-0.4506951119752245
medium,0.245,0,0.32606237793018267,-0.4194720272082153
medium,0.245,0,0.33827634646778665,-0.42380388953216896
medium,0.245,0,0.35061177493934376,-0.3905639405552941
medium,0.245,0,0.36309827815084317,-0.39463498910756933
medium,0.245,0,0.37568744373465934,-0.3609020082963701
medium,0.245,0,0.3884043032064499,-0.36544526552658985
medium,0.245,0,0.4012042461662782,-0.3321261427568376
medium,0.245,0,0.4141075303345223,-0.3375225595889788
medium,0.245,0,0.42707368679101454,-0.3050249893284147
medium,0.245,0,0.4401180452873686,-0.3111325104533822
medium,0.245,0,0.45320458637610317,-0.27931524007739306
medium,0.245,0,0.4663435951714028,-0.28588103304465795
medium,0.245,0,0.47950377582821796,-0.25456782692989277
medium,0.245,0,0.4926902905473737,-0.2615608061787371
medium,0.245,0,0.5058768052665289,-0.23062600287587354
medium,0.245,0,0.5190633199856844,-0.23808783266776734
medium,0.245,0,0.5322286628433245,-0.20738814933715988
medium,0.245,0,0.5453676716386242,-0.21547828415571169
medium,0.245,0,0.5584644978415435,-0.1848582098589906
medium,0.245,0,0.5715088563378977,-0.19374935824640582
medium,0.245,0,0.5844903425460036,-0.16300466839465977
medium,0.245,0,0.5973936267142473,-0.172905138300125
medium,0.245,0,0.6102138273944533,-0.1418109550844684
medium,0.245,0,0.6229306868662439,-0.15295813196924124
medium,0.245,0,0.635544883965718,-0.121276107634251
medium,0.245,0,0.6480313871772178,-0.13395890110802755
medium,0.245,0,0.6603964304547644,-0.10144712124669786
medium,0.245,0,0.6726103989923685,-0.11600736694659841
medium,0.245,0,0.6846850344178205,-0.08246924527066901
medium,0.245,0,0.6965863640213547,-0.09933234540371405
medium,0.245,0,0.7083315477436524,-0.06458032098246691
medium,0.245,0,0.7198825135240075,-0.0841424427654065
medium,0.245,0,0.7312617090184813,-0.04777929837440187
medium,0.245,0,0.7424272525667972,-0.07026797843074917
medium,0.245,0,0.7534067087001833,-0.031775272242315244
medium,0.245,0,0.7641547049035166,-0.05744144163538056
medium,0.245,0,0.7747037128004505,-0.016429889434139255
medium,0.245,0,0.7850052143332489,-0.04556579615278822
medium,0.245,0,0.7950963410893599,-0.001787789946581242
medium,0.245,0,0.8049257987201547,-0.034653927211832025
medium,0.245,0,0.8145350961830401,0.012040204435699642
medium,0.245,0,0.8238705532194569,-0.02470653683414592
medium,0.245,0,0.8329777402485609,0.024957753297599417
medium,0.245,0,0.8418009996410436,-0.01564591271743776
medium,0.245,0,0.8503896164593974,0.03685921522807767
medium,0.245,0,0.8586863792917313,-0.007376436263968111
medium,0.245,0,0.8667439127547905,0.047572853864545794
medium,0.245,0,0.8745038870674909,0.0002103014102671219
medium,0.245,0,0.8820218658957204,0.05689642039954368
medium,0.245,0,0.8892388450140563,0.007228991752019187
medium,0.245,0,0.8962129042644892,0.06460849438406036
medium,0.245,0,0.9028848140350422,0.013755210974320975
medium,0.245,0,0.9093147283211248,0.07057506098297772
medium,0.245,0,0.9154436428973136,0.019880244452590734
medium,0.245,0,0.921333328104228,0.07494363615538036
medium,0.245,0,0.9269254541607835,0.025768084545534142
medium,0.245,0,0.9322829376432098,0.07817376080373462
medium,0.245,0,0.9373485671396159,0.03155587304298546
medium,0.245,0,0.9421859266287088,0.08090134230464441
medium,0.245,0,0.9467393584811804,0.037333430998901296
medium,0.245,0,0.9510726301657431,0.08375087264727465
medium,0.245,0,0.9551320614238369,0.04317078244859485
medium,0.245,0,0.9589811179052409,0.08712251815895011
medium,0.245,0,0.9625685052613253,0.04912232710190101
medium,0.245,0,0.9659569043110156,0.0911536066111106
medium,0.245,0,0.9690977969965773,0.055228532559701726
medium,0.245,0,0.9720526022672065,0.09581016086886074
medium,0.245,0,0.9747759476077794,0.06151883845473194
medium,0.245,0,0.9773275226624712,0.10097665125005761
medium,0.245,0,0.979665445771005,0.06799990575739423
medium,0.245,0,0.9818472229983037,0.10651981125857246
medium,0.245,0,0.9838347822836617,0.0746876000112564
medium,0.245,0,0.9856830084568641,0.1123104651790775
medium,0.245,0,0.9873579288081454,0.08159287422434658
medium,0.245,0,0.9889113892254751,0.11821148138399185
medium,0.245,0,0.9903137749028641,0.08876022180131438
medium,0.245,0,0.991613498207937,0.12406979621856473
medium,0.245,0,0.9927855276250362,0.096291762931206
medium,0.245,0,0.9938744735540966,0.1294028027008175
medium,0.245,0,0.9948600782747408,0.10414694923233081
medium,0.245,0,0.9957828107071374,0.13103709695544175
medium,0.245,0,0.9966273410996724,0.11001863713490234
medium,0.245,0,0.9974296888998265,0.09056663243374619
medium,0.245,0,0.9981795689934159,0.07637005734531688
medium,0.245,0,0.9989082772254894,-0.03864459679219001
medium,0.245,0,0.9996106513952225,-0.12962631662284696
medium,0.245,1,0.00031302556495614597,0.24687917814451443
medium,0.245,1,0.0010153997346895572,0.22534714827727764
medium,0.245,1,0.0017389457659386077,0.3862060702522341
medium,0.245,1,0.002488825859527716,0.33230936641011555
medium,0.245,1,0.0032808885454979507,0.4217501383695782
medium,0.245,1,0.004125418938033257,0.36893664502787704
medium,0.245,1,0.005032821618816124,0.436947686807699
medium,0.245,1,0.006018426339460554,0.3901877172172604
medium,0.245,1,0.007087114548142882,0.4339121190364138
medium,0.245,1,0.00825914396524119,0.39533447290449786
medium,0.245,1,0.009533835754655825,0.41856429628926506
medium,0.245,1,0.010936221432044419,0.38952689509091376
medium,0.245,1,0.012460067043386844,0.3944498522771678
medium,0.245,1,0.014134987394672442,0.37601722591046494
medium,0.245,1,0.015949240858109903,0.3642693706473188
medium,0.245,1,0.01793680014346396,0.35726298502876686
medium,0.245,1,0.020080505310054734,0.3301284285715177
medium,0.245,1,0.022418428418588512,0.33529362632757753
medium,0.245,1,0.024928121813003624,0.29394091833875813
medium,0.245,1,0.02765146715357658,0.31200526929529715
medium,0.245,1,0.030560899909082232,0.2574665231396449
medium,0.245,1,0.033701792594644356,0.28856601679236393
medium,0.245,1,0.03704167358660004,0.22168944211704844
medium,0.245,1,0.04062906094268372,0.26536727726348797
medium,0.245,1,0.04442682307545796,0.1874184403268896
medium,0.245,1,0.04848625433355224,0.24185573228802526
medium,0.245,1,0.05276584575955561,0.1550626232236495
medium,0.245,1,0.05731927761202704,0.21673566698351276
medium,0.245,1,0.06210097947181185,0.12507981765732423
medium,0.245,1,0.0671666089682182,0.18882070559299524
medium,0.245,1,0.07246688103875366,0.098021468888572
medium,0.245,1,0.0780590070953091,0.15785490093720767
medium,0.245,1,0.08389036252113904,0.0741720259166575
medium,0.245,1,0.09001927709732752,0.12473214427319645
medium,0.245,1,0.09639018715798507,0.05324057553353201
medium,0.245,1,0.10306209692853463,0.09112813491061644
medium,0.245,1,0.10997692656698985,0.034536704945065444
medium,0.245,1,0.11719390568532918,0.058802460294566594
medium,0.245,1,0.12465288028813772,0.017248472811680404
medium,0.245,1,0.13241285460083801,0.02901889156685611
medium,0.245,1,0.14041205828281295,0.0006911681685749516
medium,0.245,1,0.14870882111514652,0.0023855285811485993
medium,0.245,1,0.157240226521609,-0.015515404795540366
medium,0.245,1,0.16606348591409129,-0.021032889434180246
medium,0.245,1,0.1751150153138871,-0.03147724016703357
medium,0.245,1,0.18445047235030457,-0.04160817459334387
medium,0.245,1,0.1940060895546311,-0.047329186555184144
medium,0.245,1,0.20383554718542582,-0.06020495738294973
medium,0.245,1,0.21387537959291097,-0.06321762294651578
medium,0.245,1,0.22417688112571632,-0.07730252678483818
medium,0.245,1,0.23467737096491495,-0.07839454608559149
medium,0.245,1,0.24542536716824173,-0.09226854303055632
medium,0.245,1,0.25635945078650096,-0.09148103178086298
medium,0.245,1,0.2675249943348169,-0.10434160183356522
medium,0.245,1,0.27886230816901375,-0.10118598653669886
medium,0.245,1,0.2904132739493686,-0.11225439021487715
medium,0.245,1,0.30212038561096055,-0.10554935786721287
medium,0.245,1,0.3140217152144956,-0.1142516144154031
medium,0.245,1,0.32606237793018256,-0.10372250539477168
medium,0.245,1,0.33827634646778676,-0.11099239960119722
medium,0.245,1,0.35061177493934387,-0.09771852426534822
medium,0.245,1,0.3630982781508434,-0.10469977084422522
medium,0.245,1,0.37568744373465957,-0.08967185234905806
medium,0.245,1,0.3884043032064499,-0.09695860621182617
medium,0.245,1,0.4012042461662782,-0.08087478733797049
medium,0.245,1,0.4141075303345225,-0.08878378150939015
medium,0.245,1,0.42707368679101476,-0.07206646802556471
medium,0.245,1,0.4401180452873686,-0.08050114829208743
medium,0.245,1,0.45320458637610317,-0.06318782102497056
medium,0.245,1,0.4663435951714028,-0.07195677058746552
medium,0.245,1,0.4795037758282182,-0.05403020813561188
medium,0.245,1,0.4926902905473739,-0.06311848667453224
medium,0.245,1,0.5058768052665293,-0.044566306255944044
medium,0.245,1,0.5190633199856844,-0.05402693420029636
medium,0.245,1,0.5322286628433245,-0.03479628473259466
medium,0.245,1,0.5453676716386242,-0.04478626870406943
medium,0.245,1,0.5584644978415437,-0.02479449378840637
medium,0.245,1,0.5715088563378986,-0.03549033224682874
medium,0.245,1,0.5844903425460047,-0.01460009580637811
medium,0.245,1,0.5973936267142478,-0.026214510862635265
medium,0.245,1,0.6102138273944533,-0.004257600808801332
medium,0.245,1,0.6229306868662439,-0.0170344654429333
medium,0.245,1,0.6355448839657182,0.006180868329346945
medium,0.245,1,0.6480313871772182,-0.008051912558151741
medium,0.245,1,0.660396430454765,0.016626404741785228
medium,0.245,1,0.6726103989923694,0.0005930057504630604
medium,0.245,1,0.6846850344178211,0.026906476063176643
medium,0.245,1,0.6965863640213547,0.008651995638455756
medium,0.245,1,0.7083315477436524,0.03676555930725267
medium,0.245,1,0.7198825135240075,0.015890106816817795
medium,0.245,1,0.7312617090184813,0.046148823535037575
medium,0.245,1,0.7424272525667972,0.022395012668520065
medium,0.245,1,0.7534067087001785,0.05525636272019008
medium,0.245,1,0.7641547049035003,0.028348734877923443
medium,0.245,1,0.7747037128004322,0.06416492254152684
medium,0.245,1,0.7850052143332409,0.03379647148152343
medium,0.245,1,0.7950963410893576,0.07279464176018058
medium,0.245,1,0.8049257987201534,0.03869297938585925
medium,0.245,1,0.8145350961830388,0.08100687408737306
medium,0.245,1,0.8238705532194549,0.04300755490781527
medium,0.245,1,0.8329777402485591,0.08867556741927285
medium,0.245,1,0.8418009996410436,0.046784382487665255
medium,0.245,1,0.8503896164593983,0.0956670910180637
medium,0.245,1,0.8586863792917322,0.05009176907463975
medium,0.245,1,0.8667439127547913,0.10179083368690511
medium,0.245,1,0.8745038870674914,0.05301650514220679
medium,0.245,1,0.8820218658957211,0.10683079005543128
medium,0.245,1,0.8892388450140569,0.05565620037380947
medium,0.245,1,0.8962129042644901,0.11055739297983391
medium,0.245,1,0.9028848140350428,0.058074988578975084
medium,0.245,1,0.9093147283211253,0.11282897553144644
medium,0.245,1,0.9154436428973138,0.060350374967248266
medium,0.245,1,0.921333328104228,0.11377543771289111
medium,0.245,1,0.9269254541607833,0.06262729311410353
medium,0.245,1,0.9322829376432098,0.11383070305901166
medium,0.245,1,0.9373485671396159,0.06502977719206215
medium,0.245,1,0.942185926628709,0.11360619315933906
medium,0.245,1,0.9467393584811806,0.06764034251505424
medium,0.245,1,0.9510726301657431,0.11370449738109956
medium,0.245,1,0.9551320614238369,0.07052451424663841
medium,0.245,1,0.9589811179052409,0.11451103770282667
medium,0.245,1,0.9625685052613244,0.07373365086372641
medium,0.245,1,0.9659569043110149,0.1161564081127755
medium,0.245,1,0.9690977969965773,0.07730586508025417
medium,0.245,1,0.9720526022672069,0.11860463123789111
medium,0.245,1,0.9747759476077794,0.08126756639145771
medium,0.245,1,0.977327522662471,0.12173960611974899
medium,0.245,1,0.979665445771005,0.0856223625898459
medium,0.245,1,0.9818472229983033,0.12542696609655823
medium,0.245,1,0.9838347822836602,0.09038043537472262
medium,0.245,1,0.9856830084568623,0.12953308792557416
medium,0.245,1,0.9873579288081441,0.09554638548655137
medium,0.245,1,0.9889113892254742,0.1339154857859307
medium,0.245,1,0.9903137749028637,0.1011560727470816
medium,0.245,1,0.991613498207937,0.13841458437373222
medium,0.245,1,0.9927855276250362,0.1073012941318906
medium,0.245,1,0.9938744735540966,0.1425481978377987
medium,0.245,1,0.9948600782747408,0.11393033583076762
medium,0.245,1,0.9957828107071374,0.143167733859485
medium,0.245,1,0.9966273410996724,0.1187226840482698
medium,0.245,1,0.9974296888998265,0.10200709119160367
medium,0.245,1,0.9981795689934154,0.08433958159707333
medium,0.245,1,0.9989082772254887,-0.02935449962192438
medium,0.245,1,0.9996106513952221,-0.12962631662284696
fine,0.245,0,7.055382704709045e-05,-0.025438265112906144
fine,0.245,0,0.0005358668353258357,-0.11927146949187484
fine,0.245,0,0.001003316372903602,-0.3275201908795844
fine,0.245,0,0.0014827201104459019,-0.34418151934801
fine,0.245,0,0.001966389677247502,-0.43620961083398124
fine,0.245,0,0.002473927194749088,-0.42987277044956507
fine,0.245,0,0.0029878454072541825,-0.4949048037668713
fine,0.245,0,0.0035374645596045924,-0.4709640381143918
fine,0.245,0,0.0040955576824507475,-0.540637866699045
fine,0.245,0,0.004701063933608154,-0.5015606021738768
fine,0.245,0,0.005317108757519855,-0.5767141703334988
fine,0.245,0,0.00599211846719144,-0.5244248660025617
fine,0.245,0,0.006679695692681328,-0.6057399950048312
fine,0.245,0,0.007437590042870483,-0.5415223145957637
fine,0.245,0,0.008210038327446366,-0.629236441569822
fine,0.245,0,0.009063918044769699,-0.5540302131035042
fine,0.245,0,0.009934288869141336,-0.6480501395673481
fine,0.245,0,0.010896929896115749,-0.5624425062612457
fine,0.245,0,0.011877943402114403,-0.6624050403310933
fine,0.245,0,0.012961753667415988,-0.5669129224936817
fine,0.245,0,0.014065755617063936,-0.6725639285274179
fine,0.245,0,0.015282733051017053,-0.5679430933147447
fine,0.245,0,0.016521653052370293,-0.6794913740575359
fine,0.245,0,0.017883344989755467,-0.5669628418512633
fine,0.245,0,0.01926865613089264,-0.6843977136630219
fine,0.245,0,0.02078612023841934,-0.5648957021510352
fine,0.245,0,0.022328800266140373,-0.6865556582994126
fine,0.245,0,0.02401256712680279,-0.560515310684873
fine,0.245,0,0.025723061301410187,-0.6849139749276534
fine,0.245,0,0.027583098782327804,-0.5552524933314196
fine,0.245,0,0.029471284534170736,-0.6811707418667119
fine,0.245,0,0.03151696405848063,-0.5505990899439841
fine,0.245,0,0.03359211756585777,-0.6751359916223929
fine,0.245,0,0.035832182402786565,-0.5472136897496771
fine,0.245,0,0.038102947204295495,-0.6669629341282821
fine,0.245,0,0.04054548288470261,-0.5459552650938075
fine,0.245,0,0.043019840632240444,-0.6571822724915
fine,0.245,0,0.04567224758974182,-0.5474024128144108
fine,0.245,0,0.048357491041122566,-0.6463381463929374
fine,0.245,0,0.05122645957136559,-0.5514613616385688
fine,0.245,0,0.054129167913935156,-0.6348834593299049
fine,0.245,0,0.05722065553675614,-0.5573411790922713
fine,0.245,0,0.06034667212550607,-0.6231440454565575
fine,0.245,0,0.06366588342656872,-0.5638052812547205
fine,0.245,0,0.0670202960120721,-0.6113612259105237
fine,0.245,0,0.07057166503219695,-0.5695668565581851
fine,0.245,0,0.0741587885452702,-0.5997735554093127
fine,0.245,0,0.0779459637770447,-0.5736616825724061
fine,0.245,0,0.08176932572838895,-0.5886825596874077
fine,0.245,0,0.08579515777082246,-0.5756328401796089
fine,0.245,0,0.08985748631504302,-0.5783935476630153
fine,0.245,0,0.09412401822804332,-0.575422651509836
fine,0.245,0,0.0984272329324384,-0.5690296472901208
fine,0.245,0,0.10293569332374251,-0.5731261466686657
fine,0.245,0,0.10748089867309468,-0.5604935136881957
fine,0.245,0,0.11223169754104971,-0.5690156072983996
fine,0.245,0,0.11701917920039973,-0.552640123285471
fine,0.245,0,0.1220119065466587,-0.563443134737561
fine,0.245,0,0.12704113039470474,-0.5452584804030236
fine,0.245,0,0.13227455761153062,-0.5567725223055335
fine,0.245,0,0.13754417154792634,-0.5381606053473014
fine,0.245,0,0.1430162555754112,-0.5493701466766852
fine,0.245,0,0.14852409409584458,-0.5312190854678824
fine,0.245,0,0.15423198433497964,-0.5415750821615772
fine,0.245,0,0.15997507585855503,-0.5243622875988281
fine,0.245,0,0.16591512381675075,-0.5336828190956056
fine,0.245,0,0.1718897007408755,-0.5175894101287601
fine,0.245,0,0.1780574723773139,-0.5259809599456533
fine,0.245,0,0.18425898382607883,-0.5110443054028113
fine,0.245,0,0.19064927455509495,-0.5188436064957336
fine,0.245,0,0.19707240177799024,-0.5050865604974963
fine,0.245,0,0.20367925407974802,-0.5127392114359837
fine,0.245,0,0.2103179284486365,-0.4999685894562702
fine,0.245,0,0.21713465202748866,-0.5075825052904406
fine,0.245,0,0.22398207557092106,-0.49519972437148807
fine,0.245,0,0.23100126999325152,-0.5025841300012253
fine,0.245,0,0.2380499383986491,-0.48998604873719187
fine,0.245,0,0.24526351813359837,-0.4971231327954575
fine,0.245,0,0.25250524613947306,-0.48393641708229373
fine,0.245,0,0.2599044679178148,-0.4908384716481269
fine,0.245,0,0.2673304170101016,-0.47666648504037923
fine,0.245,0,0.2749059094086983,-0.4831381836615911
fine,0.245,0,0.28250661772748936,-0.46739797018311924
fine,0.245,0,0.2902484128792215,-0.4729957145017809
fine,0.245,0,0.29801382723470526,-0.455064795156805
fine,0.245,0,0.30591139455657856,-0.459408085914635
fine,0.245,0,0.31383090444585243,-0.43914736990264536
fine,0.245,0,0.3218731862711601,-0.44244829806552777
fine,0.245,0,0.32993565978081396,-0.4206567589916024
fine,0.245,0,0.3381111087747722,-0.423792318606973
fine,0.245,0,0.34630493024775466,-0.40126728567387926
fine,0.245,0,0.35460154848003855,-0.40439709054707595
fine,0.245,0,0.3629146578193709,-0.38145804521805826
fine,0.245,0,0.3713200373613067,-0.3846645562552595
fine,0.245,0,0.3797399708376294,-0.36174511911405616
fine,0.245,0,0.3882413357466996,-0.3651997205549249
fine,0.245,0,0.3967552681715877,-0.34267021367070094
fine,0.245,0,0.4053395177211753,-0.34639879191853495
fine,0.245,0,0.4139343058435173,-0.32439561817700824
fine,0.245,0,0.4225880588516187,-0.3283370887244037
fine,0.245,0,0.43125028583021585,-0.3068500447856499
fine,0.245,0,0.43995992593712474,-0.3109029264440284
fine,0.245,0,0.4486759467390373,-0.28984931295115857
fine,0.245,0,0.4574276684807952,-0.2939343179773355
fine,0.245,0,0.4661836560518123,-0.2732457177485792
fine,0.245,0,0.4749635115735291,-0.27735929363063305
fine,0.245,0,0.4837455036245451,-0.25702387113735004
fine,0.245,0,0.4925394498755256,-0.2612140194949366
fine,0.245,0,0.501333396126506,-0.24118324222908383
fine,0.245,0,0.510127342377486,-0.24542454628291255
fine,0.245,0,0.5189191520991674,-0.225650438301489
fine,0.245,0,0.5276990076208843,-0.22999486285546
fine,0.245,0,0.5364745973133421,-0.21046883260382865
fine,0.245,0,0.5452263190551,-0.21494888137613444
fine,0.245,0,0.5539716601018544,-0.19563267175116095
fine,0.245,0,0.5626813002087631,-0.20027537785517047
fine,0.245,0,0.5713824663451762,-0.18112475551164686
fine,0.245,0,0.580036219353278,-0.18597127008472358
fine,0.245,0,0.5886794337886255,-0.1669409154977919
fine,0.245,0,0.597263683338213,-0.17204234175650424
fine,0.245,0,0.6058353653719823,-0.15307536288305368
fine,0.245,0,0.6143367302810526,-0.15849069044651642
fine,0.245,0,0.6228235412557359,-0.1395173126630378
fine,0.245,0,0.6312289207976716,-0.1453202921362
fine,0.245,0,0.6396178092325591,-0.1262703723815528
fine,0.245,0,0.6479144274648436,-0.13256691332518722
fine,0.245,0,0.6561926732181039,-0.11335641436719368
fine,0.245,0,0.6643681222120617,-0.12026590903063106
fine,0.245,0,0.6725233795216728,-0.10077778739065657
fine,0.245,0,0.6805656613469772,-0.10844898916173817
fine,0.245,0,0.6885860006048817,-0.0885922317358192
fine,0.245,0,0.6964835679267581,-0.09726653852316236
fine,0.245,0,0.7043575160448822,-0.07692040459277849
fine,0.245,0,0.7120993111966145,-0.08678392848497296
fine,0.245,0,0.7198158904281523,-0.06571262630776697
fine,0.245,0,0.7273913828267494,-0.0769161186273346
fine,0.245,0,0.7349401479114015,-0.05482673883212086
fine,0.245,0,0.7423393696897436,-0.06754420605816014
fine,0.245,0,0.74971044319716,-0.044138857633649664
fine,0.245,0,0.756924022932109,-0.05859590577247342
fine,0.245,0,0.7641081286839914,-0.033583765992009074
fine,0.245,0,0.7711273231063231,-0.050050142757041005
fine,0.245,0,0.7781158175640746,-0.023137426438909925
fine,0.245,0,0.784932541142925,-0.04190308614827254
fine,0.245,0,0.791717442654645,-0.01279476807106672
fine,0.245,0,0.7983242949564037,-0.034160632975605676
fine,0.245,0,0.8048983107642829,-0.002573107072570524
fine,0.245,0,0.8112886014932986,-0.02683635163262399
fine,0.245,0,0.817645152409988,0.007513671258202126
fine,0.245,0,0.8238129240464255,-0.019908938533729215
fine,0.245,0,0.8299461667169341,0.01747114002817074
fine,0.245,0,0.8358862146751317,-0.013358176189975701
fine,0.245,0,0.8417910613488881,0.027269275237491786
fine,0.245,0,0.8474989515880226,-0.007191432781522122
fine,0.245,0,0.8531710873342087,0.03684554570813037
fine,0.245,0,0.8586431713616934,-0.001431220801182409
fine,0.245,0,0.8640790686696079,0.04611732319259454
fine,0.245,0,0.8693124958864338,0.0038947485941217552
fine,0.245,0,0.8745094266014726,0.05497989701350481
fine,0.245,0,0.8795021539477319,0.008754884540181473
fine,0.245,0,0.8844581985025958,0.06330264347668435
fine,0.245,0,0.8892089973705468,0.013117868888271156
fine,0.245,0,0.8939230512804509,0.07093098581483481
fine,0.245,0,0.8984315116717592,0.016961874879693473
fine,0.245,0,0.9029032892716717,0.07770154846601762
fine,0.245,0,0.9071698211846719,0.02029516030376699
fine,0.245,0,0.911399856595885,0.08348736109874944
fine,0.245,0,0.9154256886383186,0.023206753689155146
fine,0.245,0,0.9194153339611822,0.08821434921875859
fine,0.245,0,0.9232025091929565,0.0258189168410915
fine,0.245,0,0.9269539299317822,0.09181159235041425
fine,0.245,0,0.9305052989519073,0.02823887706359507
fine,0.245,0,0.9340214666875913,0.09423516236539209
fine,0.245,0,0.9373406779886541,0.030556811064581968
fine,0.245,0,0.9406253603237874,0.09551033572827794
fine,0.245,0,0.9437168479466087,0.03284414390718993
fine,0.245,0,0.9467745957571037,0.09576921576134334
fine,0.245,0,0.9496435642873469,0.035153550497701413
fine,0.245,0,0.9524796963237108,0.09527411115828577
fine,0.245,0,0.9551321032812123,0.03752359068229805
fine,0.245,0,0.9577526881715829,0.09439534537203786
fine,0.245,0,0.9601952238519901,0.039984625420912856
fine,0.245,0,0.9626070595678173,0.09353271505421035
fine,0.245,0,0.9648471244047443,0.04256337609084804
fine,0.245,0,0.9670577152586045,0.09301929193244818
fine,0.245,0,0.9691033947829162,0.04528520537061509
fine,0.245,0,0.971120926036302,0.09306214170762106
fine,0.245,0,0.9729809635172191,0.04817407426573983
fine,0.245,0,0.9748142736841917,0.09374024807405501
fine,0.245,0,0.9764980405448543,0.05124763774242458
fine,0.245,0,0.9781565914853224,0.09503773866329335
fine,0.245,0,0.9796740555928494,0.054514234686798946
fine,0.245,0,0.9811679004966242,0.09689860367167247
fine,0.245,0,0.9825295924340095,0.05799399165609709
fine,0.245,0,0.9838693418039947,0.09925452025444859
fine,0.245,0,0.9850863192379474,0.0616961561705438
fine,0.245,0,0.986283104987554,0.10202598108820027
fine,0.245,0,0.987366915252855,0.0656267225645305
fine,0.245,0,0.9884323530391319,0.10515689355535462
fine,0.245,0,0.9893949940661071,0.06981263269602933
fine,0.245,0,0.9903411439860338,0.10861931657349311
fine,0.245,0,0.9911950237033574,0.07430608098418812
fine,0.245,0,0.992034349486294,0.11240997816595422
fine,0.245,0,0.9927922438364837,0.07919303262876609
fine,0.245,0,0.9935375706708549,0.11655038306894172
fine,0.245,0,0.9942125803805256,0.08461581227978643
fine,0.245,0,0.9948770515174424,0.12105785970550387
fine,0.245,0,0.9954825577686007,0.09079089693419318
fine,0.245,0,0.996079590049263,0.12566707480055506
fine,0.245,0,0.9966292092016132,0.09782716719496665
fine,0.245,0,0.9971724476589597,0.1275805636250943
fine,0.245,0,0.9976799851764613,0.10364102628074179
fine,0.245,0,0.9981832568647032,0.09173415121070938
fine,0.245,0,0.9986626606022458,0.07341077026984799
fine,0.245,0,0.9991399278104891,-0.030597828997218635
fine,0.245,0,0.9996052408187679,-0.12294299035362599
fine,0.245,1,7.055382704709045e-05,0.231601377159951
fine,0.245,1,0.0005358668353258357,0.1966019330779213
fine,0.245,1,0.001003316372903602,0.3512040157536972
fine,0.245,1,0.0014827201104459019,0.28492012752656326
fine,0.245,1,0.001966389677247502,0.3872293858450039
fine,0.245,1,0.002473927194749088,0.32047820643516856
fine,0.245,1,0.0029878454072541825,0.4155788342100134
fine,0.245,1,0.0035374645596045924,0.3529924153425288
fine,0.245,1,0.0040955576824506365,0.4298100839300827
fine,0.245,1,0.004701063933608042,0.3734594684771425
fine,0.245,1,0.005317108757519632,0.4344773838188396
fine,0.245,1,0.00599211846719144,0.38572006527488856
fine,0.245,1,0.006679695692681328,0.4320340071479154
fine,0.245,1,0.007437590042870372,0.39189339900569276
fine,0.245,1,0.008210038327446142,0.4239857339535459
fine,0.245,1,0.009063918044769588,0.3933241180507544
fine,0.245,1,0.009934288869141336,0.4113951684817999
fine,0.245,1,0.010896929896115749,0.3909928564612144
fine,0.245,1,0.011877943402114515,0.39513394059311335
fine,0.245,1,0.0129617536674161,0.38570181885039534
fine,0.245,1,0.014065755617063936,0.37598051082370365
fine,0.245,1,0.015282733051017164,0.37810952458978264
fine,0.245,1,0.016521653052370515,0.35459511443124025
fine,0.245,1,0.017883344989755467,0.36866204011748105
fine,0.245,1,0.01926865613089219,0.33148861830414733
fine,0.245,1,0.02078612023841923,0.35769027001528253
fine,0.245,1,0.0223288002661406,0.30731504289560896
fine,0.245,1,0.0240125671268029,0.3456460467651309
fine,0.245,1,0.025723061301410187,0.28293295672832885
fine,0.245,1,0.027583098782327804,0.33239732179526793
fine,0.245,1,0.029471284534170736,0.2586256135336983
fine,0.245,1,0.03151696405848063,0.31763735897781364
fine,0.245,1,0.03359211756585777,0.23494512593823969
fine,0.245,1,0.035832182402786454,0.3009884837075669
fine,0.245,1,0.038102947204295266,0.21231854357527746
fine,0.245,1,0.04054548288470249,0.28196401322854436
fine,0.245,1,0.043019840632240444,0.19096952903441355
fine,0.245,1,0.04567224758974182,0.26022041351422764
fine,0.245,1,0.048357491041122566,0.1709695792747843
fine,0.245,1,0.0512264595713657,0.235799394756547
fine,0.245,1,0.05412916791393538,0.1522685342427047
fine,0.245,1,0.05722065553675637,0.2092257295723221
fine,0.245,1,0.06034667212550629,0.1347339156923082
fine,0.245,1,0.06366588342656894,0.18141648185601655
fine,0.245,1,0.06702029601207232,0.11817834584308229
fine,0.245,1,0.07057166503219695,0.15345032927399938
fine,0.245,1,0.0741587885452702,0.10237216820093842
fine,0.245,1,0.0779459637770447,0.1263043364979426
fine,0.245,1,0.08176932572838895,0.08705086461431666
fine,0.245,1,0.08579515777082257,0.10067524241515247
fine,0.245,1,0.08985748631504324,0.07196229159072454
fine,0.245,1,0.09412401822804344,0.07696487476210578
fine,0.245,1,0.0984272329324384,0.0569709248828445
fine,0.245,1,0.10293569332374264,0.05537512657351917
fine,0.245,1,0.10748089867309492,0.04210168498157019
fine,0.245,1,0.11223169754104993,0.035907540506062374
fine,0.245,1,0.11701917920039995,0.027451885749509075
fine,0.245,1,0.12201190654665892,0.018437298732603247
fine,0.245,1,0.12704113039470497,0.013181983291856603
fine,0.245,1,0.13227455761153062,0.0027666015757503715
fine,0.245,1,0.13754417154792611,-0.0005501234502993668
fine,0.245,1,0.1430162555754111,-0.011350368037123415
fine,0.245,1,0.14852409409584458,-0.013627592301719949
fine,0.245,1,0.15423198433497964,-0.024175561817913582
fine,0.245,1,0.15997507585855503,-0.025982620242732235
fine,0.245,1,0.16591512381675086,-0.035965501431227676
fine,0.245,1,0.17188970074087573,-0.0376087262849778
fine,0.245,1,0.17805747237731412,-0.04698199635841882
fine,0.245,1,0.18425898382607883,-0.048606945902491594
fine,0.245,1,0.19064927455509495,-0.05754248544855756
fine,0.245,1,0.19707240177799024,-0.05923771287984336
fine,0.245,1,0.20367925407974802,-0.06802413271406538
fine,0.245,1,0.2103179284486365,-0.06973875240602267
fine,0.245,1,0.21713465202748855,-0.07845869288305862
fine,0.245,1,0.22398207557092084,-0.07989215738680322
fine,0.245,1,0.2310012699932513,-0.08842374920942153
fine,0.245,1,0.238049938398649,-0.08924221135074872
fine,0.245,1,0.24526351813359837,-0.09757622685201417
fine,0.245,1,0.25250524613947306,-0.09755892047721315
fine,0.245,1,0.2599044679178148,-0.1057033155593734
fine,0.245,1,0.2673304170101016,-0.10460349115366618
fine,0.245,1,0.2749059094086983,-0.1124096054655983
fine,0.245,1,0.28250661772748936,-0.1098479966096273
fine,0.245,1,0.2902484128792217,-0.11697570477675345
fine,0.245,1,0.2980138272347057,-0.11251141415471344
fine,0.245,1,0.3059113945565788,-0.11866142793996137
fine,0.245,1,0.31383090444585243,-0.11212379499168645
fine,0.245,1,0.3218731862711601,-0.11744317783729885
fine,0.245,1,0.32993565978081396,-0.10927667119925855
fine,0.245,1,0.3381111087747722,-0.11442575413663647
fine,0.245,1,0.34630493024775466,-0.10512100295467164
fine,0.245,1,0.35460154848003855,-0.11023204106128426
fine,0.245,1,0.3629146578193709,-0.1000023317575982
fine,0.245,1,0.3713200373613067,-0.10514070904993678
fine,0.245,1,0.3797399708376294,-0.09431040552247816
fine,0.245,1,0.3882413357466996,-0.09960674737642461
fine,0.245,1,0.3967552681715877,-0.0884802857267144
fine,0.245,1,0.4053395177211753,-0.0939538200861012
fine,0.245,1,0.4139343058435173,-0.08268183146628272
fine,0.245,1,0.4225880588516187,-0.08828286279020348
fine,0.245,1,0.43125028583021585,-0.07691089822048203
fine,0.245,1,0.43995992593712474,-0.08255726732416369
fine,0.245,1,0.4486759467390373,-0.07107008929813907
fine,0.245,1,0.4574276684807952,-0.07669802241505819
fine,0.245,1,0.4661836560518123,-0.06507997185151226
fine,0.245,1,0.4749635115735291,-0.07068818198537086
fine,0.245,1,0.4837455036245449,-0.058957788184193616
fine,0.245,1,0.4925394498755256,-0.06458860606533623
fine,0.245,1,0.501333396126506,-0.05273167442377735
fine,0.245,1,0.510127342377486,-0.05836929211552788
fine,0.245,1,0.518919152099167,-0.04636753060626542
fine,0.245,1,0.5276990076208843,-0.05205956765364417
fine,0.245,1,0.5364745973133421,-0.039922055476124596
fine,0.245,1,0.5452263190551,-0.045701545004570576
fine,0.245,1,0.5539716601018544,-0.03341173200442449
fine,0.245,1,0.5626813002087631,-0.03930810394554185
fine,0.245,1,0.5713824663451762,-0.02684162663521228
fine,0.245,1,0.5800362193532778,-0.03289722172076903
fine,0.245,1,0.5886794337886255,-0.020225764654197675
fine,0.245,1,0.5972636833382132,-0.0264930801656047
fine,0.245,1,0.6058353653719828,-0.013575664550548927
fine,0.245,1,0.6143367302810528,-0.020115602140022615
fine,0.245,1,0.6228235412557361,-0.006897070997876398
fine,0.245,1,0.631228920797672,-0.013785365567699825
fine,0.245,1,0.6396178092325593,-0.00020659035774084344
fine,0.245,1,0.6479144274648441,-0.0075490426243751685
fine,0.245,1,0.6561926732181044,0.006464287266454649
fine,0.245,1,0.6643681222120619,-0.0014528772340332008
fine,0.245,1,0.6725233795216737,0.01310089500358691
fine,0.245,1,0.6805656613469827,0.004459862406565374
fine,0.245,1,0.6885860006048908,0.0196414644141073
fine,0.245,1,0.6964835679267624,0.010043852496311234
fine,0.245,1,0.7043575160448826,0.02596759318997166
fine,0.245,1,0.7120993111966147,0.015225096310815922
fine,0.245,1,0.7198158904281527,0.03210635432559428
fine,0.245,1,0.7273913828267499,0.020058685230748385
fine,0.245,1,0.7349401479114019,0.03816765750502482
fine,0.245,1,0.7423393696897436,0.024631714441753383
fine,0.245,1,0.74971044319716,0.04424932365364809
fine,0.245,1,0.756924022932109,0.028993383451607846
fine,0.245,1,0.7641081286839911,0.050399920997216685
fine,0.245,1,0.7711273231063223,0.03315056076572154
fine,0.245,1,0.7781158175640728,0.05663287543209039
fine,0.245,1,0.7849325411429228,0.03709609766435917
fine,0.245,1,0.7917174426546424,0.06294452890565316
fine,0.245,1,0.7983242949564019,0.04081524103245415
fine,0.245,1,0.804898310764282,0.06931111074384044
fine,0.245,1,0.8112886014932984,0.044286969157484535
fine,0.245,1,0.817645152409988,0.07571108490005973
fine,0.245,1,0.8238129240464239,0.047521512279052214
fine,0.245,1,0.8299461667169314,0.08213961470553799
fine,0.245,1,0.8358862146751304,0.05052908576395776
fine,0.245,1,0.8417910613488881,0.08855935058121334
fine,0.245,1,0.8474989515880226,0.05329568135088736
fine,0.245,1,0.8531710873342087,0.09490240770038372
fine,0.245,1,0.8586431713616939,0.05579385532740566
fine,0.245,1,0.8640790686696088,0.10108135403278717
fine,0.245,1,0.8693124958864342,0.0579916285472184
fine,0.245,1,0.8745094266014726,0.10698735955189709
fine,0.245,1,0.8795021539477319,0.05985417686109329
fine,0.245,1,0.8844581985025958,0.11248693508102992
fine,0.245,1,0.8892089973705473,0.06134773095382384
fine,0.245,1,0.8939230512804516,0.11742385778743447
fine,0.245,1,0.8984315116717592,0.062448431689812844
fine,0.245,1,0.9029032892716713,0.12163387968660744
fine,0.245,1,0.9071698211846715,0.0631613835750574
fine,0.245,1,0.911399856595885,0.12498729302018774
fine,0.245,1,0.9154256886383186,0.06356769305827092
fine,0.245,1,0.9194153339611822,0.12740427051518033
fine,0.245,1,0.9232025091929565,0.06378155706058997
fine,0.245,1,0.9269539299317822,0.12881004160261833
fine,0.245,1,0.9305052989519073,0.06390462432710653
fine,0.245,1,0.9340214666875916,0.12915806279627173
fine,0.245,1,0.9373406779886543,0.06402280514595504
fine,0.245,1,0.9406253603237879,0.12847051137019494
fine,0.245,1,0.9437168479466091,0.06420464126702485
fine,0.245,1,0.9467745957571037,0.12687527449015357
fine,0.245,1,0.9496435642873469,0.06450103408123309
fine,0.245,1,0.9524796963237108,0.12462834109406029
fine,0.245,1,0.9551321032812123,0.06494949569617847
fine,0.245,1,0.9577526881715829,0.12209195472260093
fine,0.245,1,0.9601952238519901,0.06557996089284313
fine,0.245,1,0.9626070595678178,0.11965739105041795
fine,0.245,1,0.9648471244047487,0.06641891723451199
fine,0.245,1,0.9670577152586117,0.11765053549852889
fine,0.245,1,0.9691033947829197,0.06749168804131311
fine,0.245,1,0.9711209260363024,0.11627373803846608
fine,0.245,1,0.9729809635172195,0.06882189470926758
fine,0.245,1,0.9748142736841922,0.11560372367980298
fine,0.245,1,0.9764980405448548,0.07042708274637033
fine,0.245,1,0.9781565914853229,0.11562429221653703
fine,0.245,1,0.9796740555928496,0.07231500864965235
fine,0.245,1,0.9811679004966244,0.11627956065060785
fine,0.245,1,0.98252959243401,0.07450412885460267
fine,0.245,1,0.9838693418039951,0.11750087185010583
fine,0.245,1,0.9850863192379479,0.07700257571099633
fine,0.245,1,0.9862831049875542,0.11920873075878369
fine,0.245,1,0.9873669152528548,0.07981458849915224
fine,0.245,1,0.9884323530391315,0.12134595948613658
fine,0.245,1,0.9893949940661073,0.08296421845710267
fine,0.245,1,0.9903411439860342,0.12388296028092183
fine,0.245,1,0.9911950237033577,0.08650166183622965
fine,0.245,1,0.992034349486294,0.12681475831468514
fine,0.245,1,0.9927922438364837,0.09051032309494123
fine,0.245,1,0.9935375706708549,0.1301628136100551
fine,0.245,1,0.9942125803805261,0.0951327923862142
fine,0.245,1,0.9948770515174429,0.13395004257535115
fine,0.245,1,0.9954825577686003,0.10058590260056177
fine,0.245,1,0.9960795900492624,0.13792563172042294
fine,0.245,1,0.9966292092016128,0.10697214180197234
fine,0.245,1,0.99717244765896,0.13933206798484032
fine,0.245,1,0.9976799851764615,0.11218343344296688
fine,0.245,1,0.9981832568647037,0.10322882286275548
fine,0.245,1,0.9986626606022458,0.08158481171068332
fine,0.245,1,0.9991399278104891,-0.02081503600453316
fine,0.245,1,0.9996052408187679,-0.12294299035362599
coarse,0.51,0,0.0009773445603639772,-0.13372471343334325
coarse,0.51,0,0.0020457613143778997,-0.21717341360288334
coarse,0.51,0,0.0032604949280518798,-0.5695666664675372
coarse,0.51,0,0.004488862829896006,-0.5727204642506143
coarse,0.51,0,0.006007360929024542,-0.7178290426982523
coarse,0.51,0,0.007552894318042032,-0.6998171737286962
coarse,0.51,0,0.00952740703385368,-0.754856165165853
coarse,0.51,0,0.011541893459967409,-0.7233386891876423
coarse,0.51,0,0.014116868387170856,-0.7687751281255883
coarse,0.51,0,0.016744071483824362,-0.7259925904766555
coarse,0.51,0,0.020053682142206725,-0.765691650147422
coarse,0.51,0,0.023426881790726984,-0.7145212909495093
coarse,0.51,0,0.027592731879039448,-0.7502207482723826
coarse,0.51,0,0.031832443752925724,-0.6919005077722689
coarse,0.51,0,0.03696148647587775,-0.7248394276566559
coarse,0.51,0,0.042173399984210345,-0.661621112751634
coarse,0.51,0,0.04835610805348478,-0.6956721159828774
coarse,0.51,0,0.05462927796583278,-0.6293068714783974
coarse,0.51,0,0.061938095586906355,-0.6670282058589705
coarse,0.51,0,0.06934341828153043,-0.5984612749606115
coarse,0.51,0,0.07783152161323179,-0.6396819648659984
coarse,0.51,0,0.0864205220203959,-0.5696794987028402
coarse,0.51,0,0.09612090931608505,-0.6127031525941722
coarse,0.51,0,0.1059248593122144,-0.5437114478146645
coarse,0.51,0,0.11684978631051872,-0.5861485428524029
coarse,0.51,0,0.12787916964772272,-0.5222339186439915
coarse,0.51,0,0.14001993987345196,-0.5603358480675575
coarse,0.51,0,0.15226427279962115,-0.5058851354073075
coarse,0.51,0,0.16559138636286744,-0.5357604351487486
coarse,0.51,0,0.1790193970015767,-0.4936497049176549
coarse,0.51,0,0.19348305534901156,-0.5136358341361249
coarse,0.51,0,0.2080432187699969,-0.48458671139374787
coarse,0.51,0,0.22357417675192454,-0.49508854590403284
coarse,0.51,0,0.2391955965769255,-0.47726326749404446
coarse,0.51,0,0.2557063472509918,-0.47768004555713817
coarse,0.51,0,0.2722999687104384,-0.4669472859979862
coarse,0.51,0,0.28968624060967696,-0.454853363060415
coarse,0.51,0,0.3071463742944894,-0.44670996023458764
coarse,0.51,0,0.32528891554103334,-0.4208283807864006
coarse,0.51,0,0.34349504577771517,-0.412678201428339
coarse,0.51,0,0.3622616645154838,-0.3775663862069798
coarse,0.51,0,0.3810805114227021,-0.37081657490130393
coarse,0.51,0,0.4003283376567152,-0.3331506208110675
coarse,0.51,0,0.41961613760103106,-0.32887866972024193
coarse,0.51,0,0.43919406774263176,-0.29138996079984425
coarse,0.51,0,0.4587990331741212,-0.28983423290960375
coarse,0.51,0,0.4785503154652709,-0.2524452896125351
coarse,0.51,0,0.49831523204459033,-0.2534602998147444
coarse,0.51,0,0.5180801486239099,-0.21546071691908164
coarse,0.51,0,0.5378450652032296,-0.21922338078337078
coarse,0.51,0,0.5574636649228891,-0.18016655873225096
coarse,0.51,0,0.5770686303543795,-0.1870706984209607
coarse,0.51,0,0.5963834655885836,-0.14653304947029056
coarse,0.51,0,0.6156712655328989,-0.1570641535810804
coarse,0.51,0,0.6345300861504201,-0.11463017193027891
coarse,0.51,0,0.6533489330576387,-0.12931542842510324
coarse,0.51,0,0.6716072914637684,-0.08476671403653913
coarse,0.51,0,0.689813421700448,-0.10411891806273132
coarse,0.51,0,0.7073371443753995,-0.05761177818946783
coarse,0.51,0,0.7247972780602134,-0.08202938927125558
coarse,0.51,0,0.7414647613052343,-0.0336142425820507
coarse,0.51,0,0.7580583827646814,-0.06291033799861268
coarse,0.51,0,0.7737626733750627,-0.012483267839078938
coarse,0.51,0,0.7893840932000632,-0.046041952819525056
coarse,0.51,0,0.8040347184641232,0.005943328660251046
coarse,0.51,0,0.8185948818851099,-0.030926515117649434
coarse,0.51,0,0.8321193975973683,0.021604334796937463
coarse,0.51,0,0.8455474082360762,-0.017194462144226375
coarse,0.51,0,0.857892638237708,0.03465798671133802
coarse,0.51,0,0.8701369711638781,-0.004477679600571216
coarse,0.51,0,0.8812699172015185,0.045544550271526485
coarse,0.51,0,0.8922993005387185,0.007449658532941994
coarse,0.51,0,0.9022077068737506,0.054937615169211584
coarse,0.51,0,0.9120116568698835,0.018616347511768327
coarse,0.51,0,0.9207042199774885,0.06361507962258217
coarse,0.51,0,0.9292932203846531,0.02913989302566622
coarse,0.51,0,0.9367994401547397,0.07225500778724747
coarse,0.51,0,0.9442047628493634,0.03929454712203695
coarse,0.51,0,0.9505744378352623,0.0811749236906194
coarse,0.51,0,0.9568476077476098,0.049298198827090745
coarse,0.51,0,0.9621499830990164,0.09037463924967926
coarse,0.51,0,0.9673618966073488,0.05925538383036333
coarse,0.51,0,0.9716844792666158,0.09970463324607559
coarse,0.51,0,0.9759241911405017,0.06919469396020017
coarse,0.51,0,0.9793712525745976,0.10889315822596224
coarse,0.51,0,0.9827444522231196,0.07906514167956691
coarse,0.51,0,0.9854352443099086,0.11746249838761402
coarse,0.51,0,0.9880624474065596,0.08871023797951749
coarse,0.51,0,0.9901291620021239,0.12437169132723691
coarse,0.51,0,0.9921436484282382,0.09763093817144342
coarse,0.51,0,0.9937291555275582,0.12565848754231446
coarse,0.51,0,0.9952746889165762,0.10291427811412812
coarse,0.51,0,0.9965300921083088,0.08006060035332463
coarse,0.51,0,0.9977584600101528,0.06471945865670325
coarse,0.51,0,0.998840511052336,-0.047935664333231376
coarse,0.51,0,0.9999089278063494,-0.14208620782243153
coarse,0.51,1,0.0009773445603639772,0.24774293083585652
coarse,0.51,1,0.0020457613143778997,0.2692175820289764
coarse,0.51,1,0.003260494928052103,0.42542888261219247
coarse,0.51,1,0.004488862829896006,0.4092924587227452
coarse,0.51,1,0.006007360929024765,0.45964679013678766
coarse,0.51,1,0.007552894318042032,0.4415147565686788
coarse,0.51,1,0.00952740703385368,0.45404863508043014
coarse,0.51,1,0.011541893459967633,0.4383385668162135
coarse,0.51,1,0.014116868387170856,0.42237107528541884
coarse,0.51,1,0.01674407148382414,0.4111912239398493
coarse,0.51,1,0.020053682142206725,0.3756532466614684
coarse,0.51,1,0.023426881790726984,0.3702358277059796
coarse,0.51,1,0.02759273187903967,0.3217361504338282
coarse,0.51,1,0.03183244375292617,0.32299847268378723
coarse,0.51,1,0.03696148647587775,0.2666379390802768
coarse,0.51,1,0.042173399984210345,0.27497846245409163
coarse,0.51,1,0.04835610805348478,0.21366060477434456
coarse,0.51,1,0.05462927796583278,0.2291778756940136
coarse,0.51,1,0.061938095586906355,0.16414834303382897
coarse,0.51,1,0.06934341828153043,0.18682815041674572
coarse,0.51,1,0.07783152161323179,0.11887959013624749
coarse,0.51,1,0.0864205220203959,0.14836473241083392
coarse,0.51,1,0.09612090931608527,0.07860700798361331
coarse,0.51,1,0.10592485931221463,0.11316244306088075
coarse,0.51,1,0.11684978631051916,0.0434784620961407
coarse,0.51,1,0.12787916964772317,0.07960038341648956
coarse,0.51,1,0.14001993987345218,0.013227694319420391
coarse,0.51,1,0.15226427279962115,0.04644299551846187
coarse,0.51,1,0.16559138636286766,-0.012787065807824627
coarse,0.51,1,0.1790193970015767,0.013790806031819591
coarse,0.51,1,0.19348305534901156,-0.03583100235903358
coarse,0.51,1,0.2080432187699969,-0.01781552791604546
coarse,0.51,1,0.22357417675192454,-0.057357037182232506
coarse,0.51,1,0.2391955965769255,-0.047525241711180444
coarse,0.51,1,0.2557063472509918,-0.0767290664980167
coarse,0.51,1,0.2722999687104384,-0.07255276297924085
coarse,0.51,1,0.28968624060967696,-0.09018876465778103
coarse,0.51,1,0.3071463742944894,-0.08838194085118434
coarse,0.51,1,0.32528891554103334,-0.09355751811834345
coarse,0.51,1,0.34349504577771517,-0.09193623457204936
coarse,0.51,1,0.3622616645154838,-0.08733604998042188
coarse,0.51,1,0.38108051142270233,-0.08666649589689968
coarse,0.51,1,0.40032833765671566,-0.07679213506425908
coarse,0.51,1,0.4196161376010315,-0.07786520265203634
coarse,0.51,1,0.43919406774263176,-0.06495094680778069
coarse,0.51,1,0.4587990331741212,-0.06802678203218693
coarse,0.51,1,0.4785503154652709,-0.0524167984671291
coarse,0.51,1,0.4983152320445908,-0.057460163679287524
coarse,0.51,1,0.5180801486239102,-0.038957700003799944
coarse,0.51,1,0.5378450652032296,-0.04617595659398499
coarse,0.51,1,0.55746366492289,-0.024685817216814065
coarse,0.51,1,0.5770686303543808,-0.03447181121017873
coarse,0.51,1,0.5963834655885843,-0.009850897307345008
coarse,0.51,1,0.6156712655328989,-0.022685928732617988
coarse,0.51,1,0.6345300861504201,0.0052475235921035646
coarse,0.51,1,0.653348933057639,-0.011159052246060952
coarse,0.51,1,0.6716072914637691,0.020133236582862923
coarse,0.51,1,0.6898134217004493,-0.00035355181152851856
coarse,0.51,1,0.7073371443754002,0.034032161974619
coarse,0.51,1,0.7247972780602134,0.009064261805014517
coarse,0.51,1,0.7414647613052343,0.04634307662650505
coarse,0.51,1,0.758058382764681,0.01702272458508236
coarse,0.51,1,0.7737626733750609,0.05711561039348256
coarse,0.51,1,0.7893840932000601,0.023984360957515438
coarse,0.51,1,0.804034718464121,0.06633544786319101
coarse,0.51,1,0.818594881885109,0.030266170324158348
coarse,0.51,1,0.8321193975973683,0.07382640459019718
coarse,0.51,1,0.8455474082360771,0.036101946367238846
coarse,0.51,1,0.8578926382377089,0.07963773754749603
coarse,0.51,1,0.8701369711638781,0.041741388221799514
coarse,0.51,1,0.8812699172015189,0.08411222535961427
coarse,0.51,1,0.8922993005387194,0.047321138029194576
coarse,0.51,1,0.9022077068737515,0.08783441753684995
coarse,0.51,1,0.912011656869884,0.0528078485690926
coarse,0.51,1,0.9207042199774881,0.09148484250078237
coarse,0.51,1,0.9292932203846527,0.058254507319188686
coarse,0.51,1,0.9367994401547397,0.09564206802533592
coarse,0.51,1,0.9442047628493634,0.06386666267769836
coarse,0.51,1,0.9505744378352623,0.10055098777732563
coarse,0.51,1,0.9568476077476098,0.06980786676243766
coarse,0.51,1,0.9621499830990164,0.10616636697162218
coarse,0.51,1,0.9673618966073488,0.07614263447652514
coarse,0.51,1,0.9716844792666158,0.11230763441549929
coarse,0.51,1,0.9759241911405017,0.08286662049419369
coarse,0.51,1,0.9793712525745927,0.11867793316598607
coarse,0.51,1,0.9827444522231089,0.08989794005238927
coarse,0.51,1,0.9854352443099024,0.12477231183264514
coarse,0.51,1,0.9880624474065587,0.09704364823346567
coarse,0.51,1,0.9901291620021234,0.12950951276781775
coarse,0.51,1,0.9921436484282382,0.10374929152752166
coarse,0.51,1,0.9937291555275582,0.12886181836632038
coarse,0.51,1,0.9952746889165762,0.10700368848324837
coarse,0.51,1,0.9965300921083088,0.0816264859024487
coarse,0.51,1,0.9977584600101528,0.0668944338053521
coarse,0.51,1,0.998840511052336,-0.04794690047247152
coarse,0.51,1,0.9999089278063499,-0.14208620782243153
medium,0.51,0,0.0006131722044418839,-0.10030346888635266
medium,0.51,0,0.001315546374175295,-0.17931899402112217
medium,0.51,0,0.002059393185286955,-0.48274375682798776
medium,0.51,0,0.0028092732788760635,-0.48728543162284343
medium,0.51,0,0.003641783023378735,-0.6281728926301859
medium,0.51,0,0.004486313415913818,-0.611572866203516
medium,0.51,0,0.005454001607361085,-0.6837961495527856
medium,0.51,0,0.006439606328005627,-0.6532713922773716
medium,0.51,0,0.007587959690346681,-0.7202549230760966
medium,0.51,0,0.00875998910744499,-0.6785423573298988
medium,0.51,0,0.010133119393589698,-0.7437674066943567
medium,0.51,0,0.01153550507097829,-0.6924444971414929
medium,0.51,0,0.013175813345724742,-0.75665733114726
medium,0.51,0,0.014850733697010563,-0.6967319572107276
medium,0.51,0,0.016798587639333493,-0.7605781225524602
medium,0.51,0,0.018786146924687882,-0.6935968072264658
medium,0.51,0,0.02107957360533249,-0.7581444259277739
medium,0.51,0,0.023417496713866042,-0.6850093708960876
medium,0.51,0,0.026091893186376353,-0.7497901116702472
medium,0.51,0,0.02881523852694931,-0.6706743726512676
medium,0.51,0,0.03190310243471709,-0.7359225976450676
medium,0.51,0,0.03504399512027921,-0.652094409240225
medium,0.51,0,0.038574677369855315,-0.7191408953803069
medium,0.51,0,0.042162064725939113,-0.6313887425871507
medium,0.51,0,0.04616154610891296,-0.7009257631458681
medium,0.51,0,0.05022097736700725,-0.610616820632732
medium,0.51,0,0.05471167083049354,-0.6828784699688231
medium,0.51,0,0.05926510268296497,-0.5917493621265126
medium,0.51,0,0.06426568275354456,-0.6653217681278134
medium,0.51,0,0.06933131224995114,-0.5757179359653295
medium,0.51,0,0.0748565729092462,-0.6476056030570569
medium,0.51,0,0.08044869896580165,-0.5626719573113457
medium,0.51,0,0.0865094410593438,-0.6291696588612918
medium,0.51,0,0.0926383556355324,-0.5525228114365013
medium,0.51,0,0.09924130467180627,-0.6101089739303669
medium,0.51,0,0.10591321444235571,-0.5447931769840801
medium,0.51,0,0.11306096940761776,-0.5908424728455186
medium,0.51,0,0.1202779485259572,-0.5384981887650997
medium,0.51,0,0.12796896210438238,-0.5719133235179183
medium,0.51,0,0.13572893641708292,-0.532572212620356
medium,0.51,0,0.14395752676676996,-0.5538963677376141
medium,0.51,0,0.1522542895991032,-0.5262740480039392
medium,0.51,0,0.16101068359432513,-0.5372734049569259
medium,0.51,0,0.16983394298680746,-0.5193018296006859
medium,0.51,0,0.1791043505973984,-0.522420314844988
medium,0.51,0,0.18843980763381607,-0.5118267690125176
medium,0.51,0,0.19820652687562576,-0.509851298205062
medium,0.51,0,0.20803598450642036,-0.5046881532860834
medium,0.51,0,0.21827753616410503,-0.49982657935842734
medium,0.51,0,0.22857903769691035,-0.4980867840631733
medium,0.51,0,0.23927032879372967,-0.490958369938886
medium,0.51,0,0.25001832499705645,-0.49052686375609533
medium,0.51,0,0.2611308397675778,-0.4809708999576652
medium,0.51,0,0.2722963833158935,-0.48044635299911254
medium,0.51,0,0.28379840022818575,-0.4677966444314994
medium,0.51,0,0.29534936600854067,-0.4658444825896437
medium,0.51,0,0.3072061991841864,-0.44864165779828236
medium,0.51,0,0.31910752878772136,-0.44428002761878327
medium,0.51,0,0.33128179198229407,-0.42272483971346775
medium,0.51,0,0.3434957605198985,-0.4169159346571538
medium,0.51,0,0.355947651654859,-0.39316292803230257
medium,0.51,0,0.3684341548663584,-0.387216836144612
medium,0.51,0,0.3811217589469051,-0.3628987985552756
medium,0.51,0,0.39383861841869566,-0.35758256890580165
medium,0.51,0,0.40671822653218254,-0.33355176891728333
medium,0.51,0,0.4196215107004267,-0.32936721289446935
medium,0.51,0,0.4326479526675832,-0.3058969877961606
medium,0.51,0,0.44569231116393726,-0.3028529738522421
medium,0.51,0,0.4588192993112044,-0.27966198825539523
medium,0.51,0,0.47195830810650397,-0.2776231090855126
medium,0.51,0,0.4851387895431818,-0.2544277621756159
medium,0.51,0,0.49832530426233723,-0.2534296728906029
medium,0.51,0,0.5115118189814928,-0.23002380330150007
medium,0.51,0,0.5246983337006482,-0.23016591657419183
medium,0.51,0,0.5378433757784257,-0.20632976690808458
medium,0.51,0,0.5509823845737255,-0.20783364282284134
medium,0.51,0,0.5640387637181121,-0.18332662609763717
medium,0.51,0,0.5770831222144666,-0.18644278162912786
medium,0.51,0,0.5900043229119077,-0.1609661964959772
medium,0.51,0,0.6029076070801512,-0.16599023864163986
medium,0.51,0,0.6156481426066986,-0.13922119815630674
medium,0.51,0,0.6283650020784894,-0.14648249866329
medium,0.51,0,0.6408807606812333,-0.11808892339026378
medium,0.51,0,0.6533672638927333,-0.12796570882209135
medium,0.51,0,0.6656158445068762,-0.09762775146463532
medium,0.51,0,0.6778298130444805,-0.1105386272241129
medium,0.51,0,0.689770847991046,-0.07801001009761199
medium,0.51,0,0.7016721775945799,-0.09443019071077785
medium,0.51,0,0.7132676398028244,-0.05950737368490877
medium,0.51,0,0.7248186055831798,-0.07985607798735161
medium,0.51,0,0.7360330979995583,-0.04216186321790416
medium,0.51,0,0.7471986415478743,-0.06666378352433755
medium,0.51,0,0.7579996665290007,-0.025750618632076616
medium,0.51,0,0.7687476627323342,-0.05459196288381585
medium,0.51,0,0.7791058693716416,-0.010212117366324769
medium,0.51,0,0.7894073709044402,-0.04353397883617016
medium,0.51,0,0.7992967784103546,0.00433918315838111
medium,0.51,0,0.8091262360411492,-0.03347477423003453
medium,0.51,0,0.8185244314665514,0.01774165143298867
medium,0.51,0,0.8278598885029682,-0.024365026726828054
medium,0.51,0,0.8367481973212777,0.02987236360561596
medium,0.51,0,0.8455714567137604,-0.016060263439129807
medium,0.51,0,0.8539350849433547,0.04062537798128174
medium,0.51,0,0.8622318477756882,-0.008401445905000804
medium,0.51,0,0.8700599945710349,0.04986408121199559
medium,0.51,0,0.8778199688837357,-0.0012507711088709517
medium,0.51,0,0.8851059087363471,0.05747434277058383
medium,0.51,0,0.8923228878546825,0.005490681966218824
medium,0.51,0,0.899064021778312,0.06341081661977344
medium,0.51,0,0.9057359315488651,0.011853691972718128
medium,0.51,0,0.9119338068593297,0.06782346036818931
medium,0.51,0,0.9180627214355187,0.017881348887839543
medium,0.51,0,0.9237230199747206,0.07118177416289073
medium,0.51,0,0.929315146031276,0.02370525006978219
medium,0.51,0,0.9344476409249425,0.07412587516067093
medium,0.51,0,0.9395132704213486,0.02945056404782742
medium,0.51,0,0.944131751699647,0.07719444247182072
medium,0.51,0,0.9486851835521187,0.03520472216053272
medium,0.51,0,0.9528073531991978,0.08071793835837227
medium,0.51,0,0.9568667844572917,0.04103583313471593
medium,0.51,0,0.9605141216884964,0.08481485798520438
medium,0.51,0,0.9641015090445808,0.04699333321136612
medium,0.51,0,0.96729910683665,0.08946775302629884
medium,0.51,0,0.9704399995222117,0.05311043601537713
medium,0.51,0,0.9732163736405794,0.09459941443164466
medium,0.51,0,0.975939718981152,0.059410520819883406
medium,0.51,0,0.9783265909577485,0.10010699061461414
medium,0.51,0,0.9806645140662822,0.06589688370309543
medium,0.51,0,0.982696569779529,0.10588745696566115
medium,0.51,0,0.9846841290648872,0.07258473983728009
medium,0.51,0,0.9863987547592002,0.11184160978474733
medium,0.51,0,0.9880736751104816,0.0794881499256812
medium,0.51,0,0.9895106728644092,0.1178592034101239
medium,0.51,0,0.9909130585417987,0.08665761587026688
medium,0.51,0,0.9921143433501413,0.12381289372394322
medium,0.51,0,0.9932863727672405,0.09420618806218761
medium,0.51,0,0.9942956535426414,0.1292551771931062
medium,0.51,0,0.9952812582632855,0.10211287627492605
medium,0.51,0,0.9961437051850178,0.131094200897808
medium,0.51,0,0.9969882355775529,0.10812015839827349
medium,0.51,0,0.9977501363191746,0.09135494766264418
medium,0.51,0,0.998500016412764,0.07508862983686826
medium,0.51,0,0.9992084238649749,-0.036991442984257494
medium,0.51,0,0.9999107980347078,-0.1324959883215412
medium,0.51,1,0.0006131722044418839,0.21727548632759208
medium,0.51,1,0.001315546374175295,0.22405977148591005
medium,0.51,1,0.002059393185286955,0.37914024683059244
medium,0.51,1,0.0028092732788760635,0.35055258620689855
medium,0.51,1,0.003641783023378958,0.42716007925563515
medium,0.51,1,0.0044863134159142636,0.3962385184236321
medium,0.51,1,0.005454001607361085,0.45140606224456215
medium,0.51,1,0.006439606328005627,0.42254116376885076
medium,0.51,1,0.007587959690346681,0.45469465394522124
medium,0.51,1,0.00875998910744499,0.42990613557765567
medium,0.51,1,0.010133119393589698,0.4438315050541085
medium,0.51,1,0.01153550507097829,0.42430005278960614
medium,0.51,1,0.013175813345725188,0.422782295463099
medium,0.51,1,0.014850733697010563,0.40936103513153677
medium,0.51,1,0.016798587639333493,0.39452050256769355
medium,0.51,1,0.01878614692468766,0.38783193141840155
medium,0.51,1,0.02107957360533249,0.36141766318647384
medium,0.51,1,0.023417496713866042,0.3619903707453921
medium,0.51,1,0.026091893186376353,0.3255878245910804
medium,0.51,1,0.02881523852694931,0.33396941730006435
medium,0.51,1,0.03190310243471709,0.28890608778453564
medium,0.51,1,0.03504399512027921,0.3053644272161896
medium,0.51,1,0.038574677369855315,0.2524930723270564
medium,0.51,1,0.042162064725939113,0.2771994462533113
medium,0.51,1,0.04616154610891296,0.21715134418489968
medium,0.51,1,0.05022097736700725,0.2498548606843849
medium,0.51,1,0.05471167083049399,0.18322452267386324
medium,0.51,1,0.0592651026829652,0.2230951066160446
medium,0.51,1,0.06426568275354456,0.15105516947002584
medium,0.51,1,0.06933131224995114,0.19641135779026353
medium,0.51,1,0.0748565729092462,0.12114487290311482
medium,0.51,1,0.08044869896580165,0.16927371969158989
medium,0.51,1,0.0865094410593438,0.09393215976804703
medium,0.51,1,0.0926383556355324,0.14132036078559385
medium,0.51,1,0.09924130467180627,0.06952645025438153
medium,0.51,1,0.10591321444235595,0.11266491729459804
medium,0.51,1,0.11306096940761821,0.04774845685559381
medium,0.51,1,0.12027794852595743,0.08398626438618939
medium,0.51,1,0.12796896210438238,0.028207878977922762
medium,0.51,1,0.1357289364170827,0.05620137498131961
medium,0.51,1,0.14395752676676996,0.010384412044574853
medium,0.51,1,0.15225428959910342,0.030074727680688862
medium,0.51,1,0.16101068359432558,-0.006254752553826792
medium,0.51,1,0.1698339429868079,0.006027727224611534
medium,0.51,1,0.1791043505973984,-0.02218858271495927
medium,0.51,1,0.18843980763381563,-0.015921950924496775
medium,0.51,1,0.19820652687562554,-0.03794303713397085
medium,0.51,1,0.20803598450642036,-0.03627097985391803
medium,0.51,1,0.21827753616410503,-0.05390544728631941
medium,0.51,1,0.22857903769691035,-0.05526366440968511
medium,0.51,1,0.23927032879372967,-0.06946072587147523
medium,0.51,1,0.25001832499705645,-0.07216396252784696
medium,0.51,1,0.2611308397675778,-0.08328144750934174
medium,0.51,1,0.2722963833158935,-0.08610561335668998
medium,0.51,1,0.28379840022818575,-0.09400041598230557
medium,0.51,1,0.29534936600854067,-0.09580371139906507
medium,0.51,1,0.3072061991841866,-0.09961251442053509
medium,0.51,1,0.31910752878772136,-0.09954538926299761
medium,0.51,1,0.33128179198229407,-0.09923989007845613
medium,0.51,1,0.3434957605198985,-0.09791010749390905
medium,0.51,1,0.355947651654859,-0.09471635001573109
medium,0.51,1,0.3684341548663586,-0.09309721293360118
medium,0.51,1,0.3811217589469051,-0.08803408391129053
medium,0.51,1,0.39383861841869566,-0.08675800801037181
medium,0.51,1,0.40671822653218276,-0.08043954059177505
medium,0.51,1,0.41962151070042714,-0.0799449855378056
medium,0.51,1,0.43264795266758344,-0.07266221181797738
medium,0.51,1,0.44569231116393726,-0.07299945914355921
medium,0.51,1,0.4588192993112044,-0.06467326419924113
medium,0.51,1,0.47195830810650397,-0.06576415169154459
medium,0.51,1,0.48513878954318224,-0.05629228280795684
medium,0.51,1,0.4983253042623377,-0.058188181106686665
medium,0.51,1,0.5115118189814932,-0.04749604916140737
medium,0.51,1,0.5246983337006482,-0.0503052990899564
medium,0.51,1,0.5378433757784257,-0.03828224396923874
medium,0.51,1,0.5509823845737255,-0.042219169339986484
medium,0.51,1,0.5640387637181128,-0.028718256145574106
medium,0.51,1,0.5770831222144679,-0.034027714579721424
medium,0.51,1,0.5900043229119086,-0.018841480489485196
medium,0.51,1,0.6029076070801517,-0.02581013199657778
medium,0.51,1,0.6156481426066991,-0.008699021949383878
medium,0.51,1,0.6283650020784897,-0.017645884146993085
medium,0.51,1,0.6408807606812333,0.001648007424975395
medium,0.51,1,0.6533672638927333,-0.009640982388911645
medium,0.51,1,0.6656158445068766,0.012091697915429522
medium,0.51,1,0.677829813044481,-0.001941484576580832
medium,0.51,1,0.6897708479910465,0.0224285922821571
medium,0.51,1,0.7016721775945803,0.005198582931908224
medium,0.51,1,0.7132676398028244,0.03236529952544864
medium,0.51,1,0.7248186055831798,0.011534351528065478
medium,0.51,1,0.7360330979995583,0.041797056730125126
medium,0.51,1,0.7471986415478743,0.017134992848720332
medium,0.51,1,0.7579996665289909,0.05085454029474168
medium,0.51,1,0.7687476627323128,0.02217184780468262
medium,0.51,1,0.7791058693716273,0.05954198892766671
medium,0.51,1,0.7894073709044362,0.026695812518046647
medium,0.51,1,0.7992967784103524,0.06771663692903573
medium,0.51,1,0.8091262360411483,0.030687355206098443
medium,0.51,1,0.8185244314665496,0.07519630801046406
medium,0.51,1,0.8278598885029654,0.03416422837837518
medium,0.51,1,0.8367481973212764,0.08183529265772616
medium,0.51,1,0.8455714567137613,0.03723533425917924
medium,0.51,1,0.8539350849433556,0.08750683520676017
medium,0.51,1,0.8622318477756891,0.04002893078915826
medium,0.51,1,0.8700599945710358,0.09206051544098803
medium,0.51,1,0.8778199688837357,0.04265805509472653
medium,0.51,1,0.8851059087363475,0.09537043155863323
medium,0.51,1,0.8923228878546834,0.04520141352091067
medium,0.51,1,0.8990640217783125,0.09738021495135751
medium,0.51,1,0.9057359315488656,0.04767475276516897
medium,0.51,1,0.9119338068593301,0.09822159548803822
medium,0.51,1,0.9180627214355187,0.0501038162671954
medium,0.51,1,0.9237230199747202,0.0983303862858208
medium,0.51,1,0.929315146031276,0.052596119000688724
medium,0.51,1,0.9344476409249425,0.09830606619905469
medium,0.51,1,0.9395132704213486,0.05525532526541865
medium,0.51,1,0.9441317516996475,0.09865099076471273
medium,0.51,1,0.9486851835521187,0.05815252608534016
medium,0.51,1,0.9528073531991978,0.09966585692660157
medium,0.51,1,0.9568667844572917,0.0613420224189839
medium,0.51,1,0.9605141216884964,0.10144738318194857
medium,0.51,1,0.9641015090445799,0.06486124749560629
medium,0.51,1,0.96729910683665,0.10396316995782384
medium,0.51,1,0.9704399995222122,0.06873282201136544
medium,0.51,1,0.9732163736405794,0.1071251589610247
medium,0.51,1,0.975939718981152,0.07296981136983971
medium,0.51,1,0.9783265909577485,0.11082190842850226
medium,0.51,1,0.9806645140662822,0.07756578618262489
medium,0.51,1,0.9826965697795281,0.11494185747929397
medium,0.51,1,0.984684129064885,0.08252458712479771
medium,0.51,1,0.9863987547591994,0.11937550635871963
medium,0.51,1,0.9880736751104812,0.0878467783701965
medium,0.51,1,0.9895106728644092,0.12399883384571109
medium,0.51,1,0.9909130585417987,0.09356470581361176
medium,0.51,1,0.9921143433501413,0.12866277286206207
medium,0.51,1,0.9932863727672405,0.09976382743515422
medium,0.51,1,0.9942956535426414,0.1328871734162238
medium,0.51,1,0.9952812582632855,0.1063831375302009
medium,0.51,1,0.9961437051850178,0.13353775144444358
medium,0.51,1,0.9969882355775529,0.11110752231626064
medium,0.51,1,0.9977501363191742,0.09271433804884244
medium,0.51,1,0.9985000164127635,0.07678416526933163
medium,0.51,1,0.9992084238649744,-0.036783939531413345
medium,0.51,1,0.9999107980347078,-0.1324959883215412
fine,0.51,0,0.0003769362267073388,-0.07760523813412057
fine,0.51,0,0.0008422492349858611,-0.15587149005801604
fine,0.51,0,0.0013189767238955385,-0.40527530235527487
fine,0.51,0,0.0017983804614377266,-0.4147978270093413
fine,0.51,0,0.002300574537251744,-0.5327485781980934
fine,0.51,0,0.0028081120547533305,-0.5224095181323285
fine,0.51,0,0.0033497386528767285,-0.5925535538388933
fine,0.51,0,0.0038993578052271384,-0.5681094886042881
fine,0.51,0,0.004494249433891626,-0.6374667515157979
fine,0.51,0,0.005099755685049032,-0.6012286622228571
fine,0.51,0,0.005761564620484598,-0.6716303763505487
fine,0.51,0,0.006436574330156183,-0.6253508628533804
fine,0.51,0,0.007178726421607069,-0.6980215676863004
fine,0.51,0,0.007936620771796113,-0.6428714537590148
fine,0.51,0,0.008772270012699507,-0.7183567958520578
fine,0.51,0,0.00962614973002284,-0.6552078422011831
fine,0.51,0,0.010568133749057428,-0.7335755420771315
fine,0.51,0,0.011530774776031727,-0.6629775790198649
fine,0.51,0,0.012591571398649245,-0.7439493449685184
fine,0.51,0,0.01367538166395072,-0.6663551176969071
fine,0.51,0,0.01486706669135813,-0.7498042073030431
fine,0.51,0,0.016084044125311135,-0.665800196433141
fine,0.51,0,0.017418250473786444,-0.7522379860751294
fine,0.51,0,0.01877994241117173,-0.6626923390861565
fine,0.51,0,0.020267820749956512,-0.7525774555828733
fine,0.51,0,0.021785284857483215,-0.6579028928518016
fine,0.51,0,0.02343746587844835,-0.750112462229555
fine,0.51,0,0.025121232739110988,-0.6499915928798712
fine,0.51,0,0.0269477911858587,-0.7440393101247793
fine,0.51,0,0.028807828666776312,-0.6399623825974641
fine,0.51,0,0.030818249244898316,-0.7362219171710784
fine,0.51,0,0.03286392876920821,-0.6291184498407614
fine,0.51,0,0.03506707405304395,-0.7266625216713847
fine,0.51,0,0.037307138889972745,-0.6179544181285834
fine,0.51,0,0.03971121933446277,-0.7156616707509655
fine,0.51,0,0.04215375501486977,-0.6073949169935213
fine,0.51,0,0.04476630117397562,-0.7037841531660252
fine,0.51,0,0.04741870813147699,-0.5984440592053217
fine,0.51,0,0.05024654517716985,-0.6914564713421605
fine,0.51,0,0.0531155137074131,-0.5917564018355335
fine,0.51,0,0.05616473833545335,-0.6788686947102014
fine,0.51,0,0.05925622595827445,-0.587432042569358
fine,0.51,0,0.06253218575892219,-0.6659991923567758
fine,0.51,0,0.06585139705998484,-0.5850128537501398
fine,0.51,0,0.06935867242344708,-0.6527468858345213
fine,0.51,0,0.07291004144357194,-0.583681383693103
fine,0.51,0,0.07665243006141248,-0.6391006716128431
fine,0.51,0,0.08043960529318676,-0.5825809651599423
fine,0.51,0,0.0844201093081403,-0.6252626427598833
fine,0.51,0,0.0884459413505739,-0.5810795601408745
fine,0.51,0,0.09266675719824395,-0.6116038728886934
fine,0.51,0,0.09693328911124435,-0.5787969198875389
fine,0.51,0,0.10139580008806262,-0.5984558247527507
fine,0.51,0,0.10590426047936685,-0.5754692516140247
fine,0.51,0,0.11060903206195397,-0.5860191212262058
fine,0.51,0,0.11535983092990898,-0.5710229050233508
fine,0.51,0,0.12030660886168232,-0.5744405837140527
fine,0.51,0,0.1252993362079414,-0.5655179772454435
fine,0.51,0,0.13048704735943734,-0.5637312934918974
fine,0.51,0,0.135720474576263,-0.5590841673538127
fine,0.51,0,0.14114723057626766,-0.5538200483149724
fine,0.51,0,0.14661931460375263,-0.5519113698080707
fine,0.51,0,0.15228241822895375,-0.5445948476396472
fine,0.51,0,0.15799030846808884,-0.5442186296899039
fine,0.51,0,0.16388626276962218,-0.5359297078567282
fine,0.51,0,0.16982631072781768,-0.5362329882853345
fine,0.51,0,0.17595083086384095,-0.5277376463347279
fine,0.51,0,0.18211860250027934,-0.5282165334082609
fine,0.51,0,0.18846663023451493,-0.5200700918780687
fine,0.51,0,0.1948569209635312,-0.5205496708603212
fine,0.51,0,0.20142264178073868,-0.5131926317890463
fine,0.51,0,0.20802949408249635,-0.5137328237888827
fine,0.51,0,0.21480635686295285,-0.5072558595182504
fine,0.51,0,0.22162308044180512,-0.5077552104922325
fine,0.51,0,0.2286038196282186,-0.5017079841267718
fine,0.51,0,0.23562301405054906,-0.5018991244386548
fine,0.51,0,0.24279967423240537,-0.49574945044853846
fine,0.51,0,0.2500132539673545,-0.49556248954469484
fine,0.51,0,0.2573772167995085,-0.4889811516562981
fine,0.51,0,0.26477643857785016,-0.48839503125358386
fine,0.51,0,0.27231845194227733,-0.48099767157997064
fine,0.51,0,0.27989394434087417,-0.47983318794503216
fine,0.51,0,0.287604153652909,-0.4709987574333403
fine,0.51,0,0.2953459488046411,-0.4688857990646331
fine,0.51,0,0.3032139303577725,-0.457926031428604
fine,0.51,0,0.3111114976796456,-0.454565922467701
fine,0.51,0,0.31912629391604297,-0.44130948756140587
fine,0.51,0,0.3271685757413508,-0.43692997864355054
fine,0.51,0,0.3353187323287634,-0.4221963813014957
fine,0.51,0,0.34349418132272164,-0.41763178118647626
fine,0.51,0,0.35176778591232155,-0.40222069207423106
fine,0.51,0,0.3600644041446054,-0.3976956177706683
fine,0.51,0,0.3684491266786016,-0.3818772782873503
fine,0.51,0,0.3768545062205373,-0.3775448730726012
fine,0.51,0,0.3853376406531876,-0.361703159060462
fine,0.51,0,0.3938390055622576,-0.3577621798646433
fine,0.51,0,0.4024075128531069,-0.3422417502877937
fine,0.51,0,0.4109917624026945,-0.33872964565626473
fine,0.51,0,0.4196323146365595,-0.3236540959142329
fine,0.51,0,0.4282860676446611,-0.32051214416868357
fine,0.51,0,0.4369850931290773,-0.3058616254024109
fine,0.51,0,0.44569473323598635,-0.3029862642708312
fine,0.51,0,0.45443846242351704,-0.28867049422270363
fine,0.51,0,0.4631901841652749,-0.28597912498785694
fine,0.51,0,0.47196469624530396,-0.2719234619460531
fine,0.51,0,0.480744551767021,-0.26941077787809986
fine,0.51,0,0.4895358217693684,-0.2555921802199024
fine,0.51,0,0.4983297680203487,-0.25331439610945283
fine,0.51,0,0.5071237142713292,-0.23966019733738086
fine,0.51,0,0.5159176605223097,-0.23762091086792658
fine,0.51,0,0.5247001922926593,-0.2240476185342528
fine,0.51,0,0.5334800478143764,-0.22233092026294998
fine,0.51,0,0.5422371129978218,-0.20878785894096064
fine,0.51,0,0.5509888347395797,-0.2074668820791845
fine,0.51,0,0.5597064674007156,-0.19386721289649445
fine,0.51,0,0.5684161075076242,-0.19301602933945383
fine,0.51,0,0.577080475138219,-0.1792615773457511
fine,0.51,0,0.5857342281463206,-0.17897182394925082
fine,0.51,0,0.5943316784701446,-0.1649593137569394
fine,0.51,0,0.602915928019732,-0.16533661330740035
fine,0.51,0,0.6114330351875403,-0.15094666810356716
fine,0.51,0,0.6199344000966108,-0.1521100397366879
fine,0.51,0,0.6283580101149663,-0.1372051165927708
fine,0.51,0,0.6367633896569019,-0.13929432573420142
fine,0.51,0,0.6450806648971263,-0.1237307593017476
fine,0.51,0,0.6533772831294109,-0.12692355389774912
fine,0.51,0,0.6615757457660528,-0.11053841960083322
fine,0.51,0,0.6697511947600107,-0.11503249371311708
fine,0.51,0,0.677818768991861,-0.097629025453839
fine,0.51,0,0.685861050817165,-0.10365141603748951
fine,0.51,0,0.6937861037279507,-0.08506507084454484
fine,0.51,0,0.7016836710498269,-0.09292495582298499
fine,0.51,0,0.7094550519703017,-0.07296855386440115
fine,0.51,0,0.7171968471220341,-0.08291704861255633
fine,0.51,0,0.7248039253603283,-0.06129388213378628
fine,0.51,0,0.7323794177589253,-0.07354096376441732
fine,0.51,0,0.7398121185714369,-0.04990747045566324
fine,0.51,0,0.747211340349779,-0.06467365230237498
fine,0.51,0,0.754460179030916,-0.03869861926803275
fine,0.51,0,0.7616737587658654,-0.05623947207055413
fine,0.51,0,0.7687298727412896,-0.02761960000686292
fine,0.51,0,0.7757490671636215,-0.048218290231532235
fine,0.51,0,0.7826042459783897,-0.01666980183855582
fine,0.51,0,0.7894209695572407,-0.040612403813152786
fine,0.51,0,0.7960676826573941,-0.00587379648387043
fine,0.51,0,0.8026745349591526,-0.03343721337998362
fine,0.51,0,0.8091059571727188,0.004715494152136013
fine,0.51,0,0.815496247901735,-0.026717787582457575
fine,0.51,0,0.821706282532953,0.015044170199949525
fine,0.51,0,0.8278740541693904,-0.020445887871377355
fine,0.51,0,0.833857353628002,0.025072559501051916
fine,0.51,0,0.8397974015862,-0.01461038552345606
fine,0.51,0,0.845549385481997,0.034726570843032545
fine,0.51,0,0.8512572757211313,-0.00921885869468353
fine,0.51,0,0.8567741463625497,0.043906304956805475
fine,0.51,0,0.8622462303900343,-0.004281153857183417
fine,0.51,0,0.8675249856343406,0.052500571035827504
fine,0.51,0,0.8727584128511666,0.0002037676393294996
fine,0.51,0,0.8777968562627554,0.06038950346371663
fine,0.51,0,0.8827895836090152,0.004250149380158996
fine,0.51,0,0.8875863318914524,0.06744351808185489
fine,0.51,0,0.8923371307594036,0.007883229446570716
fine,0.51,0,0.8968916184360778,0.07352683972646756
fine,0.51,0,0.9014000788273858,0.011135287395389382
fine,0.51,0,0.9057125601548727,0.07851276301990862
fine,0.51,0,0.9099790920678725,0.014050170514213312
fine,0.51,0,0.9140506401756365,0.08233046777021091
fine,0.51,0,0.9180764722180702,0.01672241663332119
fine,0.51,0,0.9219089754773243,0.08498744182316698
fine,0.51,0,0.9256961507090988,0.019253757727577536
fine,0.51,0,0.9292923063431576,0.08653738415475853
fine,0.51,0,0.9328436753632825,0.021714981735110217
fine,0.51,0,0.9362069803210072,0.08711256791879518
fine,0.51,0,0.9395261916220695,0.02415662908800109
fine,0.51,0,0.9426609307453062,0.08694952849690907
fine,0.51,0,0.9457524183681275,0.026618538371382172
fine,0.51,0,0.9486636498931509,0.08636964412545933
fine,0.51,0,0.9515326184233944,0.029133124763035867
fine,0.51,0,0.9542261568654459,0.08572104434648897
fine,0.51,0,0.9568785638229476,0.03172846846394206
fine,0.51,0,0.9593609603017502,0.08530606557598086
fine,0.51,0,0.9618034959821578,0.03442982354084578
fine,0.51,0,0.9640820160550021,0.08533101004736587
fine,0.51,0,0.9663220808919292,0.03726006386563463
fine,0.51,0,0.9684046799693332,0.08589782238575017
fine,0.51,0,0.9704503594936449,0.04023957650097143
fine,0.51,0,0.9723456559207502,0.08702663409267042
fine,0.51,0,0.9742056934016674,0.04338610860635894
fine,0.51,0,0.9759229392964994,0.08868572743273606
fine,0.51,0,0.977606706157162,0.046710804126469996
fine,0.51,0,0.9791557561043863,0.0908151034792849
fine,0.51,0,0.9806732202119135,0.05021625527399842
fine,0.51,0,0.9820644979180408,0.09335614882754784
fine,0.51,0,0.9834261898554257,0.05391798533464365
fine,0.51,0,0.9846706528782887,0.09625734287649634
fine,0.51,0,0.9858876303122419,0.057823091830933926
fine,0.51,0,0.9869967329840885,0.09946262840357334
fine,0.51,0,0.9880805432493895,0.06193717827553824
fine,0.51,0,0.9890661979190487,0.10293910340891743
fine,0.51,0,0.9900288389460237,0.06628848197653081
fine,0.51,0,0.9909033756712872,0.10667934096697662
fine,0.51,0,0.9917572553886107,0.07093251441567383
fine,0.51,0,0.9925333802152202,0.11069825677233269
fine,0.51,0,0.9932912745654094,0.07596078934844375
fine,0.51,0,0.993982026533819,0.11503445633402021
fine,0.51,0,0.9946570362434897,0.08152345336909805
fine,0.51,0,0.995275743268884,0.11972446749027055
fine,0.51,0,0.9958812495200423,0.08784770341439385
fine,0.51,0,0.9964414832948851,0.1245312410873145
fine,0.51,0,0.9969911024472353,0.09505518864821172
fine,0.51,0,0.9975066325189638,0.1267253897555708
fine,0.51,0,0.9980141700364649,0.10108931262990672
fine,0.51,0,0.9984989172156951,0.09161368049083407
fine,0.51,0,0.9989783209532372,0.07148176833239972
fine,0.51,0,0.9994463102101492,-0.029892572370028292
fine,0.51,0,0.9999116232184282,-0.12686297072902686
fine,0.51,1,0.0003769362267073388,0.19350534446598344
fine,0.51,1,0.0008422492349858611,0.18489740814504263
fine,0.51,1,0.0013189767238955385,0.33236917475768657
fine,0.51,1,0.0017983804614377266,0.29011986538263956
fine,0.51,1,0.002300574537251744,0.3801939645142022
fine,0.51,1,0.0028081120547533305,0.33491540512856255
fine,0.51,1,0.0033497386528767285,0.4177448520560496
fine,0.51,1,0.0038993578052271384,0.37353292743176236
fine,0.51,1,0.004494249433891626,0.43890259206934945
fine,0.51,1,0.005099755685049032,0.3977463088424096
fine,0.51,1,0.005761564620484152,0.44907181736141166
fine,0.51,1,0.006436574330156183,0.41217788851705117
fine,0.51,1,0.0071787264216068465,0.45109786036281974
fine,0.51,1,0.00793662077179589,0.41930622252720673
fine,0.51,1,0.008772270012699283,0.44670578519873116
fine,0.51,1,0.009626149730022618,0.4206746085442945
fine,0.51,1,0.010568133749057428,0.4370970255686142
fine,0.51,1,0.011530774776031951,0.41739084426632356
fine,0.51,1,0.012591571398649245,0.4232339335967845
fine,0.51,1,0.01367538166395072,0.4103614375957424
fine,0.51,1,0.014867066691358354,0.4059626467903762
fine,0.51,1,0.016084044125311583,0.4003719743936862
fine,0.51,1,0.017418250473786444,0.38600848192684734
fine,0.51,1,0.018779942411171507,0.3880587781508805
fine,0.51,1,0.020267820749956512,0.3639510552981474
fine,0.51,1,0.021785284857483437,0.3739818064996152
fine,0.51,1,0.02343746587844835,0.34045185228776353
fine,0.51,1,0.025121232739110988,0.3588371809314107
fine,0.51,1,0.0269477911858587,0.31627808766702026
fine,0.51,1,0.028807828666776312,0.34295627554300157
fine,0.51,1,0.030818249244898316,0.29174180185721865
fine,0.51,1,0.03286392876920821,0.3265124343386975
fine,0.51,1,0.03506707405304395,0.2673218978340771
fine,0.51,1,0.03730713888997252,0.3095760210048335
fine,0.51,1,0.03971121933446255,0.24339329242528318
fine,0.51,1,0.04215375501486977,0.29196966620925247
fine,0.51,1,0.04476630117397562,0.2201915391755659
fine,0.51,1,0.04741870813147699,0.2733506671638486
fine,0.51,1,0.05024654517717008,0.19788149039625835
fine,0.51,1,0.053115513707413325,0.2533750469388564
fine,0.51,1,0.056164738335453795,0.17659654849697237
fine,0.51,1,0.05925622595827467,0.23187421238162065
fine,0.51,1,0.06253218575892242,0.1564576728802317
fine,0.51,1,0.06585139705998506,0.20897643073101646
fine,0.51,1,0.06935867242344732,0.13755644427046476
fine,0.51,1,0.07291004144357194,0.18510853166186725
fine,0.51,1,0.07665243006141248,0.11991076847253357
fine,0.51,1,0.08043960529318676,0.16087220050093365
fine,0.51,1,0.0844201093081403,0.10341847817298355
fine,0.51,1,0.0884459413505739,0.13687395383432788
fine,0.51,1,0.09266675719824417,0.08786508460675979
fine,0.51,1,0.09693328911124435,0.11362662167040571
fine,0.51,1,0.10139580008806284,0.07301275900726834
fine,0.51,1,0.10590426047936685,0.09154217869668435
fine,0.51,1,0.11060903206195419,0.058670253486309054
fine,0.51,1,0.11535983092990944,0.07087267036219436
fine,0.51,1,0.12030660886168276,0.04468172678120674
fine,0.51,1,0.12529933620794162,0.051733586194020686
fine,0.51,1,0.13048704735943734,0.03097901113132817
fine,0.51,1,0.135720474576263,0.034138110104744435
fine,0.51,1,0.14114723057626766,0.017564325969346095
fine,0.51,1,0.14661931460375263,0.0180148310596413
fine,0.51,1,0.15228241822895375,0.004485416161638001
fine,0.51,1,0.15799030846808884,0.003235236794560503
fine,0.51,1,0.16388626276962218,-0.008188131392423248
fine,0.51,1,0.1698263107278179,-0.01036502400884487
fine,0.51,1,0.17595083086384117,-0.02040378046418234
fine,0.51,1,0.18211860250027934,-0.02299219413155429
fine,0.51,1,0.18846663023451493,-0.0321923681807883
fine,0.51,1,0.1948569209635312,-0.034935858270277675
fine,0.51,1,0.20142264178073868,-0.04372790548181982
fine,0.51,1,0.20802949408249635,-0.04656934274925528
fine,0.51,1,0.21480635686295285,-0.0551595643016114
fine,0.51,1,0.22162308044180512,-0.0579745732614132
fine,0.51,1,0.22860381962821838,-0.06623295061788426
fine,0.51,1,0.23562301405054906,-0.06880428740776834
fine,0.51,1,0.24279967423240514,-0.07650198587224999
fine,0.51,1,0.2500132539673545,-0.07875062553029943
fine,0.51,1,0.2573772167995085,-0.08573358050302105
fine,0.51,1,0.26477643857785016,-0.08762043514336493
fine,0.51,1,0.27231845194227733,-0.09367778701806051
fine,0.51,1,0.27989394434087417,-0.09505528972623156
fine,0.51,1,0.287604153652909,-0.09980520202448262
fine,0.51,1,0.2953459488046411,-0.10038750217410675
fine,0.51,1,0.3032139303577725,-0.10335917900284808
fine,0.51,1,0.3111114976796456,-0.10291109160983503
fine,0.51,1,0.31912629391604297,-0.1039061403739927
fine,0.51,1,0.3271685757413508,-0.10258543715346313
fine,0.51,1,0.3353187323287634,-0.10202670569321493
fine,0.51,1,0.34349418132272164,-0.10045886371890922
fine,0.51,1,0.35176778591232155,-0.09880137274850798
fine,0.51,1,0.3600644041446054,-0.0971798975970033
fine,0.51,1,0.3684491266786016,-0.09457724810670398
fine,0.51,1,0.3768545062205373,-0.09303630688138043
fine,0.51,1,0.3853376406531876,-0.08975115250520704
fine,0.51,1,0.3938390055622576,-0.08845418850092379
fine,0.51,1,0.4024075128531069,-0.08475408055577671
fine,0.51,1,0.4109917624026945,-0.08373828468829725
fine,0.51,1,0.4196323146365595,-0.07975806521724138
fine,0.51,1,0.4282860676446611,-0.07898177362023273
fine,0.51,1,0.4369850931290773,-0.07476018563716269
fine,0.51,1,0.44569473323598635,-0.07414367549166623
fine,0.51,1,0.45443846242351704,-0.0696629970102689
fine,0.51,1,0.4631901841652749,-0.0691428417693003
fine,0.51,1,0.47196469624530396,-0.0643850962602992
fine,0.51,1,0.480744551767021,-0.06396175114415659
fine,0.51,1,0.4895358217693684,-0.05893641174628583
fine,0.51,1,0.4983297680203491,-0.05866323338430246
fine,0.51,1,0.5071237142713292,-0.053336038875356095
fine,0.51,1,0.5159176605223093,-0.05322657396324182
fine,0.51,1,0.5247001922926591,-0.04754853446710583
fine,0.51,1,0.5334800478143762,-0.04768327269114825
fine,0.51,1,0.5422371129978218,-0.041625537970395365
fine,0.51,1,0.5509888347395797,-0.042077872161716545
fine,0.51,1,0.5597064674007156,-0.0355808884462423
fine,0.51,1,0.5684161075076242,-0.036426010378396656
fine,0.51,1,0.5770804751382188,-0.02941786497250054
fine,0.51,1,0.5857342281463206,-0.03074658861322277
fine,0.51,1,0.5943316784701448,-0.023148009059904107
fine,0.51,1,0.6029159280197325,-0.025064335606473476
fine,0.51,1,0.6114330351875408,-0.016779836796075642
fine,0.51,1,0.6199344000966113,-0.01940042225067873
fine,0.51,1,0.6283580101149667,-0.010316108106006805
fine,0.51,1,0.6367633896569024,-0.013777112243738454
fine,0.51,1,0.6450806648971266,-0.0037700966622915555
fine,0.51,1,0.6533772831294113,-0.008242399310127047
fine,0.51,1,0.661575745766053,0.0028297679239083218
fine,0.51,1,0.6697511947600107,-0.0028443865836973448
fine,0.51,1,0.677818768991865,0.00946687584886119
fine,0.51,1,0.6858610508171741,0.002372685313280387
fine,0.51,1,0.6937861037279569,0.016073078762422033
fine,0.51,1,0.7016836710498282,0.007267253811655161
fine,0.51,1,0.7094550519703021,0.02252522823005343
fine,0.51,1,0.7171968471220341,0.011766077878296866
fine,0.51,1,0.7248039253603288,0.028841319778307617
fine,0.51,1,0.7323794177589256,0.01592372874235526
fine,0.51,1,0.7398121185714369,0.0351180372991402
fine,0.51,1,0.747211340349779,0.0198281652733987
fine,0.51,1,0.754460179030916,0.041436701904102646
fine,0.51,1,0.7616737587658654,0.023528952884405485
fine,0.51,1,0.7687298727412891,0.04782638466853606
fine,0.51,1,0.7757490671636206,0.027030007128826083
fine,0.51,1,0.782604245978388,0.05427609067203121
fine,0.51,1,0.7894209695572381,0.030317043222059303
fine,0.51,1,0.7960676826573924,0.06075256594923151
fine,0.51,1,0.8026745349591513,0.033365414040369856
fine,0.51,1,0.8091059571727184,0.06719748132726466
fine,0.51,1,0.815496247901735,0.0361428204778792
fine,0.51,1,0.8217062825329516,0.07355088976175794
fine,0.51,1,0.8278740541693878,0.03864719210268508
fine,0.51,1,0.8338573536280006,0.07976585705965356
fine,0.51,1,0.8397974015861995,0.04088024181521199
fine,0.51,1,0.845549385481997,0.0857654520800416
fine,0.51,1,0.8512572757211313,0.04282854785946444
fine,0.51,1,0.8567741463625501,0.09144975289765345
fine,0.51,1,0.8622462303900352,0.04447828601372916
fine,0.51,1,0.867524985634341,0.09670875385875788
fine,0.51,1,0.8727584128511666,0.04582707764496685
fine,0.51,1,0.8777968562627554,0.1014246399572798
fine,0.51,1,0.8827895836090152,0.04688638337342166
fine,0.51,1,0.8875863318914529,0.105470823224465
fine,0.51,1,0.8923371307594045,0.04767907290670248
fine,0.51,1,0.8968916184360782,0.10871489428218162
fine,0.51,1,0.9014000788273854,0.04823529346499367
fine,0.51,1,0.9057125601548722,0.11103277213226281
fine,0.51,1,0.9099790920678725,0.04859578464684744
fine,0.51,1,0.9140506401756365,0.1123522127426928
fine,0.51,1,0.9180764722180702,0.04884761172735985
fine,0.51,1,0.9219089754773243,0.1126754715576962
fine,0.51,1,0.9256961507090988,0.049084021551224155
fine,0.51,1,0.9292923063431576,0.11205130340302338
fine,0.51,1,0.9328436753632825,0.049369488680645834
fine,0.51,1,0.9362069803210072,0.11060596426505986
fine,0.51,1,0.9395261916220704,0.0497492173070615
fine,0.51,1,0.9426609307453062,0.10856726560599328
fine,0.51,1,0.9457524183681275,0.05025834434929333
fine,0.51,1,0.9486636498931509,0.10624530013937439
fine,0.51,1,0.9515326184233944,0.050924987750951334
fine,0.51,1,0.9542261568654459,0.10397490094441386
fine,0.51,1,0.9568785638229476,0.051773105541329745
fine,0.51,1,0.9593609603017502,0.10204489615203571
fine,0.51,1,0.9618034959821578,0.052824094328354776
fine,0.51,1,0.9640820160550053,0.1006494993034438
fine,0.51,1,0.9663220808919363,0.05409704387297398
fine,0.51,1,0.9684046799693381,0.0998809031895338
fine,0.51,1,0.9704503594936458,0.05560878600441321
fine,0.51,1,0.9723456559207506,0.09975187182096656
fine,0.51,1,0.9742056934016678,0.057373360552101293
fine,0.51,1,0.9759229392964999,0.1002253198986407
fine,0.51,1,0.9776067061571625,0.05939858883377325
fine,0.51,1,0.9791557561043868,0.10123738228920731
fine,0.51,1,0.9806732202119135,0.06168352858678805
fine,0.51,1,0.9820644979180408,0.10272568136397187
fine,0.51,1,0.9834261898554266,0.0642395615898429
fine,0.51,1,0.9846706528782891,0.10463538510473791
fine,0.51,1,0.9858876303122419,0.06706965043237179
fine,0.51,1,0.9869967329840885,0.10690718261435872
fine,0.51,1,0.9880805432493891,0.07017489020985157
fine,0.51,1,0.9890661979190487,0.1095036616063132
fine,0.51,1,0.9900288389460241,0.0735772791176843
fine,0.51,1,0.9909033756712872,0.11241180624875358
fine,0.51,1,0.9917572553886107,0.07732541626445266
fine,0.51,1,0.9925333802152202,0.11563908828098624
fine,0.51,1,0.9932912745654094,0.0815006186260302
fine,0.51,1,0.993982026533819,0.11921401335190673
fine,0.51,1,0.9946570362434901,0.08624131300714999
fine,0.51,1,0.995275743268884,0.12315999754220719
fine,0.51,1,0.9958812495200419,0.09175743517136414
fine,0.51,1,0.9964414832948851,0.12722028700268795
fine,0.51,1,0.9969911024472353,0.09814696714926097
fine,0.51,1,0.9975066325189638,0.12864596288534824
fine,0.51,1,0.9980141700364658,0.10332547779645662
fine,0.51,1,0.9984989172156955,0.09282303559982585
fine,0.51,1,0.9989783209532377,0.07284345716599949
fine,0.51,1,0.9994463102101492,-0.029511512611920976
fine,0.51,1,0.9999116232184282,-0.12686297072902686
