level,eta,side,x/c,Cp
coarse,0.041,0,0.00048118465090914685,0.14869545595688516
coarse,0.041,0,0.0015496014049228182,0.09754428154068595
coarse,0.041,0,0.00269005562647162,-0.17653883274664128
coarse,0.041,0,0.003918423528315704,-0.13418598966338924
coarse,0.041,0,0.0052896337841874235,-0.2682818336059294
coarse,0.041,0,0.006835167173204858,-0.25954696859896687
coarse,0.041,0,0.008591903730461864,-0.3248326027081605
coarse,0.041,0,0.010606390156575746,-0.3210511681804158
coarse,0.041,0,0.012896826820377405,-0.37099284848802827
coarse,0.041,0,0.015524029917030911,-0.3629659882461669
coarse,0.041,0,0.01848720873574291,-0.40559809358762067
coarse,0.041,0,0.021860408384262946,-0.3980523448534188
coarse,0.041,0,0.02562386060145986,-0.42851079727250707
coarse,0.041,0,0.029863572475346302,-0.4360039631215826
coarse,0.041,0,0.03454113643487875,-0.43795629792856133
coarse,0.041,0,0.03975304994321132,-0.4816438708440447
coarse,0.041,0,0.0454429232835782,-0.43877776768633314
coarse,0.041,0,0.051716093195926224,-0.5270985887134152
coarse,0.041,0,0.0584991526614552,-0.4386609144146518
coarse,0.041,0,0.06590447535607928,-0.5586410037319454
coarse,0.041,0,0.07384289297340799,-0.4424818967601698
coarse,0.041,0,0.08243189338057205,-0.5699583944963971
coarse,0.041,0,0.0915680726780352,-0.4485721273350307
coarse,0.041,0,0.10137202267416444,-0.565077386683871
coarse,0.041,0,0.11172787314566725,-0.45351994664324
coarse,0.041,0,0.12275725648287138,-0.5514326411100807
coarse,0.041,0,0.13433381871037453,-0.45578745005217813
coarse,0.041,0,0.14657815163654367,-0.5349764874070879
coarse,0.041,0,0.15935557948541748,-0.4559677147370933
coarse,0.041,0,0.1727835901241267,-0.519634855919723
coarse,0.041,0,0.1867214903160169,-0.4558660301026263
coarse,0.041,0,0.20128165373700224,-0.5085415980502961
coarse,0.041,0,0.216319776990022,-0.457547127550618
coarse,0.041,0,0.2319411968150229,-0.5019650859505482
coarse,0.041,0,0.24800046872566975,-0.45975647463489744
coarse,0.041,0,0.26459409018511665,-0.494856505551335
coarse,0.041,0,0.28157796421324005,-0.4565758393849569
coarse,0.041,0,0.29903809789805247,-0.47942573659048104
coarse,0.041,0,0.31683420730492456,-0.44161707066175687
coarse,0.041,0,0.3350403375416063,-0.4509726264416954
coarse,0.041,0,0.35352241801597445,-0.41475201670805123
coarse,0.041,0,0.37234126492319286,-0.415695464944249
coarse,0.041,0,0.3913713149986512,-0.38386823895585387
coarse,0.041,0,0.4106591149429669,-0.3797184982072712
coarse,0.041,0,0.4300897572413104,-0.35308221027211895
coarse,0.041,0,0.4496947226727998,-0.34523064152937555
coarse,0.041,0,0.4693717255718243,-0.3229462264261882
coarse,0.041,0,0.48913664215114394,-0.3117855091876296
coarse,0.041,0,0.5089015587304634,-0.29272668424440873
coarse,0.041,0,0.528666475309783,-0.27891562068689013
coarse,0.041,0,0.5483593544215678,-0.2622633469292659
coarse,0.041,0,0.567964319853058,-0.246477280251161
coarse,0.041,0,0.5874264429305198,-0.23157863129682243
coarse,0.041,0,0.6067142428748349,-0.2144183985436634
coarse,0.041,0,0.6257908396509104,-0.2007054911619892
coarse,0.041,0,0.6446096865581292,-0.18281193071638335
coarse,0.041,0,0.6631525832276604,-0.1698220363921119
coarse,0.041,0,0.68135871346434,-0.1520265507630587
coarse,0.041,0,0.6992288679789616,-0.13943619954606978
coarse,0.041,0,0.7166890016637757,-0.1228508376051276
coarse,0.041,0,0.7337588827799126,-0.11006802972728469
coarse,0.041,0,0.7503525042393596,-0.09519733180742951
coarse,0.041,0,0.7665082736131604,-0.08132271610923114
coarse,0.041,0,0.7821296934381609,-0.0686259264617044
coarse,0.041,0,0.7972731534311278,-0.05302446282302343
coarse,0.041,0,0.8118333168521147,-0.043153770472060815
coarse,0.041,0,0.8258835907199191,-0.025614450778339792
coarse,0.041,0,0.8393116013586267,-0.018897617749716433
coarse,0.041,0,0.8522065170746307,0.00044668501523592585
coarse,0.041,0,0.8644508500008001,0.003993328199078383
coarse,0.041,0,0.8761480040366688,0.024778105621524604
coarse,0.041,0,0.887177387373869,0.02513567930726668
coarse,0.041,0,0.8976548702356991,0.04706729643120344
coarse,0.041,0,0.9074588202318321,0.04388466755471032
coarse,0.041,0,0.9167155913376644,0.06711725009377478
coarse,0.041,0,0.925304591744829,0.05985531766807628
coarse,0.041,0,0.9333604972292886,0.08486552939728298
coarse,0.041,0,0.9407658199239126,0.0732658065697881
coarse,0.041,0,0.9476612530653556,0.09995170233646544
coarse,0.041,0,0.9539344229777034,0.08482051125811263
coarse,0.041,0,0.959729633058017,0.11182859716593253
coarse,0.041,0,0.9649415465663495,0.09528239338270572
coarse,0.041,0,0.9697156079890361,0.1209566522661114
coarse,0.041,0,0.9739553198629224,0.10515745470806302
coarse,0.041,0,0.977804779168133,0.12913059870875876
coarse,0.041,0,0.981177978816655,0.11463648184219966
coarse,0.041,0,0.9842152027431164,0.13752219132937404
coarse,0.041,0,0.9868424058397669,0.12353596519154554
coarse,0.041,0,0.9891936586987315,0.14587557757138025
coarse,0.041,0,0.9912081451248465,0.13082294894070867
coarse,0.041,0,0.9930114283827214,0.15220175586766205
coarse,0.041,0,0.9945569617717391,0.13100100690152283
coarse,0.041,0,0.9959596528067287,0.14103737081666257
coarse,0.041,0,0.9971880207085727,0.05286876704201048
coarse,0.041,0,0.9983443511428813,0.0979917336348165
coarse,0.041,0,0.999412767896895,-0.1464068008355328
coarse,0.041,1,0.00048118465090914685,0.4126872327815402
coarse,0.041,1,0.0015496014049228182,0.4586232600020178
coarse,0.041,1,0.00269005562647169,0.4928528975977651
coarse,0.041,1,0.003918423528315872,0.49882976207334573
coarse,0.041,1,0.005289633784187605,0.4810284756820316
coarse,0.041,1,0.006835167173204914,0.49141619868517256
coarse,0.041,1,0.00859190373046192,0.4434459563745199
coarse,0.041,1,0.010606390156575914,0.46207116348831645
coarse,0.041,1,0.012896826820377546,0.3929201007742067
coarse,0.041,1,0.015524029917030798,0.42235546009102976
coarse,0.041,1,0.018487208735742795,0.33649469191044157
coarse,0.041,1,0.021860408384263057,0.3737569285434512
coarse,0.041,1,0.02562386060146008,0.279947634679361
coarse,0.041,1,0.029863572475346496,0.3127563198580091
coarse,0.041,1,0.034541136434878945,0.2288354244091733
coarse,0.041,1,0.039753049943211376,0.23663640983837478
coarse,0.041,1,0.04544292328357814,0.18432627889787712
coarse,0.041,1,0.05171609319592603,0.153478945257017
coarse,0.041,1,0.05849915266145498,0.14312577758863687
coarse,0.041,1,0.06590447535607923,0.07829754289891622
coarse,0.041,1,0.07384289297340799,0.10152751157936069
coarse,0.041,1,0.08243189338057205,0.0204521837359134
coarse,0.041,1,0.09156807267803525,0.0602996111479266
coarse,0.041,1,0.1013720226741646,-0.0203025878489822
coarse,0.041,1,0.1117278731456675,0.022558699857556097
coarse,0.041,1,0.1227572564828716,-0.048714862704987816
coarse,0.041,1,0.13433381871037475,-0.009869663251085292
coarse,0.041,1,0.1465781516365439,-0.0696458430155451
coarse,0.041,1,0.15935557948541765,-0.03730286355498924
coarse,0.041,1,0.1727835901241268,-0.08692707328551208
coarse,0.041,1,0.1867214903160169,-0.061415108972669996
coarse,0.041,1,0.20128165373700224,-0.10383191456942242
coarse,0.041,1,0.216319776990022,-0.08433087107818449
coarse,0.041,1,0.2319411968150229,-0.12149580328486409
coarse,0.041,1,0.24800046872566975,-0.1058415239474082
coarse,0.041,1,0.26459409018511665,-0.13693991225767888
coarse,0.041,1,0.28157796421324,-0.12198987026762965
coarse,0.041,1,0.2990380978980523,-0.1445979566704403
coarse,0.041,1,0.31683420730492434,-0.1278721419725508
coarse,0.041,1,0.33504033754160617,-0.1406186110935923
coarse,0.041,1,0.3535224180159745,-0.1229465056634762
coarse,0.041,1,0.372341264923193,-0.12927847267130144
coarse,0.041,1,0.39137131499865147,-0.11303147286347737
coarse,0.041,1,0.41065911494296714,-0.1153028665516569
coarse,0.041,1,0.4300897572413105,-0.10148931166286856
coarse,0.041,1,0.4496947226727998,-0.10071381288342418
coarse,0.041,1,0.4693717255718243,-0.08902455398435638
coarse,0.041,1,0.48913664215114405,-0.08548262762402636
coarse,0.041,1,0.5089015587304636,-0.0752725237310563
coarse,0.041,1,0.5286664753097831,-0.06947290943025775
coarse,0.041,1,0.5483593544215681,-0.06025881529561671
coarse,0.041,1,0.5679643198530588,-0.05274877537857958
coarse,0.041,1,0.5874264429305208,-0.044123174436880186
coarse,0.041,1,0.6067142428748352,-0.035418700126147895
coarse,0.041,1,0.6257908396509105,-0.026995489931399774
coarse,0.041,1,0.6446096865581294,-0.017677504039046887
coarse,0.041,1,0.663152583227661,-0.009118395230047982
coarse,0.041,1,0.6813587134643413,3.7878386400902464e-05
coarse,0.041,1,0.6992288679789629,0.008981412185679716
coarse,0.041,1,0.7166890016637761,0.0169278567917156
coarse,0.041,1,0.7337588827799125,0.026757897365023986
coarse,0.041,1,0.7503525042393594,0.03292918053728289
coarse,0.041,1,0.7665082736131595,0.04444399970038593
coarse,0.041,1,0.7821296934381589,0.048310088132930695
coarse,0.041,1,0.7972731534311254,0.06209658788758498
coarse,0.041,1,0.8118333168521132,0.06298034846491274
coarse,0.041,1,0.8258835907199186,0.07925274599081844
coarse,0.041,1,0.8393116013586271,0.07679300869629102
coarse,0.041,1,0.8522065170746315,0.09545628789529259
coarse,0.041,1,0.8644508500008006,0.089608506289931
coarse,0.041,1,0.8761480040366691,0.11036702688008038
coarse,0.041,1,0.8871773873738699,0.10110304231097311
coarse,0.041,1,0.8976548702356999,0.12375365828194618
coarse,0.041,1,0.9074588202318321,0.1107171154155273
coarse,0.041,1,0.9167155913376644,0.13551079982885816
coarse,0.041,1,0.9253045917448286,0.1181105737764706
coarse,0.041,1,0.9333604972292884,0.14562647218854174
coarse,0.041,1,0.9407658199239126,0.12350942152546629
coarse,0.041,1,0.9476612530653556,0.15376257346119138
coarse,0.041,1,0.9539344229777034,0.12763050296188494
coarse,0.041,1,0.959729633058017,0.159377836545752
coarse,0.041,1,0.9649415465663495,0.13127196128671936
coarse,0.041,1,0.9697156079890359,0.1629028993637438
coarse,0.041,1,0.9739553198629226,0.13499112432961768
coarse,0.041,1,0.9778047791681304,0.16607648993689506
coarse,0.041,1,0.9811779788166468,0.1390276526557157
coarse,0.041,1,0.9842152027431075,0.17003413005815815
coarse,0.041,1,0.9868424058397636,0.14322819230037687
coarse,0.041,1,0.9891936586987313,0.17450273227107305
coarse,0.041,1,0.9912081451248462,0.14656122522881243
coarse,0.041,1,0.9930114283827214,0.17753615970666103
coarse,0.041,1,0.9945569617717391,0.1434717022445805
coarse,0.041,1,0.9959596528067287,0.16380588835238274
coarse,0.041,1,0.9971880207085727,0.06306392043440545
coarse,0.041,1,0.9983443511428813,0.11655466473187558
coarse,0.041,1,0.999412767896895,-0.1464068008355328
medium,0.041,0,6.0106394590345875e-05,0.20477420064555008
medium,0.041,0,0.000762480564323757,0.22366483684460706
medium,0.041,0,0.0014689201025283964,-0.06434563358650314
medium,0.041,0,0.0022188001961175883,0.009744577322899572
medium,0.041,0,0.002976780086740445,-0.13740390792452373
medium,0.041,0,0.0038213104792755976,-0.10721140358166803
medium,0.041,0,0.0046779134530605575,-0.19418168014928416
medium,0.041,0,0.005663518173705085,-0.17446062735531354
medium,0.041,0,0.006665076380182741,-0.243829771424239
medium,0.041,0,0.007837105797281049,-0.228355950103704
medium,0.041,0,0.009028848189135477,-0.28722709278311087
medium,0.041,0,0.010431233866523944,-0.27521431756886305
medium,0.041,0,0.011856941979951,-0.32385095595025026
medium,0.041,0,0.013531862331236598,-0.31899329100068097
medium,0.041,0,0.01523353708202198,-0.3530447183792713
medium,0.041,0,0.01722109636737633,-0.3635128590898169
medium,0.041,0,0.019238638398557037,-0.37595099588539616
medium,0.041,0,0.021576561507090617,-0.4093755250062401
medium,0.041,0,0.023947467520977282,-0.392603046037056
medium,0.041,0,0.026670812861550434,-0.45204328401972965
medium,0.041,0,0.029429890247177997,-0.4035014501230032
medium,0.041,0,0.03257078293274012,-0.4877955074683238
medium,0.041,0,0.035749884860619564,-0.41222179997836267
medium,0.041,0,0.0393372722167033,-0.5135434581688978
medium,0.041,0,0.04296505521696179,-0.4205796928784473
medium,0.041,0,0.04702448647505605,-0.5291022953282223
medium,0.041,0,0.05112619234393883,-0.42966497542775084
medium,0.041,0,0.05567962419641018,-0.5361898608028315
medium,0.041,0,0.060276887890969626,-0.43870836100408983
medium,0.041,0,0.06534251738737609,-0.5368489734055688
medium,0.041,0,0.07045320237038545,-0.44613653520080176
medium,0.041,0,0.07604532842694091,-0.5331676157297098
medium,0.041,0,0.08168339071515585,-0.45107421975658996
medium,0.041,0,0.08781230529134439,-0.5273737984319766
medium,0.041,0,0.09398768724178905,-0.4538711070953443
medium,0.041,0,0.10065959701233833,-0.5211939682908437
medium,0.041,0,0.10737815165496441,-0.4553417517055561
medium,0.041,0,0.11459513077330384,-0.5155120301123854
medium,0.041,0,0.12185857726589934,-0.45623809661231385
medium,0.041,0,0.12961855157859992,-0.5105509953714396
medium,0.041,0,0.1374244621229599,-0.4570840236378131
medium,0.041,0,0.1457212249552932,-0.506180117977451
medium,0.041,0,0.15406304327422934,-0.4581416223287118
medium,0.041,0,0.16288630266671167,-0.5022372438647247
medium,0.041,0,0.17175339390128203,-0.4595351445795038
medium,0.041,0,0.18108885093769977,-0.49885440614563376
medium,0.041,0,0.19046658258490598,-0.4616082507262844
medium,0.041,0,0.20029604021570058,-0.4968494116720659
medium,0.041,0,0.21016589349066994,-0.4649112098553121
medium,0.041,0,0.22046739502347515,-0.4962080722909768
medium,0.041,0,0.23080710579859776,-0.4686498994584589
medium,0.041,0,0.24155510200192443,-0.4953064602289381
medium,0.041,0,0.2523388302503056,-0.4709165427454536
medium,0.041,0,0.2635043737986214,-0.4927544905870638
medium,0.041,0,0.27470290025229027,-0.4701839951258846
medium,0.041,0,0.2862538660326451,-0.48622577290070024
medium,0.041,0,0.2978348145588264,-0.46394323228468815
medium,0.041,0,0.30973614416236145,-0.47289551172949196
medium,0.041,0,0.3216642281653963,-0.4506571855633213
medium,0.041,0,0.3338781967030005,-0.4540163255290035
medium,0.041,0,0.34611548767664313,-0.4328900143925247
medium,0.041,0,0.35860199088814243,-0.4324574975882988
medium,0.041,0,0.371108207074398,-0.4133330136302775
medium,0.041,0,0.38382506654618853,-0.41013456471634036
medium,0.041,0,0.39655787950381216,-0.3934290307127353
medium,0.041,0,0.40946116367205637,-0.3884000570938071
medium,0.041,0,0.4223765204215504,-0.3740873141445027
medium,0.041,0,0.4354208789179044,-0.3674767477147618
medium,0.041,0,0.448473337211292,-0.35516859288323155
medium,0.041,0,0.46161234600659157,-0.34697917380019083
medium,0.041,0,0.47475542017036226,-0.33630971960906964
medium,0.041,0,0.48794193488951787,-0.3267270748432638
medium,0.041,0,0.5011284496086734,-0.31743391798297327
medium,0.041,0,0.5143149643278289,-0.3065670148123676
medium,0.041,0,0.5274974136785129,-0.29845672763032915
medium,0.041,0,0.5406364224738128,-0.28649208858786746
medium,0.041,0,0.5537673314720791,-0.27941658992242524
medium,0.041,0,0.5668116899684336,-0.26647723430685266
medium,0.041,0,0.5798439758835381,-0.2602990544240604
medium,0.041,0,0.5927472600517815,-0.24650891224727656
medium,0.041,0,0.605634590734192,-0.24110969419736117
medium,0.041,0,0.6183514502059826,-0.22657922436366687
medium,0.041,0,0.6310485967030172,-0.2218623319404982
medium,0.041,0,0.6435350999145167,-0.20672203550017842
medium,0.041,0,0.6559982806899781,-0.20261354594664027
medium,0.041,0,0.6682122492275825,-0.1870121799247868
medium,0.041,0,0.6803994633656869,-0.18347866333793128
medium,0.041,0,0.692300792969221,-0.16768561489400757
medium,0.041,0,0.7041721398269286,-0.16468044493577416
medium,0.041,0,0.715723105607284,-0.148941750687543
medium,0.041,0,0.7272410884822862,-0.14623100311267367
medium,0.041,0,0.7384066320306021,-0.13051708633095083
medium,0.041,0,0.749536443533864,-0.1277265663999565
medium,0.041,0,0.7602844397371971,-0.11211364847991856
medium,0.041,0,0.7709942266982119,-0.10889420029451125
medium,0.041,0,0.7812957282310103,-0.09362371825461357
medium,0.041,0,0.7915568341196345,-0.08966343110769204
medium,0.041,0,0.8013862917504293,-0.07507065055222673
medium,0.041,0,0.8111734747704356,-0.070064808579277
medium,0.041,0,0.8205089318068524,-0.05650866660975207
medium,0.041,0,0.8298005570011814,-0.050159515104654995
medium,0.041,0,0.8386238163936641,-0.037974749296963095
medium,0.041,0,0.8474020202995443,-0.030053519928338494
medium,0.041,0,0.8556987831318779,-0.01958967321677152
medium,0.041,0,0.8639496097325521,-0.009977811822744709
medium,0.041,0,0.8717095840452526,-0.0015350185521370019
medium,0.041,0,0.8794230909836964,0.009799826229855868
medium,0.041,0,0.886640070102032,0.015947319838040652
medium,0.041,0,0.8938104043482916,0.029003409294148127
medium,0.041,0,0.9004823141188447,0.032540617396444094
medium,0.041,0,0.9071077565151413,0.04739768102030473
medium,0.041,0,0.9132366710913303,0.04796851780567568
medium,0.041,0,0.9193196494358595,0.06490141504262092
medium,0.041,0,0.9249117754924154,0.06205552348803778
medium,0.041,0,0.930458846062368,0.08150183057980576
medium,0.041,0,0.935524475558774,0.07458509600634178
medium,0.041,0,0.9405462732130917,0.09706315695482937
medium,0.041,0,0.9450997050655636,0.0853303337906941
medium,0.041,0,0.949610862307247,0.11132429093850682
medium,0.041,0,0.9536702935653408,0.0941923447260562
medium,0.041,0,0.9576893291792603,0.1238758748374338
medium,0.041,0,0.9612767165353446,0.10135305657669147
medium,0.041,0,0.9648258946491115,0.13419070131883226
medium,0.041,0,0.9679667873346732,0.10728781905424857
medium,0.041,0,0.9710719479751805,0.1417961187180311
medium,0.041,0,0.9737952933157534,0.11255374128152207
medium,0.041,0,0.976485655750973,0.14668420771018986
medium,0.041,0,0.978823578859507,0.11756748238490876
medium,0.041,0,0.9811315192222146,0.14978535832886453
medium,0.041,0,0.9831190785075726,0.12260313977130566
medium,0.041,0,0.9850798833934303,0.1526237030890656
medium,0.041,0,0.9867548037447115,0.12781035357708026
medium,0.041,0,0.9884064016599543,0.1562381927924409
medium,0.041,0,0.9898087873373436,0.13326631220348273
medium,0.041,0,0.9911914600399766,0.16090637171572397
medium,0.041,0,0.9923634894570758,0.13896315179434482
medium,0.041,0,0.9935195653883413,0.16640360308891045
medium,0.041,0,0.9945051701089856,0.14440814949166758
medium,0.041,0,0.99547870224838,0.17114794085640694
medium,0.041,0,0.996323232640915,0.14497725738131306
medium,0.041,0,0.9971596632364164,0.15997960854779547
medium,0.041,0,0.9979095433300057,0.0716779162182063
medium,0.041,0,0.9986553580551235,0.11283068389223927
medium,0.041,0,0.9993577322248565,-0.12949077484491367
medium,0.041,1,6.0106394590345875e-05,0.44460571878889604
medium,0.041,1,0.000762480564323757,0.460798911262464
medium,0.041,1,0.0014689201025283964,0.5234006908386827
medium,0.041,1,0.0022188001961176026,0.5208772276537843
medium,0.041,1,0.002976780086740459,0.5247033649078687
medium,0.041,1,0.003821310479275723,0.5342871692517122
medium,0.041,1,0.0046779134530607665,0.5104913859050183
medium,0.041,1,0.005663518173705196,0.5287434903302437
medium,0.041,1,0.006665076380182741,0.4858785057422319
medium,0.041,1,0.007837105797281049,0.5122512737817131
medium,0.041,1,0.009028848189135491,0.45431219215864826
medium,0.041,1,0.01043123386652407,0.4871471418867981
medium,0.041,1,0.011856941979951222,0.41837753290296287
medium,0.041,1,0.01353186233123682,0.45350267067166644
medium,0.041,1,0.01523353708202219,0.3804456846531187
medium,0.041,1,0.017221096367376315,0.4102917748678769
medium,0.041,1,0.019238638398556843,0.3420847877128316
medium,0.041,1,0.021576561507090634,0.35776350386083444
medium,0.041,1,0.023947467520977504,0.3046174704931318
medium,0.041,1,0.026670812861550517,0.29946998242920364
medium,0.041,1,0.029429890247177997,0.2687397100401564
medium,0.041,1,0.03257078293274012,0.24029021543471704
medium,0.041,1,0.035749884860619564,0.23333791293937434
medium,0.041,1,0.03933727221670327,0.18527435418507698
medium,0.041,1,0.04296505521696179,0.19778602596139194
medium,0.041,1,0.047024486475056075,0.1372589716222442
medium,0.041,1,0.05112619234393883,0.16199788697069772
medium,0.041,1,0.055679624196410316,0.09693445135998346
medium,0.041,1,0.06027688789096982,0.1270625653337838
medium,0.041,1,0.0653425173873762,0.06373013206204958
medium,0.041,1,0.07045320237038545,0.09454514076061038
medium,0.041,1,0.07604532842694091,0.03636037267998782
medium,0.041,1,0.08168339071515585,0.06543960941997762
medium,0.041,1,0.0878123052913443,0.013129541321483031
medium,0.041,1,0.09398768724178883,0.03972334918994258
medium,0.041,1,0.10065959701233836,-0.007454662721751103
medium,0.041,1,0.10737815165496466,0.01681957269231593
medium,0.041,1,0.11459513077330395,-0.026334026201328742
medium,0.041,1,0.12185857726589934,-0.00395885648959915
medium,0.041,1,0.12961855157859975,-0.043932132318853734
medium,0.041,1,0.13742446212295967,-0.023187482707037965
medium,0.041,1,0.1457212249552932,-0.060342181451352506
medium,0.041,1,0.15406304327422957,-0.04124120715515356
medium,0.041,1,0.1628863026667119,-0.07558484369061857
medium,0.041,1,0.1717533939012822,-0.058359537716214493
medium,0.041,1,0.18108885093769977,-0.08988056996275451
medium,0.041,1,0.19046658258490576,-0.07491031553145255
medium,0.041,1,0.20029604021570047,-0.10395612334804503
medium,0.041,1,0.21016589349066994,-0.09143399694389154
medium,0.041,1,0.22046739502347515,-0.11799914790677589
medium,0.041,1,0.2308071057985977,-0.10753615433631025
medium,0.041,1,0.24155510200192448,-0.131039557663283
medium,0.041,1,0.2523388302503056,-0.1219451196998651
medium,0.041,1,0.2635043737986214,-0.14217324895698802
medium,0.041,1,0.27470290025229027,-0.13356654099511456
medium,0.041,1,0.28625386603264524,-0.14969025600735453
medium,0.041,1,0.29783481455882654,-0.14047710685624426
medium,0.041,1,0.3097361441623615,-0.15138558704295546
medium,0.041,1,0.3216642281653963,-0.1413559035135985
medium,0.041,1,0.3338781967030005,-0.1480316829361079
medium,0.041,1,0.34611548767664313,-0.13799504722219447
medium,0.041,1,0.3586019908881426,-0.1417083673122126
medium,0.041,1,0.37110820707439823,-0.13242271315249066
medium,0.041,1,0.38382506654618864,-0.13390591859586531
medium,0.041,1,0.39655787950381216,-0.1258055555576496
medium,0.041,1,0.4094611636720566,-0.1257594066631249
medium,0.041,1,0.4223765204215508,-0.11894060255964399
medium,0.041,1,0.4354208789179046,-0.11754689056225986
medium,0.041,1,0.448473337211292,-0.11180536531202145
medium,0.041,1,0.4616123460065917,-0.10905401137115844
medium,0.041,1,0.4747554201703626,-0.10417795741300796
medium,0.041,1,0.4879419348895181,-0.1002057319281564
medium,0.041,1,0.5011284496086736,-0.09604754222122236
medium,0.041,1,0.5143149643278289,-0.0909327706767844
medium,0.041,1,0.5274974136785129,-0.08738703813061433
medium,0.041,1,0.5406364224738128,-0.08127494018592607
medium,0.041,1,0.5537673314720791,-0.07826299199133246
medium,0.041,1,0.5668116899684342,-0.07125151702661991
medium,0.041,1,0.5798439758835393,-0.06869459985617854
medium,0.041,1,0.5927472600517821,-0.06088640426170011
medium,0.041,1,0.6056345907341922,-0.05871386197208173
medium,0.041,1,0.6183514502059827,-0.05020493591181241
medium,0.041,1,0.6310485967030172,-0.04835735255731777
medium,0.041,1,0.643535099914517,-0.03926457192491606
medium,0.041,1,0.6559982806899786,-0.03769577904892518
medium,0.041,1,0.6682122492275832,-0.028157349254162245
medium,0.041,1,0.6803994633656878,-0.02685088945051506
medium,0.041,1,0.6923007929692215,-0.017113816452879016
medium,0.041,1,0.7041721398269288,-0.016038645407046026
medium,0.041,1,0.7157231056072841,-0.006338636333177661
medium,0.041,1,0.7272410884822862,-0.005296893087376242
medium,0.041,1,0.7384066320306021,0.004360786117051707
medium,0.041,1,0.749536443533863,0.005698658046505378
medium,0.041,1,0.7602844397371846,0.0152152961360027
medium,0.041,1,0.7709942266981898,0.01716703263231434
medium,0.041,1,0.7812957282309982,0.026297164761820868
medium,0.041,1,0.791556834119632,0.02915524711644557
medium,0.041,1,0.8013862917504275,0.03756718835534267
medium,0.041,1,0.8111734747704344,0.041623076832001615
medium,0.041,1,0.8205089318068505,0.048962517624693946
medium,0.041,1,0.8298005570011788,0.054505846794271284
medium,0.041,1,0.8386238163936635,0.06044151072312687
medium,0.041,1,0.8474020202995451,0.06770414587163565
medium,0.041,1,0.8556987831318787,0.07189753518162101
medium,0.041,1,0.8639496097325529,0.08101674696786998
medium,0.041,1,0.8717095840452532,0.08317806838240016
medium,0.041,1,0.8794230909836971,0.09422117049815049
medium,0.041,1,0.8866400701020329,0.0940826860690046
medium,0.041,1,0.8938104043482925,0.10709973957398822
medium,0.041,1,0.9004823141188454,0.1043433535270597
medium,0.041,1,0.9071077565151417,0.11947967493625444
medium,0.041,1,0.9132366710913303,0.11372047883911741
medium,0.041,1,0.9193196494358595,0.13132551370721168
medium,0.041,1,0.924911775492415,0.12205437185365951
medium,0.041,1,0.9304588460623677,0.14264659869222296
medium,0.041,1,0.935524475558774,0.12913608744311944
medium,0.041,1,0.9405462732130921,0.15331296790535598
medium,0.041,1,0.9450997050655638,0.13473683872239306
medium,0.041,1,0.949610862307247,0.1630496216319074
medium,0.041,1,0.9536702935653408,0.13874644109745515
medium,0.041,1,0.9576893291792603,0.17142117785168454
medium,0.041,1,0.9612767165353442,0.14133092708727268
medium,0.041,1,0.9648258946491108,0.17787347760066174
medium,0.041,1,0.967966787334673,0.14295387100781443
medium,0.041,1,0.9710719479751809,0.18191201474520735
medium,0.041,1,0.9737952933157534,0.14417267393579247
medium,0.041,1,0.976485655750973,0.1835086848426899
medium,0.041,1,0.978823578859507,0.14541876183462754
medium,0.041,1,0.9811315192222144,0.18356712400297426
medium,0.041,1,0.9831190785075715,0.14698572306382562
medium,0.041,1,0.9850798833934281,0.18357947822899978
medium,0.041,1,0.9867548037447101,0.14904469492053518
medium,0.041,1,0.9884064016599539,0.18456859790333735
medium,0.041,1,0.9898087873373433,0.15168966880313994
medium,0.041,1,0.9911914600399766,0.1868135176679594
medium,0.041,1,0.9923634894570758,0.15492049151874487
medium,0.041,1,0.9935195653883413,0.19013309437773518
medium,0.041,1,0.9945051701089856,0.1582130502347714
medium,0.041,1,0.99547870224838,0.19313999890695088
medium,0.041,1,0.996323232640915,0.1567634147761221
medium,0.041,1,0.9971596632364164,0.18089664632845381
medium,0.041,1,0.9979095433300053,0.0817957853428839
medium,0.041,1,0.9986553580551231,0.13044818278527426
medium,0.041,1,0.9993577322248565,-0.12949077484491367
fine,0.041,0,5.5937078602379166e-05,0.22203045848071476
fine,0.041,0,0.0005212500868810686,0.2838336143017197
fine,0.041,0,0.0009882569962894338,-0.0008023783689206089
fine,0.041,0,0.001467660733831845,0.088511030088128
fine,0.041,0,0.0019504465420083108,-0.05495811900462066
fine,0.041,0,0.0024579840595098414,-0.014210501151538326
fine,0.041,0,0.002970580373293382,-0.10642842635347138
fine,0.041,0,0.0035201995256438196,-0.07554234214563249
fine,0.041,0,0.004076537082558917,-0.1524598542481539
fine,0.041,0,0.004682043333716463,-0.12596794200981432
fine,0.041,0,0.005295904864767017,-0.1931936376223944
fine,0.041,0,0.0059709145744387135,-0.16984252689205692
fine,0.041,0,0.006655888167709287,-0.22972738318889616
fine,0.041,0,0.007413782517898443,-0.20985858760144427
fine,0.041,0,0.008183215640764305,-0.2626125118645608
fine,0.041,0,0.009037095358087527,-0.24779462964432208
fine,0.041,0,0.009904049693610972,-0.29201081966680764
fine,0.041,0,0.010866690720585371,-0.2845361787505085
fine,0.041,0,0.011843897970914521,-0.3176006288197979
fine,0.041,0,0.012927708236216135,-0.3202939655276109
fine,0.041,0,0.014027527042537567,-0.33919520821108073
fine,0.041,0,0.015244504476490698,-0.35505691638491443
fine,0.041,0,0.01647887860129349,-0.3575389863897409
fine,0.041,0,0.017840570538678706,-0.38899609057210127
fine,0.041,0,0.01922098845184841,-0.37412956893370053
fine,0.041,0,0.02073845255937513,-0.4210008113075978
fine,0.041,0,0.022275908564846673,-0.3886758586991712
fine,0.041,0,0.02395967542550917,-0.4478488383910346
fine,0.041,0,0.02566463246002244,-0.40016091866212133
fine,0.041,0,0.02752466994093997,-0.4697993349346181
fine,0.041,0,0.029407024170773528,-0.41066285195222596
fine,0.041,0,0.03145270369508345,-0.4866849065139225
fine,0.041,0,0.033521751030560515,-0.41999300027675845
fine,0.041,0,0.035761815867489284,-0.49847490729980376
fine,0.041,0,0.0380262205085602,-0.4280821195752982
fine,0.041,0,0.040468756188967316,-0.5060179258975406
fine,0.041,0,0.042936521308299024,-0.43513977091948375
fine,0.041,0,0.04558892826580048,-0.5104962610587551
fine,0.041,0,0.04826736892857373,-0.44135442530782587
fine,0.041,0,0.051136337458816836,-0.5130098760700126
fine,0.041,0,0.05403205587086111,-0.44683143103224743
fine,0.041,0,0.057123543493682157,-0.5143784596042575
fine,0.041,0,0.06024240666170126,-0.4515730385132486
fine,0.041,0,0.06356161796276386,-0.5151018653670683
fine,0.041,0,0.06690873784224194,-0.45553177534134276
fine,0.041,0,0.07046010686236684,-0.5154173724091993
fine,0.041,0,0.07403982306032948,-0.4587053608714602
fine,0.041,0,0.07782699829210395,-0.5154249579916461
fine,0.041,0,0.08164286338326175,-0.4612258874247435
fine,0.041,0,0.08566869542569527,-0.5151947754552517
fine,0.041,0,0.08972346293165524,-0.46333385477213906
fine,0.041,0,0.0939899948446555,-0.5147500883446823
fine,0.041,0,0.09828560991687595,-0.46520256832846996
fine,0.041,0,0.10279407030817998,-0.5140158257047145
fine,0.041,0,0.10733166314619323,-0.46686764893971594
fine,0.041,0,0.11208246201414832,-0.5130149596660472
fine,0.041,0,0.1168623440413236,-0.46839139925078
fine,0.041,0,0.1218550713875826,-0.5118074686538057
fine,0.041,0,0.12687673419736803,-0.46979803263687536
fine,0.041,0,0.1321101614141939,-0.5104745310132792
fine,0.041,0,0.13737227849040312,-0.4711196017912631
fine,0.041,0,0.14284436251788798,-0.5091147217657765
fine,0.041,0,0.14834479372321066,-0.472407529670009
fine,0.041,0,0.15405268396234573,-0.5078135709782494
fine,0.041,0,0.15978848277989607,-0.4737150280620998
fine,0.041,0,0.16572853073809174,-0.5066365579424978
fine,0.041,0,0.17169595424148565,-0.4751023437813413
fine,0.041,0,0.17786372587792404,-0.5056738795649625
fine,0.041,0,0.18405824739616367,-0.4766922518928996
fine,0.041,0,0.19044853812517984,-0.5051474868448367
fine,0.041,0,0.1968648625594678,-0.478754925131095
fine,0.041,0,0.20347171486122553,-0.5054332705263993
fine,0.041,0,0.21010379660190773,-0.4815366953143674
fine,0.041,0,0.21692052018076,-0.5063955625017889
fine,0.041,0,0.22376158356375442,-0.48462852782929655
fine,0.041,0,0.23078077798608487,-0.5073164972731641
fine,0.041,0,0.23782334021958246,-0.48726020236346085
fine,0.041,0,0.24503691995453172,-0.5077026440355612
fine,0.041,0,0.25227281643839694,-0.4890337916423833
fine,0.041,0,0.2596720382167387,-0.5072079898011106
fine,0.041,0,0.26709245016893124,-0.48957021548884877
fine,0.041,0,0.274667942567528,-0.5052516040862327
fine,0.041,0,0.28226342686406963,-0.4881463290950454
fine,0.041,0,0.29000522201580176,-0.5008538608003261
fine,0.041,0,0.2977657431433183,-0.4837579872276014
fine,0.041,0,0.3056633104651915,-0.49303921098842696
fine,0.041,0,0.3135782744779148,-0.4757851147431216
fine,0.041,0,0.3216205563032225,-0.4818466153822289
fine,0.041,0,0.32967884666954994,-0.46490907749582533
fine,0.041,0,0.3378542956635082,-0.46887562778321357
fine,0.041,0,0.34604431088082105,-0.45274020943662197
fine,0.041,0,0.35434092911310483,-0.4548215354396577
fine,0.041,0,0.362650621963589,-0.4396651990871445
fine,0.041,0,0.3710560015055249,-0.4401421549728873
fine,0.041,0,0.37947291982013753,-0.42614517706479127
fine,0.041,0,0.38797428472920764,-0.4254635669631033
fine,0.041,0,0.39648561352187667,-0.41274726910128684
fine,0.041,0,0.40506986307146436,-0.411128157779421
fine,0.041,0,0.4136624679009451,-0.39966948349942255
fine,0.041,0,0.42231622090904647,-0.39720928531564126
fine,0.041,0,0.4309766923217128,-0.38688956769209226
fine,0.041,0,0.43968633242862176,-0.38359969510121306
fine,0.041,0,0.4484010313318127,-0.37426480216159774
fine,0.041,0,0.4571527530735706,-0.3701365691796763
fine,0.041,0,0.4659078568859624,-0.3616628876063417
fine,0.041,0,0.4746877124076794,-0.35674609067600827
fine,0.041,0,0.4834692618305259,-0.34906556595991667
fine,0.041,0,0.4922632080815063,-0.34346239700149295
fine,0.041,0,0.5010571543324867,-0.33649696389485517
fine,0.041,0,0.5098511005834669,-0.3301834162265973
fine,0.041,0,0.5186433529333175,-0.32386616683103564
fine,0.041,0,0.5274232084550345,-0.3169326925982403
fine,0.041,0,0.5361996819061174,-0.3112271164882183
fine,0.041,0,0.5449514036478755,-0.30371976843323667
fine,0.041,0,0.5536980665933513,-0.2985796419227691
fine,0.041,0,0.5624077067002602,-0.29052852032207155
fine,0.041,0,0.5711106284026042,-0.2859108784040618
fine,0.041,0,0.5797643814107059,-0.27735445473195264
fine,0.041,0,0.5884097791389143,-0.2732240319849737
fine,0.041,0,0.596994028688502,-0.2641979453494492
fine,0.041,0,0.6055683143544907,-0.2605219170145119
fine,0.041,0,0.6140696792635608,-0.25105406270838415
fine,0.041,0,0.6225595053999542,-0.24780212961162731
fine,0.041,0,0.63096488494189,-0.23791868993622822
fine,0.041,0,0.6393571898656255,-0.23507211531242686
fine,0.041,0,0.6476538080979101,-0.22482258704307959
fine,0.041,0,0.6559358601068398,-0.22236748555998442
fine,0.041,0,0.6641113091007976,-0.21178534573946206
fine,0.041,0,0.6722707495537354,-0.2097045103312376
fine,0.041,0,0.6803130313790395,-0.1988188240080171
fine,0.041,0,0.6883379165134946,-0.19712758708638978
fine,0.041,0,0.696235483835371,-0.18608253106549522
fine,0.041,0,0.7041143251814626,-0.18478202077389705
fine,0.041,0,0.7118561203331948,-0.17361189041142566
fine,0.041,0,0.7195779235869822,-0.17262630285034342
fine,0.041,0,0.7271534159855794,-0.161298167206805
fine,0.041,0,0.7347077182103254,-0.16051300987450223
fine,0.041,0,0.7421069399886673,-0.1490031850445941
fine,0.041,0,0.7494838450180932,-0.14830858367645172
fine,0.041,0,0.7566974247530426,-0.1366344884254933
fine,0.041,0,0.7638876366768249,-0.13593860022743764
fine,0.041,0,0.7709068310991566,-0.12415292669036003
fine,0.041,0,0.777901685717346,-0.1233729485784749
fine,0.041,0,0.7847184092961965,-0.11154172381425176
fine,0.041,0,0.7915099034361227,-0.11059774305624526
fine,0.041,0,0.7981167557378812,-0.09880827869570186
fine,0.041,0,0.8046975743343677,-0.09762370485059502
fine,0.041,0,0.8110878650633836,-0.0859793117183445
fine,0.041,0,0.8174514059105983,-0.08447006612390684
fine,0.041,0,0.8236191775470355,-0.07304422868532678
fine,0.041,0,0.829759573638275,-0.07112528047720024
fine,0.041,0,0.8356996215964724,-0.06000798200377355
fine,0.041,0,0.8416117609762543,-0.057614680564350707
fine,0.041,0,0.8473196512153888,-0.04690679204567627
fine,0.041,0,0.8529991942766852,-0.04399265072290204
fine,0.041,0,0.85847127830417,-0.033791960493973816
fine,0.041,0,0.8639146724722715,-0.03032208353443155
fine,0.041,0,0.8691480996890972,-0.02072357557556881
fine,0.041,0,0.8743525914423966,-0.016666384781641508
fine,0.041,0,0.8793453187886557,-0.007774312756752221
fine,0.041,0,0.8843089629756943,-0.003088127023763043
fine,0.041,0,0.8890597618436453,0.004965120332641293
fine,0.041,0,0.8937814282648882,0.01035217477558159
fine,0.041,0,0.8982898886561963,0.017386034387516514
fine,0.041,0,0.9027692658882837,0.023604132070118022
fine,0.041,0,0.9070357978012841,0.02937829700353034
fine,0.041,0,0.9112733942507577,0.036656287328242665
fine,0.041,0,0.9152992262931914,0.04090199087658375
fine,0.041,0,0.9192963684762414,0.04957275088520319
fine,0.041,0,0.9230835437080159,0.051912114334101034
fine,0.041,0,0.9268423717619523,0.06239489722143199
fine,0.041,0,0.9303937407820771,0.062331413180655715
fine,0.041,0,0.9339172012237866,0.07511812217026081
fine,0.041,0,0.9372364125248491,0.07207262937142156
fine,0.041,0,0.9405282482807135,0.08771731565375696
fine,0.041,0,0.943619735903535,0.08103843246949849
fine,0.041,0,0.9466844736445551,0.10010013235124016
fine,0.041,0,0.9495534421747981,0.0891107603712834
fine,0.041,0,0.9523963769997694,0.11211317444189163
fine,0.041,0,0.9550487839572708,0.09615997620965056
fine,0.041,0,0.9576759614758479,0.123543068374101
fine,0.041,0,0.9601184971562551,0.10206740350050547
fine,0.041,0,0.9625366930325199,0.13411148868404144
fine,0.041,0,0.9647767578694472,0.10677077634098364
fine,0.041,0,0.9669934548952075,0.14349111435361694
fine,0.041,0,0.9690391344195192,0.11032183279859718
fine,0.041,0,0.9710624971949144,0.15133402622930014
fine,0.041,0,0.9729225346758318,0.1129133179479279
fine,0.041,0,0.9747613819828982,0.15731145282608416
fine,0.041,0,0.9764451488435607,0.11483568817407697
fine,0.041,0,0.9781089238062785,0.1611744862075124
fine,0.041,0,0.9796263879138054,0.11638909462055713
fine,0.041,0,0.9811251260455475,0.16288315101356843
fine,0.041,0,0.9824868179829328,0.1178361813525566
fine,0.041,0,0.9838311132294686,0.16276891912853197
fine,0.041,0,0.9850480906634214,0.11935236401467543
fine,0.041,0,0.9862490595563541,0.16157725489066377
fine,0.041,0,0.9873328698216551,0.12105331475840386
fine,0.041,0,0.9884021138636017,0.16027666227883053
fine,0.041,0,0.9893647548905768,0.12304150564957139
fine,0.041,0,0.9903143212993519,0.15966273610504655
fine,0.041,0,0.9911682010166755,0.12541583743978835
fine,0.041,0,0.9920105419613223,0.16014889229023554
fine,0.041,0,0.9927684363115116,0.1282794332266166
fine,0.041,0,0.9935163667781021,0.16185767969247633
fine,0.041,0,0.994191376487773,0.13175544235443615
fine,0.041,0,0.9948580309175509,0.16479768241181236
fine,0.041,0,0.995463537168709,0.13597271812973777
fine,0.041,0,0.9960623250153025,0.16885145463787687
fine,0.041,0,0.9966119441676526,0.1406850985545769
fine,0.041,0,0.997156504523721,0.1726251468120148
fine,0.041,0,0.997664042041222,0.14163670642936477
fine,0.041,0,0.9981681974880893,0.16186192194870996
fine,0.041,0,0.9986476012256317,0.07310791696347108
fine,0.041,0,0.9991253110620446,0.11678526283648137
fine,0.041,0,0.9995906240703231,-0.12183856775258017
fine,0.041,1,5.5937078602379166e-05,0.45109775259505025
fine,0.041,1,0.0005212500868810686,0.44255786795355606
fine,0.041,1,0.0009882569962894338,0.5345486353244762
fine,0.041,1,0.001467660733831845,0.5159975086570467
fine,0.041,1,0.0019504465420083108,0.5409075097138638
fine,0.041,1,0.0024579840595098414,0.5408668217430135
fine,0.041,1,0.002970580373293382,0.5419986634338879
fine,0.041,1,0.0035201995256438196,0.5504640710739701
fine,0.041,1,0.004076537082558917,0.5347864267750388
fine,0.041,1,0.004682043333716351,0.550694836150528
fine,0.041,1,0.005295904864766822,0.521947123609465
fine,0.041,1,0.00597091457443863,0.5442855039517179
fine,0.041,1,0.006655888167709273,0.5049435507085671
fine,0.041,1,0.007413782517898317,0.5322966708200833
fine,0.041,1,0.008183215640764081,0.48476091494551765
fine,0.041,1,0.009037095358087442,0.5150522199001171
fine,0.041,1,0.009904049693610986,0.4621864830536275
fine,0.041,1,0.010866690720585482,0.49263832391779094
fine,0.041,1,0.011843897970914745,0.4379830607966324
fine,0.041,1,0.012927708236216246,0.46520924383505746
fine,0.041,1,0.014027527042537595,0.41282285334815005
fine,0.041,1,0.015244504476490825,0.4331502206327156
fine,0.041,1,0.016478878601293687,0.3870384494215985
fine,0.041,1,0.017840570538678678,0.3971134804699994
fine,0.041,1,0.019220988451848216,0.36050775205028396
fine,0.041,1,0.020738452559375172,0.3584887247927485
fine,0.041,1,0.022275908564846923,0.3334620552871167
fine,0.041,1,0.02395967542550928,0.3195966336414535
fine,0.041,1,0.02566463246002244,0.3065393037746691
fine,0.041,1,0.02752466994093997,0.28153173095432604
fine,0.041,1,0.029407024170773528,0.2791982397367001
fine,0.041,1,0.03145270369508345,0.2455283846027483
fine,0.041,1,0.03352175103056049,0.25180181486273157
fine,0.041,1,0.03576181586748917,0.21240166919902717
fine,0.041,1,0.03802622050855998,0.22476128472044943
fine,0.041,1,0.04046875618896723,0.1823263929445348
fine,0.041,1,0.042936521308299024,0.19839062642819905
fine,0.041,1,0.04558892826580045,0.15506006491511037
fine,0.041,1,0.04826736892857376,0.1729538212399262
fine,0.041,1,0.05113633745881695,0.13016837385230995
fine,0.041,1,0.05403205587086134,0.14865133117170437
fine,0.041,1,0.05712354349368238,0.10719626187810416
fine,0.041,1,0.060242406661701484,0.12562796867001325
fine,0.041,1,0.06356161796276408,0.08576599841620969
fine,0.041,1,0.06690873784224216,0.10396888554079242
fine,0.041,1,0.07046010686236692,0.06562018164750583
fine,0.041,1,0.07403982306032948,0.08367955166587826
fine,0.041,1,0.07782699829210395,0.04660579718502811
fine,0.041,1,0.08164286338326175,0.06465989651668469
fine,0.041,1,0.08566869542569541,0.02863328962812983
fine,0.041,1,0.08972346293165546,0.04673105401463784
fine,0.041,1,0.09398999484465559,0.01167560186841643
fine,0.041,1,0.09828560991687595,0.029748078749069817
fine,0.041,1,0.10279407030818012,-0.004225632876207808
fine,0.041,1,0.10733166314619343,0.013656183507262276
fine,0.041,1,0.11208246201414854,-0.019098399380650166
fine,0.041,1,0.11686234404132383,-0.0016121890791356286
fine,0.041,1,0.12185507138758284,-0.033007983204547564
fine,0.041,1,0.12687673419736825,-0.016103120235443358
fine,0.041,1,0.13211016141419385,-0.046048998616561754
fine,0.041,1,0.1373722784904029,-0.029872645840625323
fine,0.041,1,0.14284436251788787,-0.058337137029125685
fine,0.041,1,0.14834479372321066,-0.042995274499970204
fine,0.041,1,0.15405268396234573,-0.0699832409912775
fine,0.041,1,0.15978848277989613,-0.05555084573816372
fine,0.041,1,0.16572853073809185,-0.08108460960859465
fine,0.041,1,0.17169595424148582,-0.0676247324714987
fine,0.041,1,0.17786372587792415,-0.09175344121546325
fine,0.041,1,0.18405824739616367,-0.0793435844081305
fine,0.041,1,0.19044853812517984,-0.10219244033715569
fine,0.041,1,0.1968648625594678,-0.09093860631829909
fine,0.041,1,0.20347171486122553,-0.11271742037915877
fine,0.041,1,0.21010379660190773,-0.10264099157607796
fine,0.041,1,0.21692052018075988,-0.12329429750841371
fine,0.041,1,0.2237615835637542,-0.11422382932181341
fine,0.041,1,0.23078077798608465,-0.1334736647685375
fine,0.041,1,0.2378233402195823,-0.12517483856605294
fine,0.041,1,0.2450369199545316,-0.1429409765404861
fine,0.041,1,0.25227281643839694,-0.13522202555971452
fine,0.041,1,0.2596720382167387,-0.1514590234946689
fine,0.041,1,0.2670924501689313,-0.1440931068789404
fine,0.041,1,0.274667942567528,-0.15860291513348201
fine,0.041,1,0.28226342686406963,-0.1512478334299352
fine,0.041,1,0.29000522201580187,-0.16363318729533405
fine,0.041,1,0.29776574314331844,-0.1559087609505143
fine,0.041,1,0.30566331046519163,-0.16578053053078579
fine,0.041,1,0.3135782744779148,-0.1575493320985677
fine,0.041,1,0.3216205563032225,-0.16500976807947576
fine,0.041,1,0.32967884666954994,-0.15661283744718224
fine,0.041,1,0.3378542956635082,-0.16247737762032521
fine,0.041,1,0.34604431088082105,-0.1542939127044176
fine,0.041,1,0.35434092911310483,-0.15869227004052644
fine,0.041,1,0.362650621963589,-0.1508879975863351
fine,0.041,1,0.3710560015055249,-0.1540160501324228
fine,0.041,1,0.37947291982013753,-0.1467618080128128
fine,0.041,1,0.38797428472920764,-0.1489531600277738
fine,0.041,1,0.39648561352187667,-0.14237960697059027
fine,0.041,1,0.40506986307146436,-0.14379934207917278
fine,0.041,1,0.4136624679009451,-0.1379270840696869
fine,0.041,1,0.42231622090904647,-0.13864623977754298
fine,0.041,1,0.4309766923217128,-0.1334174465447966
fine,0.041,1,0.43968633242862176,-0.13344085397086425
fine,0.041,1,0.4484010313318127,-0.12876385263628687
fine,0.041,1,0.4571527530735706,-0.12807991635581661
fine,0.041,1,0.4659078568859624,-0.12388134381787141
fine,0.041,1,0.47468771240767926,-0.12252525215912581
fine,0.041,1,0.4834692618305257,-0.11877200706044898
fine,0.041,1,0.4922632080815063,-0.11682226485346292
fine,0.041,1,0.5010571543324868,-0.113470772854541
fine,0.041,1,0.5098511005834668,-0.11090409761338772
fine,0.041,1,0.5186433529333173,-0.10791681896797269
fine,0.041,1,0.5274232084550344,-0.10480390813545815
fine,0.041,1,0.5361996819061174,-0.1021658416109883
fine,0.041,1,0.5449514036478755,-0.09854219241771367
fine,0.041,1,0.5536980665933513,-0.09622880803015543
fine,0.041,1,0.56240770670026,-0.09211753653731547
fine,0.041,1,0.571110628402604,-0.09010511797403975
fine,0.041,1,0.5797643814107057,-0.08553694675995449
fine,0.041,1,0.5884097791389143,-0.08380660096744941
fine,0.041,1,0.596994028688502,-0.07881095549235373
fine,0.041,1,0.6055683143544909,-0.0773443978236028
fine,0.041,1,0.614069679263561,-0.07194467193853149
fine,0.041,1,0.6225595053999544,-0.07072433828120817
fine,0.041,1,0.6309648849418902,-0.06494332126237334
fine,0.041,1,0.6393571898656257,-0.06396021541284247
fine,0.041,1,0.6476538080979104,-0.057841247867999705
fine,0.041,1,0.6559358601068401,-0.0570895860840357
fine,0.041,1,0.6641113091007979,-0.050663429863562426
fine,0.041,1,0.672270749553736,-0.05013368912305505
fine,0.041,1,0.680313031379045,-0.04342818757816369
fine,0.041,1,0.6883379165135037,-0.04313797374514983
fine,0.041,1,0.6962354838353754,-0.0362810308549093
fine,0.041,1,0.7041143251814628,-0.03623582837602446
fine,0.041,1,0.7118561203331952,-0.029262813378524433
fine,0.041,1,0.7195779235869827,-0.029401019520001844
fine,0.041,1,0.7271534159855796,-0.022289930133100322
fine,0.041,1,0.7347077182103257,-0.02251436923685679
fine,0.041,1,0.7421069399886675,-0.015250477734614522
fine,0.041,1,0.7494838450180932,-0.015465816697225021
fine,0.041,1,0.7566974247530426,-0.008070290100030464
fine,0.041,1,0.7638876366768248,-0.008195239834867696
fine,0.041,1,0.7709068310991558,-0.0007195836008653256
fine,0.041,1,0.7779016857173442,-0.0006796291690851497
fine,0.041,1,0.7847184092961943,0.006812487293316737
fine,0.041,1,0.79150990343612,0.0070900664474754516
fine,0.041,1,0.7981167557378794,0.01451675043704459
fine,0.041,1,0.804697574334367,0.015102229543593082
fine,0.041,1,0.8110878650633832,0.02236789556428298
fine,0.041,1,0.8174514059105982,0.023338471626812685
fine,0.041,1,0.8236191775470341,0.030374771212921977
fine,0.041,1,0.8297595736382725,0.031809035738797786
fine,0.041,1,0.8356996215964713,0.038534961656954914
fine,0.041,1,0.8416117609762543,0.04049383559316844
fine,0.041,1,0.8473196512153888,0.046820256469782606
fine,0.041,1,0.8529991942766852,0.049349222788494074
fine,0.041,1,0.8584712783041706,0.05519101469657018
fine,0.041,1,0.8639146724722724,0.05832687917823976
fine,0.041,1,0.8691480996890976,0.06360133190622252
fine,0.041,1,0.8743525914423966,0.06738115214105911
fine,0.041,1,0.8793453187886557,0.0719952660183596
fine,0.041,1,0.8843089629756944,0.07647039632171226
fine,0.041,1,0.8890597618436459,0.08030036293913467
fine,0.041,1,0.893781428264889,0.08555699090921132
fine,0.041,1,0.8982898886561964,0.08842650784327477
fine,0.041,1,0.9027692658882832,0.09461392394680845
fine,0.041,1,0.9070357978012836,0.09627953602704697
fine,0.041,1,0.9112733942507577,0.10365027481988644
fine,0.041,1,0.9152992262931914,0.10382660591519156
fine,0.041,1,0.9192963684762414,0.11274321635038688
fine,0.041,1,0.9230835437080159,0.11102746381879593
fine,0.041,1,0.9268423717619523,0.12194580007670985
fine,0.041,1,0.9303937407820771,0.1178086461302531
fine,0.041,1,0.9339172012237866,0.13126327092768375
fine,0.041,1,0.9372364125248493,0.1240830604901173
fine,0.041,1,0.9405282482807139,0.14067331464907296
fine,0.041,1,0.9436197359035352,0.12975061688697864
fine,0.041,1,0.9466844736445551,0.1500819468740392
fine,0.041,1,0.9495534421747981,0.13468829539761207
fine,0.041,1,0.9523963769997694,0.15932717985539624
fine,0.041,1,0.9550487839572708,0.1387591348701962
fine,0.041,1,0.9576759614758479,0.16818033169248436
fine,0.041,1,0.9601184971562551,0.14183521825924061
fine,0.041,1,0.9625366930325203,0.176343451576065
fine,0.041,1,0.9647767578694514,0.14384314815092236
fine,0.041,1,0.9669934548952148,0.18346773691839113
fine,0.041,1,0.9690391344195227,0.1448225310441713
fine,0.041,1,0.9710624971949149,0.18918512692769607
fine,0.041,1,0.9729225346758322,0.14495427414342044
fine,0.041,1,0.9747613819828986,0.19315051853219578
fine,0.041,1,0.9764451488435612,0.1445207991573194
fine,0.041,1,0.9781089238062789,0.19510412039273628
fine,0.041,1,0.9796263879138054,0.14381922202227992
fine,0.041,1,0.9811251260455475,0.1949983319896723
fine,0.041,1,0.9824868179829332,0.14311352794989762
fine,0.041,1,0.983831113229469,0.19315577501373127
fine,0.041,1,0.9850480906634218,0.14258596058457562
fine,0.041,1,0.9862490595563546,0.19031157429769296
fine,0.041,1,0.9873328698216551,0.14236048649805477
fine,0.041,1,0.9884021138636012,0.1874227069177541
fine,0.041,1,0.9893647548905768,0.1425474438380948
fine,0.041,1,0.9903143212993522,0.18527789220485724
fine,0.041,1,0.9911682010166755,0.14325492304685483
fine,0.041,1,0.9920105419613223,0.18429076296509317
fine,0.041,1,0.9927684363115116,0.144594251314641
fine,0.041,1,0.9935163667781023,0.1845918326809699
fine,0.041,1,0.9941913764877732,0.14669781325749376
fine,0.041,1,0.9948580309175513,0.18621501075410396
fine,0.041,1,0.995463537168709,0.1496933539044213
fine,0.041,1,0.9960623250153016,0.18911948232697662
fine,0.041,1,0.9966119441676522,0.15327425979296538
fine,0.041,1,0.997156504523721,0.1921546713380985
fine,0.041,1,0.9976640420412225,0.15293195044682062
fine,0.041,1,0.9981681974880897,0.18127217561547304
fine,0.041,1,0.9986476012256319,0.08312148332964386
fine,0.041,1,0.9991253110620446,0.13360248389854124
fine,0.041,1,0.9995906240703231,-0.12183856775258017
coarse,0.163,0,0.00024982898733673603,-0.010912173341053766
coarse,0.163,0,0.0013182457413504355,-0.16203413424181856
coarse,0.163,0,0.002424064036603292,-0.39040277921196664
coarse,0.163,0,0.0036524319384473062,-0.39069297450896223
coarse,0.163,0,0.0049549629720289845,-0.5220204733681624
coarse,0.163,0,0.006500496361046419,-0.5153093354338345
coarse,0.163,0,0.008155685520554257,-0.5654766967885332
coarse,0.163,0,0.010170171946668154,-0.5591703497202716
coarse,0.163,0,0.012327930541390511,-0.5932333485722654
coarse,0.163,0,0.014955133638044016,-0.5783337715795236
coarse,0.163,0,0.01775677387489508,-0.6070826091518537
coarse,0.163,0,0.021129973523415172,-0.5812960406718379
coarse,0.163,0,0.024705790615891225,-0.6096422655711071
coarse,0.163,0,0.028945502489777723,-0.5717426945715707
coarse,0.163,0,0.03341254527073595,-0.6021018455990013
coarse,0.163,0,0.0386244587790685,-0.5548471825533625
coarse,0.163,0,0.04408452696274063,-0.5897124291794804
coarse,0.163,0,0.05035769687508863,-0.538316273533535
coarse,0.163,0,0.05689559923574745,-0.576172292518041
coarse,0.163,0,0.06430092193037153,-0.5288662362590286
coarse,0.163,0,0.07198302520068933,-0.5616540792253675
coarse,0.163,0,0.0805720256078534,-0.5289903308173769
coarse,0.163,0,0.08944511892570604,-0.5448867921453071
coarse,0.163,0,0.09924906892183522,-0.5359559593835161
coarse,0.163,0,0.10933956325518038,-0.5267766302794785
coarse,0.163,0,0.12036894659238448,-0.5434844828316101
coarse,0.163,0,0.1316824228402771,-0.5095281256390458
coarse,0.163,0,0.1439267557664463,-0.5465968746141094
coarse,0.163,0,0.1564478692683092,-0.49513831972583383
coarse,0.163,0,0.16987587990701847,-0.5441273096907242
coarse,0.163,0,0.18356862299403856,-0.4847646440222586
coarse,0.163,0,0.1981287864150239,-0.5381854779129047
coarse,0.163,0,0.21293710451134884,-0.47850956179976656
coarse,0.163,0,0.2285585243363497,-0.5300856465504353
coarse,0.163,0,0.24440727506842244,-0.47289650142859596
coarse,0.163,0,0.2610008965278694,-0.5164221242323108
coarse,0.163,0,0.277797135431272,-0.46045452955532756
coarse,0.163,0,0.2952572691160844,-0.49117161360130485
coarse,0.163,0,0.3128918399410952,-0.43439651340598684
coarse,0.163,0,0.3310979701777768,-0.45177666832356506
coarse,0.163,0,0.3494473725830663,-0.3960040201442172
coarse,0.163,0,0.36826621949028465,-0.4059286442076766
coarse,0.163,0,0.3871947221679936,-0.35444621321215153
coarse,0.163,0,0.40648252211230934,-0.3610466782153148
coarse,0.163,0,0.4258444851883628,-0.3146050782237484
coarse,0.163,0,0.44544945061985247,-0.3192256880936992
coarse,0.163,0,0.46509181759258095,-0.27713358748545547
coarse,0.163,0,0.48485673417190045,-0.2798193817915058
coarse,0.163,0,0.50462165075122,-0.24125051352409918
coarse,0.163,0,0.5243865673305395,-0.24231010535594755
coarse,0.163,0,0.54411408236862,-0.20675734119836853
coarse,0.163,0,0.5637190478001101,-0.20668393674379137
coarse,0.163,0,0.5832498500998621,-0.17370623518163386
coarse,0.163,0,0.6025376500441775,-0.17298874174639
coarse,0.163,0,0.6217157942180023,-0.1421673845406648
coarse,0.163,0,0.640534641125221,-0.14134646940017492
coarse,0.163,0,0.6592102158638312,-0.11232917242244554
coarse,0.163,0,0.6774163461005108,-0.11212492661709939
coarse,0.163,0,0.6954480391969929,-0.08469573161644539
coarse,0.163,0,0.7129081728818071,-0.08599412517300631
coarse,0.163,0,0.7301656891226651,-0.059614255986349285
coarse,0.163,0,0.746759310582112,-0.06286973714159139
coarse,0.163,0,0.7631256011344871,-0.03656983832474858
coarse,0.163,0,0.7787470209594879,-0.04221281975960589
coarse,0.163,0,0.7941202861091492,-0.015173366013198077
coarse,0.163,0,0.8086804495301362,-0.023833820760686075
coarse,0.163,0,0.8229758805028112,0.0045268781872888075
coarse,0.163,0,0.8364038911415189,-0.0075687111683864225
coarse,0.163,0,0.8495551212045331,0.02240362041894195
coarse,0.163,0,0.8617994541307028,0.0069471792166554405
coarse,0.163,0,0.873759694146183,0.03815983055399441
coarse,0.163,0,0.8847890774833831,0.02009224353562311
coarse,0.163,0,0.8955319164833692,0.05133388404694683
coarse,0.163,0,0.905335866479502,0.03209279024681777
coarse,0.163,0,0.9148557235649457,0.06182930336456138
coarse,0.163,0,0.9234447239721105,0.04323748359006807
coarse,0.163,0,0.9317569438035812,0.0705307250442404
coarse,0.163,0,0.9391622664982051,0.0539135811742637
coarse,0.163,0,0.9463028567445182,0.07877691711976553
coarse,0.163,0,0.9525760266568659,0.06439252092379932
coarse,0.163,0,0.9586010418938744,0.08739275549032832
coarse,0.163,0,0.9638129554022067,0.07479268293077368
coarse,0.163,0,0.9687975380034675,0.09654251724493113
coarse,0.163,0,0.9730372498773537,0.08511753955818457
coarse,0.163,0,0.9770743443072847,0.10605426328548506
coarse,0.163,0,0.9804475439558069,0.09522554769393266
coarse,0.163,0,0.9836463064641302,0.11561596582748213
coarse,0.163,0,0.986273509560781,0.10474188770529712
coarse,0.163,0,0.9887574404888242,0.12469424920095973
coarse,0.163,0,0.9907719269149389,0.11259573055552619
coarse,0.163,0,0.9926767575705628,0.13148725158521657
coarse,0.163,0,0.9942222909595808,0.11354908716446332
coarse,0.163,0,0.9956936612168605,0.12112919197459769
coarse,0.163,0,0.9969220291187043,0.039696637660719625
coarse,0.163,0,0.9981129954793089,0.08092381547211458
coarse,0.163,0,0.9991814122333226,-0.15580872975410187
coarse,0.163,1,0.00024982898733679176,0.29748538629343324
coarse,0.163,1,0.0013182457413504355,0.37605877030182766
coarse,0.163,1,0.002424064036603292,0.4511607142059758
coarse,0.163,1,0.0036524319384474177,0.42873576299882044
coarse,0.163,1,0.004954962972029207,0.4605047555519952
coarse,0.163,1,0.00650049636104653,0.4415365296659383
coarse,0.163,1,0.008155685520554257,0.4396541724895706
coarse,0.163,1,0.01017017194666832,0.42216271368667446
coarse,0.163,1,0.012327930541390678,0.3990047906473049
coarse,0.163,1,0.01495513363804396,0.38653219836243824
coarse,0.163,1,0.01775677387489497,0.34769579355986535
coarse,0.163,1,0.021129973523415228,0.34323128989317053
coarse,0.163,1,0.024705790615891392,0.2921477397584067
coarse,0.163,1,0.028945502489777834,0.2985237113109618
coarse,0.163,1,0.033412545270736116,0.23745688294903847
coarse,0.163,1,0.03862445877906861,0.2559847844317259
coarse,0.163,1,0.044084526962740574,0.18604687399568898
coarse,0.163,1,0.050357696875088453,0.2155146893635932
coarse,0.163,1,0.05689559923574728,0.13885697355662374
coarse,0.163,1,0.06430092193037142,0.17382616636342496
coarse,0.163,1,0.07198302520068933,0.09685131978506722
coarse,0.163,1,0.0805720256078534,0.12746578333312675
coarse,0.163,1,0.08944511892570604,0.06106639449532237
coarse,0.163,1,0.09924906892183533,0.07674707724059371
coarse,0.163,1,0.1093395632551806,0.031025073221924937
coarse,0.163,1,0.12036894659238481,0.026451846941423218
coarse,0.163,1,0.1316824228402773,0.004891122524600666
coarse,0.163,1,0.14392675576644653,-0.01839658791523391
coarse,0.163,1,0.15644786926830942,-0.019455458089484567
coarse,0.163,1,0.16987587990701858,-0.055730020415707175
coarse,0.163,1,0.18356862299403856,-0.043528622833096886
coarse,0.163,1,0.1981287864150239,-0.08652320993719598
coarse,0.163,1,0.21293710451134884,-0.06790626199353333
coarse,0.163,1,0.2285585243363497,-0.1119655218965101
coarse,0.163,1,0.24440727506842244,-0.0906220213746145
coarse,0.163,1,0.2610008965278694,-0.13033009228767578
coarse,0.163,1,0.277797135431272,-0.10660526395683845
coarse,0.163,1,0.2952572691160844,-0.13774003046219474
coarse,0.163,1,0.312891839941095,-0.11065158488416049
coarse,0.163,1,0.3310979701777768,-0.13218672398559939
coarse,0.163,1,0.3494473725830663,-0.10300034153566462
coarse,0.163,1,0.368266219490285,-0.11886280089860257
coarse,0.163,1,0.38719472216799405,-0.09009793043617376
coarse,0.163,1,0.4064825221123097,-0.10327864976625079
coarse,0.163,1,0.42584448518836326,-0.07588923653780255
coarse,0.163,1,0.4454494506198526,-0.08741641689523072
coarse,0.163,1,0.46509181759258095,-0.06131966925401056
coarse,0.163,1,0.48485673417190056,-0.07123925290920696
coarse,0.163,1,0.5046216507512201,-0.04615612124490687
coarse,0.163,1,0.5243865673305395,-0.05470767808792388
coarse,0.163,1,0.5441140823686202,-0.030513375747468707
coarse,0.163,1,0.563719047800111,-0.03808767767202914
coarse,0.163,1,0.5832498500998634,-0.014643420202052448
coarse,0.163,1,0.6025376500441779,-0.021641067449514217
coarse,0.163,1,0.6217157942180023,0.0012293996253988082
coarse,0.163,1,0.6405346411252212,-0.0056547768687083
coarse,0.163,1,0.6592102158638321,0.016811829802121037
coarse,0.163,1,0.6774163461005122,0.009399954481159156
coarse,0.163,1,0.6954480391969947,0.03155556487061839
coarse,0.163,1,0.7129081728818077,0.022797789166392746
coarse,0.163,1,0.7301656891226651,0.04504486820962583
coarse,0.163,1,0.746759310582112,0.0344413616232635
coarse,0.163,1,0.7631256011344869,0.05760249850491749
coarse,0.163,1,0.7787470209594861,0.044651868322281074
coarse,0.163,1,0.7941202861091465,0.06946054683394431
coarse,0.163,1,0.8086804495301344,0.053487560291009095
coarse,0.163,1,0.8229758805028106,0.08047977172508447
coarse,0.163,1,0.8364038911415189,0.0610093086970599
coarse,0.163,1,0.849555121204534,0.09044733966965934
coarse,0.163,1,0.8617994541307032,0.06748719648899792
coarse,0.163,1,0.873759694146183,0.09899910149656088
coarse,0.163,1,0.8847890774833838,0.07323476689240604
coarse,0.163,1,0.89553191648337,0.10563420267081612
coarse,0.163,1,0.9053358664795025,0.07844474413827462
coarse,0.163,1,0.9148557235649457,0.11022116218251121
coarse,0.163,1,0.9234447239721101,0.08336849759850318
coarse,0.163,1,0.9317569438035808,0.11357935972996767
coarse,0.163,1,0.9391622664982049,0.08835757292136281
coarse,0.163,1,0.9463028567445182,0.11698129270516167
coarse,0.163,1,0.9525760266568659,0.0936680058319811
coarse,0.163,1,0.9586010418938744,0.1212185445508779
coarse,0.163,1,0.9638129554022067,0.09941466041045921
coarse,0.163,1,0.9687975380034675,0.126446893129897
coarse,0.163,1,0.9730372498773537,0.10559993939930634
coarse,0.163,1,0.9770743443072833,0.1324891089545056
coarse,0.163,1,0.9804475439557998,0.11208072486251541
coarse,0.163,1,0.9836463064641201,0.13901562088146102
coarse,0.163,1,0.9862735095607763,0.11847790130741154
coarse,0.163,1,0.9887574404888237,0.14546331298420645
coarse,0.163,1,0.9907719269149386,0.1237108688480243
coarse,0.163,1,0.9926767575705628,0.15004947439080785
coarse,0.163,1,0.9942222909595808,0.12250438027124298
coarse,0.163,1,0.9956936612168605,0.13801753553812013
coarse,0.163,1,0.9969220291187043,0.0471936190172737
coarse,0.163,1,0.9981129954793089,0.09478913558081237
coarse,0.163,1,0.9991814122333226,-0.15580872975410187
medium,0.163,0,0.0005807617012621174,-0.0007905160714136716
medium,0.163,0,0.0012831358709954727,-0.10739221832257684
medium,0.163,0,0.0020247905586456647,-0.345163001246491
medium,0.163,0,0.002774670652234885,-0.32032994076821497
medium,0.163,0,0.003602812833197941,-0.47578742736852236
medium,0.163,0,0.004447343225733079,-0.4489309516022111
medium,0.163,0,0.005408521653357948,-0.5287278922092629
medium,0.163,0,0.0063941263740024895,-0.5051076660347749
medium,0.163,0,0.007533877315472296,-0.5686391273067639
medium,0.163,0,0.008705906732570604,-0.542087611225317
medium,0.163,0,0.010068407410411926,-0.5990257004605384
medium,0.163,0,0.011470793087800352,-0.5658853000979722
medium,0.163,0,0.013098525464549125,-0.6207782247740572
medium,0.163,0,0.014773445815834722,-0.5790108603148727
medium,0.163,0,0.016706873280642725,-0.634634521566148
medium,0.163,0,0.01869443256599706,-0.5842754374627415
medium,0.163,0,0.020971691983814145,-0.6427692042034332
medium,0.163,0,0.0233096150923477,-0.583782578798423
medium,0.163,0,0.025966226559350405,-0.6452057667731912
medium,0.163,0,0.028689571899923584,-0.5777464396497676
medium,0.163,0,0.031758168414134244,-0.6417962566676472
medium,0.163,0,0.03489906109969637,-0.5687989148363164
medium,0.163,0,0.0384091402041653,-0.634759684805078
medium,0.163,0,0.04199652756024898,-0.5600173872886196
medium,0.163,0,0.04597422684893979,-0.6251356928772922
medium,0.163,0,0.050033658107034085,-0.5546266474659816
medium,0.163,0,0.05450155630195162,-0.6142981324125119
medium,0.163,0,0.05905498815442294,-0.5548558519065809
medium,0.163,0,0.06403193326790586,-0.6026075670160473
medium,0.163,0,0.06909756276431232,-0.5602592378978593
medium,0.163,0,0.07459852865427766,-0.5897560012304608
medium,0.163,0,0.08019065471083303,-0.5681466628534417
medium,0.163,0,0.08622662712067666,-0.5758511315626402
medium,0.163,0,0.09235554169686525,-0.5754861007493548
medium,0.163,0,0.09893343464732064,-0.5618526226895773
medium,0.163,0,0.10560534441786998,-0.5801250422173014
medium,0.163,0,0.11272794758713645,-0.5488436882911689
medium,0.163,0,0.11994492670547588,-0.5810605435489591
medium,0.163,0,0.12761088419808253,-0.5374830252374339
medium,0.163,0,0.13537085851078307,-0.5782751543440638
medium,0.163,0,0.14357467917677144,-0.5278581331553414
medium,0.163,0,0.15187144200910468,-0.5723584184551638
medium,0.163,0,0.1606035412349969,-0.5196060956177242
medium,0.163,0,0.16942680062747922,-0.564185483964307
medium,0.163,0,0.1786735732809733,-0.5122752207360199
medium,0.163,0,0.188009030317391,-0.5548528479121466
medium,0.163,0,0.19775295429063186,-0.5059223707910907
medium,0.163,0,0.20758241192142649,-0.5458683112926854
medium,0.163,0,0.21780218148482822,-0.5009110349120018
medium,0.163,0,0.22810368301763342,-0.5376181164164238
medium,0.163,0,0.23877437096934534,-0.4961424555692435
medium,0.163,0,0.2495223671726721,-0.5285265428103321
medium,0.163,0,0.26061561454963633,-0.48956087422598576
medium,0.163,0,0.2717811580979523,-0.5170766103818829
medium,0.163,0,0.2832653900047367,-0.47945965902974136
medium,0.163,0,0.2948163557850916,-0.5010667894487133
medium,0.163,0,0.30665702169791,-0.46308225507939443
medium,0.163,0,0.318558351301445,-0.47790155772776693
medium,0.163,0,0.3307181880185028,-0.43926272144899925
medium,0.163,0,0.3429321565561069,-0.44914896694365125
medium,0.163,0,0.35537147179306977,-0.4111637184383889
medium,0.163,0,0.36785797500456907,-0.41834194407394915
medium,0.163,0,0.3805349494768123,-0.3819624970634845
medium,0.163,0,0.3932518089486028,-0.38761800765914267
medium,0.163,0,0.40612281464121863,-0.3533971120851751
medium,0.163,0,0.41902609880946284,-0.3582027010806428
medium,0.163,0,0.43204603101279704,-0.326365796691348
medium,0.163,0,0.445090389509151,-0.33028145659116737
medium,0.163,0,0.4582130100928785,-0.3006277120081631
medium,0.163,0,0.47135201888817807,-0.3034216361831701
medium,0.163,0,0.4845303082013946,-0.2757484416521008
medium,0.163,0,0.4977168229205502,-0.2774465618911852
medium,0.163,0,0.5109033376397055,-0.2515914149404954
medium,0.163,0,0.5240898523588609,-0.25228446063437326
medium,0.163,0,0.5372370865600996,-0.22807644586232123
medium,0.163,0,0.5503760953553993,-0.22795998621343116
medium,0.163,0,0.5634368420633259,-0.20523736721658214
medium,0.163,0,0.5764812005596803,-0.20448779796199124
medium,0.163,0,0.5894089110209437,-0.18306399547924168
medium,0.163,0,0.6023121951891874,-0.18187047742277151
medium,0.163,0,0.6150613331366064,-0.16155337715775397
medium,0.163,0,0.627778192608397,-0.16012285960773132
medium,0.163,0,0.6403045808194441,-0.1407086424551134
medium,0.163,0,0.6527910840309437,-0.139303271705155
medium,0.163,0,0.6650522405430844,-0.1205683173699732
medium,0.163,0,0.6772662090806889,-0.1195262341194947
medium,0.163,0,0.6892216705047697,-0.10125601325808109
medium,0.163,0,0.7011230001083038,-0.10104374126010152
medium,0.163,0,0.7127346295793754,-0.08300678190850763
medium,0.163,0,0.7242855953597307,-0.08406421115083829
medium,0.163,0,0.7355178727816168,-0.06582449692467374
medium,0.163,0,0.7466834163299328,-0.0683833103386533
medium,0.163,0,0.7575037087046161,-0.04936720191628452
medium,0.163,0,0.7682517049079494,-0.05372730476908871
medium,0.163,0,0.778630514692365,-0.03341836459798464
medium,0.163,0,0.7889320162251634,-0.04002358847626364
medium,0.163,0,0.7988432058253605,-0.017950012212931687
medium,0.163,0,0.8086726634561553,-0.02731236252514546
medium,0.163,0,0.818093654150126,-0.0030141395435199225
medium,0.163,0,0.8274291111865428,-0.015625111296678318
medium,0.163,0,0.8363410549619491,0.011337054130721502
medium,0.163,0,0.8451643143544321,-0.00493307125355158
medium,0.163,0,0.853552237353356,0.02502435636455691
medium,0.163,0,0.8618490001856899,0.004783619567914732
medium,0.163,0,0.8697019166647353,0.037867085759318075
medium,0.163,0,0.8774618909774355,0.013555996565749906
medium,0.163,0,0.8847728869158656,0.04961390906028751
medium,0.163,0,0.8919898660342015,0.021456239518181208
medium,0.163,0,0.8987561517538264,0.05994255886014033
medium,0.163,0,0.9054280615243795,0.028575263239510873
medium,0.163,0,0.9116509929206627,0.06853991157658623
medium,0.163,0,0.9177799074968512,0.03507511572622146
medium,0.163,0,0.9234649757197521,0.07528720341461848
medium,0.163,0,0.9290571017763076,0.0412090886248101
medium,0.163,0,0.934213891439304,0.08034379180258033
medium,0.163,0,0.9392795209357097,0.047181079625905675
medium,0.163,0,0.943921637171105,0.08416179498346887
medium,0.163,0,0.9484750690235767,0.05311878671697101
medium,0.163,0,0.9526200339392247,0.08744819660986092
medium,0.163,0,0.9566794651973185,0.05911266146432647
medium,0.163,0,0.9603485845228064,0.09088263762615267
medium,0.163,0,0.9639359718788908,0.06522636758003142
medium,0.163,0,0.9671541728160675,0.0948720462839836
medium,0.163,0,0.9702950655016291,0.07150248108077428
medium,0.163,0,0.9730907070135534,0.09953788931393204
medium,0.163,0,0.9758140523541263,0.07796544350831014
medium,0.163,0,0.9782187093362306,0.10482950541169145
medium,0.163,0,0.9805566324447643,0.08460758515399625
medium,0.163,0,0.9826048554208383,0.1106410429616429
medium,0.163,0,0.9845924147061961,0.0914172852701498
medium,0.163,0,0.9863214668780249,0.11687671482618057
medium,0.163,0,0.9879963872293058,0.09835848963876159
medium,0.163,0,0.9894459608812312,0.12345964913146577
medium,0.163,0,0.9908483465586202,0.10539367424144741
medium,0.163,0,0.9920602609752667,0.13036954244439014
medium,0.163,0,0.9932322903923656,0.11246941646293306
medium,0.163,0,0.9942501735886385,0.13750189739067942
medium,0.163,0,0.9952357783092827,0.1191348410018257
medium,0.163,0,0.9961047349948372,0.1435320294122845
medium,0.163,0,0.9969492653873722,0.12109126329424069
medium,0.163,0,0.9977155336925335,0.13393965642337713
medium,0.163,0,0.9984654137861227,0.0534673030314029
medium,0.163,0,0.999176013361795,0.09066254343295288
medium,0.163,0,0.9998783875315281,-0.14371228051281948
medium,0.163,1,0.0005807617012620616,0.28574614354720584
medium,0.163,1,0.0012831358709955287,0.32605407828364175
medium,0.163,1,0.0020247905586456647,0.43922662624249276
medium,0.163,1,0.002774670652234885,0.3921589506090508
medium,0.163,1,0.003602812833197997,0.46365792896901425
medium,0.163,1,0.004447343225733247,0.43035043348107666
medium,0.163,1,0.00540852165335806,0.4739869125038626
medium,0.163,1,0.0063941263740024895,0.44373538202469875
medium,0.163,1,0.007533877315472296,0.466731617289371
medium,0.163,1,0.008705906732570604,0.44136465291414084
medium,0.163,1,0.010068407410411984,0.447683451035919
medium,0.163,1,0.011470793087800576,0.42871546424992946
medium,0.163,1,0.013098525464549348,0.42028172032104283
medium,0.163,1,0.014773445815834944,0.40916120089602825
medium,0.163,1,0.01670687328064278,0.3871694724115682
medium,0.163,1,0.018694432565996837,0.38514890872352703
medium,0.163,1,0.02097169198381409,0.3503620355796664
medium,0.163,1,0.023309615092347923,0.3586325210940744
medium,0.163,1,0.025966226559350516,0.31179809744495424
medium,0.163,1,0.028689571899923584,0.33128240552985955
medium,0.163,1,0.031758168414134244,0.27332226584231323
medium,0.163,1,0.03489906109969637,0.30370109323551453
medium,0.163,1,0.0384091402041653,0.2359274587428759
medium,0.163,1,0.04199652756024898,0.2755372081599202
medium,0.163,1,0.04597422684893979,0.2004749306092415
medium,0.163,1,0.050033658107034085,0.24542369732200595
medium,0.163,1,0.054501556301951734,0.16732328574414923
medium,0.163,1,0.05905498815442322,0.21180299647862655
medium,0.163,1,0.06403193326790603,0.13679192093293013
medium,0.163,1,0.06909756276431238,0.17429600552248237
medium,0.163,1,0.07459852865427766,0.10919454763750445
medium,0.163,1,0.08019065471083303,0.13430047487257102
medium,0.163,1,0.08622662712067661,0.08448123199514646
medium,0.163,1,0.09235554169686508,0.09422641603251714
medium,0.163,1,0.09893343464732064,0.06200984542846832
medium,0.163,1,0.10560534441787009,0.056379682680633654
medium,0.163,1,0.11272794758713656,0.040905530418542724
medium,0.163,1,0.11994492670547599,0.022285668546380033
medium,0.163,1,0.12761088419808242,0.020478997491603423
medium,0.163,1,0.13537085851078284,-0.007441897621121241
medium,0.163,1,0.14357467917677144,0.0004535749395617739
medium,0.163,1,0.1518714420091049,-0.03288285434250504
medium,0.163,1,0.16060354123499712,-0.01904466846586028
medium,0.163,1,0.16942680062747945,-0.05454060301050089
medium,0.163,1,0.1786735732809733,-0.0377357084660912
medium,0.163,1,0.18800903031739089,-0.07321940912200775
medium,0.163,1,0.19775295429063164,-0.05563393016766604
medium,0.163,1,0.20758241192142637,-0.09008758354189395
medium,0.163,1,0.21780218148482822,-0.07303849646030192
medium,0.163,1,0.22810368301763342,-0.10567565453471306
medium,0.163,1,0.23877437096934534,-0.08938956852831925
medium,0.163,1,0.2495223671726721,-0.11923167124011491
medium,0.163,1,0.26061561454963633,-0.10342426311496045
medium,0.163,1,0.2717811580979523,-0.12992093412495054
medium,0.163,1,0.28326539000473683,-0.11400301210850716
medium,0.163,1,0.2948163557850918,-0.13628721524781917
medium,0.163,1,0.3066570216979101,-0.1191295784758557
medium,0.163,1,0.318558351301445,-0.13643828775119715
medium,0.163,1,0.3307181880185028,-0.11772590050851361
medium,0.163,1,0.3429321565561069,-0.1312901776508011
medium,0.163,1,0.3553714717930699,-0.1118209054177417
medium,0.163,1,0.3678579750045693,-0.12322635366578427
medium,0.163,1,0.38053494947681243,-0.10367896987366998
medium,0.163,1,0.3932518089486029,-0.11379189623265495
medium,0.163,1,0.40612281464121874,-0.09466857328220879
medium,0.163,1,0.41902609880946307,-0.1039856828722583
medium,0.163,1,0.43204603101279715,-0.08560711435756874
medium,0.163,1,0.445090389509151,-0.09408756103137872
medium,0.163,1,0.4582130100928785,-0.07646084748351578
medium,0.163,1,0.4713520188881783,-0.0839133092818658
medium,0.163,1,0.4845303082013948,-0.0670138701866354
medium,0.163,1,0.4977168229205503,-0.07345015040372127
medium,0.163,1,0.5109033376397055,-0.05725358198656938
medium,0.163,1,0.5240898523588609,-0.06274366733589276
medium,0.163,1,0.5372370865600996,-0.047195722602400236
medium,0.163,1,0.5503760953553993,-0.051899537655839545
medium,0.163,1,0.5634368420633266,-0.03693580474269553
medium,0.163,1,0.5764812005596817,-0.041004399730069974
medium,0.163,1,0.5894089110209446,-0.026525775927565443
medium,0.163,1,0.6023121951891877,-0.03012689651332101
medium,0.163,1,0.6150613331366064,-0.016015334335113707
medium,0.163,1,0.627778192608397,-0.01933937192517421
medium,0.163,1,0.6403045808194443,-0.005452788654342289
medium,0.163,1,0.6527910840309441,-0.008745357054500635
medium,0.163,1,0.6650522405430853,0.005088565946295587
medium,0.163,1,0.6772662090806898,0.001506236492316848
medium,0.163,1,0.6892216705047701,0.015463977249184802
medium,0.163,1,0.701123000108304,0.011149493050407577
medium,0.163,1,0.7127346295793754,0.025430774263676233
medium,0.163,1,0.7242855953597307,0.019950564459877418
medium,0.163,1,0.7355178727816168,0.034941177495000364
medium,0.163,1,0.7466834163299328,0.028028760767225824
medium,0.163,1,0.7575037087046066,0.04425050008428333
medium,0.163,1,0.7682517049079285,0.03557397199451884
medium,0.163,1,0.7786305146923506,0.05351450737218721
medium,0.163,1,0.788932016225159,0.04261069618329538
medium,0.163,1,0.7988432058253585,0.06272741690566985
medium,0.163,1,0.8086726634561542,0.049067918033449676
medium,0.163,1,0.8180936541501245,0.07181114326651361
medium,0.163,1,0.8274291111865404,0.05488383484834925
medium,0.163,1,0.836341054961948,0.08068439866099875
medium,0.163,1,0.8451643143544327,0.060053288648965746
medium,0.163,1,0.8535522373533568,0.08923840177830022
medium,0.163,1,0.8618490001856908,0.06456972419089535
medium,0.163,1,0.8697019166647357,0.09727131013475665
medium,0.163,1,0.877461890977436,0.06844358641624626
medium,0.163,1,0.8847728869158665,0.1045154908582223
medium,0.163,1,0.8919898660342024,0.0717302872333494
medium,0.163,1,0.8987561517538268,0.11063888270870982
medium,0.163,1,0.9054280615243799,0.07450852603888736
medium,0.163,1,0.9116509929206627,0.11532199495722295
medium,0.163,1,0.9177799074968512,0.07692456044915108
medium,0.163,1,0.9234649757197518,0.11843260749189921
medium,0.163,1,0.9290571017763072,0.07921101666733288
medium,0.163,1,0.9342138914393038,0.12010985106998685
medium,0.163,1,0.9392795209357101,0.08155933153930262
medium,0.163,1,0.943921637171105,0.1207859994420588
medium,0.163,1,0.9484750690235767,0.08409198154234343
medium,0.163,1,0.9526200339392247,0.12114598812962007
medium,0.163,1,0.9566794651973185,0.08689761651188321
medium,0.163,1,0.9603485845228059,0.12185038812191362
medium,0.163,1,0.9639359718788899,0.0900398291734742
medium,0.163,1,0.9671541728160673,0.12329524815441428
medium,0.163,1,0.9702950655016294,0.09356189535172466
medium,0.163,1,0.9730907070135538,0.12559833476402538
medium,0.163,1,0.9758140523541263,0.09748835048188698
medium,0.163,1,0.9782187093362306,0.12870819014610924
medium,0.163,1,0.9805566324447643,0.1018119790291845
medium,0.163,1,0.9826048554208374,0.13251768363310767
medium,0.163,1,0.9845924147061943,0.10651972069376447
medium,0.163,1,0.9863214668780236,0.136924476867882
medium,0.163,1,0.9879963872293054,0.1115752582531241
medium,0.163,1,0.9894459608812307,0.14184284376349954
medium,0.163,1,0.9908483465586202,0.11694079816776481
medium,0.163,1,0.9920602609752667,0.14724380868590647
medium,0.163,1,0.9932322903923656,0.12256136283369932
medium,0.163,1,0.9942501735886385,0.15304134267306047
medium,0.163,1,0.9952357783092827,0.1279658711230819
medium,0.163,1,0.9961047349948372,0.1580390809263067
medium,0.163,1,0.9969492653873722,0.12874717516647705
medium,0.163,1,0.9977155336925333,0.14788650187505514
medium,0.163,1,0.9984654137861223,0.060204582189107514
medium,0.163,1,0.9991760133617947,0.10249148916909101
medium,0.163,1,0.9998783875315281,-0.14371228051281948
fine,0.163,0,0.00010809955304188912,0.03578104293606643
fine,0.163,0,0.0005734125613205786,0.002086991736417132
fine,0.163,0,0.001041999068315914,-0.25389365337980085
fine,0.163,0,0.0015214028058582695,-0.19316856920554737
fine,0.163,0,0.0020073424643503343,-0.3494449950518974
fine,0.163,0,0.002514879981851865,-0.30881098869110746
fine,0.163,0,0.0030321937270485076,-0.4029565892793281
fine,0.163,0,0.0035818128793989735,-0.3664889091897805
fine,0.163,0,0.004144415486530113,-0.44759056339746994
fine,0.163,0,0.00474992173768763,-0.40946279430174704
fine,0.163,0,0.005371574738810308,-0.4847420816201022
fine,0.163,0,0.006046584448482004,-0.4425064047640437
fine,0.163,0,0.006740849567812426,-0.5162909208324198
fine,0.163,0,0.0074987439180016924,-0.4683688084342368
fine,0.163,0,0.00827893718333216,-0.5433317496229266
fine,0.163,0,0.009132816900655327,-0.48869942392307264
fine,0.163,0,0.010011963586131878,-0.5664091940674201
fine,0.163,0,0.010974604613106233,-0.5043440612932153
fine,0.163,0,0.0119653951658247,-0.5854495978982124
fine,0.163,0,0.013049205431126283,-0.5158247578801298
fine,0.163,0,0.014163952530677053,-0.6004185836607527
fine,0.163,0,0.01538092996463017,-0.524046074942522
fine,0.163,0,0.016631526860883553,-0.6121175861124959
fine,0.163,0,0.017993218798268727,-0.5307812597385797
fine,0.163,0,0.01939109906838702,-0.6217853789703425
fine,0.163,0,0.02090856317591378,-0.5371035179792165
fine,0.163,0,0.022464662036743598,-0.628444232395708
fine,0.163,0,0.024148428897406125,-0.5420484286856349
fine,0.163,0,0.02587314620416597,-0.6306963245148358
fine,0.163,0,0.02773318368508353,-0.5474698220226448
fine,0.163,0,0.029636348741545724,-0.6303468519432778
fine,0.163,0,0.03168202826585568,-0.554481842675788
fine,0.163,0,0.03377286656509372,-0.6272194683202088
fine,0.163,0,0.03601293140202252,-0.563164291021484
fine,0.163,0,0.03830003341026301,-0.6216134042724446
fine,0.163,0,0.040742569090670123,-0.573483837612901
fine,0.163,0,0.043233861179874204,-0.6143759618010332
fine,0.163,0,0.04588626813737569,-0.5849799815554353
fine,0.163,0,0.048588985764905404,-0.6064422990309135
fine,0.163,0,0.05145795429514854,-0.5967130056441834
fine,0.163,0,0.05437861752126931,-0.5986141589576472
fine,0.163,0,0.057470105144090414,-0.6074816750462875
fine,0.163,0,0.06061449657015131,-0.5914074322183192
fine,0.163,0,0.06393370787121391,-0.6161270011494289
fine,0.163,0,0.06730685307315461,-0.5850188351176522
fine,0.163,0,0.07085822209327951,-0.6218143450666842
fine,0.163,0,0.07446437261667258,-0.5794055747719586
fine,0.163,0,0.07825154784844697,-0.6242271840752047
fine,0.163,0,0.08209416682261332,-0.574436583308821
fine,0.163,0,0.08611999886504683,-0.6235813228242855
fine,0.163,0,0.09020174928492213,-0.56996925760826
fine,0.163,0,0.0944682811979223,-0.620391908182188
fine,0.163,0,0.09879101691332523,-0.5657737786285095
fine,0.163,0,0.10329947730462935,-0.6151804078398615
fine,0.163,0,0.1078642367474207,-0.5615577177625961
fine,0.163,0,0.11261503561537584,-0.6085212821564605
fine,0.163,0,0.11742203828573358,-0.5571652789088508
fine,0.163,0,0.12241476563199266,-0.6009421048551224
fine,0.163,0,0.12746341135569333,-0.552504429506151
fine,0.163,0,0.1326968385725192,-0.592883435390217
fine,0.163,0,0.13798570953173692,-0.5475725589115683
fine,0.163,0,0.14345779355922178,-0.5847093226902087
fine,0.163,0,0.14898465908997502,-0.5424397263113676
fine,0.163,0,0.1546925493291101,-0.5766920334002912
fine,0.163,0,0.16045437346912286,-0.5372032594952703
fine,0.163,0,0.16639442142731858,-0.5690172486048686
fine,0.163,0,0.17238737318875433,-0.5319768849116089
fine,0.163,0,0.17855514482519283,-0.5618492524702574
fine,0.163,0,0.18477461115750884,-0.5269620082085231
fine,0.163,0,0.19116490188652507,-0.5554532604166442
fine,0.163,0,0.19760550328556956,-0.522567103895442
fine,0.163,0,0.2042123555873272,-0.5501938138528726
fine,0.163,0,0.2108679642978819,-0.5191233501413988
fine,0.163,0,0.21768468787673415,-0.5458288246392866
fine,0.163,0,0.22454844862689805,-0.5161484367056548
fine,0.163,0,0.23156764304922853,-0.5414477846998349
fine,0.163,0,0.2386319962464872,-0.512758880427981
fine,0.163,0,0.24584557598143633,-0.5364375927515428
fine,0.163,0,0.25310228329193035,-0.5085017348480698
fine,0.163,0,0.2605015050702721,-0.5304505053298723
fine,0.163,0,0.2679416772947113,-0.5029860324803164
fine,0.163,0,0.27551716969330803,-0.522845134354937
fine,0.163,0,0.2831312968452078,-0.4954355233335306
fine,0.163,0,0.29087309199693995,-0.5125226388268966
fine,0.163,0,0.29865107548140507,-0.4847167764340105
fine,0.163,0,0.30654864280327837,-0.49847363673778533
fine,0.163,0,0.31447982958745246,-0.4701396967991622
fine,0.163,0,0.3225221114127601,-0.48090291577563504
fine,0.163,0,0.33059533007231673,-0.4526184583006238
fine,0.163,0,0.33877077906627495,-0.4616529533814362
fine,0.163,0,0.34697437758597693,-0.43395771114835086
fine,0.163,0,0.35527099581826077,-0.4415910421727956
fine,0.163,0,0.3635928810186982,-0.414659535652117
fine,0.163,0,0.3719982605606341,-0.42110299560889075
fine,0.163,0,0.3804259390177113,-0.3952324721367715
fine,0.163,0,0.38892730392678143,-0.40085296142765325
fine,0.163,0,0.3974479242455103,-0.3762626089103476
fine,0.163,0,0.40603217379509804,-0.38123239621770266
fine,0.163,0,0.41463257009465093,-0.35795387113245924
fine,0.163,0,0.4232863231027525,-0.36229460651407086
fine,0.163,0,0.43195305956563457,-0.34026248750268717
fine,0.163,0,0.4406626996725435,-0.3439131655788774
fine,0.163,0,0.44938211600714745,-0.3230151566899506
fine,0.163,0,0.4581338377489053,-0.32592125528461824
fine,0.163,0,0.46689209541161286,-0.30606200289578656
fine,0.163,0,0.47567195093332976,-0.3082562052624285
fine,0.163,0,0.4844550799537633,-0.28939412088419814
fine,0.163,0,0.4932490262047437,-0.29096293618358726
fine,0.163,0,0.5020429724557239,-0.27303172959751243
fine,0.163,0,0.5108369187067042,-0.2739557558463406
fine,0.163,0,0.519627591458968,-0.2569000640348884
fine,0.163,0,0.528407446980685,-0.25725216288193065
fine,0.163,0,0.5371807665814522,-0.24105600966330834
fine,0.163,0,0.5459324883232103,-0.24088149795919309
fine,0.163,0,0.5546744338372731,-0.2255081659491245
fine,0.163,0,0.5633840739441819,-0.22483345362817686
fine,0.163,0,0.5720807305963099,-0.21025067683275767
fine,0.163,0,0.5807344836044114,-0.2091108760460136
fine,0.163,0,0.5893720898625477,-0.19529239110780083
fine,0.163,0,0.5979563394121354,-0.1937247456001321
fine,0.163,0,0.6065213335520644,-0.18064192524176526
fine,0.163,0,0.6150226984611346,-0.17868038939424546
fine,0.163,0,0.6235017644550632,-0.1663015250555797
fine,0.163,0,0.631907143996999,-0.1639853631579744
fine,0.163,0,0.6402872565707813,-0.15228670537355793
fine,0.163,0,0.6485838748030661,-0.14968068624605002
fine,0.163,0,0.6568523435096065,-0.13863585717908355
fine,0.163,0,0.6650277925035644,-0.13580215341419533
fine,0.163,0,0.6731723046632727,-0.12536054817136333
fine,0.163,0,0.6812145864885767,-0.12238386062612984
fine,0.163,0,0.6892232488515816,-0.11251893836867975
fine,0.163,0,0.697120816173458,-0.10959032995625684
fine,0.163,0,0.7049821951626006,-0.10025296380257687
fine,0.163,0,0.712723990314333,-0.09747792016031642
fine,0.163,0,0.7204271507127622,-0.0885276026394497
fine,0.163,0,0.7280026431113592,-0.08594407391641967
fine,0.163,0,0.7355371850638588,-0.07719874383951297
fine,0.163,0,0.7429364068422006,-0.07486415027487592
fine,0.163,0,0.7502925010449977,-0.06612899216285162
fine,0.163,0,0.757506080779947,-0.06416890252573415
fine,0.163,0,0.7646745017399686,-0.05523648832294281
fine,0.163,0,0.7716936961623004,-0.05384214078402239
fine,0.163,0,0.77866585341332,-0.04447638031918433
fine,0.163,0,0.7854825769921704,-0.04388342367590736
fine,0.163,0,0.7922505441622247,-0.033815212481460355
fine,0.163,0,0.7988573964639829,-0.0343030884175195
fine,0.163,0,0.8054139380957127,-0.023236871856608943
fine,0.163,0,0.8118042288247285,-0.025118897363118453
fine,0.163,0,0.8181428248578669,-0.012718013365156322
fine,0.163,0,0.8243105964943042,-0.016308020716039984
fine,0.163,0,0.830425464327502,-0.0022043806798683896
fine,0.163,0,0.8363655122856994,-0.007850473616900722
fine,0.163,0,0.8422516263430186,0.008328086441579119
fine,0.163,0,0.8479595165821531,0.0002443773786611203
fine,0.163,0,0.8536126253180191,0.018871675691764622
fine,0.163,0,0.8590847093455038,0.007951205598071165
fine,0.163,0,0.8645013496305968,0.02939638891247276
fine,0.163,0,0.8697347768474226,0.01523378483077198
fine,0.163,0,0.8749122856868065,0.03984548777334895
fine,0.163,0,0.8799050130330658,0.022038790259467866
fine,0.163,0,0.8848415365769214,0.05012413492605816
fine,0.163,0,0.8895923354448725,0.028293840532463862
fine,0.163,0,0.894286835261338,0.06009179218164906
fine,0.163,0,0.8987952956526463,0.033915835126433924
fine,0.163,0,0.903247552241551,0.06956993137809853
fine,0.163,0,0.9075140841545509,0.038840618955924944
fine,0.163,0,0.9117246976901094,0.07838877360043306
fine,0.163,0,0.9157505297325431,0.04309273090950139
fine,0.163,0,0.9197209180325848,0.08641517577168256
fine,0.163,0,0.9235080932643589,0.04674905575270649
fine,0.163,0,0.9272404869928651,0.09349459202304256
fine,0.163,0,0.9307918560129901,0.04990612448956122
fine,0.163,0,0.9342892911322367,0.09946389663881061
fine,0.163,0,0.9376085024332993,0.05268518487769236
fine,0.163,0,0.9408748099311218,0.1041814533051766
fine,0.163,0,0.9439662975539431,0.05521784700441156
fine,0.163,0,0.9470060904808868,0.10755526083736523
fine,0.163,0,0.9498750590111298,0.05762350907466818
fine,0.163,0,0.9526937168713446,0.10958863985456901
fine,0.163,0,0.955346123828846,0.05999777975969622
fine,0.163,0,0.9579497743775506,0.11043499140168833
fine,0.163,0,0.9603923100579578,0.062411443039561254
fine,0.163,0,0.9627878085670529,0.1104251056090093
fine,0.163,0,0.9650278734039799,0.06491665364272803
fine,0.163,0,0.9672227794659797,0.11002074568606801
fine,0.163,0,0.9692684589902913,0.06755408593318124
fine,0.163,0,0.9712710109390577,0.10969335628663524
fine,0.163,0,0.9731310484199751,0.0703574952394369
fine,0.163,0,0.9749501354547949,0.10979878449573745
fine,0.163,0,0.9766339023154575,0.07335095608608289
fine,0.163,0,0.978279034422817,0.11052181892916714
fine,0.163,0,0.979796498530344,0.07654687948147643
fine,0.163,0,0.9812777743051375,0.11191381787033784
fine,0.163,0,0.9826394662425229,0.0799676114278367
fine,0.163,0,0.9839675387176077,0.11394954946304027
fine,0.163,0,0.9851845161515604,0.08361955889056061
fine,0.163,0,0.9863705567512643,0.11655666511214913
fine,0.163,0,0.9874543670165653,0.08750048527993015
fine,0.163,0,0.9885100277561225,0.11967407011970412
fine,0.163,0,0.9894726687830979,0.09162597125389482
fine,0.163,0,0.9904100428419195,0.12327228318095752
fine,0.163,0,0.9912639225592431,0.09603042959945529
fine,0.163,0,0.9920955033614253,0.1273574611965368
fine,0.163,0,0.9928533977116151,0.10077303721161213
fine,0.163,0,0.9935920366521453,0.13198098445940898
fine,0.163,0,0.9942670463618161,0.10595379168372643
fine,0.163,0,0.9949259093215221,0.137241227223589
fine,0.163,0,0.9955314155726802,0.11170071349055599
fine,0.163,0,0.9961239383690575,0.14315774284183114
fine,0.163,0,0.9966735575214077,0.11781029388856457
fine,0.163,0,0.9972134004460627,0.1485088997182743
fine,0.163,0,0.997720937963564,0.12029455828875847
fine,0.163,0,0.9982219395601157,0.1394883920273049
fine,0.163,0,0.9987013432976581,0.05693333638380105
fine,0.163,0,0.9991774735364838,0.09806082851952158
fine,0.163,0,0.9996427865447625,-0.1352305048608311
fine,0.163,1,0.00010809955304188912,0.30748958614930266
fine,0.163,1,0.0005734125613205786,0.29797156258065116
fine,0.163,1,0.001041999068315914,0.4414717172801441
fine,0.163,1,0.0015214028058582695,0.3682766573581364
fine,0.163,1,0.0020073424643503343,0.45891138074293625
fine,0.163,1,0.002514879981851865,0.4113741403691432
fine,0.163,1,0.0030321937270485076,0.47981285601322177
fine,0.163,1,0.0035818128793989735,0.4382111778735286
fine,0.163,1,0.004144415486530058,0.48775878394621935
fine,0.163,1,0.004749921737687464,0.45273895033362177
fine,0.163,1,0.00537157473881014,0.4869052091210087
fine,0.163,1,0.006046584448481892,0.4592101697282265
fine,0.163,1,0.006740849567812426,0.4794792222909999
fine,0.163,1,0.0074987439180014695,0.4598467930859162
fine,0.163,1,0.008278937183331881,0.4668496352612813
fine,0.163,1,0.009132816900655214,0.45602280242597565
fine,0.163,1,0.010011963586131933,0.4500010009110414
fine,0.163,1,0.010974604613106457,0.44870700670648794
fine,0.163,1,0.011965395165824922,0.4297864506082929
fine,0.163,1,0.013049205431126394,0.4386289905678752
fine,0.163,1,0.014163952530677053,0.4070030622032397
fine,0.163,1,0.015380929964630282,0.4262788688203037
fine,0.163,1,0.016631526860883664,0.38230916869247433
fine,0.163,1,0.01799321879826867,0.41182333727420684
fine,0.163,1,0.01939109906838691,0.3561729963805301
fine,0.163,1,0.020908563175913837,0.3952890721728467
fine,0.163,1,0.022464662036743823,0.3293540925606063
fine,0.163,1,0.02414842889740618,0.37682422436552265
fine,0.163,1,0.02587314620416597,0.30287440754650574
fine,0.163,1,0.02773318368508353,0.3558511543035755
fine,0.163,1,0.029636348741545724,0.2769302367363706
fine,0.163,1,0.03168202826585568,0.33196632937387216
fine,0.163,1,0.033772866565093665,0.25207905109751827
fine,0.163,1,0.036012931402022295,0.3050092844372293
fine,0.163,1,0.03830003341026273,0.2286437202341841
fine,0.163,1,0.04074256909067007,0.2751069517931177
fine,0.163,1,0.043233861179874204,0.2066153450374525
fine,0.163,1,0.04588626813737569,0.24282624018520158
fine,0.163,1,0.048588985764905404,0.18575489322295857
fine,0.163,1,0.05145795429514865,0.20914975099756128
fine,0.163,1,0.05437861752126953,0.16569393005792354
fine,0.163,1,0.057470105144090636,0.1752974582016661
fine,0.163,1,0.06061449657015154,0.14606415508911497
fine,0.163,1,0.06393370787121419,0.14248445627632056
fine,0.163,1,0.06730685307315483,0.12660444074833843
fine,0.163,1,0.07085822209327956,0.1117012803263785
fine,0.163,1,0.07446437261667258,0.10720974969829322
fine,0.163,1,0.07825154784844697,0.08356415010513729
fine,0.163,1,0.08209416682261332,0.08790623549568999
fine,0.163,1,0.086119998865047,0.058280136210107185
fine,0.163,1,0.09020174928492229,0.06880978120822567
fine,0.163,1,0.09446828119792242,0.035760951579936084
fine,0.163,1,0.09879101691332534,0.05013298003507771
fine,0.163,1,0.10329947730462957,0.0157935505967719
fine,0.163,1,0.10786423674742092,0.032148056040692485
fine,0.163,1,0.11261503561537606,-0.0019510895445371546
fine,0.163,1,0.1174220382857338,0.015047815897609396
fine,0.163,1,0.12241476563199288,-0.017831512213597467
fine,0.163,1,0.12746341135569356,-0.0010390508190647463
fine,0.163,1,0.1326968385725192,-0.03219449536144259
fine,0.163,1,0.1379857095317367,-0.01607048754843521
fine,0.163,1,0.14345779355922167,-0.045360923897157734
fine,0.163,1,0.14898465908997502,-0.03008181641379459
fine,0.163,1,0.1546925493291101,-0.05760241445859826
fine,0.163,1,0.16045437346912286,-0.04315286039864574
fine,0.163,1,0.1663944214273187,-0.06913415785905053
fine,0.163,1,0.17238737318875455,-0.055392096420337815
fine,0.163,1,0.17855514482519283,-0.08014887009851845
fine,0.163,1,0.18477461115750884,-0.06697524431257373
fine,0.163,1,0.19116490188652507,-0.09089351451209304
fine,0.163,1,0.19760550328556956,-0.07822641032378419
fine,0.163,1,0.2042123555873272,-0.10167465717262258
fine,0.163,1,0.2108679642978819,-0.08945260110215858
fine,0.163,1,0.21768468787673403,-0.1124042201222617
fine,0.163,1,0.22454844862689782,-0.10043399762377758
fine,0.163,1,0.2315676430492283,-0.12254759114066438
fine,0.163,1,0.23863199624648698,-0.11063826011357512
fine,0.163,1,0.24584557598143633,-0.13174459051624177
fine,0.163,1,0.25310228329193035,-0.11978386813081364
fine,0.163,1,0.2605015050702721,-0.13978139047039462
fine,0.163,1,0.2679416772947113,-0.12761834616145884
fine,0.163,1,0.27551716969330803,-0.14621627920483782
fine,0.163,1,0.2831312968452078,-0.13360345278146912
fine,0.163,1,0.29087309199694017,-0.15025935223130382
fine,0.163,1,0.2986510754814053,-0.13690045841455412
fine,0.163,1,0.3065486428032785,-0.1511469748662302
fine,0.163,1,0.31447982958745246,-0.1369198975950212
fine,0.163,1,0.3225221114127601,-0.14895225339742146
fine,0.163,1,0.33059533007231673,-0.13420742593179025
fine,0.163,1,0.33877077906627495,-0.1449355653380624
fine,0.163,1,0.34697437758597693,-0.1300333963875664
fine,0.163,1,0.35527099581826077,-0.13968105327922253
fine,0.163,1,0.3635928810186982,-0.1247648282263847
fine,0.163,1,0.3719982605606341,-0.1334700884930229
fine,0.163,1,0.3804259390177113,-0.11879072501615949
fine,0.163,1,0.38892730392678143,-0.12681943744083002
fine,0.163,1,0.3974479242455103,-0.11258320345941163
fine,0.163,1,0.40603217379509804,-0.1200610230863499
fine,0.163,1,0.41463257009465093,-0.10634341089107434
fine,0.163,1,0.4232863231027525,-0.11328269538829193
fine,0.163,1,0.43195305956563457,-0.10008668996981496
fine,0.163,1,0.4406626996725435,-0.10643552395645339
fine,0.163,1,0.44938211600714745,-0.09372236475602058
fine,0.163,1,0.4581338377489053,-0.09943340956919333
fine,0.163,1,0.46689209541161286,-0.08716837954479661
fine,0.163,1,0.47567195093332976,-0.09226349997573458
fine,0.163,1,0.4844550799537632,-0.08044697134037726
fine,0.163,1,0.4932490262047437,-0.08499158176221111
fine,0.163,1,0.5020429724557242,-0.0736019034288089
fine,0.163,1,0.5108369187067042,-0.07757559920207857
fine,0.163,1,0.5196275914589678,-0.06659668337681368
fine,0.163,1,0.5284074469806849,-0.07005327067867873
fine,0.163,1,0.5371807665814522,-0.05949775426077952
fine,0.163,1,0.5459324883232103,-0.06246923108834124
fine,0.163,1,0.5546744338372731,-0.05233155805101619
fine,0.163,1,0.5633840739441817,-0.05483457796810631
fine,0.163,1,0.5720807305963096,-0.045110575264392105
fine,0.163,1,0.5807344836044113,-0.047169424753653155
fine,0.163,1,0.5893720898625479,-0.03785754782001005
fine,0.163,1,0.5979563394121354,-0.0394994100292263
fine,0.163,1,0.6065213335520644,-0.030593819450992266
fine,0.163,1,0.6150226984611346,-0.03184402294517219
fine,0.163,1,0.6235017644550632,-0.023333728584841618
fine,0.163,1,0.631907143996999,-0.024223578817713642
fine,0.163,1,0.6402872565707816,-0.01610159875122985
fine,0.163,1,0.6485838748030661,-0.016685983430988482
fine,0.163,1,0.656852343509607,-0.008940521185853534
fine,0.163,1,0.6650277925035646,-0.00927473315427818
fine,0.163,1,0.6731723046632738,-0.0018704308570058892
fine,0.163,1,0.6812145864885828,-0.0020320317350215333
fine,0.163,1,0.6892232488515903,0.005049091087213076
fine,0.163,1,0.6971208161734618,0.004887085275112502
fine,0.163,1,0.7049821951626011,0.011684317561058477
fine,0.163,1,0.7127239903143332,0.011418476953686252
fine,0.163,1,0.7204271507127626,0.018052921072122752
fine,0.163,1,0.7280026431113596,0.01763519952178727
fine,0.163,1,0.7355371850638592,0.02426978751919784
fine,0.163,1,0.7429364068422009,0.023632340454116774
fine,0.163,1,0.7502925010449977,0.030448012968643967
fine,0.163,1,0.757506080779947,0.02945894483536526
fine,0.163,1,0.7646745017399686,0.036654536267214266
fine,0.163,1,0.7716936961622995,0.03511943858171829
fine,0.163,1,0.7786658534133182,0.042925466246031
fine,0.163,1,0.7854825769921682,0.04060484105301865
fine,0.163,1,0.7922505441622221,0.04928711773363503
fine,0.163,1,0.7988573964639815,0.04589710868364649
fine,0.163,1,0.8054139380957123,0.05575082484215044
fine,0.163,1,0.8118042288247285,0.05097169549856251
fine,0.163,1,0.8181428248578665,0.062334191793260274
fine,0.163,1,0.8243105964943024,0.055840228095931255
fine,0.163,1,0.8304254643274995,0.06908223659014845
fine,0.163,1,0.8363655122856983,0.060512685373125145
fine,0.163,1,0.8422516263430186,0.07601255715465283
fine,0.163,1,0.8479595165821531,0.06497288049677652
fine,0.163,1,0.8536126253180193,0.0831127280404459
fine,0.163,1,0.8590847093455045,0.069189983759536
fine,0.163,1,0.8645013496305974,0.09034816989404082
fine,0.163,1,0.8697347768474228,0.07312275261010281
fine,0.163,1,0.8749122856868065,0.09765739613949376
fine,0.163,1,0.8799050130330658,0.07671400810095119
fine,0.163,1,0.8848415365769214,0.10494126302355256
fine,0.163,1,0.8895923354448732,0.07988855326656918
fine,0.163,1,0.8942868352613389,0.11205552277878127
fine,0.163,1,0.8987952956526463,0.08256115061484492
fine,0.163,1,0.9032475522415503,0.11881847742182405
fine,0.163,1,0.9075140841545507,0.08466435559645724
fine,0.163,1,0.9117246976901094,0.1250552670831534
fine,0.163,1,0.9157505297325431,0.08621418030053962
fine,0.163,1,0.9197209180325848,0.13062389079451409
fine,0.163,1,0.9235080932643589,0.08727882436489598
fine,0.163,1,0.9272404869928651,0.1353629271998138
fine,0.163,1,0.9307918560129901,0.08794825244621363
fine,0.163,1,0.9342892911322367,0.13910461936447682
fine,0.163,1,0.9376085024332993,0.08833789821805538
fine,0.163,1,0.9408748099311223,0.14170372979851342
fine,0.163,1,0.9439662975539433,0.08857486790881719
fine,0.163,1,0.9470060904808868,0.1430656469378918
fine,0.163,1,0.9498750590111298,0.08877567612955783
fine,0.163,1,0.9526937168713446,0.14319085752265892
fine,0.163,1,0.955346123828846,0.08903455423917728
fine,0.163,1,0.9579497743775506,0.14222869515376546
fine,0.163,1,0.9603923100579578,0.08942237381128848
fine,0.163,1,0.9627878085670538,0.14050383495966678
fine,0.163,1,0.9650278734039849,0.08999221784422862
fine,0.163,1,0.9672227794659868,0.13847030922589276
fine,0.163,1,0.9692684589902945,0.09078633131182223
fine,0.163,1,0.9712710109390581,0.1365920850528488
fine,0.163,1,0.9731310484199756,0.09183999008436106
fine,0.163,1,0.9749501354547954,0.1352196733394515
fine,0.163,1,0.976633902315458,0.09317920395516988
fine,0.163,1,0.9782790344228175,0.13453570316150876
fine,0.163,1,0.9797964985303442,0.09481792515238752
fine,0.163,1,0.9812777743051375,0.13459121963422194
fine,0.163,1,0.9826394662425231,0.09677890795306254
fine,0.163,1,0.9839675387176081,0.1353606456236539
fine,0.163,1,0.9851845161515609,0.09906998171262293
fine,0.163,1,0.9863705567512647,0.13677197296431176
fine,0.163,1,0.9874543670165653,0.10168986456471264
fine,0.163,1,0.9885100277561223,0.13876297619822608
fine,0.163,1,0.9894726687830979,0.10465441218165672
fine,0.163,1,0.9904100428419199,0.14130178992284403
fine,0.163,1,0.9912639225592433,0.10800005022703851
fine,0.163,1,0.9920955033614253,0.14439214116696875
fine,0.163,1,0.9928533977116151,0.11178826212317693
fine,0.163,1,0.9935920366521453,0.14808613680827698
fine,0.163,1,0.9942670463618165,0.11612418877619457
fine,0.163,1,0.9949259093215224,0.15249652539644942
fine,0.163,1,0.99553141557268,0.12113579027688505
fine,0.163,1,0.9961239383690567,0.15769835694646117
fine,0.163,1,0.9966735575214073,0.12658019606061177
fine,0.163,1,0.9972134004460629,0.16265842519816753
fine,0.163,1,0.9977209379635644,0.1282962116937335
fine,0.163,1,0.9982219395601162,0.15375395364444844
fine,0.163,1,0.9987013432976581,0.06421647742244652
fine,0.163,1,0.9991774735364838,0.11054614682084096
fine,0.163,1,0.9996427865447625,-0.1352305048608311
coarse,0.245,0,0.0003279404297042116,-0.043424930769481174
coarse,0.245,0,0.0013963571837179109,-0.24043258338110496
coarse,0.245,0,0.00251386943155844,-0.4459474466634197
coarse,0.245,0,0.003742237333402566,-0.4726168952742727
coarse,0.245,0,0.005067956185388659,-0.5998421242109713
coarse,0.245,0,0.006613489574406038,-0.6000424085124956
coarse,0.245,0,0.00830296366813337,-0.6393022424070887
coarse,0.245,0,0.01031745009424721,-0.6393340342099425
coarse,0.245,0,0.01252000411427396,-0.6611016210503806
coarse,0.245,0,0.015147207210927353,-0.6534561289573766
coarse,0.245,0,0.01800338690202103,-0.668161525165542
coarse,0.245,0,0.021376586550541067,-0.6511915343893289
coarse,0.245,0,0.02501575394101469,-0.6634026168454634
coarse,0.245,0,0.02925546581490119,-0.6362753721700634
coarse,0.245,0,0.033793585796449366,-0.6483566757595762
coarse,0.245,0,0.03900549930478196,-0.6132168460651366
coarse,0.245,0,0.04454315544102777,-0.6287340663469771
coarse,0.245,0,0.05081632535337576,-0.5881518903262362
coarse,0.245,0,0.05743699886721204,-0.6088302170370243
coarse,0.245,0,0.06484232156183611,-0.5654131131358326
coarse,0.245,0,0.07261096294855608,-0.5893607032003989
coarse,0.245,0,0.08119996335572009,-0.5470427646644356
coarse,0.245,0,0.09016188106203478,-0.5691498656023064
coarse,0.245,0,0.09996583105816391,-0.5346762098970466
coarse,0.245,0,0.11014591624211774,-0.5482176289163381
coarse,0.245,0,0.12117529957932173,-0.5281395789307044
coarse,0.245,0,0.1325776002156764,-0.5273111932435699
coarse,0.245,0,0.1448219331418456,-0.5244639446128363
coarse,0.245,0,0.15742958476011049,-0.5076255660788194
coarse,0.245,0,0.17085759539881976,-0.5205445507179347
coarse,0.245,0,0.1846331096390174,-0.49097707711818095
coarse,0.245,0,0.19919327306000276,-0.5157901097252375
coarse,0.245,0,0.21407917910890142,-0.4788423729308531
coarse,0.245,0,0.2297005989339023,-0.5097309238273737
coarse,0.245,0,0.2456204268665646,-0.4686644246074674
coarse,0.245,0,0.26221404832601164,-0.4981453664076181
coarse,0.245,0,0.2790736375274121,-0.4531315782285891
coarse,0.245,0,0.2965337712122244,-0.4746609576995964
coarse,0.245,0,0.31422288149147776,-0.4252364708192329
coarse,0.245,0,0.33242901172815936,-0.4365919777620381
coarse,0.245,0,0.3508232095587531,-0.38604116102944386
coarse,0.245,0,0.3696420564659716,-0.3914656654158779
coarse,0.245,0,0.38860484407790014,-0.34418578724454596
coarse,0.245,0,0.40789264402221576,-0.34707433184801006
coarse,0.245,0,0.4272777949166735,-0.3042973506083957
coarse,0.245,0,0.44688276034816315,-0.30582779979370445
coarse,0.245,0,0.4665368212734792,-0.26697367253264814
coarse,0.245,0,0.48630173785279884,-0.2671872612399415
coarse,0.245,0,0.5060666544321185,-0.2314439547755398
coarse,0.245,0,0.5258315710114378,-0.2306281561882317
coarse,0.245,0,0.5455473920969307,-0.1974542018835781
coarse,0.245,0,0.5651523575284207,-0.1961393142678325
coarse,0.245,0,0.5846599720097686,-0.1649771942562872
coarse,0.245,0,0.6039477719540836,-0.1637731557817932
coarse,0.245,0,0.6230916311936892,-0.13402553033249776
coarse,0.245,0,0.6419104781009078,-0.13363808832189084
coarse,0.245,0,0.660541257414214,-0.10477371137174796
coarse,0.245,0,0.6787473876508934,-0.10607212147027223
coarse,0.245,0,0.696724541293133,-0.0777534376086948
coarse,0.245,0,0.7141846749779475,-0.08169880757946335
coarse,0.245,0,0.7313788409208076,-0.05335789325304052
coarse,0.245,0,0.7479724623802544,-0.06040646851233533
coarse,0.245,0,0.7642676757320398,-0.031195683691965126
coarse,0.245,0,0.7798890955570406,-0.04155919769071259
coarse,0.245,0,0.7951847727541281,-0.011023698379978963
coarse,0.245,0,0.8097449361751148,-0.02477940156315106
coarse,0.245,0,0.8239575959946123,0.007012972946399132
coarse,0.245,0,0.83738560663332,-0.009712143867627754
coarse,0.245,0,0.8504502985799325,0.022777387560624862
coarse,0.245,0,0.8626946315061021,0.004094583161857068
coarse,0.245,0,0.87456604713312,0.03616201481907666
coarse,0.245,0,0.8855954304703202,0.016955623611985438
coarse,0.245,0,0.8962486786196981,0.04724632844763188
coarse,0.245,0,0.906052628615831,0.028957973879709775
coarse,0.245,0,0.9154836613128123,0.05665914346069268
coarse,0.245,0,0.9240726617199769,0.04026498236698717
coarse,0.245,0,0.9322983434350456,0.06547841160881118
coarse,0.245,0,0.9397036661296697,0.05118265732968963
coarse,0.245,0,0.946761485222805,0.07448306029538154
coarse,0.245,0,0.9530346551351531,0.06193007379467974
coarse,0.245,0,0.9589820824195878,0.08390190466615122
coarse,0.245,0,0.9641939959279202,0.07258749736487013
coarse,0.245,0,0.9691075013285909,0.09367250176167308
coarse,0.245,0,0.9733472132024774,0.08313377987074377
coarse,0.245,0,0.9773209573344107,0.10361893714738779
coarse,0.245,0,0.980694156982933,0.09341878481674148
coarse,0.245,0,0.9838383800370135,0.11347942762811737
coarse,0.245,0,0.9864655831336642,0.10307421140791119
coarse,0.245,0,0.9889047186364033,0.12276568155761713
coarse,0.245,0,0.990919205062518,0.11105124109176479
coarse,0.245,0,0.9927897507839227,0.12972100494900252
coarse,0.245,0,0.9943352841729404,0.11217444315908409
coarse,0.245,0,0.9957834666118158,0.11954729710916112
coarse,0.245,0,0.9970118345136595,0.03920946233728917
coarse,0.245,0,0.9981911069216763,0.0794804006550065
coarse,0.245,0,0.99925952367569,-0.1558448504963158
coarse,0.245,1,0.0003279404297042116,0.2748047785818859
coarse,0.245,1,0.0013963571837179109,0.36998179467860226
coarse,0.245,1,0.00251386943155844,0.44670367951096845
coarse,0.245,1,0.0037422373334026777,0.4296456423831371
coarse,0.245,1,0.0050679561853888815,0.4677829259740005
coarse,0.245,1,0.006613489574406261,0.449330080817676
coarse,0.245,1,0.00830296366813337,0.45385464003551407
coarse,0.245,1,0.01031745009424732,0.4330160951346937
coarse,0.245,1,0.01252000411427407,0.4169886389052201
coarse,0.245,1,0.015147207210927353,0.3974890610161034
coarse,0.245,1,0.018003386902020805,0.3674594891115416
coarse,0.245,1,0.021376586550541067,0.3520214409422887
coarse,0.245,1,0.025015753941014914,0.3124158400114304
coarse,0.245,1,0.02925546581490141,0.3034612519621541
coarse,0.245,1,0.03379358579644948,0.2573974454903656
coarse,0.245,1,0.03900549930478196,0.2564225158932285
coarse,0.245,1,0.04454315544102777,0.2051801699984802
coarse,0.245,1,0.05081632535337565,0.2128291293109066
coarse,0.245,1,0.05743699886721193,0.15672491194105365
coarse,0.245,1,0.06484232156183611,0.17248969845262585
coarse,0.245,1,0.07261096294855608,0.11272811126046489
coarse,0.245,1,0.08119996335572009,0.13391946962320267
coarse,0.245,1,0.09016188106203478,0.0740985809217084
coarse,0.245,1,0.09996583105816413,0.09485245448806079
coarse,0.245,1,0.11014591624211796,0.04101130838519096
coarse,0.245,1,0.12117529957932195,0.05435185633132989
coarse,0.245,1,0.13257760021567663,0.012896251280099968
coarse,0.245,1,0.14482193314184583,0.014193027063270303
coarse,0.245,1,0.1574295847601107,-0.011471355785291015
coarse,0.245,1,0.17085759539881987,-0.023004500751686807
coarse,0.245,1,0.1846331096390174,-0.0339537125490359
coarse,0.245,1,0.19919327306000276,-0.056255461889451304
coarse,0.245,1,0.21407917910890142,-0.056338673265587946
coarse,0.245,1,0.22970059893390218,-0.08520278919000979
coarse,0.245,1,0.24562042686656482,-0.07775228847899296
coarse,0.245,1,0.26221404832601164,-0.10736089039400289
coarse,0.245,1,0.2790736375274121,-0.09360497682279001
coarse,0.245,1,0.2965337712122243,-0.1185075666895159
coarse,0.245,1,0.31422288149147753,-0.0986552889636616
coarse,0.245,1,0.33242901172815936,-0.11640726311367988
coarse,0.245,1,0.3508232095587531,-0.0928203315679752
coarse,0.245,1,0.3696420564659717,-0.10589613525878129
coarse,0.245,1,0.38860484407790025,-0.08189484566975613
coarse,0.245,1,0.407892644022216,-0.09261457019809738
coarse,0.245,1,0.4272777949166737,-0.06951985444112307
coarse,0.245,1,0.44688276034816315,-0.07876821850063731
coarse,0.245,1,0.4665368212734792,-0.056588645615426314
coarse,0.245,1,0.48630173785279907,-0.06443438089613429
coarse,0.245,1,0.5060666544321185,-0.042894557847129144
coarse,0.245,1,0.5258315710114378,-0.04960610752317329
coarse,0.245,1,0.5455473920969309,-0.02852730398992565
coarse,0.245,1,0.5651523575284216,-0.0345902863090759
coarse,0.245,1,0.5846599720097695,-0.013701517280191089
coarse,0.245,1,0.603947771954084,-0.01969357919445147
coarse,0.245,1,0.6230916311936892,0.0013680290195389189
coarse,0.245,1,0.6419104781009083,-0.005233028238246451
coarse,0.245,1,0.6605412574142144,0.01635275140627812
coarse,0.245,1,0.6787473876508947,0.008305896539123947
coarse,0.245,1,0.6967245412931345,0.030627961673577394
coarse,0.245,1,0.7141846749779479,0.020202602664732505
coarse,0.245,1,0.7313788409208076,0.043680161654449434
coarse,0.245,1,0.7479724623802544,0.03035643106014818
coarse,0.245,1,0.7642676757320394,0.05567022317426062
coarse,0.245,1,0.7798890955570386,0.03915644138393348
coarse,0.245,1,0.7951847727541256,0.06665863775800951
coarse,0.245,1,0.8097449361751135,0.04682263406096876
coarse,0.245,1,0.8239575959946116,0.0763908119921981
coarse,0.245,1,0.8373856066333204,0.05358963797290051
coarse,0.245,1,0.8504502985799334,0.08463371954676147
coarse,0.245,1,0.8626946315061026,0.05980622236955046
coarse,0.245,1,0.8745660471331203,0.09120504363207016
coarse,0.245,1,0.8855954304703206,0.06571990027760288
coarse,0.245,1,0.896248678619699,0.09613121705453509
coarse,0.245,1,0.9060526286158315,0.07138238111775497
coarse,0.245,1,0.9154836613128123,0.09998497219221203
coarse,0.245,1,0.9240726617199767,0.07691631079670724
coarse,0.245,1,0.9322983434350451,0.10377074984935886
coarse,0.245,1,0.9397036661296693,0.08258480217830377
coarse,0.245,1,0.946761485222805,0.10821264737350189
coarse,0.245,1,0.9530346551351531,0.08858150071880011
coarse,0.245,1,0.9589820824195878,0.11351640782131235
coarse,0.245,1,0.9641939959279202,0.09497308325093134
coarse,0.245,1,0.9691075013285909,0.11960989355646033
coarse,0.245,1,0.9733472132024774,0.10172853985039242
coarse,0.245,1,0.9773209573344092,0.1263060594555505
coarse,0.245,1,0.9806941569829254,0.10868872439834465
coarse,0.245,1,0.9838383800370037,0.1333212924966577
coarse,0.245,1,0.9864655831336597,0.11547400772648608
coarse,0.245,1,0.9889047186364024,0.14013429009053302
coarse,0.245,1,0.9909192050625177,0.12101743804761977
coarse,0.245,1,0.9927897507839227,0.14498634633362417
coarse,0.245,1,0.9943352841729404,0.12009994940254198
coarse,0.245,1,0.9957834666118158,0.13314095793432623
coarse,0.245,1,0.9970118345136595,0.04568262479859875
coarse,0.245,1,0.9981911069216763,0.09044233250416078
coarse,0.245,1,0.99925952367569,-0.1558448504963158
medium,0.245,0,0.00031302556495614597,-0.019309630476949335
medium,0.245,0,0.0010153997346895572,-0.15334751137957592
medium,0.245,0,0.0017389457659386077,-0.37679145730422703
medium,0.245,0,0.002488825859527716,-0.36851951180885956
medium,0.245,0,0.0032808885454979507,-0.5237274046875708
medium,0.245,0,0.004125418938033145,-0.5015098062497345
medium,0.245,0,0.005032821618815901,-0.5765649461458633
medium,0.245,0,0.006018426339460443,-0.5570545199185652
medium,0.245,0,0.007087114548142882,-0.6149482969385398
medium,0.245,0,0.00825914396524119,-0.5928086017922327
medium,0.245,0,0.009533835754655825,-0.6430985711617501
medium,0.245,0,0.010936221432044195,-0.6150722660176329
medium,0.245,0,0.012460067043386622,-0.6621537712910652
medium,0.245,0,0.01413498739467222,-0.626423334187663
medium,0.245,0,0.01594924085810979,-0.6729958612272171
medium,0.245,0,0.01793680014346407,-0.6296680684216185
medium,0.245,0,0.02008050531005496,-0.6778903428368448
medium,0.245,0,0.022418428418588512,-0.6268816368379975
medium,0.245,0,0.0249281218130034,-0.676943288459922
medium,0.245,0,0.02765146715357658,-0.6180526565406317
medium,0.245,0,0.030560899909082232,-0.6701962461333086
medium,0.245,0,0.033701792594644356,-0.6053545489460073
medium,0.245,0,0.03704167358660004,-0.66005556432322
medium,0.245,0,0.04062906094268372,-0.5913558667720666
medium,0.245,0,0.04442682307545796,-0.6478082300441785
medium,0.245,0,0.04848625433355224,-0.5788406862194575
medium,0.245,0,0.0527658457595555,-0.6349746323338901
medium,0.245,0,0.05731927761202693,-0.5702507651721653
medium,0.245,0,0.062100979471811736,-0.6218796303238654
medium,0.245,0,0.0671666089682182,-0.5663221903090707
medium,0.245,0,0.07246688103875366,-0.6079484145588112
medium,0.245,0,0.0780590070953091,-0.5660669616962344
medium,0.245,0,0.08389036252113904,-0.5928495805228251
medium,0.245,0,0.09001927709732763,-0.5676660405422989
medium,0.245,0,0.09639018715798518,-0.5770971117467996
medium,0.245,0,0.10306209692853441,-0.5691701814244361
medium,0.245,0,0.10997692656698974,-0.5615607770486335
medium,0.245,0,0.11719390568532918,-0.5690425954120153
medium,0.245,0,0.12465288028813772,-0.5470536933433408
medium,0.245,0,0.13241285460083824,-0.5665208053045714
medium,0.245,0,0.14041205828281306,-0.5341057531246065
medium,0.245,0,0.1487088211151463,-0.5615533523545402
medium,0.245,0,0.15724022652160877,-0.5228418052863646
medium,0.245,0,0.16606348591409084,-0.5545535667507646
medium,0.245,0,0.17511501531388687,-0.5131204532571321
medium,0.245,0,0.18445047235030457,-0.5463093847553742
medium,0.245,0,0.19400608955463122,-0.5050596810584038
medium,0.245,0,0.20383554718542582,-0.538129561392104
medium,0.245,0,0.21387537959291097,-0.49887891753388924
medium,0.245,0,0.22417688112571632,-0.5303394607419556
medium,0.245,0,0.23467737096491495,-0.4932970647293497
medium,0.245,0,0.24542536716824173,-0.5213903359902341
medium,0.245,0,0.25635945078650096,-0.48612706313383325
medium,0.245,0,0.2675249943348169,-0.5097842240733692
medium,0.245,0,0.27886230816901375,-0.47551224506412604
medium,0.245,0,0.2904132739493686,-0.4934312847526677
medium,0.245,0,0.30212038561096044,-0.4586305813909535
medium,0.245,0,0.3140217152144955,-0.469891737497425
medium,0.245,0,0.32606237793018267,-0.4343755781340138
medium,0.245,0,0.33827634646778665,-0.4407698547980268
medium,0.245,0,0.35061177493934376,-0.40589928412925286
medium,0.245,0,0.36309827815084317,-0.40967542996590045
medium,0.245,0,0.37568744373465934,-0.3763703051423135
medium,0.245,0,0.3884043032064499,-0.3788287604858156
medium,0.245,0,0.4012042461662782,-0.34755789419721794
medium,0.245,0,0.4141075303345223,-0.34944914221394674
medium,0.245,0,0.42707368679101454,-0.32037077327721186
medium,0.245,0,0.4401180452873686,-0.32169826501994514
medium,0.245,0,0.45320458637610317,-0.29457764695516375
medium,0.245,0,0.4663435951714028,-0.2951133741086287
medium,0.245,0,0.47950377582821796,-0.26974196306583464
medium,0.245,0,0.4926902905473737,-0.269484757566937
medium,0.245,0,0.5058768052665289,-0.24570211431620526
medium,0.245,0,0.5190633199856844,-0.24472930147140004
medium,0.245,0,0.5322286628433245,-0.2223532330173137
medium,0.245,0,0.5453676716386242,-0.22086404393947845
medium,0.245,0,0.5584644978415435,-0.19970364451619904
medium,0.245,0,0.5715088563378977,-0.19789973780016012
medium,0.245,0,0.5844903425460036,-0.1777242050815171
medium,0.245,0,0.5973936267142473,-0.1758331402679565
medium,0.245,0,0.6102138273944533,-0.15639625362233311
medium,0.245,0,0.6229306868662439,-0.1546730577642721
medium,0.245,0,0.635544883965718,-0.13571104840972414
medium,0.245,0,0.6480313871772178,-0.13447157404114396
medium,0.245,0,0.6603964304547644,-0.11570118961061436
medium,0.245,0,0.6726103989923685,-0.11533730681433728
medium,0.245,0,0.6846850344178205,-0.09649452664760316
medium,0.245,0,0.6965863640213547,-0.09751379072868027
medium,0.245,0,0.7083315477436524,-0.07833250722573348
medium,0.245,0,0.7198825135240075,-0.08120576088127751
medium,0.245,0,0.7312617090184813,-0.06122789290468033
medium,0.245,0,0.7424272525667972,-0.06621803554617367
medium,0.245,0,0.7534067087001833,-0.044866306921909294
medium,0.245,0,0.7641547049035166,-0.05228239071317842
medium,0.245,0,0.7747037128004505,-0.029067489385188328
medium,0.245,0,0.7850052143332489,-0.039328690012808254
medium,0.245,0,0.7950963410893599,-0.01384539129871887
medium,0.245,0,0.8049257987201547,-0.027396300151336872
medium,0.245,0,0.8145350961830401,0.0007028843214973435
medium,0.245,0,0.8238705532194569,-0.016502180926853294
medium,0.245,0,0.8329777402485609,0.014483716056385766
medium,0.245,0,0.8418009996410436,-0.006578268895443219
medium,0.245,0,0.8503896164593974,0.02738788711776019
medium,0.245,0,0.8586863792917313,0.0024624959734086405
medium,0.245,0,0.8667439127547905,0.03922627883273999
medium,0.245,0,0.8745038870674909,0.01072478031502544
medium,0.245,0,0.8820218658957204,0.0497660018958197
medium,0.245,0,0.8892388450140563,0.01832750387540738
medium,0.245,0,0.8962129042644892,0.058742435614267174
medium,0.245,0,0.9028848140350422,0.025358677264580187
medium,0.245,0,0.9093147283211248,0.06596395428912882
medium,0.245,0,0.9154436428973136,0.03193415992170878
medium,0.245,0,0.921333328104228,0.07152085140626674
medium,0.245,0,0.9269254541607835,0.03824830316291539
medium,0.245,0,0.9322829376432098,0.07583503405024239
medium,0.245,0,0.9373485671396159,0.04445963250837437
medium,0.245,0,0.9421859266287088,0.07952428017912161
medium,0.245,0,0.9467393584811804,0.05066746968579561
medium,0.245,0,0.9510726301657431,0.0832153982222541
medium,0.245,0,0.9551320614238369,0.056944608930733276
medium,0.245,0,0.9589811179052409,0.08732768503376154
medium,0.245,0,0.9625685052613253,0.06334111096179329
medium,0.245,0,0.9659569043110156,0.09202583525527408
medium,0.245,0,0.9690977969965773,0.06988784996597919
medium,0.245,0,0.9720526022672065,0.09730689287805683
medium,0.245,0,0.9747759476077794,0.07659974047408857
medium,0.245,0,0.9773275226624712,0.10309022543041237
medium,0.245,0,0.979665445771005,0.08346314630424478
medium,0.245,0,0.9818472229983037,0.10928283589170662
medium,0.245,0,0.9838347822836617,0.09046431380531605
medium,0.245,0,0.9856830084568641,0.11581240346807577
medium,0.245,0,0.9873579288081454,0.09756884575577329
medium,0.245,0,0.9889113892254751,0.12262426979457186
medium,0.245,0,0.9903137749028641,0.10474384673175752
medium,0.245,0,0.991613498207937,0.1297167501508245
medium,0.245,0,0.9927855276250362,0.11194327201513954
medium,0.245,0,0.9938744735540966,0.1370033009671736
medium,0.245,0,0.9948600782747408,0.11872595865720625
medium,0.245,0,0.9957828107071374,0.1431846856473118
medium,0.245,0,0.9966273410996724,0.12081246016495949
medium,0.245,0,0.9974296888998265,0.1337464081366383
medium,0.245,0,0.9981795689934159,0.05364912279321321
medium,0.245,0,0.9989082772254894,0.0904060529875157
medium,0.245,0,0.9996106513952225,-0.1435421723423792
medium,0.245,1,0.00031302556495614597,0.2678003987725531
medium,0.245,1,0.0010153997346895572,0.3202575386310269
medium,0.245,1,0.0017389457659386077,0.42902397289880606
medium,0.245,1,0.002488825859527716,0.3887534073423734
medium,0.245,1,0.0032808885454979507,0.4606174415992601
medium,0.245,1,0.004125418938033257,0.430661726925718
medium,0.245,1,0.005032821618816124,0.47584606673890567
medium,0.245,1,0.006018426339460554,0.44651929958727116
medium,0.245,1,0.007087114548142882,0.47194201521311907
medium,0.245,1,0.00825914396524119,0.44549677193010684
medium,0.245,1,0.009533835754655825,0.45532190263932315
medium,0.245,1,0.010936221432044419,0.43328566102430904
medium,0.245,1,0.012460067043386844,0.4296838347166499
medium,0.245,1,0.014134987394672442,0.41338091751944983
medium,0.245,1,0.015949240858109903,0.3978163909820286
medium,0.245,1,0.01793680014346396,0.388371154847444
medium,0.245,1,0.020080505310054734,0.3618719006599739
medium,0.245,1,0.022418428418588512,0.3603878940579768
medium,0.245,1,0.024928121813003624,0.32385758304853873
medium,0.245,1,0.02765146715357658,0.33137009528615646
medium,0.245,1,0.030560899909082232,0.2856140349283329
medium,0.245,1,0.033701792594644356,0.3024460287857934
medium,0.245,1,0.03704167358660004,0.24814695557895194
medium,0.245,1,0.04062906094268372,0.27399225980056374
medium,0.245,1,0.04442682307545796,0.21224601224054196
medium,0.245,1,0.04848625433355224,0.24544462132631004
medium,0.245,1,0.05276584575955561,0.1782254280250386
medium,0.245,1,0.05731927761202704,0.2156045677683659
medium,0.245,1,0.06210097947181185,0.14642838797121216
medium,0.245,1,0.0671666089682182,0.18348631641772273
medium,0.245,1,0.07246688103875366,0.11733614605116849
medium,0.245,1,0.0780590070953091,0.1490516457365192
medium,0.245,1,0.08389036252113904,0.09123432976203583
medium,0.245,1,0.09001927709732752,0.113314723964553
medium,0.245,1,0.09639018715798507,0.06789292411190873
medium,0.245,1,0.10306209692853463,0.0779320231536419
medium,0.245,1,0.10997692656698985,0.04671618765092045
medium,0.245,1,0.11719390568532918,0.04453117671033413
medium,0.245,1,0.12465288028813772,0.026991828890933656
medium,0.245,1,0.13241285460083801,0.014193214298303114
medium,0.245,1,0.14041205828281295,0.008120646855972025
medium,0.245,1,0.14870882111514652,-0.012652410112028223
medium,0.245,1,0.157240226521609,-0.01021339342995442
medium,0.245,1,0.16606348591409129,-0.03608907232318748
medium,0.245,1,0.1751150153138871,-0.028072878885092804
medium,0.245,1,0.18445047235030457,-0.0566069066078183
medium,0.245,1,0.1940060895546311,-0.04560140366362986
medium,0.245,1,0.20383554718542582,-0.07514470608028323
medium,0.245,1,0.21387537959291097,-0.0630332700785734
medium,0.245,1,0.22417688112571632,-0.09213275301565682
medium,0.245,1,0.23467737096491495,-0.07970107375506186
medium,0.245,1,0.24542536716824173,-0.10682245812419121
medium,0.245,1,0.25635945078650096,-0.09425643507574177
medium,0.245,1,0.2675249943348169,-0.11838645900329013
medium,0.245,1,0.27886230816901375,-0.10544325994444614
medium,0.245,1,0.2904132739493686,-0.12545722584883734
medium,0.245,1,0.30212038561096055,-0.11121703802888926
medium,0.245,1,0.3140217152144956,-0.12627548371125608
medium,0.245,1,0.32606237793018256,-0.11051964206004071
medium,0.245,1,0.33827634646778676,-0.12176514978134079
medium,0.245,1,0.35061177493934387,-0.10531315506456297
medium,0.245,1,0.3630982781508434,-0.11433402749470334
medium,0.245,1,0.37568744373465957,-0.09781533618203131
medium,0.245,1,0.3884043032064499,-0.105576908771416
medium,0.245,1,0.4012042461662782,-0.08940462736931187
medium,0.245,1,0.4141075303345225,-0.09648360551259016
medium,0.245,1,0.42707368679101476,-0.08090728802760072
medium,0.245,1,0.4401180452873686,-0.08731726469244672
medium,0.245,1,0.45320458637610317,-0.0723072939380931
medium,0.245,1,0.4663435951714028,-0.0778767725491678
medium,0.245,1,0.4795037758282182,-0.06339611740722972
medium,0.245,1,0.4926902905473739,-0.06812925763093092
medium,0.245,1,0.5058768052665293,-0.0541471481275948
medium,0.245,1,0.5190633199856844,-0.05811768099471104
medium,0.245,1,0.5322286628433245,-0.044561610139453034
medium,0.245,1,0.5453676716386242,-0.04794871312886273
medium,0.245,1,0.5584644978415437,-0.0347199506018947
medium,0.245,1,0.5715088563378986,-0.0377131933717878
medium,0.245,1,0.5844903425460047,-0.024665323166225495
medium,0.245,1,0.5973936267142478,-0.027482564728776415
medium,0.245,1,0.6102138273944533,-0.014441923735463158
medium,0.245,1,0.6229306868662439,-0.017331515450564883
medium,0.245,1,0.6355448839657182,-0.004096096626707402
medium,0.245,1,0.6480313871772182,-0.007365309422902477
medium,0.245,1,0.660396430454765,0.006295578492909071
medium,0.245,1,0.6726103989923694,0.002265816299531931
medium,0.245,1,0.6846850344178211,0.016576438563449147
medium,0.245,1,0.6965863640213547,0.011297672984575735
medium,0.245,1,0.7083315477436524,0.02648982445513914
medium,0.245,1,0.7198825135240075,0.01949470161941691
medium,0.245,1,0.7312617090184813,0.03597086506212477
medium,0.245,1,0.7424272525667972,0.02696316556704847
medium,0.245,1,0.7534067087001785,0.04524132114000479
medium,0.245,1,0.7641547049035003,0.033883163932900584
medium,0.245,1,0.7747037128004322,0.05441637308363068
medium,0.245,1,0.7850052143332409,0.04027343094086466
medium,0.245,1,0.7950963410893576,0.06344536970612324
medium,0.245,1,0.8049257987201534,0.04606190447045999
medium,0.245,1,0.8145350961830388,0.07220356683364504
medium,0.245,1,0.8238705532194549,0.05120007119596559
medium,0.245,1,0.8329777402485591,0.08056801066304498
medium,0.245,1,0.8418009996410436,0.05572077971985501
medium,0.245,1,0.8503896164593983,0.08840120987887434
medium,0.245,1,0.8586863792917322,0.05968286203077333
medium,0.245,1,0.8667439127547913,0.09549506624497428
medium,0.245,1,0.8745038870674914,0.06316888040099822
medium,0.245,1,0.8820218658957211,0.10160299137111639
medium,0.245,1,0.8892388450140569,0.06628038288810789
medium,0.245,1,0.8962129042644901,0.10645265785867573
medium,0.245,1,0.9028848140350428,0.06909375918585714
medium,0.245,1,0.9093147283211253,0.10984607146278512
medium,0.245,1,0.9154436428973138,0.07171057140772896
medium,0.245,1,0.921333328104228,0.11185701167788653
medium,0.245,1,0.9269254541607833,0.07430564129548534
medium,0.245,1,0.9322829376432098,0.11288171167831607
medium,0.245,1,0.9373485671396159,0.07702466664891794
medium,0.245,1,0.942185926628709,0.11351293266612938
medium,0.245,1,0.9467393584811806,0.07996036072494095
medium,0.245,1,0.9510726301657431,0.11435460771740158
medium,0.245,1,0.9551320614238369,0.08318160786575857
medium,0.245,1,0.9589811179052409,0.11580996474010652
medium,0.245,1,0.9625685052613244,0.08673596794263005
medium,0.245,1,0.9659569043110149,0.11803559677115871
medium,0.245,1,0.9690977969965773,0.09065253248306038
medium,0.245,1,0.9720526022672069,0.1210252126974355
medium,0.245,1,0.9747759476077794,0.09494396907478597
medium,0.245,1,0.977327522662471,0.12469601478781724
medium,0.245,1,0.979665445771005,0.09959485358688647
medium,0.245,1,0.9818472229983033,0.1289517849074897
medium,0.245,1,0.9838347822836602,0.10458791318021299
medium,0.245,1,0.9856830084568623,0.13371226600836927
medium,0.245,1,0.9873579288081441,0.10988594276256192
medium,0.245,1,0.9889113892254742,0.1389125965021244
medium,0.245,1,0.9903137749028637,0.11545254726671006
medium,0.245,1,0.991613498207937,0.14453991739590555
medium,0.245,1,0.9927855276250362,0.12123569286387237
medium,0.245,1,0.9938744735540966,0.15051674676591875
medium,0.245,1,0.9948600782747408,0.12677153841473143
medium,0.245,1,0.9957828107071374,0.15563883494738096
medium,0.245,1,0.9966273410996724,0.12768566802054093
medium,0.245,1,0.9974296888998265,0.145521322939002
medium,0.245,1,0.9981795689934154,0.059579449279599905
medium,0.245,1,0.9989082772254887,0.100268774907737
medium,0.245,1,0.9996106513952221,-0.1435421723423792
fine,0.245,0,7.055382704709045e-05,0.0038627466548087903
fine,0.245,0,0.0005358668353258357,-0.06663633185074902
fine,0.245,0,0.001003316372903602,-0.3039370014922833
fine,0.245,0,0.0014827201104459019,-0.2628774020570177
fine,0.245,0,0.001966389677247502,-0.4215328654310368
fine,0.245,0,0.002473927194749088,-0.38538118406461486
fine,0.245,0,0.0029878454072541825,-0.47644785176178295
fine,0.245,0,0.0035374645596045924,-0.4436389112064283
fine,0.245,0,0.0040955576824507475,-0.5207679431733327
fine,0.245,0,0.004701063933608154,-0.48634958847787435
fine,0.245,0,0.005317108757519855,-0.5566500431323635
fine,0.245,0,0.00599211846719144,-0.518552194742951
fine,0.245,0,0.006679695692681328,-0.5862871845562487
fine,0.245,0,0.007437590042870483,-0.5431489439780135
fine,0.245,0,0.008210038327446366,-0.6109461448783247
fine,0.245,0,0.009063918044769699,-0.5618427612555696
fine,0.245,0,0.009934288869141336,-0.631270228562836
fine,0.245,0,0.010896929896115749,-0.5754586186161745
fine,0.245,0,0.011877943402114403,-0.6472642804982776
fine,0.245,0,0.012961753667415988,-0.5844146027356114
fine,0.245,0,0.014065755617063936,-0.6589898792209901
fine,0.245,0,0.015282733051017053,-0.5894469092504095
fine,0.245,0,0.016521653052370293,-0.6673859103925033
fine,0.245,0,0.017883344989755467,-0.5921255014686784
fine,0.245,0,0.01926865613089264,-0.6738123745799078
fine,0.245,0,0.02078612023841934,-0.5933261751985484
fine,0.245,0,0.022328800266140373,-0.6773808047437737
fine,0.245,0,0.02401256712680279,-0.5918785088029361
fine,0.245,0,0.025723061301410187,-0.676919083246883
fine,0.245,0,0.027583098782327804,-0.5894255255145016
fine,0.245,0,0.029471284534170736,-0.6742853956653905
fine,0.245,0,0.03151696405848063,-0.587334364127895
fine,0.245,0,0.03359211756585777,-0.6693392850949909
fine,0.245,0,0.035832182402786565,-0.5862236197433079
fine,0.245,0,0.038102947204295495,-0.662283744281877
fine,0.245,0,0.04054548288470261,-0.5869083072996026
fine,0.245,0,0.043019840632240444,-0.6537276460502128
fine,0.245,0,0.04567224758974182,-0.5898896567033045
fine,0.245,0,0.048357491041122566,-0.6442746814607303
fine,0.245,0,0.05122645957136559,-0.5950044355891524
fine,0.245,0,0.054129167913935156,-0.6343934571986021
fine,0.245,0,0.05722065553675614,-0.6014290515334804
fine,0.245,0,0.06034667212550607,-0.6243784932954066
fine,0.245,0,0.06366588342656872,-0.607945062128072
fine,0.245,0,0.0670202960120721,-0.6144046687366307
fine,0.245,0,0.07057166503219695,-0.613333074862664
fine,0.245,0,0.0741587885452702,-0.6046290864213579
fine,0.245,0,0.0779459637770447,-0.6167321492942257
fine,0.245,0,0.08176932572838895,-0.595280877902062
fine,0.245,0,0.08579515777082246,-0.6177997011495779
fine,0.245,0,0.08985748631504302,-0.5866178640708122
fine,0.245,0,0.09412401822804332,-0.616574977695217
fine,0.245,0,0.0984272329324384,-0.5787321614158067
fine,0.245,0,0.10293569332374251,-0.6132245671469094
fine,0.245,0,0.10748089867309468,-0.5715068248162514
fine,0.245,0,0.11223169754104971,-0.6080776216334467
fine,0.245,0,0.11701917920039973,-0.5647962644116709
fine,0.245,0,0.1220119065466587,-0.6015188038951815
fine,0.245,0,0.12704113039470474,-0.5584012449585964
fine,0.245,0,0.13227455761153062,-0.5939269744781244
fine,0.245,0,0.13754417154792634,-0.5521533596627466
fine,0.245,0,0.1430162555754112,-0.5856723507401687
fine,0.245,0,0.14852409409584458,-0.5459489947069949
fine,0.245,0,0.15423198433497964,-0.5770896031642445
fine,0.245,0,0.15997507585855503,-0.539738095399432
fine,0.245,0,0.16591512381675075,-0.5684673933142512
fine,0.245,0,0.1718897007408755,-0.5335331145811621
fine,0.245,0,0.1780574723773139,-0.5600925085027004
fine,0.245,0,0.18425898382607883,-0.5274857793677883
fine,0.245,0,0.19064927455509495,-0.5523483385863641
fine,0.245,0,0.19707240177799024,-0.5219890387867736
fine,0.245,0,0.20367925407974802,-0.5456964850446926
fine,0.245,0,0.2103179284486365,-0.5173612951680702
fine,0.245,0,0.21713465202748866,-0.5399832135681228
fine,0.245,0,0.22398207557092106,-0.5131352571655117
fine,0.245,0,0.23100126999325152,-0.5343481212054952
fine,0.245,0,0.2380499383986491,-0.508481425064832
fine,0.245,0,0.24526351813359837,-0.5281640552087254
fine,0.245,0,0.25250524613947306,-0.5029904659683619
fine,0.245,0,0.2599044679178148,-0.5210644602643553
fine,0.245,0,0.2673304170101016,-0.4962916329395972
fine,0.245,0,0.2749059094086983,-0.5124100788084829
fine,0.245,0,0.28250661772748936,-0.48760694283191836
fine,0.245,0,0.2902484128792215,-0.5011160461581798
fine,0.245,0,0.29801382723470526,-0.47580298585647274
fine,0.245,0,0.30591139455657856,-0.4861863207195622
fine,0.245,0,0.31383090444585243,-0.46022651736477993
fine,0.245,0,0.3218731862711601,-0.46782499916740566
fine,0.245,0,0.32993565978081396,-0.44183170014098816
fine,0.245,0,0.3381111087747722,-0.4478627012162828
fine,0.245,0,0.34630493024775466,-0.4223866529962499
fine,0.245,0,0.35460154848003855,-0.4272337344831185
fine,0.245,0,0.3629146578193709,-0.40241416560456345
fine,0.245,0,0.3713200373613067,-0.40632316133735097
fine,0.245,0,0.3797399708376294,-0.3824459236247064
fine,0.245,0,0.3882413357466996,-0.385759548017385
fine,0.245,0,0.3967552681715877,-0.3630658860939162
fine,0.245,0,0.4053395177211753,-0.3659254318374452
fine,0.245,0,0.4139343058435173,-0.3444724332488305
fine,0.245,0,0.4225880588516187,-0.34686700568551143
fine,0.245,0,0.43125028583021585,-0.32661212965120856
fine,0.245,0,0.43995992593712474,-0.32844998872624287
fine,0.245,0,0.4486759467390373,-0.30930131705853725
fine,0.245,0,0.4574276684807952,-0.31050295873619116
fine,0.245,0,0.4661836560518123,-0.29238211301417616
fine,0.245,0,0.4749635115735291,-0.29295952173217676
fine,0.245,0,0.4837455036245451,-0.2758358447662912
fine,0.245,0,0.4925394498755256,-0.2758615587112294
fine,0.245,0,0.501333396126506,-0.25966773575219704
fine,0.245,0,0.510127342377486,-0.2591271434568796
fine,0.245,0,0.5189191520991674,-0.24379915242374398
fine,0.245,0,0.5276990076208843,-0.24276427563904157
fine,0.245,0,0.5364745973133421,-0.22827585100619108
fine,0.245,0,0.5452263190551,-0.22679703900213102
fine,0.245,0,0.5539716601018544,-0.2130960764610399
fine,0.245,0,0.5626813002087631,-0.21120954972829376
fine,0.245,0,0.5713824663451762,-0.1982438425224351
fine,0.245,0,0.580036219353278,-0.19599682535509655
fine,0.245,0,0.5886794337886255,-0.18371661373666037
fine,0.245,0,0.597263683338213,-0.18116283438715763
fine,0.245,0,0.6058353653719823,-0.16951070775696242
fine,0.245,0,0.6143367302810526,-0.16670694813909526
fine,0.245,0,0.6228235412557359,-0.15561602062744395
fine,0.245,0,0.6312289207976716,-0.15263147442761094
fine,0.245,0,0.6396178092325591,-0.1420358519831486
fine,0.245,0,0.6479144274648436,-0.13897260944844736
fine,0.245,0,0.6561926732181039,-0.12879398574239098
fine,0.245,0,0.6643681222120617,-0.1257641650942769
fine,0.245,0,0.6725233795216728,-0.11589072418609092
fine,0.245,0,0.6805656613469772,-0.11303880956439638
fine,0.245,0,0.6885860006048817,-0.10337987273203098
fine,0.245,0,0.6964835679267581,-0.10095409768806896
fine,0.245,0,0.7043575160448822,-0.09139389601187475
fine,0.245,0,0.7120993111966145,-0.0895663735773855
fine,0.245,0,0.7198158904281523,-0.07989253377034422
fine,0.245,0,0.7273913828267494,-0.07877291980957613
fine,0.245,0,0.7349401479114015,-0.0687293605294903
fine,0.245,0,0.7423393696897436,-0.06844648680119181
fine,0.245,0,0.74971044319716,-0.05776801995809721
fine,0.245,0,0.756924022932109,-0.058516097475730396
fine,0.245,0,0.7641081286839914,-0.04692973160518088
fine,0.245,0,0.7711273231063231,-0.048965742002555546
fine,0.245,0,0.7781158175640746,-0.036177961500942546
fine,0.245,0,0.784932541142925,-0.039796662294220075
fine,0.245,0,0.791717442654645,-0.025494283187317945
fine,0.245,0,0.7983242949564037,-0.031020724543067594
fine,0.245,0,0.8048983107642829,-0.014882922717923242
fine,0.245,0,0.8112886014932986,-0.022657744930501433
fine,0.245,0,0.817645152409988,-0.004345382940640796
fine,0.245,0,0.8238129240464255,-0.014691038571785775
fine,0.245,0,0.8299461667169341,0.006140881970991163
fine,0.245,0,0.8358862146751317,-0.007108674165964057
fine,0.245,0,0.8417910613488881,0.0165630219771723
fine,0.245,0,0.8474989515880226,7.032579781252046e-05
fine,0.245,0,0.8531710873342087,0.026871999992933215
fine,0.245,0,0.8586431713616934,0.0068120159805346026
fine,0.245,0,0.8640790686696079,0.03699487085423425
fine,0.245,0,0.8693124958864338,0.013077661717105114
fine,0.245,0,0.8745094266014726,0.04683132940364587
fine,0.245,0,0.8795021539477319,0.018825608055077936
fine,0.245,0,0.8844581985025958,0.05624886181186505
fine,0.245,0,0.8892089973705468,0.024015648550890556
fine,0.245,0,0.8939230512804509,0.06508315988124502
fine,0.245,0,0.8984315116717592,0.028619688310150826
fine,0.245,0,0.9029032892716717,0.07315160799115861
fine,0.245,0,0.9071698211846719,0.03264540613204181
fine,0.245,0,0.911399856595885,0.08030070211124007
fine,0.245,0,0.9154256886383186,0.036188618826053176
fine,0.245,0,0.9194153339611822,0.08643056624813061
fine,0.245,0,0.9232025091929565,0.03938003561333747
fine,0.245,0,0.9269539299317822,0.09144351513802107
fine,0.245,0,0.9305052989519073,0.042334277482937055
fine,0.245,0,0.9340214666875913,0.0952658658563389
fine,0.245,0,0.9373406779886541,0.04515088167921355
fine,0.245,0,0.9406253603237874,0.09789242596482384
fine,0.245,0,0.9437168479466087,0.04791174175154578
fine,0.245,0,0.9467745957571037,0.09942681615534488
fine,0.245,0,0.9496435642873469,0.050679288743831985
fine,0.245,0,0.9524796963237108,0.1001081093235241
fine,0.245,0,0.9551321032812123,0.05350005963129234
fine,0.245,0,0.9577526881715829,0.10029255420406147
fine,0.245,0,0.9601952238519901,0.05640982801630657
fine,0.245,0,0.9626070595678173,0.10037745455094371
fine,0.245,0,0.9648471244047443,0.05943782976832823
fine,0.245,0,0.9670577152586045,0.10070429236348521
fine,0.245,0,0.9691033947829162,0.06260918142536032
fine,0.245,0,0.971120926036302,0.10149596702762953
fine,0.245,0,0.9729809635172191,0.06594522769018196
fine,0.245,0,0.9748142736841917,0.10285063326996714
fine,0.245,0,0.9764980405448543,0.06945895968085947
fine,0.245,0,0.9781565914853224,0.1047712039662958
fine,0.245,0,0.9796740555928494,0.07315295833231084
fine,0.245,0,0.9811679004966242,0.10721883248465336
fine,0.245,0,0.9825295924340095,0.07704130658692743
fine,0.245,0,0.9838693418039947,0.11014381747290057
fine,0.245,0,0.9850863192379474,0.08112500219224816
fine,0.245,0,0.986283104987554,0.11348424891219679
fine,0.245,0,0.987366915252855,0.0853991374737223
fine,0.245,0,0.9884323530391319,0.11720265743193738
fine,0.245,0,0.9893949940661071,0.08987912681534937
fine,0.245,0,0.9903411439860338,0.12129501480980566
fine,0.245,0,0.9911950237033574,0.09460174960909784
fine,0.245,0,0.992034349486294,0.12579082400347008
fine,0.245,0,0.9927922438364837,0.09963047685804427
fine,0.245,0,0.9935375706708549,0.13076175881668473
fine,0.245,0,0.9942125803805256,0.10507152645632101
fine,0.245,0,0.9948770515174424,0.13632502573352134
fine,0.245,0,0.9954825577686007,0.11106048218893584
fine,0.245,0,0.996079590049263,0.1425212408720843
fine,0.245,0,0.9966292092016132,0.11740173666454856
fine,0.245,0,0.9971724476589597,0.14815863187070943
fine,0.245,0,0.9976799851764613,0.12012319323578502
fine,0.245,0,0.9981832568647032,0.13940952873666568
fine,0.245,0,0.9986626606022458,0.05743195095352749
fine,0.245,0,0.9991399278104891,0.09787660133504639
fine,0.245,0,0.9996052408187679,-0.13490515624309551
fine,0.245,1,7.055382704709045e-05,0.27409346728803174
fine,0.245,1,0.0005358668353258357,0.2800242176836011
fine,0.245,1,0.001003316372903602,0.4179601028576093
fine,0.245,1,0.0014827201104459019,0.34997330174813135
fine,0.245,1,0.001966389677247502,0.44333268481015076
fine,0.245,1,0.002473927194749088,0.39739321371714964
fine,0.245,1,0.0029878454072541825,0.4710350242011714
fine,0.245,1,0.0035374645596045924,0.4279339650691894
fine,0.245,1,0.0040955576824506365,0.4839990812849292
fine,0.245,1,0.004701063933608042,0.44507350686146163
fine,0.245,1,0.005317108757519632,0.48712457574884804
fine,0.245,1,0.00599211846719144,0.45334147505552935
fine,0.245,1,0.006679695692681328,0.482971010441918
fine,0.245,1,0.007437590042870372,0.45511019256457075
fine,0.245,1,0.008210038327446142,0.4730831255874257
fine,0.245,1,0.009063918044769588,0.4518626282462525
fine,0.245,1,0.009934288869141336,0.45854701472425025
fine,0.245,1,0.010896929896115749,0.44467124554201
fine,0.245,1,0.011877943402114515,0.4402663067418975
fine,0.245,1,0.0129617536674161,0.43439966376612144
fine,0.245,1,0.014065755617063936,0.419060185222867
fine,0.245,1,0.015282733051017164,0.42174239934635094
fine,0.245,1,0.016521653052370515,0.39560580451384053
fine,0.245,1,0.017883344989755467,0.40717167448671576
fine,0.245,1,0.01926865613089219,0.37039533459879936
fine,0.245,1,0.02078612023841923,0.39106933617597506
fine,0.245,1,0.0223288002661406,0.3441388528335365
fine,0.245,1,0.0240125671268029,0.3739218311295748
fine,0.245,1,0.025723061301410187,0.317735817065267
fine,0.245,1,0.027583098782327804,0.35559056166797853
fine,0.245,1,0.029471284534170736,0.2914213127067139
fine,0.245,1,0.03151696405848063,0.3358518207028094
fine,0.245,1,0.03359211756585777,0.26574244522349466
fine,0.245,1,0.035832182402786454,0.31439427465609926
fine,0.245,1,0.038102947204295266,0.24110249064392164
fine,0.245,1,0.04054548288470249,0.29082120604409767
fine,0.245,1,0.043019840632240444,0.21768859798148532
fine,0.245,1,0.04567224758974182,0.2648939275005362
fine,0.245,1,0.048357491041122566,0.19554379906038022
fine,0.245,1,0.0512264595713657,0.23674952126555793
fine,0.245,1,0.05412916791393538,0.17460947727798437
fine,0.245,1,0.05722065553675637,0.2069769120738086
fine,0.245,1,0.06034667212550629,0.15476881962446842
fine,0.245,1,0.06366588342656894,0.17651192335789356
fine,0.245,1,0.06702029601207232,0.1358705628236615
fine,0.245,1,0.07057166503219695,0.14640521214216984
fine,0.245,1,0.0741587885452702,0.11773290555094595
fine,0.245,1,0.0779459637770447,0.1175681415382681
fine,0.245,1,0.08176932572838895,0.10013904112508931
fine,0.245,1,0.08579515777082257,0.0906112146738699
fine,0.245,1,0.08985748631504324,0.08287499579843272
fine,0.245,1,0.09412401822804344,0.0658502295686636
fine,0.245,1,0.0984272329324384,0.06583508868074861
fine,0.245,1,0.10293569332374264,0.04341291565111971
fine,0.245,1,0.10748089867309492,0.04906516646141812
fine,0.245,1,0.11223169754104993,0.02323774577729565
fine,0.245,1,0.11701917920039995,0.03266901941778022
fine,0.245,1,0.12201190654665892,0.005154672071567168
fine,0.245,1,0.12704113039470497,0.016802810928341017
fine,0.245,1,0.13227455761153062,-0.011064444164366138
fine,0.245,1,0.13754417154792611,0.0016121343702851787
fine,0.245,1,0.1430162555754111,-0.025684285724940862
fine,0.245,1,0.14852409409584458,-0.01280323141299089
fine,0.245,1,0.15423198433497964,-0.03897659807838316
fine,0.245,1,0.15997507585855503,-0.02639241133123327
fine,0.245,1,0.16591512381675086,-0.051202734801565127
fine,0.245,1,0.17188970074087573,-0.03916120704668913
fine,0.245,1,0.17805747237731412,-0.06263048480944544
fine,0.245,1,0.18425898382607883,-0.051219430464831024
fine,0.245,1,0.19064927455509495,-0.0735886648146189
fine,0.245,1,0.19707240177799024,-0.06285121685493356
fine,0.245,1,0.20367925407974802,-0.08445669736873374
fine,0.245,1,0.2103179284486365,-0.07433706768125736
fine,0.245,1,0.21713465202748855,-0.09522796751517415
fine,0.245,1,0.22398207557092084,-0.08547490572755412
fine,0.245,1,0.2310012699932513,-0.10543335719742508
fine,0.245,1,0.238049938398649,-0.09578847480821606
fine,0.245,1,0.24526351813359837,-0.1147211066268714
fine,0.245,1,0.25250524613947306,-0.10503800514943817
fine,0.245,1,0.2599044679178148,-0.12287144012422146
fine,0.245,1,0.2673304170101016,-0.11299433439291628
fine,0.245,1,0.2749059094086983,-0.1294541488324601
fine,0.245,1,0.28250661772748936,-0.11913023013682889
fine,0.245,1,0.2902484128792217,-0.1337040591944474
fine,0.245,1,0.2980138272347057,-0.12262029342548719
fine,0.245,1,0.3059113945565788,-0.13487705970356179
fine,0.245,1,0.31383090444585243,-0.12290426528359365
fine,0.245,1,0.3218731862711601,-0.13303641170885694
fine,0.245,1,0.32993565978081396,-0.1205336789228091
fine,0.245,1,0.3381111087747722,-0.1294040583290963
fine,0.245,1,0.34630493024775466,-0.11672217170060774
fine,0.245,1,0.35460154848003855,-0.12460009199537403
fine,0.245,1,0.3629146578193709,-0.11184458933215335
fine,0.245,1,0.3713200373613067,-0.11889960621317887
fine,0.245,1,0.3797399708376294,-0.1063018645471443
fine,0.245,1,0.3882413357466996,-0.1127823014087901
fine,0.245,1,0.3967552681715877,-0.10056005906906829
fine,0.245,1,0.4053395177211753,-0.10656860317604777
fine,0.245,1,0.4139343058435173,-0.09481660244582923
fine,0.245,1,0.4225880588516187,-0.10034192148706733
fine,0.245,1,0.43125028583021585,-0.08908232077796474
fine,0.245,1,0.43995992593712474,-0.09405058363955643
fine,0.245,1,0.4486759467390373,-0.08326215997327924
fine,0.245,1,0.4574276684807952,-0.08760911295155016
fine,0.245,1,0.4661836560518123,-0.07727080139210396
fine,0.245,1,0.4749635115735291,-0.08100541804017491
fine,0.245,1,0.4837455036245449,-0.07112447630502694
fine,0.245,1,0.4925394498755256,-0.07430588998345034
fine,0.245,1,0.501333396126506,-0.06485705315175228
fine,0.245,1,0.510127342377486,-0.06747526541726545
fine,0.245,1,0.518919152099167,-0.05843164442483029
fine,0.245,1,0.5276990076208843,-0.060546805040859734
fine,0.245,1,0.5364745973133421,-0.05190789348824776
fine,0.245,1,0.5452263190551,-0.05356381100587271
fine,0.245,1,0.5539716601018544,-0.04530650733294905
fine,0.245,1,0.5626813002087631,-0.04653625164938324
fine,0.245,1,0.5713824663451762,-0.03863453979140852
fine,0.245,1,0.5800362193532778,-0.03948124329170155
fine,0.245,1,0.5886794337886255,-0.031908266458120504
fine,0.245,1,0.5972636833382132,-0.032422133639237405
fine,0.245,1,0.6058353653719828,-0.025141814532057882
fine,0.245,1,0.6143367302810528,-0.025377137400368843
fine,0.245,1,0.6228235412557361,-0.01834229038046309
fine,0.245,1,0.631228920797672,-0.018365912696367337
fine,0.245,1,0.6396178092325593,-0.011526741899026138
fine,0.245,1,0.6479144274648441,-0.011435980451413252
fine,0.245,1,0.6561926732181044,-0.004728830202699541
fine,0.245,1,0.6643681222120619,-0.004632798235427726
fine,0.245,1,0.6725233795216737,0.002038037644202184
fine,0.245,1,0.6805656613469827,0.001999088370426061
fine,0.245,1,0.6885860006048908,0.008715142291449207
fine,0.245,1,0.6964835679267624,0.008307562371880906
fine,0.245,1,0.7043575160448826,0.015173887508334816
fine,0.245,1,0.7120993111966147,0.014225608786980424
fine,0.245,1,0.7198158904281527,0.021433010944880926
fine,0.245,1,0.7273913828267499,0.019823283845537443
fine,0.245,1,0.7349401479114019,0.02760588227901706
fine,0.245,1,0.7423393696897436,0.025194942656174613
fine,0.245,1,0.74971044319716,0.03380124350392599
fine,0.245,1,0.756924022932109,0.030388539597868247
fine,0.245,1,0.7641081286839911,0.04007995197818348
fine,0.245,1,0.7711273231063223,0.035406140105517236
fine,0.245,1,0.7781158175640728,0.046467222647130324
fine,0.245,1,0.7849325411429228,0.0402354821244052
fine,0.245,1,0.7917174426546424,0.05297226413237255
fine,0.245,1,0.7983242949564019,0.04485567019619341
fine,0.245,1,0.804898310764282,0.059584228864234645
fine,0.245,1,0.8112886014932984,0.04923907208041356
fine,0.245,1,0.817645152409988,0.066294070393072
fine,0.245,1,0.8238129240464239,0.05339058860883028
fine,0.245,1,0.8299461667169314,0.07311362652992559
fine,0.245,1,0.8358862146751304,0.057311725366184015
fine,0.245,1,0.8417910613488881,0.08002245767413396
fine,0.245,1,0.8474989515880226,0.060976576749846474
fine,0.245,1,0.8531710873342087,0.08696615748565395
fine,0.245,1,0.8586431713616939,0.06434590783000727
fine,0.245,1,0.8640790686696088,0.09386701978946366
fine,0.245,1,0.8693124958864342,0.06737634068936382
fine,0.245,1,0.8745094266014726,0.10062069901681714
fine,0.245,1,0.8795021539477319,0.07002263320297686
fine,0.245,1,0.8844581985025958,0.10709192077333662
fine,0.245,1,0.8892089973705473,0.07224184554772817
fine,0.245,1,0.8939230512804516,0.11311490245270339
fine,0.245,1,0.8984315116717592,0.07400360142415596
fine,0.245,1,0.9029032892716713,0.11850652403230899
fine,0.245,1,0.9071698211846715,0.07531205958109655
fine,0.245,1,0.911399856595885,0.12311099019150686
fine,0.245,1,0.9154256886383186,0.07625455541995396
fine,0.245,1,0.9194153339611822,0.12682269710820082
fine,0.245,1,0.9232025091929565,0.07695341491694574
fine,0.245,1,0.9269539299317822,0.1295400538213639
fine,0.245,1,0.9305052989519073,0.07751767384204844
fine,0.245,1,0.9340214666875916,0.1311869101593287
fine,0.245,1,0.9373406779886543,0.0780426266285763
fine,0.245,1,0.9406253603237879,0.13175523779099274
fine,0.245,1,0.9437168479466091,0.07860734325354923
fine,0.245,1,0.9467745957571037,0.13134478859754972
fine,0.245,1,0.9496435642873469,0.07927260494237309
fine,0.245,1,0.9524796963237108,0.1301886199441531
fine,0.245,1,0.9551321032812123,0.0800840619781038
fine,0.245,1,0.9577526881715829,0.12863498737693024
fine,0.245,1,0.9601952238519901,0.08107727567377254
fine,0.245,1,0.9626070595678178,0.12707243879150087
fine,0.245,1,0.9648471244047487,0.0822814901175618
fine,0.245,1,0.9670577152586117,0.12583469739352027
fine,0.245,1,0.9691033947829197,0.08372205182462444
fine,0.245,1,0.9711209260363024,0.1251391696109655
fine,0.245,1,0.9729809635172195,0.08542027015932563
fine,0.245,1,0.9748142736841922,0.1250808649206251
fine,0.245,1,0.9764980405448548,0.08738940151306418
fine,0.245,1,0.9781565914853229,0.12566154043350075
fine,0.245,1,0.9796740555928496,0.08963190517410136
fine,0.245,1,0.9811679004966244,0.12684159911981274
fine,0.245,1,0.98252959243401,0.09216075216696795
fine,0.245,1,0.9838693418039951,0.1285699225935446
fine,0.245,1,0.9850863192379479,0.09497669032434775
fine,0.245,1,0.9862831049875542,0.13078343024009886
fine,0.245,1,0.9873669152528548,0.09807418960691838
fine,0.245,1,0.9884323530391315,0.1334420444892197
fine,0.245,1,0.9893949940661073,0.10146723342045805
fine,0.245,1,0.9903411439860342,0.13653804469739128
fine,0.245,1,0.9911950237033577,0.10519246706252972
fine,0.245,1,0.992034349486294,0.14009699678754428
fine,0.245,1,0.9927922438364837,0.10931284807237185
fine,0.245,1,0.9935375706708549,0.14418869174563753
fine,0.245,1,0.9942125803805261,0.11393608304997492
fine,0.245,1,0.9948770515174429,0.1489386175990014
fine,0.245,1,0.9954825577686003,0.11919427563020712
fine,0.245,1,0.9960795900492624,0.15442595172056084
fine,0.245,1,0.9966292092016128,0.12485729896076625
fine,0.245,1,0.99717244765896,0.15959879776964825
fine,0.245,1,0.9976799851764615,0.12681689517463668
fine,0.245,1,0.9981832568647037,0.15076952104871422
fine,0.245,1,0.9986626606022458,0.06342005347329183
fine,0.245,1,0.9991399278104891,0.1077132077123234
fine,0.245,1,0.9996052408187679,-0.13490515624309551
coarse,0.51,0,0.0009773445603639772,-0.0856943075522818
coarse,0.51,0,0.0020457613143778997,-0.3375413602665347
coarse,0.51,0,0.0032604949280518798,-0.5240553252754028
coarse,0.51,0,0.004488862829896006,-0.5775127176264652
coarse,0.51,0,0.006007360929024542,-0.7045056488204655
coarse,0.51,0,0.007552894318042032,-0.7076560463919677
coarse,0.51,0,0.00952740703385368,-0.7379122495950208
coarse,0.51,0,0.011541893459967409,-0.7399595322883403
coarse,0.51,0,0.014116868387170856,-0.7517099868270949
coarse,0.51,0,0.016744071483824362,-0.7464884427878344
coarse,0.51,0,0.020053682142206725,-0.7502334010499789
coarse,0.51,0,0.023426881790726984,-0.7364652103050848
coarse,0.51,0,0.027592731879039448,-0.7368300101274146
coarse,0.51,0,0.031832443752925724,-0.7139416727126222
coarse,0.51,0,0.03696148647587775,-0.713301778677423
coarse,0.51,0,0.042173399984210345,-0.6834620031151404
coarse,0.51,0,0.04835610805348478,-0.685580965741696
coarse,0.51,0,0.05462927796583278,-0.6510100262788121
coarse,0.51,0,0.061938095586906355,-0.658133369987965
coarse,0.51,0,0.06934341828153043,-0.6199913320837027
coarse,0.51,0,0.07783152161323179,-0.6318589972979254
coarse,0.51,0,0.0864205220203959,-0.5908717375706392
coarse,0.51,0,0.09612090931608505,-0.6059018573905288
coarse,0.51,0,0.1059248593122144,-0.5644453264038254
coarse,0.51,0,0.11684978631051872,-0.5804394206869521
coarse,0.51,0,0.12787916964772272,-0.5423231380239038
coarse,0.51,0,0.14001993987345196,-0.5559138357537416
coarse,0.51,0,0.15226427279962115,-0.5250287877098918
coarse,0.51,0,0.16559138636286744,-0.5328016616457116
coarse,0.51,0,0.1790193970015767,-0.5115690151049828
coarse,0.51,0,0.19348305534901156,-0.5122529469706518
coarse,0.51,0,0.2080432187699969,-0.5011231670493246
coarse,0.51,0,0.22357417675192454,-0.49551513922068713
coarse,0.51,0,0.2391955965769255,-0.49212943821247723
coarse,0.51,0,0.2557063472509918,-0.4803784497710502
coarse,0.51,0,0.2722999687104384,-0.47950621021558804
coarse,0.51,0,0.28968624060967696,-0.4602370672740119
coarse,0.51,0,0.3071463742944894,-0.4562529829809019
coarse,0.51,0,0.32528891554103334,-0.42868888395435384
coarse,0.51,0,0.34349504577771517,-0.41909688245276094
coarse,0.51,0,0.3622616645154838,-0.38703356039620296
coarse,0.51,0,0.3810805114227021,-0.3748706493860834
coarse,0.51,0,0.4003283376567152,-0.3434846768211137
coarse,0.51,0,0.41961613760103106,-0.3312990837364189
coarse,0.51,0,0.43919406774263176,-0.30229134363346577
coarse,0.51,0,0.4587990331741212,-0.2909292077656125
coarse,0.51,0,0.4785503154652709,-0.26384991049491213
coarse,0.51,0,0.49831523204459033,-0.25327688534363646
coarse,0.51,0,0.5180801486239099,-0.22731819621973925
coarse,0.51,0,0.5378450652032296,-0.21776596667887804
coarse,0.51,0,0.5574636649228891,-0.19238798141389934
coarse,0.51,0,0.5770686303543795,-0.18436173714521287
coarse,0.51,0,0.5963834655885836,-0.1589964728752844
coarse,0.51,0,0.6156712655328989,-0.153140309108301
coarse,0.51,0,0.6345300861504201,-0.12716748203087525
coarse,0.51,0,0.6533489330576387,-0.12424256847350955
coarse,0.51,0,0.6716072914637684,-0.09715107640486731
coarse,0.51,0,0.689813421700448,-0.09801317551265076
coarse,0.51,0,0.7073371443753995,-0.06959962126954311
coarse,0.51,0,0.7247972780602134,-0.07503198871219063
coarse,0.51,0,0.7414647613052343,-0.04502602491883523
coarse,0.51,0,0.7580583827646814,-0.05512552540741811
coarse,0.51,0,0.7737626733750627,-0.02317329676339619
coarse,0.51,0,0.7893840932000632,-0.03754721268561356
coarse,0.51,0,0.8040347184641232,-0.003883324483495265
coarse,0.51,0,0.8185948818851099,-0.02180857116023316
coarse,0.51,0,0.8321193975973683,0.012736831799233572
coarse,0.51,0,0.8455474082360762,-0.007533218007856002
coarse,0.51,0,0.857892638237708,0.026780200796060468
coarse,0.51,0,0.8701369711638781,0.005672249603128621
coarse,0.51,0,0.8812699172015185,0.03863342788944912
coarse,0.51,0,0.8922993005387185,0.01805053688011926
coarse,0.51,0,0.9022077068737506,0.0489288350707725
coarse,0.51,0,0.9120116568698835,0.029644173016120882
coarse,0.51,0,0.9207042199774885,0.05840785998296549
coarse,0.51,0,0.9292932203846531,0.04058977947572029
coarse,0.51,0,0.9367994401547397,0.06774592326322049
coarse,0.51,0,0.9442047628493634,0.05117560045608627
coarse,0.51,0,0.9505744378352623,0.07729902330933258
coarse,0.51,0,0.9568476077476098,0.06160971887217104
coarse,0.51,0,0.9621499830990164,0.08712558400965131
coarse,0.51,0,0.9673618966073488,0.07196678907594367
coarse,0.51,0,0.9716844792666158,0.09715951425814806
coarse,0.51,0,0.9759241911405017,0.0822270492984829
coarse,0.51,0,0.9793712525745976,0.10726746981125745
coarse,0.51,0,0.9827444522231196,0.0922502649245176
coarse,0.51,0,0.9854352443099086,0.1172268076468117
coarse,0.51,0,0.9880624474065596,0.10168830928198613
coarse,0.51,0,0.9901291620021239,0.12658234912964772
coarse,0.51,0,0.9921436484282382,0.10953012049572132
coarse,0.51,0,0.9937291555275582,0.13364993073943277
coarse,0.51,0,0.9952746889165762,0.11069098701865797
coarse,0.51,0,0.9965300921083088,0.12382974091451748
coarse,0.51,0,0.9977584600101528,0.03872753920334959
coarse,0.51,0,0.998840511052336,0.08340131541991391
coarse,0.51,0,0.9999089278063494,-0.1562965980881751
coarse,0.51,1,0.0009773445603639772,0.25015087888853593
coarse,0.51,1,0.0020457613143778997,0.3604268862788069
coarse,0.51,1,0.003260494928052103,0.4398868650828471
coarse,0.51,1,0.004488862829896006,0.4331630964965649
coarse,0.51,1,0.006007360929024765,0.4790161757001551
coarse,0.51,1,0.007552894318042032,0.4639603898565521
coarse,0.51,1,0.00952740703385368,0.47544065585832684
coarse,0.51,1,0.011541893459967633,0.45368172442239146
coarse,0.51,1,0.014116868387170856,0.44421886734575594
coarse,0.51,1,0.01674407148382414,0.42038716346090277
coarse,0.51,1,0.020053682142206725,0.39720668992029584
coarse,0.51,1,0.023426881790726984,0.37433712763391547
coarse,0.51,1,0.02759273187903967,0.3425021911030153
coarse,0.51,1,0.03183244375292617,0.32307092768541146
coarse,0.51,1,0.03696148647587775,0.28633224928179546
coarse,0.51,1,0.042173399984210345,0.27189938369507427
coarse,0.51,1,0.04835610805348478,0.23216850838046021
coarse,0.51,1,0.05462927796583278,0.22357847970573508
coarse,0.51,1,0.061938095586906355,0.18143072521751624
coarse,0.51,1,0.06934341828153043,0.1791707127621598
coarse,0.51,1,0.07783152161323179,0.13492238784029653
coarse,0.51,1,0.0864205220203959,0.13903523204774326
coarse,0.51,1,0.09612090931608527,0.09338382308116633
coarse,0.51,1,0.10592485931221463,0.10249482438867108
coarse,0.51,1,0.11684978631051916,0.05689944492437294
coarse,0.51,1,0.12787916964772317,0.06796034486286795
coarse,0.51,1,0.14001993987345218,0.025129944755902023
coarse,0.51,1,0.15226427279962115,0.03427333238322683
coarse,0.51,1,0.16559138636286766,-0.002555476822298619
coarse,0.51,1,0.1790193970015767,0.0015309263509251103
coarse,0.51,1,0.19348305534901156,-0.02736554943208214
coarse,0.51,1,0.2080432187699969,-0.029825567135009168
coarse,0.51,1,0.22357417675192454,-0.05079648131811388
coarse,0.51,1,0.2391955965769255,-0.058922684136328174
coarse,0.51,1,0.2557063472509918,-0.07235019305227297
coarse,0.51,1,0.2722999687104384,-0.0827692432820335
coarse,0.51,1,0.28968624060967696,-0.08827255192948646
coarse,0.51,1,0.3071463742944894,-0.09675030399994577
coarse,0.51,1,0.32528891554103334,-0.09400933197238803
coarse,0.51,1,0.34349504577771517,-0.09813861346308328
coarse,0.51,1,0.3622616645154838,-0.08959248343662152
coarse,0.51,1,0.38108051142270233,-0.09102384519369466
coarse,0.51,1,0.40032833765671566,-0.08030826051080542
coarse,0.51,1,0.4196161376010315,-0.08079981714893347
coarse,0.51,1,0.43919406774263176,-0.06945347947741709
coarse,0.51,1,0.4587990331741212,-0.06973098641645836
coarse,0.51,1,0.4785503154652709,-0.05780028265179692
coarse,0.51,1,0.4983152320445908,-0.05795179331650013
coarse,0.51,1,0.5180801486239102,-0.04513551416785444
coarse,0.51,1,0.5378450652032296,-0.045439023519400656
coarse,0.51,1,0.55746366492289,-0.03154685750151032
coarse,0.51,1,0.5770686303543808,-0.032505045182742
coarse,0.51,1,0.5963834655885843,-0.017259000105991795
coarse,0.51,1,0.6156712655328989,-0.019503340142792203
coarse,0.51,1,0.6345300861504201,-0.0025330225682484997
coarse,0.51,1,0.653348933057639,-0.006804024388332497
coarse,0.51,1,0.6716072914637691,0.01220577730401362
coarse,0.51,1,0.6898134217004493,0.005081413163100845
coarse,0.51,1,0.7073371443754002,0.02620046302543733
coarse,0.51,1,0.7247972780602134,0.015456147594211544
coarse,0.51,1,0.7414647613052343,0.03879701860961138
coarse,0.51,1,0.758058382764681,0.02427308746753054
coarse,0.51,1,0.7737626733750609,0.05001309059921555
coarse,0.51,1,0.7893840932000601,0.03201655700028261
coarse,0.51,1,0.804034718464121,0.059826197311658835
coarse,0.51,1,0.818594881885109,0.03899550122126927
coarse,0.51,1,0.8321193975973683,0.06801500949501615
coarse,0.51,1,0.8455474082360771,0.04544954541439106
coarse,0.51,1,0.8578926382377089,0.07456510979352005
coarse,0.51,1,0.8701369711638781,0.051651655211342296
coarse,0.51,1,0.8812699172015189,0.07976535797134376
coarse,0.51,1,0.8922993005387194,0.057754655699260415
coarse,0.51,1,0.9022077068737515,0.0841587847727786
coarse,0.51,1,0.912011656869884,0.06373814567039193
coarse,0.51,1,0.9207042199774881,0.08839084861891
coarse,0.51,1,0.9292932203846527,0.06967330214811418
coarse,0.51,1,0.9367994401547397,0.0930377017933739
coarse,0.51,1,0.9442047628493634,0.07577986955343663
coarse,0.51,1,0.9505744378352623,0.09838118207927571
coarse,0.51,1,0.9568476077476098,0.08221319063566479
coarse,0.51,1,0.9621499830990164,0.10443319560633957
coarse,0.51,1,0.9673618966073488,0.08900958637539258
coarse,0.51,1,0.9716844792666158,0.11109565687784628
coarse,0.51,1,0.9759241911405017,0.0961172010600927
coarse,0.51,1,0.9793712525745927,0.1182097795279815
coarse,0.51,1,0.9827444522231089,0.1033645165220124
coarse,0.51,1,0.9854352443099024,0.12552614431826414
coarse,0.51,1,0.9880624474065587,0.11036487476361134
coarse,0.51,1,0.9901291620021234,0.1325480237958202
coarse,0.51,1,0.9921436484282382,0.11604994581157002
coarse,0.51,1,0.9937291555275582,0.13750063644443722
coarse,0.51,1,0.9952746889165762,0.11525542459249116
coarse,0.51,1,0.9965300921083088,0.12563691990977977
coarse,0.51,1,0.9977584600101528,0.041631186311578694
coarse,0.51,1,0.998840511052336,0.08372905100591366
coarse,0.51,1,0.9999089278063499,-0.1562965980881751
medium,0.51,0,0.0006131722044418839,-0.056597268542374575
medium,0.51,0,0.001315546374175295,-0.23929238617131365
medium,0.51,0,0.002059393185286955,-0.4427613276137372
medium,0.51,0,0.0028092732788760635,-0.46188645164143094
medium,0.51,0,0.003641783023378735,-0.6190959430520384
medium,0.51,0,0.004486313415913818,-0.6028229023404212
medium,0.51,0,0.005454001607361085,-0.6709287182229071
medium,0.51,0,0.006439606328005627,-0.6564359144108369
medium,0.51,0,0.007587959690346681,-0.7059084389524986
medium,0.51,0,0.00875998910744499,-0.6891437984649529
medium,0.51,0,0.010133119393589698,-0.7295558549078345
medium,0.51,0,0.01153550507097829,-0.7077936440457566
medium,0.51,0,0.013175813345724742,-0.7434640366129492
medium,0.51,0,0.014850733697010563,-0.7151267143636835
medium,0.51,0,0.016798587639333493,-0.7487709226835215
medium,0.51,0,0.018786146924687882,-0.7140520444359977
medium,0.51,0,0.02107957360533249,-0.7478974855286249
medium,0.51,0,0.023417496713866042,-0.7067936247913276
medium,0.51,0,0.026091893186376353,-0.7410252324019524
medium,0.51,0,0.02881523852694931,-0.6932565067636844
medium,0.51,0,0.03190310243471709,-0.7283716570941259
medium,0.51,0,0.03504399512027921,-0.6753213427094475
medium,0.51,0,0.038574677369855315,-0.7124994623001306
medium,0.51,0,0.042162064725939113,-0.6551891143373678
medium,0.51,0,0.04616154610891296,-0.6949452559541918
medium,0.51,0,0.05022097736700725,-0.6350016557805132
medium,0.51,0,0.05471167083049354,-0.6774451099442489
medium,0.51,0,0.05926510268296497,-0.616675675466734
medium,0.51,0,0.06426568275354456,-0.6604747574979923
medium,0.51,0,0.06933131224995114,-0.6010174375746613
medium,0.51,0,0.0748565729092462,-0.6434726740303669
medium,0.51,0,0.08044869896580165,-0.5880830093291327
medium,0.51,0,0.0865094410593438,-0.6259140480346927
medium,0.51,0,0.0926383556355324,-0.5777438335999132
medium,0.51,0,0.09924130467180627,-0.6078987218189258
medium,0.51,0,0.10591321444235571,-0.569509342469454
medium,0.51,0,0.11306096940761776,-0.5898124482484202
medium,0.51,0,0.1202779485259572,-0.5624269665190642
medium,0.51,0,0.12796896210438238,-0.5721340374402053
medium,0.51,0,0.13572893641708292,-0.5555110875792946
medium,0.51,0,0.14395752676676996,-0.5553689674531792
medium,0.51,0,0.1522542895991032,-0.5481170463304712
medium,0.51,0,0.16101068359432513,-0.5399373594646888
medium,0.51,0,0.16983394298680746,-0.540034424372442
medium,0.51,0,0.1791043505973984,-0.5261566780848548
medium,0.51,0,0.18843980763381607,-0.5315238652577159
medium,0.51,0,0.19820652687562576,-0.5145411719415354
medium,0.51,0,0.20803598450642036,-0.5234710720669635
medium,0.51,0,0.21827753616410503,-0.5054625718442787
medium,0.51,0,0.22857903769691035,-0.5159686146419549
medium,0.51,0,0.23927032879372967,-0.49762837428605544
medium,0.51,0,0.25001832499705645,-0.5073680005938386
medium,0.51,0,0.2611308397675778,-0.48877952261601393
medium,0.51,0,0.2722963833158935,-0.49604947634526764
medium,0.51,0,0.28379840022818575,-0.4768717545547332
medium,0.51,0,0.29534936600854067,-0.4799196896495239
medium,0.51,0,0.3072061991841864,-0.4589625655872736
medium,0.51,0,0.31910752878772136,-0.45659758267832773
medium,0.51,0,0.33128179198229407,-0.4339556101420472
medium,0.51,0,0.3434957605198985,-0.4276049337713466
medium,0.51,0,0.355947651654859,-0.40489689724759614
medium,0.51,0,0.3684341548663584,-0.3965829058472701
medium,0.51,0,0.3811217589469051,-0.37485991166814636
medium,0.51,0,0.39383861841869566,-0.3658695913178782
medium,0.51,0,0.40671822653218254,-0.3455931735412303
medium,0.51,0,0.4196215107004267,-0.33673102304950686
medium,0.51,0,0.4326479526675832,-0.3179887020159262
medium,0.51,0,0.44569231116393726,-0.30934232854518573
medium,0.51,0,0.4588192993112044,-0.2918240900378217
medium,0.51,0,0.47195830810650397,-0.28322069788466164
medium,0.51,0,0.4851387895431818,-0.26667077280448526
medium,0.51,0,0.49832530426233723,-0.25811477762814183
medium,0.51,0,0.5115118189814928,-0.2423482491970128
medium,0.51,0,0.5246983337006482,-0.23391997108603535
medium,0.51,0,0.5378433757784257,-0.21872756299448223
medium,0.51,0,0.5509823845737255,-0.2106400167811611
medium,0.51,0,0.5640387637181121,-0.1957870092013143
medium,0.51,0,0.5770831222144666,-0.18828187771556326
medium,0.51,0,0.5900043229119077,-0.1734730694076867
medium,0.51,0,0.6029076070801512,-0.1668399106981624
medium,0.51,0,0.6156481426066986,-0.1517476205985815
medium,0.51,0,0.6283650020784894,-0.14632322247700325
medium,0.51,0,0.6408807606812333,-0.13059094548122396
medium,0.51,0,0.6533672638927333,-0.12678676573590808
medium,0.51,0,0.6656158445068762,-0.11003789163414025
medium,0.51,0,0.6778298130444805,-0.10834606187567818
medium,0.51,0,0.689770847991046,-0.09023617565457798
medium,0.51,0,0.7016721775945799,-0.09125185306953898
medium,0.51,0,0.7132676398028244,-0.07145613311391075
medium,0.51,0,0.7248186055831798,-0.07572319564225105
medium,0.51,0,0.7360330979995583,-0.053750746825276696
medium,0.51,0,0.7471986415478743,-0.06159092227662466
medium,0.51,0,0.7579996665290007,-0.036876201550296805
medium,0.51,0,0.7687476627323342,-0.048597637353620105
medium,0.51,0,0.7791058693716416,-0.020737857749054678
medium,0.51,0,0.7894073709044402,-0.03666340064438445
medium,0.51,0,0.7992967784103546,-0.005434512052024276
medium,0.51,0,0.8091262360411492,-0.02579534694793595
medium,0.51,0,0.8185244314665514,0.008866548387309159
medium,0.51,0,0.8278598885029682,-0.015952883958334052
medium,0.51,0,0.8367481973212777,0.02202432873298854
medium,0.51,0,0.8455714567137604,-0.006991512401820498
medium,0.51,0,0.8539350849433547,0.03390998064783002
medium,0.51,0,0.8622318477756882,0.0012498535775175013
medium,0.51,0,0.8700599945710349,0.044354605398794766
medium,0.51,0,0.8778199688837357,0.008914129778183955
medium,0.51,0,0.8851059087363471,0.05320440033616214
medium,0.51,0,0.8923228878546825,0.016109630944770248
medium,0.51,0,0.899064021778312,0.0603685057941321
medium,0.51,0,0.9057359315488651,0.022879926217745483
medium,0.51,0,0.9119338068593297,0.06594521639616613
medium,0.51,0,0.9180627214355187,0.029288147221049
medium,0.51,0,0.9237230199747206,0.07036270599959649
medium,0.51,0,0.929315146031276,0.035488175273171274
medium,0.51,0,0.9344476409249425,0.07424759522803803
medium,0.51,0,0.9395132704213486,0.04161713697169456
medium,0.51,0,0.944131751699647,0.07814480044089511
medium,0.51,0,0.9486851835521187,0.04776349432207838
medium,0.51,0,0.9528073531991978,0.08240215612765533
medium,0.51,0,0.9568667844572917,0.05399276014385068
medium,0.51,0,0.9605141216884964,0.08716105014295572
medium,0.51,0,0.9641015090445808,0.0603480419475586
medium,0.51,0,0.96729910683665,0.09242814493621088
medium,0.51,0,0.9704399995222117,0.0668534507282732
medium,0.51,0,0.9732163736405794,0.09815173308020131
medium,0.51,0,0.975939718981152,0.0735198021366198
medium,0.51,0,0.9783265909577485,0.10425852225463195
medium,0.51,0,0.9806645140662822,0.08033254859370598
medium,0.51,0,0.982696569779529,0.11068082040755134
medium,0.51,0,0.9846841290648872,0.08728017474862726
medium,0.51,0,0.9863987547592002,0.11737132684050809
medium,0.51,0,0.9880736751104816,0.09433495601474196
medium,0.51,0,0.9895106728644092,0.12429679183973495
medium,0.51,0,0.9909130585417987,0.10147457581777398
medium,0.51,0,0.9921143433501413,0.13147585572132925
medium,0.51,0,0.9932863727672405,0.10866859990312439
medium,0.51,0,0.9942956535426414,0.13885753473823426
medium,0.51,0,0.9952812582632855,0.11549352007148117
medium,0.51,0,0.9961437051850178,0.14524288046173883
medium,0.51,0,0.9969882355775529,0.11769362419383765
medium,0.51,0,0.9977501363191746,0.13631767106583847
medium,0.51,0,0.998500016412764,0.051302959204298275
medium,0.51,0,0.9992084238649749,0.09281978675510272
medium,0.51,0,0.9999107980347078,-0.14661944249808245
medium,0.51,1,0.0006131722044418839,0.23493868288327668
medium,0.51,1,0.001315546374175295,0.3064759404807119
medium,0.51,1,0.002059393185286955,0.40719546536008944
medium,0.51,1,0.0028092732788760635,0.38291625960282727
medium,0.51,1,0.003641783023378958,0.45432987037408457
medium,0.51,1,0.0044863134159142636,0.4334644336132241
medium,0.51,1,0.005454001607361085,0.48005247029209364
medium,0.51,1,0.006439606328005627,0.455521650628704
medium,0.51,1,0.007587959690346681,0.483359877281578
medium,0.51,1,0.00875998910744499,0.4584734986956248
medium,0.51,1,0.010133119393589698,0.4719464161661679
medium,0.51,1,0.01153550507097829,0.4484891265137566
medium,0.51,1,0.013175813345725188,0.45003131196792084
medium,0.51,1,0.014850733697010563,0.42932030599218374
medium,0.51,1,0.016798587639333493,0.42069434153875823
medium,0.51,1,0.01878614692468766,0.40378879415145963
medium,0.51,1,0.02107957360533249,0.3863595911164043
medium,0.51,1,0.023417496713866042,0.3742404842758752
medium,0.51,1,0.026091893186376353,0.34921411540145264
medium,0.51,1,0.02881523852694931,0.3428376058528698
medium,0.51,1,0.03190310243471709,0.3112055797896389
medium,0.51,1,0.03504399512027921,0.3111396134822333
medium,0.51,1,0.038574677369855315,0.2735032853048074
medium,0.51,1,0.042162064725939113,0.28013483816235063
medium,0.51,1,0.04616154610891296,0.2369357140716265
medium,0.51,1,0.05022097736700725,0.25014652723634645
medium,0.51,1,0.05471167083049399,0.20182674692229052
medium,0.51,1,0.0592651026829652,0.22092307606086722
medium,0.51,1,0.06426568275354456,0.16847104498768817
medium,0.51,1,0.06933131224995114,0.19199092539203755
medium,0.51,1,0.0748565729092462,0.13732207953194442
medium,0.51,1,0.08044869896580165,0.16288634005090752
medium,0.51,1,0.0865094410593438,0.1087819710159692
medium,0.51,1,0.0926383556355324,0.13331411972944585
medium,0.51,1,0.09924130467180627,0.08294434713136534
medium,0.51,1,0.10591321444235595,0.10343269580638781
medium,0.51,1,0.11306096940761821,0.059645399860935526
medium,0.51,1,0.12027794852595743,0.07391820612155076
medium,0.51,1,0.12796896210438238,0.038535971302445016
medium,0.51,1,0.1357289364170827,0.04563452689433711
medium,0.51,1,0.14395752676676996,0.01914529456641778
medium,0.51,1,0.15225428959910342,0.019265600120256132
medium,0.51,1,0.16101068359432558,0.000988089660731828
medium,0.51,1,0.1698339429868079,-0.004853269183870301
medium,0.51,1,0.1791043505973984,-0.01636928539722393
medium,0.51,1,0.18843980763381563,-0.026790575467501302
medium,0.51,1,0.19820652687562554,-0.033441898327833286
medium,0.51,1,0.20803598450642036,-0.047104484739667773
medium,0.51,1,0.21827753616410503,-0.05067448319770329
medium,0.51,1,0.22857903769691035,-0.06600281152694953
medium,0.51,1,0.23927032879372967,-0.06751037959019301
medium,0.51,1,0.25001832499705645,-0.08266174861547304
medium,0.51,1,0.2611308397675778,-0.0826432608114751
medium,0.51,1,0.2722963833158935,-0.09616609710166313
medium,0.51,1,0.28379840022818575,-0.09473146002777821
medium,0.51,1,0.29534936600854067,-0.10515380112216222
medium,0.51,1,0.3072061991841866,-0.10168391763528573
medium,0.51,1,0.31910752878772136,-0.10792702622895177
medium,0.51,1,0.33128179198229407,-0.10241915489779951
medium,0.51,1,0.3434957605198985,-0.1052991732620603
medium,0.51,1,0.355947651654859,-0.09871100421949075
medium,0.51,1,0.3684341548663586,-0.09962022953206007
medium,0.51,1,0.3811217589469051,-0.09262558441935265
medium,0.51,1,0.39383861841869566,-0.09253366262747331
medium,0.51,1,0.40671822653218276,-0.08549185272712667
medium,0.51,1,0.41962151070042714,-0.08505245722793786
medium,0.51,1,0.43264795266758344,-0.07812093246696894
medium,0.51,1,0.44569231116393726,-0.07745226944716221
medium,0.51,1,0.4588192993112044,-0.07052330952784658
medium,0.51,1,0.47195830810650397,-0.06952893808635263
medium,0.51,1,0.48513878954318224,-0.0625157973676369
medium,0.51,1,0.4983253042623377,-0.06122789542912499
medium,0.51,1,0.5115118189814932,-0.05407081207889152
medium,0.51,1,0.5246983337006482,-0.052584346306632
medium,0.51,1,0.5378433757784257,-0.045181756323506184
medium,0.51,1,0.5509823845737255,-0.043703829328060495
medium,0.51,1,0.5640387637181128,-0.03591541121126873
medium,0.51,1,0.5770831222144679,-0.034682830869351644
medium,0.51,1,0.5900043229119086,-0.0263059058756232
medium,0.51,1,0.6029076070801517,-0.025599439000694394
medium,0.51,1,0.6156481426066991,-0.016392016716141322
medium,0.51,1,0.6283650020784897,-0.016536414646474373
medium,0.51,1,0.6408807606812333,-0.0062208033517625605
medium,0.51,1,0.6533672638927333,-0.007608579069905641
medium,0.51,1,0.6656158445068766,0.004120076697732955
medium,0.51,1,0.677829813044481,0.001021868802225101
medium,0.51,1,0.6897708479910465,0.014449034280707982
medium,0.51,1,0.7016721775945803,0.00907947731533365
medium,0.51,1,0.7132676398028244,0.024475480689902462
medium,0.51,1,0.7248186055831798,0.016312767542041917
medium,0.51,1,0.7360330979995583,0.03408662754812597
medium,0.51,1,0.7471986415478743,0.022802611378393345
medium,0.51,1,0.7579996665289909,0.043431699000554436
medium,0.51,1,0.7687476627323128,0.028715708785674646
medium,0.51,1,0.7791058693716273,0.05254400731382525
medium,0.51,1,0.7894073709044362,0.03407809230225223
medium,0.51,1,0.7992967784103524,0.061294730054878836
medium,0.51,1,0.8091262360411483,0.03884851237988052
medium,0.51,1,0.8185244314665496,0.06949646688124889
medium,0.51,1,0.8278598885029654,0.043034831087546244
medium,0.51,1,0.8367481973212764,0.07698652417227714
medium,0.51,1,0.8455714567137613,0.04674443863519029
medium,0.51,1,0.8539350849433556,0.08361605025901941
medium,0.51,1,0.8622318477756891,0.050106497913149695
medium,0.51,1,0.8700599945710358,0.08920347770601234
medium,0.51,1,0.8778199688837357,0.05323814320186415
medium,0.51,1,0.8851059087363475,0.09358448289889565
medium,0.51,1,0.8923228878546834,0.05622644896683137
medium,0.51,1,0.8990640217783125,0.09665845827096675
medium,0.51,1,0.9057359315488656,0.05909888337164871
medium,0.51,1,0.9119338068593301,0.0985070097746148
medium,0.51,1,0.9180627214355187,0.06189993026801954
medium,0.51,1,0.9237230199747202,0.09952555484189052
medium,0.51,1,0.929315146031276,0.0647584865523434
medium,0.51,1,0.9344476409249425,0.10029979063051031
medium,0.51,1,0.9395132704213486,0.06779021559265952
medium,0.51,1,0.9441317516996475,0.10133780568937067
medium,0.51,1,0.9486851835521187,0.071067844604781
medium,0.51,1,0.9528073531991978,0.10295731423201539
medium,0.51,1,0.9568667844572917,0.07464369582114316
medium,0.51,1,0.9605141216884964,0.10527761339659081
medium,0.51,1,0.9641015090445799,0.07854947865562445
medium,0.51,1,0.96729910683665,0.10829014073388465
medium,0.51,1,0.9704399995222122,0.08279922426937825
medium,0.51,1,0.9732163736405794,0.11193213127923941
medium,0.51,1,0.975939718981152,0.08739381035037386
medium,0.51,1,0.9783265909577485,0.11612152799990982
medium,0.51,1,0.9806645140662822,0.09230907948158651
medium,0.51,1,0.9826965697795281,0.12078218187292356
medium,0.51,1,0.984684129064885,0.09752196461354723
medium,0.51,1,0.9863987547591994,0.12585670183743858
medium,0.51,1,0.9880736751104812,0.10299052701893219
medium,0.51,1,0.9895106728644092,0.1312985858152219
medium,0.51,1,0.9909130585417987,0.10867301038496491
medium,0.51,1,0.9921143433501413,0.13710490276225107
medium,0.51,1,0.9932863727672405,0.11450982838868262
medium,0.51,1,0.9942956535426414,0.14318749069003922
medium,0.51,1,0.9952812582632855,0.12003919483556014
medium,0.51,1,0.9961437051850178,0.14827566679317417
medium,0.51,1,0.9969882355775529,0.1209706286122978
medium,0.51,1,0.9977501363191742,0.13797495835133688
medium,0.51,1,0.9985000164127635,0.05344528816940831
medium,0.51,1,0.9992084238649744,0.09341362010493504
medium,0.51,1,0.9999107980347078,-0.14661944249808245
fine,0.51,0,0.0003769362267073388,-0.03765627939903182
fine,0.51,0,0.0008422492349858611,-0.16003342759862527
fine,0.51,0,0.0013189767238955385,-0.3729691837875426
fine,0.51,0,0.0017983804614377266,-0.3614421289830614
fine,0.51,0,0.002300574537251744,-0.5241277151700234
fine,0.51,0,0.0028081120547533305,-0.4944884692841578
fine,0.51,0,0.0033497386528767285,-0.5806922357258142
fine,0.51,0,0.0038993578052271384,-0.5533906575024083
fine,0.51,0,0.004494249433891626,-0.6242085026102719
fine,0.51,0,0.005099755685049032,-0.5955489823246751
fine,0.51,0,0.005761564620484598,-0.6579988859219104
fine,0.51,0,0.006436574330156183,-0.6264145627567952
fine,0.51,0,0.007178726421607069,-0.6847246883946791
fine,0.51,0,0.007936620771796113,-0.6491510383776029
fine,0.51,0,0.008772270012699507,-0.7059020488310903
fine,0.51,0,0.00962614973002284,-0.6655986729107004
fine,0.51,0,0.010568133749057428,-0.7223026404466764
fine,0.51,0,0.011530774776031727,-0.676640926915808
fine,0.51,0,0.012591571398649245,-0.7340115465360944
fine,0.51,0,0.01367538166395072,-0.6826717452196907
fine,0.51,0,0.01486706669135813,-0.7411696780499353
fine,0.51,0,0.016084044125311135,-0.6843601041328364
fine,0.51,0,0.017418250473786444,-0.7448313879746398
fine,0.51,0,0.01877994241117173,-0.6832137931761433
fine,0.51,0,0.020267820749956512,-0.7464447612660845
fine,0.51,0,0.021785284857483215,-0.680045966457506
fine,0.51,0,0.02343746587844835,-0.7451661093788617
fine,0.51,0,0.025121232739110988,-0.6734604093640526
fine,0.51,0,0.0269477911858587,-0.7400538638364786
fine,0.51,0,0.028807828666776312,-0.6647007682486104
fine,0.51,0,0.030818249244898316,-0.7330542522570558
fine,0.51,0,0.03286392876920821,-0.655009347188164
fine,0.51,0,0.03506707405304395,-0.7241968622981316
fine,0.51,0,0.037307138889972745,-0.6448883163625962
fine,0.51,0,0.03971121933446277,-0.7137986400449365
fine,0.51,0,0.04215375501486977,-0.63528606480256
fine,0.51,0,0.04476630117397562,-0.7024874325696651
fine,0.51,0,0.04741870813147699,-0.6271804734924682
fine,0.51,0,0.05024654517716985,-0.690767148658656
fine,0.51,0,0.0531155137074131,-0.621171222402354
fine,0.51,0,0.05616473833545335,-0.6788884963296755
fine,0.51,0,0.05925622595827445,-0.6172996399217121
fine,0.51,0,0.06253218575892219,-0.6668553633707073
fine,0.51,0,0.06585139705998484,-0.6150679838794757
fine,0.51,0,0.06935867242344708,-0.6545532180422415
fine,0.51,0,0.07291004144357194,-0.6136542016036883
fine,0.51,0,0.07665243006141248,-0.6419301601775229
fine,0.51,0,0.08043960529318676,-0.6122342931920113
fine,0.51,0,0.0844201093081403,-0.6291427549341859
fine,0.51,0,0.0884459413505739,-0.6102309006974231
fine,0.51,0,0.09266675719824395,-0.6165293999610293
fine,0.51,0,0.09693328911124435,-0.6073172489561773
fine,0.51,0,0.10139580008806262,-0.6043954159374783
fine,0.51,0,0.10590426047936685,-0.6032759719728389
fine,0.51,0,0.11060903206195397,-0.5929165316447225
fine,0.51,0,0.11535983092990898,-0.5980803320073567
fine,0.51,0,0.12030660886168232,-0.5822228006602888
fine,0.51,0,0.1252993362079414,-0.5918260550770873
fine,0.51,0,0.13048704735943734,-0.5723148639466729
fine,0.51,0,0.135720474576263,-0.5846685817640127
fine,0.51,0,0.14114723057626766,-0.5631170870018458
fine,0.51,0,0.14661931460375263,-0.5768153437953394
fine,0.51,0,0.15228241822895375,-0.5545197546375626
fine,0.51,0,0.15799030846808884,-0.5684943379530865
fine,0.51,0,0.16388626276962218,-0.5464023423197899
fine,0.51,0,0.16982631072781768,-0.5599367758471918
fine,0.51,0,0.17595083086384095,-0.5386812507715943
fine,0.51,0,0.18211860250027934,-0.5514112888433731
fine,0.51,0,0.18846663023451493,-0.5314111415620253
fine,0.51,0,0.1948569209635312,-0.5433100451210926
fine,0.51,0,0.20142264178073868,-0.5248891900200079
fine,0.51,0,0.20802949408249635,-0.536124443233519
fine,0.51,0,0.21480635686295285,-0.519332655421417
fine,0.51,0,0.22162308044180512,-0.5297782595339662
fine,0.51,0,0.2286038196282186,-0.5142211028458348
fine,0.51,0,0.23562301405054906,-0.5234907336264243
fine,0.51,0,0.24279967423240537,-0.5087303976930264
fine,0.51,0,0.2500132539673545,-0.51665598576847
fine,0.51,0,0.2573772167995085,-0.5024490241895767
fine,0.51,0,0.26477643857785016,-0.5089193712789708
fine,0.51,0,0.27231845194227733,-0.49498912789446425
fine,0.51,0,0.27989394434087417,-0.4996747231478185
fine,0.51,0,0.287604153652909,-0.4855546955655794
fine,0.51,0,0.2953459488046411,-0.48788210305163754
fine,0.51,0,0.3032139303577725,-0.4730234833282861
fine,0.51,0,0.3111114976796456,-0.4725700308615885
fine,0.51,0,0.31912629391604297,-0.4567932294919852
fine,0.51,0,0.3271685757413508,-0.45392044896787787
fine,0.51,0,0.3353187323287634,-0.43785103883457316
fine,0.51,0,0.34349418132272164,-0.4337160546292864
fine,0.51,0,0.35176778591232155,-0.4179111607745736
fine,0.51,0,0.3600644041446054,-0.4129529951041458
fine,0.51,0,0.3684491266786016,-0.3975103775043758
fine,0.51,0,0.3768545062205373,-0.39203103469701683
fine,0.51,0,0.3853376406531876,-0.37719939969396954
fine,0.51,0,0.3938390055622576,-0.37154641040320757
fine,0.51,0,0.4024075128531069,-0.3575603425195202
fine,0.51,0,0.4109917624026945,-0.3518633169185563
fine,0.51,0,0.4196323146365595,-0.3387891568561987
fine,0.51,0,0.4282860676446611,-0.3330161302876411
fine,0.51,0,0.4369850931290773,-0.32082475360945617
fine,0.51,0,0.44569473323598635,-0.31485893708950763
fine,0.51,0,0.45443846242351704,-0.3034738046713146
fine,0.51,0,0.4631901841652749,-0.2972097320147662
fine,0.51,0,0.47196469624530396,-0.2865689349273117
fine,0.51,0,0.480744551767021,-0.27999332931346554
fine,0.51,0,0.4895358217693684,-0.2700781960339984
fine,0.51,0,0.4983297680203487,-0.26324690502509873
fine,0.51,0,0.5071237142713292,-0.2539893970655034
fine,0.51,0,0.5159176605223097,-0.24689428883114894
fine,0.51,0,0.5247001922926593,-0.23821737746513838
fine,0.51,0,0.5334800478143764,-0.23093868898523762
fine,0.51,0,0.5422371129978218,-0.22279665895354284
fine,0.51,0,0.5509888347395797,-0.21540233305110632
fine,0.51,0,0.5597064674007156,-0.20771643496112535
fine,0.51,0,0.5684161075076242,-0.20026779389222815
fine,0.51,0,0.577080475138219,-0.1929526252077367
fine,0.51,0,0.5857342281463206,-0.18552658171684278
fine,0.51,0,0.5943316784701446,-0.17849371272074377
fine,0.51,0,0.602915928019732,-0.17117943188956608
fine,0.51,0,0.6114330351875403,-0.16432622047357603
fine,0.51,0,0.6199344000966108,-0.15722382871083584
fine,0.51,0,0.6283580101149663,-0.15043011399054484
fine,0.51,0,0.6367633896569019,-0.1436612273524125
fine,0.51,0,0.6450806648971263,-0.13679870783624493
fine,0.51,0,0.6533772831294109,-0.1305270578364064
fine,0.51,0,0.6615757457660528,-0.12344561020925361
fine,0.51,0,0.6697511947600107,-0.11785612303769642
fine,0.51,0,0.677818768991861,-0.1103660795436754
fine,0.51,0,0.685861050817165,-0.1056818306494882
fine,0.51,0,0.6937861037279507,-0.09761543260852346
fine,0.51,0,0.7016836710498269,-0.09415712328621839
fine,0.51,0,0.7094550519703017,-0.08532332753654415
fine,0.51,0,0.7171968471220341,-0.08333983773409082
fine,0.51,0,0.7248039253603283,-0.07344925789312362
fine,0.51,0,0.7323794177589253,-0.07312941612853008
fine,0.51,0,0.7398121185714369,-0.0618507441421845
fine,0.51,0,0.747211340349779,-0.06339841182676409
fine,0.51,0,0.754460179030916,-0.05039992264272786
fine,0.51,0,0.7616737587658654,-0.0540763886818707
fine,0.51,0,0.7687298727412896,-0.039031286532763776
fine,0.51,0,0.7757490671636215,-0.045152049586302034
fine,0.51,0,0.7826042459783897,-0.027728576207555644
fine,0.51,0,0.7894209695572407,-0.036636319791676364
fine,0.51,0,0.7960676826573941,-0.01650162348939932
fine,0.51,0,0.8026745349591526,-0.02855345413381594
fine,0.51,0,0.8091059571727188,-0.005391253092945414
fine,0.51,0,0.815496247901735,-0.020936653996504795
fine,0.51,0,0.821706282532953,0.005557536814120301
fine,0.51,0,0.8278740541693904,-0.013783401621191071
fine,0.51,0,0.833857353628002,0.01631495115417092
fine,0.51,0,0.8397974015862,-0.007089971787971327
fine,0.51,0,0.845549385481997,0.026814174789495215
fine,0.51,0,0.8512572757211313,-0.0008734435576740474
fine,0.51,0,0.8567741463625497,0.036956295976044884
fine,0.51,0,0.8622462303900343,0.004848538769548161
fine,0.51,0,0.8675249856343406,0.0466253337024326
fine,0.51,0,0.8727584128511666,0.01007114594367664
fine,0.51,0,0.8777968562627554,0.05569134567347978
fine,0.51,0,0.8827895836090152,0.014804254390104798
fine,0.51,0,0.8875863318914524,0.06400921388181458
fine,0.51,0,0.8923371307594036,0.019070635223628396
fine,0.51,0,0.8968916184360778,0.0714223382123158
fine,0.51,0,0.9014000788273858,0.02290246761376602
fine,0.51,0,0.9057125601548727,0.07777708865446831
fine,0.51,0,0.9099790920678725,0.026348287014915872
fine,0.51,0,0.9140506401756365,0.08297198042854226
fine,0.51,0,0.9180764722180702,0.02951316541420124
fine,0.51,0,0.9219089754773243,0.08698756651928519
fine,0.51,0,0.9256961507090988,0.03250922923283839
fine,0.51,0,0.9292923063431576,0.08985253781722213
fine,0.51,0,0.9328436753632825,0.035414441390562046
fine,0.51,0,0.9362069803210072,0.09167466513610711
fine,0.51,0,0.9395261916220695,0.038286283588524817
fine,0.51,0,0.9426609307453062,0.09266983417269292
fine,0.51,0,0.9457524183681275,0.04117096820830113
fine,0.51,0,0.9486636498931509,0.09314613505894576
fine,0.51,0,0.9515326184233944,0.04410555810652528
fine,0.51,0,0.9542261568654459,0.09344776266896204
fine,0.51,0,0.9568785638229476,0.04712072464382688
fine,0.51,0,0.9593609603017502,0.09388221006761788
fine,0.51,0,0.9618034959821578,0.05024230642678784
fine,0.51,0,0.9640820160550021,0.09466742818659135
fine,0.51,0,0.9663220808919292,0.053492160346076956
fine,0.51,0,0.9684046799693332,0.09592011531736466
fine,0.51,0,0.9704503594936449,0.056888573512240304
fine,0.51,0,0.9723456559207502,0.09767593342173819
fine,0.51,0,0.9742056934016674,0.060446174130598274
fine,0.51,0,0.9759229392964994,0.09991810687892988
fine,0.51,0,0.977606706157162,0.06417196379354917
fine,0.51,0,0.9791557561043863,0.10259994543504526
fine,0.51,0,0.9806732202119135,0.06806388355422177
fine,0.51,0,0.9820644979180408,0.10567488138279757
fine,0.51,0,0.9834261898554257,0.07213261929233972
fine,0.51,0,0.9846706528782887,0.10910561891552661
fine,0.51,0,0.9858876303122419,0.0763784223582199
fine,0.51,0,0.9869967329840885,0.11285001220434643
fine,0.51,0,0.9880805432493895,0.08079748149912513
fine,0.51,0,0.9890661979190487,0.11689077003789729
fine,0.51,0,0.9900288389460237,0.08540796715401144
fine,0.51,0,0.9909033756712872,0.12124176183245715
fine,0.51,0,0.9917572553886107,0.09025153402416908
fine,0.51,0,0.9925333802152202,0.1259483321411875
fine,0.51,0,0.9932912745654094,0.09539889733430718
fine,0.51,0,0.993982026533819,0.13109768825456714
fine,0.51,0,0.9946570362434897,0.10096532095302313
fine,0.51,0,0.995275743268884,0.13682708795160392
fine,0.51,0,0.9958812495200423,0.10709608836058948
fine,0.51,0,0.9964414832948851,0.14321596896434807
fine,0.51,0,0.9969911024472353,0.11359709021506627
fine,0.51,0,0.9975066325189638,0.14917547403219356
fine,0.51,0,0.9980141700364649,0.11648427887024426
fine,0.51,0,0.9984989172156951,0.14104202420354772
fine,0.51,0,0.9989783209532372,0.05451754403609699
fine,0.51,0,0.9994463102101492,0.09942109738674809
fine,0.51,0,0.9999116232184282,-0.1393163815107794
fine,0.51,1,0.0003769362267073388,0.2280111380375719
fine,0.51,1,0.0008422492349858611,0.25789948606523705
fine,0.51,1,0.0013189767238955385,0.37995216859103187
fine,0.51,1,0.0017983804614377266,0.3313840593902473
fine,0.51,1,0.002300574537251744,0.4198225857828517
fine,0.51,1,0.0028081120547533305,0.3859961287699406
fine,0.51,1,0.0033497386528767285,0.4583766726268642
fine,0.51,1,0.0038993578052271384,0.42271418123458465
fine,0.51,1,0.004494249433891626,0.47930717199425854
fine,0.51,1,0.005099755685049032,0.4444043999214005
fine,0.51,1,0.005761564620484152,0.48874489953323047
fine,0.51,1,0.006436574330156183,0.45601435917706756
fine,0.51,1,0.0071787264216068465,0.4897750290766527
fine,0.51,1,0.00793662077179589,0.4601291608923336
fine,0.51,1,0.008772270012699283,0.4842178650829682
fine,0.51,1,0.009626149730022618,0.4583608312143306
fine,0.51,1,0.010568133749057428,0.47332090006336586
fine,0.51,1,0.011530774776031951,0.4518723488570248
fine,0.51,1,0.012591571398649245,0.45808086529577935
fine,0.51,1,0.01367538166395072,0.44161403195906535
fine,0.51,1,0.014867066691358354,0.43937869279958663
fine,0.51,1,0.016084044125311583,0.4284014275016845
fine,0.51,1,0.017418250473786444,0.41795967975713666
fine,0.51,1,0.018779942411171507,0.4128932662336224
fine,0.51,1,0.020267820749956512,0.39439888684364754
fine,0.51,1,0.021785284857483437,0.3956844030339267
fine,0.51,1,0.02343746587844835,0.3694003395387182
fine,0.51,1,0.025121232739110988,0.37748781696081746
fine,0.51,1,0.0269477911858587,0.3437703025639054
fine,0.51,1,0.028807828666776312,0.35861697453803987
fine,0.51,1,0.030818249244898316,0.3178087815226269
fine,0.51,1,0.03286392876920821,0.3392696183856373
fine,0.51,1,0.03506707405304395,0.292005438810403
fine,0.51,1,0.03730713888997252,0.319519410062438
fine,0.51,1,0.03971121933446255,0.266733238947087
fine,0.51,1,0.04215375501486977,0.2991996336923427
fine,0.51,1,0.04476630117397562,0.24220795027344033
fine,0.51,1,0.04741870813147699,0.27799419271154213
fine,0.51,1,0.05024654517717008,0.21856617448551383
fine,0.51,1,0.053115513707413325,0.2556002928241575
fine,0.51,1,0.056164738335453795,0.19591499029542037
fine,0.51,1,0.05925622595827467,0.23189850178572924
fine,0.51,1,0.06253218575892242,0.17436059560750128
fine,0.51,1,0.06585139705998506,0.2070612823307696
fine,0.51,1,0.06935867242344732,0.15399622381626343
fine,0.51,1,0.07291004144357194,0.18154110022803416
fine,0.51,1,0.07665243006141248,0.13485575476359823
fine,0.51,1,0.08043960529318676,0.15593888930937094
fine,0.51,1,0.0844201093081403,0.11685907154951591
fine,0.51,1,0.0884459413505739,0.13083690418115146
fine,0.51,1,0.09266675719824417,0.09981199557939058
fine,0.51,1,0.09693328911124435,0.10671168479883852
fine,0.51,1,0.10139580008806284,0.08349655425906444
fine,0.51,1,0.10590426047936685,0.08393499187435327
fine,0.51,1,0.11060903206195419,0.06774134184809733
fine,0.51,1,0.11535983092990944,0.06271603759923317
fine,0.51,1,0.12030660886168276,0.05240603837704194
fine,0.51,1,0.12529933620794162,0.04313270654375834
fine,0.51,1,0.13048704735943734,0.03743388914603507
fine,0.51,1,0.135720474576263,0.025166994019468758
fine,0.51,1,0.14114723057626766,0.022833545585750126
fine,0.51,1,0.14661931460375263,0.008722965453571763
fine,0.51,1,0.15228241822895375,0.00865363769253702
fine,0.51,1,0.15799030846808884,-0.006345319782710135
fine,0.51,1,0.16388626276962218,-0.005038922315866223
fine,0.51,1,0.1698263107278179,-0.02021453165682452
fine,0.51,1,0.17595083086384117,-0.01819461377381182
fine,0.51,1,0.18211860250027934,-0.03310253947732278
fine,0.51,1,0.18846663023451493,-0.030848227404701056
fine,0.51,1,0.1948569209635312,-0.04531271960805183
fine,0.51,1,0.20142264178073868,-0.04319451953267994
fine,0.51,1,0.20802949408249635,-0.05722048165527927
fine,0.51,1,0.21480635686295285,-0.05542377086548056
fine,0.51,1,0.22162308044180512,-0.06887386104168791
fine,0.51,1,0.22860381962821838,-0.06730222832266142
fine,0.51,1,0.23562301405054906,-0.07988571705191672
fine,0.51,1,0.24279967423240514,-0.0783719836110397
fine,0.51,1,0.2500132539673545,-0.0899402714752715
fine,0.51,1,0.2573772167995085,-0.08839505947207416
fine,0.51,1,0.26477643857785016,-0.09883736978578583
fine,0.51,1,0.27231845194227733,-0.09713382171577734
fine,0.51,1,0.27989394434087417,-0.10618722312366202
fine,0.51,1,0.287604153652909,-0.10406225878012677
fine,0.51,1,0.2953459488046411,-0.111283078450936
fine,0.51,1,0.3032139303577725,-0.10838302859200956
fine,0.51,1,0.3111114976796456,-0.11341935899048416
fine,0.51,1,0.31912629391604297,-0.10957591776288124
fine,0.51,1,0.3271685757413508,-0.11263453627998588
fine,0.51,1,0.3353187323287634,-0.10818026995307806
fine,0.51,1,0.34349418132272164,-0.11007281916349411
fine,0.51,1,0.35176778591232155,-0.10532752833787962
fine,0.51,1,0.3600644041446054,-0.10637653522846334
fine,0.51,1,0.3684491266786016,-0.10139117878868698
fine,0.51,1,0.3768545062205373,-0.10182481805150045
fine,0.51,1,0.3853376406531876,-0.09677699386859806
fine,0.51,1,0.3938390055622576,-0.0968602459877197
fine,0.51,1,0.4024075128531069,-0.09194313961710043
fine,0.51,1,0.4109917624026945,-0.09178098785671729
fine,0.51,1,0.4196323146365595,-0.08708716777220205
fine,0.51,1,0.4282860676446611,-0.0866615409699214
fine,0.51,1,0.4369850931290773,-0.0822200503566135
fine,0.51,1,0.44569473323598635,-0.0814454853250457
fine,0.51,1,0.45443846242351704,-0.07724621990545466
fine,0.51,1,0.4631901841652749,-0.07604473141059698
fine,0.51,1,0.47196469624530396,-0.07207820554285527
fine,0.51,1,0.480744551767021,-0.07044514711621708
fine,0.51,1,0.4895358217693684,-0.06672443571262954
fine,0.51,1,0.4983297680203491,-0.06471309055999175
fine,0.51,1,0.5071237142713292,-0.061208239879799294
fine,0.51,1,0.5159176605223093,-0.05882266461193231
fine,0.51,1,0.5247001922926591,-0.05549110359852216
fine,0.51,1,0.5334800478143762,-0.05280753862993337
fine,0.51,1,0.5422371129978218,-0.04962632616752982
fine,0.51,1,0.5509888347395797,-0.046712586994806404
fine,0.51,1,0.5597064674007156,-0.043630738274806236
fine,0.51,1,0.5684161075076242,-0.04055006009619966
fine,0.51,1,0.5770804751382188,-0.03750830971551311
fine,0.51,1,0.5857342281463206,-0.03433749856257551
fine,0.51,1,0.5943316784701448,-0.031271263209977196
fine,0.51,1,0.6029159280197325,-0.028098564351521697
fine,0.51,1,0.6114330351875408,-0.024928861183004303
fine,0.51,1,0.6199344000966113,-0.02185284975335211
fine,0.51,1,0.6283580101149667,-0.01848305938541328
fine,0.51,1,0.6367633896569024,-0.015622139323519857
fine,0.51,1,0.6450806648971266,-0.01194515790072126
fine,0.51,1,0.6533772831294113,-0.009455818232516178
fine,0.51,1,0.661575745766053,-0.0053427585276213385
fine,0.51,1,0.6697511947600107,-0.003402382436161533
fine,0.51,1,0.677818768991865,0.0013121959397295324
fine,0.51,1,0.6858610508171741,0.0024909605177826366
fine,0.51,1,0.6937861037279569,0.007957697070926861
fine,0.51,1,0.7016836710498282,0.008074814712841993
fine,0.51,1,0.7094550519703021,0.014464379530828464
fine,0.51,1,0.7171968471220341,0.01328020386281481
fine,0.51,1,0.7248039253603288,0.02084619211614125
fine,0.51,1,0.7323794177589256,0.018173265169708852
fine,0.51,1,0.7398121185714369,0.027207757000752064
fine,0.51,1,0.747211340349779,0.022845838173856436
fine,0.51,1,0.754460179030916,0.033645691462547256
fine,0.51,1,0.7616737587658654,0.027342901831315047
fine,0.51,1,0.7687298727412891,0.040205153491149836
fine,0.51,1,0.7757490671636206,0.031660274871995964
fine,0.51,1,0.782604245978388,0.046889626412393026
fine,0.51,1,0.7894209695572381,0.035775449568253403
fine,0.51,1,0.7960676826573924,0.05367965085380344
fine,0.51,1,0.8026745349591513,0.039655149950479696
fine,0.51,1,0.8091059571727184,0.06052841841682499
fine,0.51,1,0.815496247901735,0.04325889663162108
fine,0.51,1,0.8217062825329516,0.06738461987223887
fine,0.51,1,0.8278740541693878,0.04657854800790717
fine,0.51,1,0.8338573536280006,0.07421066789986763
fine,0.51,1,0.8397974015861995,0.04960826834193799
fine,0.51,1,0.845549385481997,0.08093645796168725
fine,0.51,1,0.8512572757211313,0.052325108995479375
fine,0.51,1,0.8567741463625501,0.08746298449989831
fine,0.51,1,0.8622462303900352,0.05470720087351943
fine,0.51,1,0.867524985634341,0.09367564695284036
fine,0.51,1,0.8727584128511666,0.05674589900608129
fine,0.51,1,0.8777968562627554,0.09944691741221012
fine,0.51,1,0.8827895836090152,0.05844784289091032
fine,0.51,1,0.8875863318914529,0.10463521563073941
fine,0.51,1,0.8923371307594045,0.05983292834547138
fine,0.51,1,0.8968916184360782,0.10908800507032501
fine,0.51,1,0.9014000788273854,0.060930627833241324
fine,0.51,1,0.9057125601548722,0.11265522565291142
fine,0.51,1,0.9099790920678725,0.06178559922049198
fine,0.51,1,0.9140506401756365,0.11523498287943224
fine,0.51,1,0.9180764722180702,0.06249457467265406
fine,0.51,1,0.9219089754773243,0.11680315541849606
fine,0.51,1,0.9256961507090988,0.06316063289773455
fine,0.51,1,0.9292923063431576,0.11738377573092884
fine,0.51,1,0.9328436753632825,0.06385519209001655
fine,0.51,1,0.9362069803210072,0.11707884506152555
fine,0.51,1,0.9395261916220704,0.06463023640291043
fine,0.51,1,0.9426609307453062,0.11609565368358941
fine,0.51,1,0.9457524183681275,0.06552719954697217
fine,0.51,1,0.9486636498931509,0.11473103761586169
fine,0.51,1,0.9515326184233944,0.06657888183407246
fine,0.51,1,0.9542261568654459,0.11331584790262306
fine,0.51,1,0.9568785638229476,0.06781194704562943
fine,0.51,1,0.9593609603017502,0.11214397538175046
fine,0.51,1,0.9618034959821578,0.06924856877948216
fine,0.51,1,0.9640820160550053,0.11142118411869549
fine,0.51,1,0.9663220808919363,0.07090704716058494
fine,0.51,1,0.9684046799693381,0.11125431905118988
fine,0.51,1,0.9704503594936458,0.0728023455438962
fine,0.51,1,0.9723456559207506,0.11167158467050653
fine,0.51,1,0.9742056934016678,0.07494560068010081
fine,0.51,1,0.9759229392964999,0.1126507137062591
fine,0.51,1,0.9776067061571625,0.07734068303616948
fine,0.51,1,0.9791557561043868,0.11414108865560224
fine,0.51,1,0.9806732202119135,0.07998211505428365
fine,0.51,1,0.9820644979180408,0.116092300030046
fine,0.51,1,0.9834261898554266,0.0828764833565695
fine,0.51,1,0.9846706528782891,0.11846362794566322
fine,0.51,1,0.9858876303122419,0.0860199147303522
fine,0.51,1,0.9869967329840885,0.12120962378157983
fine,0.51,1,0.9880805432493891,0.08940396953680707
fine,0.51,1,0.9890661979190487,0.1243084872467135
fine,0.51,1,0.9900288389460241,0.09304028986969048
fine,0.51,1,0.9909033756712872,0.1277684531963178
fine,0.51,1,0.9917572553886107,0.09696317321223236
fine,0.51,1,0.9925333802152202,0.13162745606722748
fine,0.51,1,0.9932912745654094,0.10123247683003367
fine,0.51,1,0.993982026533819,0.13596232381622264
fine,0.51,1,0.9946570362434901,0.10595088550261256
fine,0.51,1,0.995275743268884,0.14089640549566074
fine,0.51,1,0.9958812495200419,0.11124577981222837
fine,0.51,1,0.9964414832948851,0.14648464018835683
fine,0.51,1,0.9969911024472353,0.11690135312045959
fine,0.51,1,0.9975066325189638,0.15159640678974362
fine,0.51,1,0.9980141700364658,0.1189220751250587
fine,0.51,1,0.9984989172156955,0.14253482452156985
fine,0.51,1,0.9989783209532377,0.056169875964311104
fine,0.51,1,0.9994463102101492,0.10014400907905363
fine,0.51,1,0.9999116232184282,-0.1393163815107794
