side_0_upper,reference_x_c,reference_z_c,nearest_CAD_x_c,nearest_CAD_z_c,distance_mm
0.000000000000000000e+00,0.000000000000000000e+00,7.698697823589473860e-06,6.272257710983411811e-09,7.698692713472781406e-06,3.122581815164536751e-06
0.000000000000000000e+00,1.542117760516825697e-05,4.395727881587360014e-05,3.582296622640551267e-08,4.396981353003548404e-05,7.659447495479219069e-03
0.000000000000000000e+00,6.168375916970614270e-05,1.523600064724542845e-04,6.348866512811059001e-07,1.530155222955410430e-04,3.039432270211705339e-02
0.000000000000000000e+00,1.387848909997213553e-04,3.317942403240333534e-04,4.212559746877905182e-06,3.358892458827199149e-04,6.702650015782965487e-02
0.000000000000000000e+00,2.467198171341999924e-04,5.804268201942759837e-04,1.463453104069228444e-05,5.920149700680576478e-04,1.156852750058894874e-01
0.000000000000000000e+00,3.854818796385495183e-04,8.957355398675020909e-04,3.767855737293874494e-05,9.264860092437791558e-04,1.738258405964880904e-01
0.000000000000000000e+00,5.550625190149927057e-04,1.274552440637812022e-03,8.008429213824773006e-05,1.334533600893469257e-03,2.383411563771527797e-01
0.000000000000000000e+00,7.554512747310337950e-04,1.713118166574435905e-03,1.493955408387895539e-04,1.812275727113060860e-03,3.057304202903536328e-01
0.000000000000000000e+00,9.866357858642205159e-04,2.207146422981390906e-03,2.563099151391563780e-04,2.366882099823978784e-03,3.721803906631290237e-01
0.000000000000000000e+00,1.248601791864978328e-03,2.751897391320675627e-03,4.075601046954422106e-04,2.981403183748522999e-03,4.340137107807852113e-01
0.000000000000000000e+00,1.541333133436018077e-03,3.342258780396730605e-03,6.123987987605840431e-04,3.653453905527770471e-03,4.877209696548812090e-01
0.000000000000000000e+00,1.864811753529371785e-03,3.972833037467883230e-03,8.770876650077035538e-04,4.372540774211394060e-03,5.304660176680219275e-01
0.000000000000000000e+00,2.219017698460001853e-03,4.638029106655251581e-03,1.201973258620443914e-03,5.119070372567631130e-03,5.601043149757172213e-01
0.000000000000000000e+00,2.603929119136760839e-03,5.332157008037678725e-03,1.586647605483357953e-03,5.881392461773375657e-03,5.755429307737773836e-01
0.000000000000000000e+00,3.019522272410146702e-03,6.049523421527193585e-03,2.032069872083991455e-03,6.655324895027649873e-03,5.767337635271650997e-01
0.000000000000000000e+00,3.465771522536853499e-03,6.784526397334737086e-03,2.530598089263130096e-03,7.425334007642426203e-03,5.643810195241587557e-01
0.000000000000000000e+00,3.942649342761062048e-03,7.531747281782968581e-03,3.077075024802906119e-03,8.185280868007521402e-03,5.399498941716637246e-01
0.000000000000000000e+00,4.450126317012581545e-03,8.286037945537833363e-03,3.666203721136772949e-03,8.931097312112215234e-03,5.054084387678569046e-01
0.000000000000000000e+00,4.988171141721231550e-03,9.042601433047572565e-03,4.295581256914782556e-03,9.663106356666974900e-03,4.629395686431832524e-01
0.000000000000000000e+00,5.556750627747686355e-03,9.797064219030794663e-03,4.955459902893410810e-03,1.037408527436756676e-02,4.148844062143762779e-01
0.000000000000000000e+00,6.155829702431114825e-03,1.054553836205678920e-02,5.646815816157666097e-03,1.106894613864223796e-02,3.634746297148889749e-01
0.000000000000000000e+00,6.785371411752283421e-03,1.128467198830913204e-02,6.364279420878484438e-03,1.174568646089690568e-02,3.108423056933882767e-01
0.000000000000000000e+00,7.445336922613066122e-03,1.201168672209762360e-02,7.104710209486873353e-03,1.240444364674569803e-02,2.588215336473300154e-01
0.000000000000000000e+00,8.135685525232028148e-03,1.272440090501530084e-02,7.869060938688452259e-03,1.304864899935716596e-02,2.089893522000466075e-01
0.000000000000000000e+00,8.856374635655639427e-03,1.342123771413785555e-02,8.655040396904501582e-03,1.367848193116493784e-02,1.626269345848728731e-01
0.000000000000000000e+00,9.607359798384784710e-03,1.410121760249417530e-02,9.462238625276980786e-03,1.429538380629973883e-02,1.206794038085824555e-01
0.000000000000000000e+00,1.038859468911712547e-02,1.476393484321457568e-02,1.029064058702534173e-02,1.490078295834652844e-02,8.378280797687119585e-02
0.000000000000000000e+00,1.120003111760464742e-02,1.540951836314926465e-02,1.114055130341087656e-02,1.549606871243047919e-02,5.228223443972906948e-02
0.000000000000000000e+00,1.204161903062628269e-02,1.603857750305646979e-02,1.201262173853980160e-02,1.608259104329647429e-02,2.623968510687907374e-02
0.000000000000000000e+00,1.291330651507532901e-02,1.665213384023297646e-02,1.290736850246899242e-02,1.666147947188930181e-02,5.512346180817689380e-03
0.000000000000000000e+00,1.381503980116172148e-02,1.725154075608554063e-02,1.382578332388380467e-02,1.723398200747198669e-02,1.024792404199323902e-02
0.000000000000000000e+00,1.474676326572876839e-02,1.783839302583821104e-02,1.476875203025221003e-02,1.780115191013886822e-02,2.153068193433721120e-02
0.000000000000000000e+00,1.570841943568446197e-02,1.841442935038697590e-02,1.573723726962045211e-02,1.836394861683633695e-02,2.893804795756709652e-02
0.000000000000000000e+00,1.669994899154636503e-02,1.898143144112572969e-02,1.673214125060468530e-02,1.892320734183857225e-02,3.312184287590983628e-02
0.000000000000000000e+00,1.772129077110096151e-02,1.954112400708140143e-02,1.775427690501987094e-02,1.947962008279833721e-02,3.474487289181026062e-02
0.000000000000000000e+00,1.877238177317636092e-02,2.009508077943451473e-02,1.880430862419387242e-02,2.003363270664497778e-02,3.447407909649555929e-02
0.000000000000000000e+00,1.985315716152846743e-02,2.064464254081946337e-02,1.988291084287917981e-02,2.058560305248097536e-02,3.291374851113870736e-02
0.000000000000000000e+00,2.096355026884039185e-02,2.119085400486508605e-02,2.099057314868821300e-02,2.113562294651928977e-02,3.061090941089447681e-02
0.000000000000000000e+00,2.210349260083493972e-02,2.173442731424701096e-02,2.212764257499473877e-02,2.168362302619524645e-02,2.800453741899321114e-02
0.000000000000000000e+00,2.327291384049939849e-02,2.227574089189401224e-02,2.329428561280679974e-02,2.222939558950681738e-02,2.540759840432428932e-02
0.000000000000000000e+00,2.447174185242323441e-02,2.281488338855957448e-02,2.449052493498634839e-02,2.277296485580330987e-02,2.286797343550474315e-02
0.000000000000000000e+00,2.569990268724769988e-02,2.335175339642622458e-02,2.571611171331998971e-02,2.331458846561669865e-02,2.018533771328261811e-02
0.000000000000000000e+00,2.695732058622735128e-02,2.388620666881741475e-02,2.697087646672509387e-02,2.385423765437370835e-02,1.728716536924078395e-02
0.000000000000000000e+00,2.824391798590319969e-02,2.441814569573857660e-02,2.825480250911634877e-02,2.439181936039837642e-02,1.418231418025368146e-02
0.000000000000000000e+00,2.955961552288727257e-02,2.494752652258776585e-02,2.956778519299368621e-02,2.492723924929508839e-02,1.088798919960560531e-02
0.000000000000000000e+00,3.090433203875792012e-02,2.547435388120429869e-02,3.090978808502634068e-02,2.546045590109728349e-02,7.433041160948405252e-03
0.000000000000000000e+00,3.227798458506636603e-02,2.599867569653320498e-02,3.228076057861371112e-02,2.599141580198061768e-02,3.869475902483734270e-03
0.000000000000000000e+00,3.368048842845294821e-02,2.652057704884773146e-02,3.368065839584893917e-02,2.652012109867616166e-02,2.422489003403399362e-04
0.000000000000000000e+00,3.511175705587432638e-02,2.704017365033518916e-02,3.510943842261993880e-02,2.704654817324706265e-02,3.376904262212734615e-03
0.000000000000000000e+00,3.657170217993960248e-02,2.755760490405089955e-02,3.656705353557240801e-02,2.757069226440912041e-02,6.914223298954083434e-03
0.000000000000000000e+00,3.806023374435663076e-02,2.807302662269428248e-02,3.805345255305322277e-02,2.809256147677901064e-02,1.029452084932082519e-02
0.000000000000000000e+00,3.957725992948685212e-02,2.858660349433726072e-02,3.956859915866663829e-02,2.861215186582607289e-02,1.342995016853462502e-02
0.000000000000000000e+00,4.112268715800942998e-02,2.909850139211810766e-02,4.111242926815273507e-02,2.912946418172693980e-02,1.623842851738826684e-02
0.000000000000000000e+00,4.269642010069318872e-02,2.960887963498009742e-02,4.268488185926875428e-02,2.964449148859374036e-02,1.863634721247473675e-02
0.000000000000000000e+00,4.429836168227735405e-02,3.011788331676152827e-02,4.428590592903926954e-02,3.015721996407594307e-02,2.054166273438500986e-02
0.000000000000000000e+00,4.592841308745937434e-02,3.062563583130489472e-02,4.591540879517596457e-02,3.066763090387222487e-02,2.188627022846070108e-02
0.000000000000000000e+00,4.758647376699026710e-02,3.113223173172634597e-02,4.757330581221826116e-02,3.117568787070775990e-02,2.260561493582780718e-02
0.000000000000000000e+00,4.927244144387715741e-02,3.163773007254216951e-02,4.925949961135032279e-02,3.168135251414586767e-02,2.265258677547835747e-02
0.000000000000000000e+00,5.098621211969217581e-02,3.214214839396209444e-02,5.097389395972588139e-02,3.218458531509964249e-02,2.199883555916067393e-02
0.000000000000000000e+00,5.272768008098743797e-02,3.264545751830150860e-02,5.271634312842690684e-02,3.268530926134098624e-02,2.062697124252037967e-02
0.000000000000000000e+00,5.449673790581605060e-02,3.314757733910650428e-02,5.448673837095299038e-02,3.318346974127293902e-02,1.854916853752459904e-02
0.000000000000000000e+00,5.629327647035842208e-02,3.364837379419940294e-02,5.628493091934676229e-02,3.367898318845554545e-02,1.579481833145527855e-02
0.000000000000000000e+00,5.811718495565326714e-02,3.414765722440732398e-02,5.811074204577384994e-02,3.417176704931780551e-02,1.242402331350181757e-02
0.000000000000000000e+00,5.996835085443402713e-02,3.464518233020191101e-02,5.996401981463649056e-02,3.466172995640601218e-02,8.515565041591290421e-03
0.000000000000000000e+00,6.184665997806820803e-02,3.514064994882425130e-02,6.184457499353859800e-02,3.514878055026469245e-02,4.178708949253647637e-03
0.000000000000000000e+00,6.375199646360141248e-02,3.563371088466459058e-02,6.375221993434614098e-02,3.563282080366388105e-02,4.568704998341413157e-04
0.000000000000000000e+00,6.568424278090440049e-02,3.612397203567797171e-02,6.568675787790083376e-02,3.611375424779858512e-02,5.238660869044202938e-03
0.000000000000000000e+00,6.764327973992245724e-02,3.661100506841506730e-02,6.764798659112410129e-02,3.659148668079308109e-02,9.995579692676167388e-03
0.000000000000000000e+00,6.962898649802817808e-02,3.709435790379888437e-02,6.963570500930459095e-02,3.706592849314482851e-02,1.454314782727879167e-02
0.000000000000000000e+00,7.164124056747517288e-02,3.757356928504960308e-02,7.164970537994995448e-02,3.753699299829927477e-02,1.869041344313425793e-02
0.000000000000000000e+00,7.367991782295385539e-02,3.804818670812126769e-02,7.368980916083814336e-02,3.800459831337076738e-02,2.225175907811187750e-02
0.000000000000000000e+00,7.574489250924820727e-02,3.851778800218241122e-02,7.575581278140319785e-02,3.846867604590140793e-02,2.504702551434235744e-02
0.000000000000000000e+00,7.783603724899246235e-02,3.898200570819077004e-02,7.784755355417312395e-02,3.892916312276514801e-02,2.692464956289318187e-02
0.000000000000000000e+00,7.995322305052909861e-02,3.944054380537116711e-02,7.996487565526209929e-02,3.938600638742720955e-02,2.776373451821962171e-02
0.000000000000000000e+00,8.209631931586486298e-02,3.989318097091876930e-02,8.210762855122084869e-02,3.983915594269978738e-02,2.747879496037406236e-02
0.000000000000000000e+00,8.426519384872738216e-02,4.033977012961490610e-02,8.427569600314102627e-02,4.028857683046845051e-02,2.601683987495967409e-02
0.000000000000000000e+00,8.645971286271908474e-02,4.078023670248658722e-02,8.646896442428364526e-02,4.073423097583777491e-02,2.336200478756979282e-02
0.000000000000000000e+00,8.867974098957009943e-02,4.121457546230419128e-02,8.868732998002461232e-02,4.117608620358485794e-02,1.953040858500410676e-02
0.000000000000000000e+00,9.092514128748829805e-02,4.164284587565829365e-02,9.093069711976402292e-02,4.161411371056415037e-02,1.456898443817669468e-02
0.000000000000000000e+00,9.319577524960648285e-02,4.206516580883241929e-02,9.319897567418114481e-02,4.204827758613041699e-02,8.557271294881613893e-03
0.000000000000000000e+00,9.549150281252627437e-02,4.248170347237153338e-02,9.549208972797117168e-02,4.247854390639722172e-02,1.599866518959205171e-03
0.000000000000000000e+00,9.781218236495775598e-02,4.289266747715004408e-02,9.780995943788327318e-02,4.290487342891747408e-02,6.176560725785915952e-03
0.000000000000000000e+00,1.001576707564547086e-01,4.329829487287772255e-02,1.001525017465136058e-01,4.332723926421690186e-02,1.463765126296539577e-02
0.000000000000000000e+00,1.025278233062449917e-01,4.369883721993565728e-02,1.025196378395957647e-01,4.374561063266915739e-02,2.363955904590029147e-02
0.000000000000000000e+00,1.049224938121547934e-01,4.409454837606624489e-02,1.049112738010873347e-01,4.415996237277867303e-02,3.304127592877912495e-02
0.000000000000000000e+00,1.073415345596275827e-01,4.448567960593237391e-02,1.073273129243464963e-01,4.457026172056077068e-02,4.269943533519206247e-02
0.000000000000000000e+00,1.097847963308351549e-01,4.487247745323418718e-02,1.097676523088432637e-01,4.497647646860778586e-02,5.247364125207287094e-02
0.000000000000000000e+00,1.122521284138827680e-01,4.525518172576083881e-02,1.122321995941967937e-01,4.537857211762563736e-02,6.222471601779440420e-02
0.000000000000000000e+00,1.147433786121054289e-01,4.563402351566657467e-02,1.147208278755576377e-01,4.577651413400526254e-02,7.182040759662566831e-02
0.000000000000000000e+00,1.172583932534559392e-01,4.600922326568260279e-02,1.172334165115378191e-01,4.617026379253073853e-02,8.113095031800449108e-02
0.000000000000000000e+00,1.197970171999845346e-01,4.638098889219503806e-02,1.197698385413949185e-01,4.655978357685917890e-02,9.003367063694442396e-02
0.000000000000000000e+00,1.223590938574082299e-01,4.674951397631674221e-02,1.223299608087856233e-01,4.694503706186895636e-02,9.841380337124346067e-02
0.000000000000000000e+00,1.249444651847702037e-01,4.711497603425768288e-02,1.249136689823369811e-01,4.732598610724862709e-02,1.061621557325727327e-01
0.000000000000000000e+00,1.275529717041889999e-01,4.747753487845377679e-02,1.275207962769858983e-01,4.770259038420981285e-02,1.131808761389078016e-01
0.000000000000000000e+00,1.301844525106951589e-01,4.783733108104479270e-02,1.301511920327804162e-01,4.807480921312139166e-02,1.193800416673658216e-01
0.000000000000000000e+00,1.328387452821572778e-01,4.819448455140194765e-02,1.328046998599632100e-01,4.844260312067518587e-02,1.246807607299408038e-01
0.000000000000000000e+00,1.355156862892942238e-01,4.854909323948915917e-02,1.354811851332519135e-01,4.880593264744482324e-02,1.290134001813119935e-01
0.000000000000000000e+00,1.382151104057753321e-01,4.890123197690288831e-02,1.381804543176135547e-01,4.916475570459414440e-02,1.323222753502222293e-01
0.000000000000000000e+00,1.409368511184055928e-01,4.925095146746943930e-02,1.409023353273629320e-01,4.951902905080078632e-02,1.345614005334291041e-01
0.000000000000000000e+00,1.436807405373973223e-01,4.959827743928856697e-02,1.436466511895529707e-01,4.986871048544339741e-02,1.356978115058023182e-01
0.000000000000000000e+00,1.464466094067262691e-01,4.994320997009484009e-02,1.464132203253191433e-01,5.021375866751240369e-02,1.357117943653970427e-01
0.000000000000000000e+00,1.492342871145721506e-01,5.028572299776502136e-02,1.492018824026672963e-01,5.055413216057417364e-02,1.345951149875513064e-01
0.000000000000000000e+00,1.520436017038428456e-01,5.062576402772938494e-02,1.520124208331749271e-01,5.088978557607842096e-02,1.323539494899472202e-01
0.000000000000000000e+00,1.548743798827814655e-01,5.096325404894728323e-02,1.548446420332096618e-01,5.122067416772600051e-02,1.290063361899301542e-01
0.000000000000000000e+00,1.577264470356556925e-01,5.129808766998249919e-02,1.576983489373812997e-01,5.154675423999873635e-02,1.245839663071335174e-01
0.000000000000000000e+00,1.605996272335291630e-01,5.163013348656083495e-02,1.605733413240317542e-01,5.186798316532315739e-02,1.191319976543679382e-01
0.000000000000000000e+00,1.634937432451133432e-01,5.195923469181222554e-02,1.634694358501882216e-01,5.218431656439598970e-02,1.127062908564546856e-01
0.000000000000000000e+00,1.664086165477001722e-01,5.228520994019050794e-02,1.663864047339642938e-01,5.249571109664911972e-02,1.053776900660335636e-01
0.000000000000000000e+00,1.693440673381740869e-01,5.260785447582771307e-02,1.693240404959270307e-01,5.280212321543600873e-02,9.722729498669711867e-02
0.000000000000000000e+00,1.722999145441030389e-01,5.292694153581428002e-02,1.722821338632060384e-01,5.310351120815721276e-02,8.834801922490670423e-02
0.000000000000000000e+00,1.752759758349082264e-01,5.324222403860438824e-02,1.752604867433042168e-01,5.339983565192901738e-02,7.884335415491376675e-02
0.000000000000000000e+00,1.782720676331105425e-01,5.355343656742337505e-02,1.782588609061677154e-01,5.369105259013853826e-02,6.882552447416848129e-02
0.000000000000000000e+00,1.812880051256551828e-01,5.386029765820657400e-02,1.812770673296212887e-01,5.397712651883042334e-02,5.841642353010359501e-02
0.000000000000000000e+00,1.843236022753111936e-01,5.416251240122137156e-02,1.843148811733354431e-01,5.425801758450607415e-02,4.774412174769120110e-02
0.000000000000000000e+00,1.873786718321474032e-01,5.445977536511998479e-02,1.873720903513361180e-01,5.453368702455381467e-02,3.694177193873304788e-02
0.000000000000000000e+00,1.904530253450830157e-01,5.475177385174013339e-02,1.904484872087999214e-01,5.480409553310738174e-02,2.614562130483867944e-02
0.000000000000000000e+00,1.935464731735117572e-01,5.503819148951134138e-02,1.935438522043280152e-01,5.506919722952639817e-02,1.549094893280328344e-02
0.000000000000000000e+00,1.966588244990001844e-01,5.531871217284061587e-02,1.966579823924500814e-01,5.532894634101763465e-02,5.112197291411298486e-03
0.000000000000000000e+00,1.997898873370579920e-01,5.559302435434070738e-02,1.997906671359177266e-01,5.558328423895195908e-02,4.864534575507192468e-03
0.000000000000000000e+00,2.029394685489807615e-01,5.586082566792263671e-02,2.029417019116171172e-01,5.583213967272575295e-02,1.432425256235930928e-02
0.000000000000000000e+00,2.061073738537634870e-01,5.612182699070476094e-02,2.061108848257692805e-01,5.607542280151309178e-02,2.316789091408804138e-02
0.000000000000000000e+00,2.092934078400847109e-01,5.637575408502337737e-02,2.092980168924334361e-01,5.631301506740619273e-02,3.131816316027889041e-02
0.000000000000000000e+00,2.124973739783607707e-01,5.662234806899189843e-02,2.125028972338124933e-01,5.654475988017111654e-02,3.872425133668865038e-02
0.000000000000000000e+00,2.157190746328680464e-01,5.686136578137801489e-02,2.157253354872499806e-01,5.677049591305881326e-02,4.534590408457218197e-02
0.000000000000000000e+00,2.189583110739347083e-01,5.709258009249630617e-02,2.189651391866993813e-01,5.699005720981636935e-02,5.115306507998212265e-02
0.000000000000000000e+00,2.222148834901989112e-01,5.731578015919017860e-02,2.222221164485864153e-01,5.720327974792249054e-02,5.612283980130902683e-02
0.000000000000000000e+00,2.254885910009341576e-01,5.753077162206245154e-02,2.254960757178704756e-01,5.741000318596937990e-02,6.023871435499972282e-02
0.000000000000000000e+00,2.287792316684406635e-01,5.773737674320451874e-02,2.287868255566834208e-01,5.761007179654464849e-02,6.349015136372500312e-02
0.000000000000000000e+00,2.320866025105017272e-01,5.793543448276870095e-02,2.320941650793151012e-01,5.780333040570674596e-02,6.587437169621566946e-02
0.000000000000000000e+00,2.354104995129047140e-01,5.812480051282754162e-02,2.354179116505326075e-01,5.798963354512848278e-02,6.739262294145595411e-02
0.000000000000000000e+00,2.387507176420255450e-01,5.830534716706691628e-02,2.387578737883393476e-01,5.816883497034486261e-02,6.805454642462344106e-02
0.000000000000000000e+00,2.421070508574763580e-01,5.847696332496785804e-02,2.421138595322791798e-01,5.834079091988817606e-02,6.787675869223541714e-02
0.000000000000000000e+00,2.454792921248143966e-01,5.863955422924217037e-02,2.454856763338189585e-01,5.850535874590815505e-02,6.688343918164325885e-02
0.000000000000000000e+00,2.488672334283137388e-01,5.879304123540367299e-02,2.488731309442689943e-01,5.866239547661054876e-02,6.510691865923604049e-02
0.000000000000000000e+00,2.522706657837961997e-01,5.893736149247369438e-02,2.522760200536225406e-01,5.881175493204502530e-02,6.258875729181580250e-02
0.000000000000000000e+00,2.556893792515225194e-01,5.907246755394324200e-02,2.556941677297036031e-01,5.895328789527300162e-02,5.938027282507755966e-02
0.000000000000000000e+00,2.591231629491423938e-01,5.919832691823843224e-02,2.591273598955824431e-01,5.908684067970570997e-02,5.554162338613776589e-02
0.000000000000000000e+00,2.625718050647027346e-01,5.931492149806476960e-02,2.625754086373731644e-01,5.921225609876292623e-02,5.114241759271462989e-02
0.000000000000000000e+00,2.660350928697133299e-01,5.942224701813713511e-02,2.660381151859103066e-01,5.932937140870864212e-02,4.626166841387868711e-02
0.000000000000000000e+00,2.695128127322687916e-01,5.952031234093566048e-02,2.695152788995786031e-01,5.943802054130734730e-02,4.098654245310551919e-02
0.000000000000000000e+00,2.730047501302266255e-01,5.960913872026515903e-02,2.730066915785183679e-01,5.953803484539830354e-02,3.541154587218608985e-02
0.000000000000000000e+00,2.765106896644394796e-01,5.968875898253290374e-02,2.765121597686054367e-01,5.962924414955796115e-02,2.963790228634759563e-02
0.000000000000000000e+00,2.800304150720424601e-01,5.975921663580197052e-02,2.800314655552003096e-01,5.971148432300551340e-02,2.376880864322200929e-02
0.000000000000000000e+00,2.835637092397930159e-01,5.982056490681786354e-02,2.835644063398098380e-01,5.978459362173946939e-02,1.791130699345386615e-02
0.000000000000000000e+00,2.871103542174636702e-01,5.987286570635183547e-02,2.871107615677134239e-01,5.984842191943265388e-02,1.217078453130694161e-02
0.000000000000000000e+00,2.906701312312859331e-01,5.991618852334847783e-02,2.906703174586139360e-01,5.990283488899127845e-02,6.648619765113344786e-03
0.000000000000000000e+00,2.942428206974456728e-01,5.995060924851242090e-02,2.942428531679509018e-01,5.994771740666811344e-02,1.439765294403826156e-03
0.000000000000000000e+00,2.978282022356275593e-01,5.997620892811553195e-02,2.978281450806212760e-01,5.998297913056702124e-02,3.370597692860457725e-03
0.000000000000000000e+00,3.014260546826097453e-01,5.999307244906304515e-02,3.014259656203267523e-01,6.000856025772755703e-02,7.710578149011307683e-03
0.000000000000000000e+00,3.050361561059058424e-01,6.000128721513293961e-02,3.050360846857739783e-01,6.002443886495017339e-02,1.152587218762278140e-02
0.000000000000000000e+00,3.086582838174550814e-01,6.000094229583920191e-02,3.086582725193964261e-01,6.003062725277525519e-02,1.477836003140828997e-02
0.000000000000000000e+00,3.122922143873585465e-01,5.999212819382600953e-02,3.122922941400150809e-01,6.002718576653185562e-02,1.745310715730840484e-02
0.000000000000000000e+00,3.159377236576610404e-01,5.997493672626907912e-02,3.159379149828339672e-01,6.001421499966736600e-02,1.955452760781087318e-02
0.000000000000000000e+00,3.195945867561791331e-01,5.994946091029799279e-02,3.195949004173619379e-01,5.999185850109945567e-02,2.110779421395869021e-02
0.000000000000000000e+00,3.232625781103714013e-01,5.991579485168644498e-02,3.232630163976556448e-01,5.996029884270983462e-02,2.215694129614218313e-02
0.000000000000000000e+00,3.269414714612535189e-01,5.987403363693839797e-02,3.269420299555375053e-01,5.991975004729049870e-02,2.276115600827252616e-02
0.000000000000000000e+00,3.306310398773543713e-01,5.982427322889079246e-02,3.306317094527960743e-01,5.987044557721697691e-02,2.298885876482653634e-02
0.000000000000000000e+00,3.343310557687145801e-01,5.976661036594500820e-02,3.343318245110163400e-01,5.981262100665932918e-02,2.290913430055279212e-02
0.000000000000000000e+00,3.380412909009252731e-01,5.970114246503200467e-02,3.380421481478610990e-01,5.974648771477774484e-02,2.257871281004678390e-02
0.000000000000000000e+00,3.417615164092069335e-01,5.962796752840734266e-02,3.417624477652854154e-01,5.967220925129264331e-02,2.203017922388213548e-02
0.000000000000000000e+00,3.454915028125262744e-01,5.954718405436450895e-02,3.454924894356194986e-01,5.958985202909654333e-02,2.124750263063327621e-02
0.000000000000000000e+00,3.492310200277521925e-01,5.945889095194635543e-02,3.492320421699361965e-01,5.949941251596092828e-02,2.017967235677212146e-02
0.000000000000000000e+00,3.529798373838480829e-01,5.936318745972628957e-02,3.529808690761483403e-01,5.940103409740778856e-02,1.884856936470628852e-02
0.000000000000000000e+00,3.567377236361009007e-01,5.926017306872204127e-02,3.567387389953909915e-01,5.929490876762058549e-02,1.730020670020549281e-02
0.000000000000000000e+00,3.605044469803853624e-01,5.914994744949693406e-02,3.605054209920875441e-01,5.918122541606057191e-02,1.557897109112203055e-02
0.000000000000000000e+00,3.642797750674629520e-01,5.903261038349438827e-02,3.642806842536380207e-01,5.906016926194752187e-02,1.372737629225069360e-02
0.000000000000000000e+00,3.680634750173136238e-01,5.890826169864333411e-02,3.680642979905978107e-01,5.893192126770050582e-02,1.178580335452928361e-02
0.000000000000000000e+00,3.718553134335017551e-01,5.877700120926299815e-02,3.718560313382143767e-01,5.879665755252532627e-02,9.792238409914520714e-03
0.000000000000000000e+00,3.756550564175726303e-01,5.863892866028781042e-02,3.756556538981067894e-01,5.865454715779892803e-02,7.781200141815703547e-03
0.000000000000000000e+00,3.794624695834806771e-01,5.849414367582390917e-02,3.794629328208673491e-01,5.850575623465902042e-02,5.785794263305038716e-03
0.000000000000000000e+00,3.832773180720473460e-01,5.834274571204026844e-02,3.832776376354483650e-01,5.835044172909470417e-02,3.834686702289845546e-03
0.000000000000000000e+00,3.870993665654481886e-01,5.818483401438969554e-02,3.870995354669943822e-01,5.818875576295775426e-02,1.954213171570630316e-03
0.000000000000000000e+00,3.909283793017287456e-01,5.802050757914529316e-02,3.909283941800143491e-01,5.802084108735915124e-02,1.661988657025453722e-04
0.000000000000000000e+00,3.947641200893471924e-01,5.784986511923096569e-02,3.947639803864988473e-01,5.784683562788827532e-02,1.509804735221785370e-03
0.000000000000000000e+00,3.986063523217437399e-01,5.767300503431521674e-02,3.986060603494023247e-01,5.766686848007180483e-02,3.058478159191957684e-03
0.000000000000000000e+00,4.024548389919359592e-01,5.749002538512999749e-02,4.024543996776556165e-01,5.748106140680307730e-02,4.467983075377569661e-03
0.000000000000000000e+00,4.063093427071377550e-01,5.730102387196802510e-02,4.063087637117791528e-01,5.728952890010858418e-02,5.729911613918895613e-03
0.000000000000000000e+00,4.101696257034037618e-01,5.710609781730426743e-02,4.101689159147615116e-01,5.709237862258106228e-02,6.839098698717593384e-03
0.000000000000000000e+00,4.140354498602952238e-01,5.690534415247912314e-02,4.140346195961174258e-01,5.688971158479825402e-02,7.793486218901151188e-03
0.000000000000000000e+00,4.179065767155685229e-01,5.669885940837391530e-02,4.179056386122363409e-01,5.668162244619604634e-02,8.593948533184613339e-03
0.000000000000000000e+00,4.217827674798846349e-01,5.648673971000093413e-02,4.217817346150893876e-01,5.646820055830144292e-02,9.243843939433274079e-03
0.000000000000000000e+00,4.256637830515385690e-01,5.626908077492392274e-02,4.256626690897258869e-01,5.624953034504741323e-02,9.748772733914036481e-03
0.000000000000000000e+00,4.295493840312086808e-01,5.604597791541709312e-02,4.295482029099003674e-01,5.602569214944371628e-02,1.011616942104383993e-02
0.000000000000000000e+00,4.334393307367238046e-01,5.581752604426425124e-02,4.334380957095672615e-01,5.579676283766002443e-02,1.035502461614063417e-02
0.000000000000000000e+00,4.373333832178478708e-01,5.558381968409292079e-02,4.373321085890927162e-01,5.556281652657799053e-02,1.047544920119836999e-02
0.000000000000000000e+00,4.412313012710812332e-01,5.534495298013159675e-02,4.412300003029184237e-01,5.532392729150362870e-02,1.048744715535893102e-02
0.000000000000000000e+00,4.451328444544774277e-01,5.510101971627234807e-02,4.451315291677213626e-01,5.508016716200254265e-02,1.040186613443382958e-02
0.000000000000000000e+00,4.490377721024750302e-01,5.485211333431510433e-02,4.490364551824699846e-01,5.483160928615187640e-02,1.022876788021774910e-02
0.000000000000000000e+00,4.529458433407428375e-01,5.459832695626364030e-02,4.529445355777073634e-01,5.457832784033782303e-02,9.977623805401699894e-03
0.000000000000000000e+00,4.568568171010383150e-01,5.433975340953849792e-02,4.568555298607507309e-01,5.432039842508901845e-02,9.656972081301479216e-03
0.000000000000000000e+00,4.607704521360775907e-01,5.407648525496647207e-02,4.607691951077924619e-01,5.405789934063155722e-02,9.273949897767655437e-03
0.000000000000000000e+00,4.646865070344167181e-01,5.380861481740151914e-02,4.646852905937031153e-01,5.379091144134714314e-02,8.834230090767052068e-03
0.000000000000000000e+00,4.686047402353433755e-01,5.353623421882703487e-02,4.686035734133927044e-01,5.351951764296284525e-02,8.342428664498085719e-03
0.000000000000000000e+00,4.725249100437771688e-01,5.325943541378576340e-02,4.725238023086709149e-01,5.324380452095205801e-02,7.801200262158127126e-03
0.000000000000000000e+00,4.764467746451786501e-01,5.297831022697854081e-02,4.764457357533485871e-01,5.296385904847433074e-02,7.212941510395608213e-03
0.000000000000000000e+00,4.803700921204657748e-01,5.269295039287034965e-02,4.803691310240282841e-01,5.267977000300411161e-02,6.579146942350554486e-03
0.000000000000000000e+00,4.842946204609359095e-01,5.240344759713794209e-02,4.842937464672369963e-01,5.239162546544946092e-02,5.901591625257252526e-03
0.000000000000000000e+00,4.882201175831949458e-01,5.210989351979091605e-02,4.882193399073408990e-01,5.209951006333275736e-02,5.183777921529554578e-03
0.000000000000000000e+00,4.921463413440896884e-01,5.181237987979405574e-02,4.921456678859082445e-01,5.180350372805571368e-02,4.431604227787691065e-03
0.000000000000000000e+00,4.960730495556443520e-01,5.151099848101835244e-02,4.960724870669080411e-01,5.150367795977881663e-02,3.655190805892418772e-03
0.000000000000000000e+00,5.000000000000001110e-01,5.120584125934349307e-02,4.999995528282860091e-01,5.120009124718092469e-02,2.871229452985276341e-03
0.000000000000000000e+00,5.039269504443557590e-01,5.089700032994191881e-02,5.039266196739332626e-01,5.089279800240757712e-02,2.098557452482777402e-03
0.000000000000000000e+00,5.078536586559103672e-01,5.058456801474273817e-02,5.078534455855036045e-01,5.058189233325569023e-02,1.336278088797844934e-03
0.000000000000000000e+00,5.117798824168050542e-01,5.026863681822665159e-02,5.117797887366494214e-01,5.026747357343980954e-02,5.809846989824159940e-04
0.000000000000000000e+00,5.157053795390641460e-01,4.994929938324416813e-02,5.157054068986397510e-01,4.994963552047206740e-02,1.678959641859315260e-04
0.000000000000000000e+00,5.196299078795343362e-01,4.962664844670321845e-02,5.196300575895422824e-01,4.962846840142929455e-02,9.091065892879069028e-04
0.000000000000000000e+00,5.235532253548214054e-01,4.930077679594061651e-02,5.235534982153023931e-01,4.930405991648510039e-02,1.640103891594045299e-03
0.000000000000000000e+00,5.274750899562229423e-01,4.897177722579951209e-02,5.274754859206065571e-01,4.897649541842378357e-02,2.357162232989823501e-03
0.000000000000000000e+00,5.313952597646567355e-01,4.863974249643349818e-02,5.313957780562914568e-01,4.864585861921560950e-02,3.055763823275735747e-03
0.000000000000000000e+00,5.353134929655832819e-01,4.830476529185697560e-02,5.353141318503582546e-01,4.831223363676689225e-02,3.731620465853493530e-03
0.000000000000000000e+00,5.392295478639225204e-01,4.796693817926091230e-02,5.392303044486748131e-01,4.797570361749504964e-02,4.380011143244520906e-03
0.000000000000000000e+00,5.431431828989617960e-01,4.762635356911221196e-02,5.431440534631175598e-01,4.763635096233354016e-02,4.995936720857010668e-03
0.000000000000000000e+00,5.470541566592571625e-01,4.728310367605355335e-02,5.470551369248823903e-01,4.729426103593380865e-02,5.575976911748515945e-03
0.000000000000000000e+00,5.509622278975250254e-01,4.693728048062028452e-02,5.509633117391613544e-01,4.694951567383225111e-02,6.115020936169753354e-03
0.000000000000000000e+00,5.548671555455225723e-01,4.658897569178988007e-02,5.548683364948738816e-01,4.660220085351156338e-02,6.610211911278834028e-03
0.000000000000000000e+00,5.587686987289188778e-01,4.623828071037806159e-02,5.587699694797251260e-01,4.625240121263696214e-02,7.058159702727289167e-03
0.000000000000000000e+00,5.626666167821521292e-01,4.588528659329569465e-02,5.626679696986779389e-01,4.590020092064221735e-02,7.455435217373677925e-03
0.000000000000000000e+00,5.665606692632761954e-01,4.553008401867885552e-02,5.665620949535679074e-01,4.554568555436638161e-02,7.799430798649681536e-03
0.000000000000000000e+00,5.704506159687913192e-01,4.517276325190389824e-02,5.704521049634430074e-01,4.518894159920713860e-02,8.088268858670880079e-03
0.000000000000000000e+00,5.743362169484614865e-01,4.481341411249874229e-02,5.743377591658657133e-01,4.483005486538095552e-02,8.319934058957397308e-03
0.000000000000000000e+00,5.782172325201154761e-01,4.445212594195985245e-02,5.782188173197644332e-01,4.446911126229270012e-02,8.492699482978033690e-03
0.000000000000000000e+00,5.820934232844314771e-01,4.408898757248465999e-02,5.820950400579610884e-01,4.410619662700688420e-02,8.605082158725740893e-03
0.000000000000000000e+00,5.859645501397048317e-01,4.372408729662692617e-02,5.859661866691411314e-01,4.374139637159666499e-02,8.655579517034541967e-03
0.000000000000000000e+00,5.898303742965962382e-01,4.335751283788300686e-02,5.898320185877645727e-01,4.337479711878780564e-02,8.643656013328214829e-03
0.000000000000000000e+00,5.936906572928624115e-01,4.298935132221503447e-02,5.936922970027089796e-01,4.300648461822221408e-02,8.568612905548524811e-03
0.000000000000000000e+00,5.975451610080642073e-01,4.261968925051672075e-02,5.975467835039826037e-01,4.263654453819917117e-02,8.430023606265745970e-03
0.000000000000000000e+00,6.013936476782563156e-01,4.224861247202628400e-02,6.013952401043147766e-01,4.226506249451082720e-02,8.227761488422717304e-03
0.000000000000000000e+00,6.052358799106528631e-01,4.187620615869053209e-02,6.052374292629709718e-01,4.189212410225648386e-02,7.962038715077104575e-03
0.000000000000000000e+00,6.090716206982712544e-01,4.150255478048269636e-02,6.090731139117290249e-01,4.151781504897154168e-02,7.633455263848362357e-03
0.000000000000000000e+00,6.129006334345519225e-01,4.112774208167641055e-02,6.129020574828023538e-01,4.114222118637748948e-02,7.243056800496860091e-03
0.000000000000000000e+00,6.167226819279527650e-01,4.075185105807670183e-02,6.167240239384035316e-01,4.076542863709290559e-02,6.792399572744796214e-03
0.000000000000000000e+00,6.205375304165193784e-01,4.037496393520859789e-02,6.205387774207740126e-01,4.038752318857518481e-02,6.283243052695049700e-03
0.000000000000000000e+00,6.243449435824274252e-01,3.999716214746280168e-02,6.243460837521924711e-01,4.000859240110739290e-02,5.718677602103539905e-03
0.000000000000000000e+00,6.281446865664983559e-01,3.961852631819709480e-02,6.281457083339705427e-01,3.962872400008121687e-02,5.102234008600061398e-03
0.000000000000000000e+00,6.319365249826864872e-01,3.923913624079148482e-02,6.319374175600260823e-01,3.924800639702478999e-02,4.438219612886968798e-03
0.000000000000000000e+00,6.357202249325372145e-01,3.885907086065412686e-02,6.357209782811718002e-01,3.886652819172015799e-02,3.731453466915578710e-03
0.000000000000000000e+00,6.394955530196146931e-01,3.847840825817427923e-02,6.394961586304462875e-01,3.848437945138239585e-02,2.987948951066774633e-03
0.000000000000000000e+00,6.432622763638992103e-01,3.809722563261803280e-02,6.432627270029032118e-01,3.810165204223640856e-02,2.215034316385367831e-03
0.000000000000000000e+00,6.470201626161520281e-01,3.771559928696145009e-02,6.470204524908524935e-01,3.771843684904126193e-02,1.420003920934342651e-03
0.000000000000000000e+00,6.507689799722479185e-01,3.733360461365523020e-02,6.507691053570311412e-01,3.733482777775125327e-02,6.121310246488457065e-04
0.000000000000000000e+00,6.545084971874737256e-01,3.695131608131423107e-02,6.545084562574727816e-01,3.695091803156651256e-02,1.992099569747653241e-04
0.000000000000000000e+00,6.582384835907930665e-01,3.656880722232443842e-02,6.582382759316407483e-01,3.656679407582549141e-02,1.007542700786716143e-03
0.000000000000000000e+00,6.619587090990747269e-01,3.618615062135938087e-02,6.619583330818866740e-01,3.618251590858483774e-02,1.819162530248590731e-03
0.000000000000000000e+00,6.656689442312855309e-01,3.580341790479711628e-02,6.656683985096906175e-01,3.579815738508026340e-02,2.632951450048276552e-03
0.000000000000000000e+00,6.693689601226457953e-01,3.542067973102852596e-02,6.693682450967751718e-01,3.541380614315390446e-02,3.440412002015601125e-03
0.000000000000000000e+00,6.730585285387465921e-01,3.503800578164668195e-02,6.730576476972461863e-01,3.502955871609125110e-02,4.228089152507513541e-03
0.000000000000000000e+00,6.767374218896285987e-01,3.465546475350683719e-02,6.767363821136196389e-01,3.464551559168768669e-02,4.980066366285452496e-03
0.000000000000000000e+00,6.804054132438208669e-01,3.427312435164543702e-02,6.804042249340914728e-01,3.426177741389827697e-02,5.679852092817041370e-03
0.000000000000000000e+00,6.840622763423389596e-01,3.389105128304663317e-02,6.840609531706627333e-01,3.387844052113404836e-02,6.312605296992295119e-03
0.000000000000000000e+00,6.877077856126416755e-01,3.350931125124359533e-02,6.877063441105438768e-01,3.349559660875015693e-02,6.865308312067736757e-03
0.000000000000000000e+00,6.913417161825449186e-01,3.312796895174172779e-02,6.913401751735157585e-01,3.311333102738256429e-02,7.327615254794143246e-03
0.000000000000000000e+00,6.949638438940941576e-01,3.274708806825019081e-02,6.949622238535801966e-01,3.273172213992849716e-02,7.692172293131488425e-03
0.000000000000000000e+00,6.985739453173903657e-01,3.236673126970786990e-02,6.985722677131209757e-01,3.235084115779828656e-02,7.954698277952965829e-03
0.000000000000000000e+00,7.021717977643724407e-01,3.198696020808625834e-02,7.021700844179858958e-01,3.197075234902130997e-02,8.113879516551241941e-03
0.000000000000000000e+00,7.057571793025544382e-01,3.160783551660317769e-02,7.057554518029535151e-01,3.159151352276302893e-02,8.171126309620095965e-03
0.000000000000000000e+00,7.093298687687141779e-01,3.122941680672293441e-02,7.093281480538270456e-01,3.121317633677484979e-02,8.130410426323323239e-03
0.000000000000000000e+00,7.128896457825363298e-01,3.085176266439144943e-02,7.128879513509134291e-01,3.083578793977740512e-02,7.997469559494676389e-03
0.000000000000000000e+00,7.164362907602069841e-01,3.047493064702494481e-02,7.164346407630534097e-01,3.045939144486224312e-02,7.779525308689597997e-03
0.000000000000000000e+00,7.199695849279575954e-01,3.009897728142596832e-02,7.199679957624142146e-01,3.008402649347470884e-02,7.485029076887388631e-03
0.000000000000000000e+00,7.234893103355605204e-01,2.972395806261238921e-02,7.234877965489755480e-01,2.970972926272598749e-02,7.123641530254364723e-03
0.000000000000000000e+00,7.269952498697733745e-01,2.934992745354399538e-02,7.269938237308731788e-01,2.933653580027934318e-02,6.704599077741985047e-03
0.000000000000000000e+00,7.304871872677313194e-01,2.897693888573053128e-02,7.304858592832442765e-01,2.896448103939794350e-02,6.237151997342204289e-03
0.000000000000000000e+00,7.339649071302868366e-01,2.860504476070409655e-02,7.339636858503610917e-01,2.859359761740276965e-02,5.731187496747858559e-03
0.000000000000000000e+00,7.374281949352974319e-01,2.823429645233800980e-02,7.374270869219909930e-01,2.822392065190673649e-02,5.194857898745340943e-03
0.000000000000000000e+00,7.408768370508577172e-01,2.786474430999386423e-02,7.408758473511948273e-01,2.785548393914171611e-02,4.636437502890430884e-03
0.000000000000000000e+00,7.443106207484775361e-01,2.749643766247748811e-02,7.443097526687268983e-01,2.748832245392751270e-02,4.063123905327523967e-03
0.000000000000000000e+00,7.477293342162038003e-01,2.712942482278390618e-02,7.477285898775132278e-01,2.712247171233051271e-02,3.481314532896709942e-03
0.000000000000000000e+00,7.511327665716862612e-01,2.676375309361082172e-02,7.511321467876549418e-01,2.675796828306490488e-02,2.896392102142326518e-03
0.000000000000000000e+00,7.545207078751856589e-01,2.639946877361953881e-02,7.545202124833310098e-01,2.639484825690302169e-02,2.313461345340253085e-03
0.000000000000000000e+00,7.578929491425236975e-01,2.603661716442166874e-02,7.578925771534462674e-01,2.603314997484285770e-02,1.736011656452316528e-03
0.000000000000000000e+00,7.612492823579743995e-01,2.567524257826919731e-02,7.612490319714194653e-01,2.567291049866907149e-02,1.167675064094074195e-03
0.000000000000000000e+00,7.645895004870955081e-01,2.531538834642541383e-02,7.645893693000072044e-01,2.531416723840539465e-02,6.114145805388346809e-04
0.000000000000000000e+00,7.679133974894984949e-01,2.495709682819343897e-02,7.679133826568319554e-01,2.495695883858271846e-02,6.909248125928820752e-05
0.000000000000000000e+00,7.712207683315595030e-01,2.460040942057824948e-02,7.712208664227006016e-01,2.460132142589094989e-02,4.566513384456629093e-04
0.000000000000000000e+00,7.745114089990658979e-01,2.424536656855876687e-02,7.745116162932063064e-01,2.424729296334595871e-02,9.645728994660113503e-04
0.000000000000000000e+00,7.777851165098010888e-01,2.389200777594500946e-02,7.777854287903972486e-01,2.389490828482373694e-02,1.452334266214714989e-03
0.000000000000000000e+00,7.810416889260654028e-01,2.354037161679564324e-02,7.810421017319293391e-01,2.354420419927681640e-02,1.919048713774466636e-03
0.000000000000000000e+00,7.842809253671320091e-01,2.319049574737094485e-02,7.842814339093033826e-01,2.319521500220037696e-02,2.363035267961359574e-03
0.000000000000000000e+00,7.875026260216393403e-01,2.284241691859524581e-02,7.875032252507587760e-01,2.284797582527100732e-02,2.783478555685004775e-03
0.000000000000000000e+00,7.907065921599152336e-01,2.249617098900389203e-02,7.907072769997950390e-01,2.250252156158503991e-02,3.179899280347196766e-03
0.000000000000000000e+00,7.938926261462364575e-01,2.215179293814811823e-02,7.938933914233254896e-01,2.215888732428705071e-02,3.552358371524784713e-03
0.000000000000000000e+00,7.970605314510194050e-01,2.180931688043231259e-02,7.970613724425591462e-01,2.181711099048272776e-02,3.902742315991973750e-03
0.000000000000000000e+00,8.002101126629421746e-01,2.146877607935719634e-02,8.002110249252306629e-01,2.147722901496926934e-02,4.232645603563321875e-03
0.000000000000000000e+00,8.033411755009999267e-01,2.113020296214248792e-02,8.033421547508142746e-01,2.113927481508945383e-02,4.542566882825518904e-03
0.000000000000000000e+00,8.064535268264882983e-01,2.079362913470293034e-02,8.064545684298950468e-01,2.080327679933529142e-02,4.830904804750757800e-03
0.000000000000000000e+00,8.095469746549170953e-01,2.045908539695117170e-02,8.095480734451113713e-01,2.046926091282345178e-02,5.095227946190613623e-03
0.000000000000000000e+00,8.126213281678525968e-01,2.012660175840091936e-02,8.126224783810439556e-01,2.013725165024322569e-02,5.332774767633417096e-03
0.000000000000000000e+00,8.156763977246888064e-01,1.979620745404396878e-02,8.156775928725742419e-01,1.980727199189926541e-02,5.540410708361021702e-03
0.000000000000000000e+00,8.187119948743448727e-01,1.946793096047504806e-02,8.187132281764682995e-01,1.947934668531714833e-02,5.716274405281216928e-03
0.000000000000000000e+00,8.217279323668894575e-01,1.914180001223787786e-02,8.217291963295777490e-01,1.915349805784979237e-02,5.857651378596811197e-03
0.000000000000000000e+00,8.247240241650917181e-01,1.881784161836643973e-02,8.247253111102458289e-01,1.882975095324901371e-02,5.963460038066492955e-03
0.000000000000000000e+00,8.277000854558971277e-01,1.849608207909555352e-02,8.277013874230677581e-01,1.850812903542075824e-02,6.032380408478101551e-03
0.000000000000000000e+00,8.306559326618260242e-01,1.817654700271514878e-02,8.306572415527860853e-01,1.818865670383219835e-02,6.063806803418309022e-03
0.000000000000000000e+00,8.335913834522998833e-01,1.785926132254210888e-02,8.335926911311097864e-01,1.787135857933726951e-02,6.057582549459380496e-03
0.000000000000000000e+00,8.365062567548866568e-01,1.754424931398527662e-02,8.365075551048912761e-01,1.755625952822898947e-02,6.014001140074865491e-03
0.000000000000000000e+00,8.394003727664709480e-01,1.723153461167780884e-02,8.394016538293953555e-01,1.724338424928211627e-02,5.933597752785210559e-03
0.000000000000000000e+00,8.422735529643443630e-01,1.692114022665290943e-02,8.422748089400530214e-01,1.693275728552352810e-02,5.817139118858322307e-03
0.000000000000000000e+00,8.451256201172185900e-01,1.661308856353798519e-02,8.451268434411154384e-01,1.662440327540649215e-02,5.665743487198493349e-03
0.000000000000000000e+00,8.479563982961570989e-01,1.630740143774384726e-02,8.479575817238181878e-01,1.631834702836567133e-02,5.480909899846629456e-03
0.000000000000000000e+00,8.507657128854277939e-01,1.600410009262508496e-02,8.507668495036827538e-01,1.601461284984899772e-02,5.264171683330645321e-03
0.000000000000000000e+00,8.535533905932737309e-01,1.570320521658861643e-02,8.535544738614082583e-01,1.571322485516005868e-02,5.017244930571986353e-03
0.000000000000000000e+00,8.563192594626027887e-01,1.540473696012781106e-02,8.563202832526926045e-01,1.541420694430406871e-02,4.742007573097136927e-03
0.000000000000000000e+00,8.590631488815945183e-01,1.510871495276006927e-02,8.590641075690208517e-01,1.511758328374989031e-02,4.440732133782312671e-03
0.000000000000000000e+00,8.617848895942248344e-01,1.481515831984601614e-02,8.617857780307122129e-01,1.482337766735413939e-02,4.115754801730871042e-03
0.000000000000000000e+00,8.644843137107058872e-01,1.452408569926955106e-02,8.644851273793687785e-01,1.453161422810933523e-02,3.769829199104414962e-03
0.000000000000000000e+00,8.671612547178427777e-01,1.423551525795792305e-02,8.671619897769597962e-01,1.424231735703504476e-02,3.406072105194456016e-03
0.000000000000000000e+00,8.698155474893047856e-01,1.394946470822203827e-02,8.698162007831599096e-01,1.395551104675786178e-02,3.027628707331283912e-03
0.000000000000000000e+00,8.724470282958110001e-01,1.366595132389761443e-02,8.724475973358643000e-01,1.367121895319514148e-02,2.637693555941117776e-03
0.000000000000000000e+00,8.750555348152297963e-01,1.338499195626846952e-02,8.750560180453456072e-01,1.338946600801777485e-02,2.240315976953891584e-03
0.000000000000000000e+00,8.776409061425918257e-01,1.310660304975382572e-02,8.776413028666254501e-01,1.311027723647190460e-02,1.839789122634152277e-03
0.000000000000000000e+00,8.802029828000155209e-01,1.283080065734219267e-02,8.802032932818341093e-01,1.283367689451463643e-02,1.440224466616936427e-03
0.000000000000000000e+00,8.827416067465441163e-01,1.255760045575525854e-02,8.827418321537147117e-01,1.255968927642175936e-02,1.045935676351743282e-03
0.000000000000000000e+00,8.852566213878947377e-01,1.228701776032549778e-02,8.852567640291770790e-01,1.228834006907819458e-02,6.621172754776973382e-04
0.000000000000000000e+00,8.877478715861173431e-01,1.201906753957241933e-02,8.877479347711837443e-01,1.201965350800239009e-02,2.934095773168370861e-04
0.000000000000000000e+00,8.902152036691648451e-01,1.175376442946260598e-02,8.902151917954715943e-01,1.175365427637271344e-02,5.515628607759260303e-05
0.000000000000000000e+00,8.926584654403724173e-01,1.149112274733983009e-02,8.926583839301022172e-01,1.149036620465346790e-02,3.788169080850719542e-04
0.000000000000000000e+00,8.950775061878452066e-01,1.123115650551218675e-02,8.950773614325160388e-01,1.122981228165276062e-02,6.730774503078200107e-04
0.000000000000000000e+00,8.974721766937550083e-01,1.097387942448369708e-02,8.974719760282304781e-01,1.097201500858150519e-02,9.335413736154744672e-04
0.000000000000000000e+00,8.998423292435452359e-01,1.071930494581884233e-02,8.998420808194409481e-01,1.071699547326646074e-02,1.156380412159332309e-03
0.000000000000000000e+00,9.021878176350421885e-01,1.046744624462939317e-02,9.021875302801015684e-01,1.046477323146336250e-02,1.338400249108849223e-03
0.000000000000000000e+00,9.045084971874737256e-01,1.021831624167328194e-02,9.045081802059365961e-01,1.021536608581659691e-02,1.477159055971943901e-03
0.000000000000000000e+00,9.068042247503935727e-01,9.971927615056414007e-03,9.068038876894172207e-01,9.968788622351077919e-03,1.571699511899039836e-03
0.000000000000000000e+00,9.090748587125118130e-01,9.728292811528893927e-03,9.090745099979183896e-01,9.725043384200231580e-03,1.626983456551571103e-03
0.000000000000000000e+00,9.113202590104299006e-01,9.487424057368101099e-03,9.113199061625603115e-01,9.484134578327580237e-03,1.647028531726342244e-03
0.000000000000000000e+00,9.135402871372809708e-01,9.249333368841653608e-03,9.135399370456740442e-01,9.246067823669526856e-03,1.635034911310641586e-03
0.000000000000000000e+00,9.157348061512726733e-01,9.014032562244457536e-03,9.157344650186372004e-01,9.010849200020445982e-03,1.593878632326721761e-03
0.000000000000000000e+00,9.179036806841351925e-01,8.781533263504217798e-03,9.179033542716588112e-01,8.778485726512581799e-03,1.525863504979403911e-03
0.000000000000000000e+00,9.200467769494709014e-01,8.551846917351335620e-03,9.200464705875290861e-01,8.548985414591035378e-03,1.432711876858987904e-03
0.000000000000000000e+00,9.221639627510075377e-01,8.324984796049279129e-03,9.221636813023197377e-01,8.322354949724825382e-03,1.316719044408176187e-03
0.000000000000000000e+00,9.242551074907517927e-01,8.100958007682835388e-03,9.242548554360087154e-01,8.098601915878063037e-03,1.179649731933463119e-03
0.000000000000000000e+00,9.263200821770462001e-01,7.879777504001803101e-03,9.263198636184253321e-01,7.877733783180030855e-03,1.023247439175058865e-03
0.000000000000000000e+00,9.283587594325248826e-01,7.661454087819306348e-03,9.283585780828704781e-01,7.659757703027693029e-03,8.493402903334420443e-04
0.000000000000000000e+00,9.303710135019718219e-01,7.445998419963735342e-03,9.303708726954125208e-01,7.444680837801662641e-03,6.596801254908461754e-04
0.000000000000000000e+00,9.323567202600775428e-01,7.233421025784959532e-03,9.323566229451005771e-01,7.232510118001566138e-03,4.560668723056909846e-04
0.000000000000000000e+00,9.343157572190956550e-01,7.023732301215645721e-03,9.343157059614786153e-01,7.023252362983926564e-03,2.402912573185572568e-04
0.000000000000000000e+00,9.362480035363985875e-01,6.816942518389423715e-03,9.362480005257741711e-01,6.816914321083947931e-03,1.411753369882465348e-05
0.000000000000000000e+00,9.381533400219317365e-01,6.613061830818446965e-03,9.381533870820353282e-01,6.613502709925014010e-03,2.207341044645567062e-04
0.000000000000000000e+00,9.400316491455660284e-01,6.412100278133502779e-03,9.400317478001530835e-01,6.413024705220347205e-03,4.628300876494911387e-04
0.000000000000000000e+00,9.418828150443467884e-01,6.214067790390769529e-03,9.418829664403191027e-01,6.215486715429838736e-03,7.104072149689262625e-04
0.000000000000000000e+00,9.437067235296415779e-01,6.018974191949512560e-03,9.437069285283101738e-01,6.020895859825055839e-03,9.621113022247012973e-04
0.000000000000000000e+00,9.455032620941840049e-01,5.826829204926247362e-03,9.455035212584054216e-01,5.829259039286120193e-03,1.216529988556203524e-03
0.000000000000000000e+00,9.472723199190126175e-01,5.637642452231407704e-03,9.472726335226908656e-01,5.640583198574497352e-03,1.472322247599382704e-03
0.000000000000000000e+00,9.490137878803078797e-01,5.451423460194738599e-03,9.490141559474101207e-01,5.454875281344014580e-03,1.728196374987210973e-03
0.000000000000000000e+00,9.507275585561228981e-01,5.268181660787012166e-03,9.507279808264136323e-01,5.272142209581004088e-03,1.982894841873560684e-03
0.000000000000000000e+00,9.524135262330097884e-01,5.087926393445691385e-03,9.524140022386501370e-01,5.092391337413286478e-03,2.235423894736506944e-03
0.000000000000000000e+00,9.540715869125406812e-01,4.910666906512975959e-03,9.540721159518539274e-01,4.915629701393948482e-03,2.484676280147366575e-03
0.000000000000000000e+00,9.557016383177225904e-01,4.736412358295255184e-03,9.557022194012040339e-01,4.741863715907431234e-03,2.729278471063884860e-03
0.000000000000000000e+00,9.573035798993068113e-01,4.565171817753363101e-03,9.573042119395731575e-01,4.571101339600688873e-03,2.968675657686071449e-03
0.000000000000000000e+00,9.588773128419905145e-01,4.396954264833867303e-03,9.588779944528793564e-01,4.403348873103630698e-03,3.201525717000845619e-03
0.000000000000000000e+00,9.604227400705130924e-01,4.231768590451619357e-03,9.604234696949673911e-01,4.238613569822425806e-03,3.427009006176355392e-03
0.000000000000000000e+00,9.619397662556434803e-01,4.069623596134910176e-03,9.619405421726472394e-01,4.076902684407411256e-03,3.644351113851831275e-03
0.000000000000000000e+00,9.634282978200604530e-01,3.910527993344438402e-03,9.634291181731442499e-01,3.918223385889969476e-03,3.852781335193272878e-03
0.000000000000000000e+00,9.648882429441256736e-01,3.754490402477939082e-03,9.648891055085609958e-01,3.762581414271635744e-03,4.050854339305168597e-03
0.000000000000000000e+00,9.663195115715470518e-01,3.601519351572966560e-03,9.663204141038871375e-01,3.609984430956180573e-03,4.238140124483866407e-03
0.000000000000000000e+00,9.677220154149337450e-01,3.451623274720285166e-03,9.677229554409095824e-01,3.460439011845800432e-03,4.413706641445715000e-03
0.000000000000000000e+00,9.690956679612421354e-01,3.304810510200891123e-03,9.690966428668771337e-01,3.313952233172988079e-03,4.576921759380293310e-03
0.000000000000000000e+00,9.704403844771127829e-01,3.161089298359927649e-03,9.704413914717504586e-01,3.170530618848980270e-03,4.726926459910557772e-03
0.000000000000000000e+00,9.717560820140968003e-01,3.020467779231212312e-03,9.717571181262281144e-01,3.030180065276875424e-03,4.862600525591618747e-03
0.000000000000000000e+00,9.730426794137726487e-01,2.882953989926096555e-03,9.730437416360157021e-01,2.892908649970226970e-03,4.983962064269189564e-03
0.000000000000000000e+00,9.743000973127522446e-01,2.748555861800825329e-03,9.743011822881486594e-01,2.758722016977812296e-03,5.089860325385977581e-03
0.000000000000000000e+00,9.755282581475768211e-01,2.617281217416629786e-03,9.755293626002413676e-01,2.627627398614103098e-03,5.180007402584702048e-03
0.000000000000000000e+00,9.767270861595006570e-01,2.489137767307163327e-03,9.767282068809953754e-01,2.499633757233071622e-03,5.255026547441465738e-03
0.000000000000000000e+00,9.778965073991651158e-01,2.364133106567659678e-03,9.778976417677417432e-01,2.374754277729821100e-03,5.317715867612285603e-03
0.000000000000000000e+00,9.790364497311596637e-01,2.242274711280860429e-03,9.790375946041354194e-01,2.252992081820535692e-03,5.365892301945691251e-03
0.000000000000000000e+00,9.801468428384715326e-01,2.123569934794335753e-03,9.801479947414036831e-01,2.134349377737721539e-03,5.396991354998290601e-03
0.000000000000000000e+00,9.812276182268235836e-01,2.008026003864163325e-03,9.812287732529042517e-01,2.018830205351889243e-03,5.409412585033928147e-03
0.000000000000000000e+00,9.822787092288990385e-01,1.895650014679976661e-03,9.822798633889711084e-01,1.906442562295887315e-03,5.403597867357286255e-03
0.000000000000000000e+00,9.833000510084536350e-01,1.786448928786288489e-03,9.833012006126933269e-01,1.797194016231668575e-03,5.379863085960488213e-03
0.000000000000000000e+00,9.842915805643155380e-01,1.680429568914920809e-03,9.842927220060315729e-01,1.691094641278804555e-03,5.339822132860547362e-03
0.000000000000000000e+00,9.852532367342712316e-01,1.577598614743624646e-03,9.852543667543863792e-01,1.588153129003099353e-03,5.284489330622882224e-03
0.000000000000000000e+00,9.861849601988383895e-01,1.477962598595530981e-03,9.861860756547931040e-01,1.488377033155604059e-03,5.214376473530641515e-03
0.000000000000000000e+00,9.870866934849247265e-01,1.381527901094243074e-03,9.870877912654945074e-01,1.391772949616636298e-03,5.129591778562966019e-03
0.000000000000000000e+00,9.879583809693737173e-01,1.288300746789006754e-03,9.879594579384984865e-01,1.298346810953011693e-03,5.029989397811769972e-03
0.000000000000000000e+00,9.887999688823954081e-01,1.198287199764543369e-03,9.888010218871380319e-01,1.208104811259491001e-03,4.915632793811850094e-03
0.000000000000000000e+00,9.896114053108828745e-01,1.111493159249698137e-03,9.896124310697531623e-01,1.121051755506645604e-03,4.785973483762047571e-03
0.000000000000000000e+00,9.903926402016152153e-01,1.027924355238791230e-03,9.903936355171909511e-01,1.037193953521394060e-03,4.641302950904291000e-03
0.000000000000000000e+00,9.911436253643444161e-01,9.475863441397276103e-04,9.911445871604606106e-01,9.565381964503518039e-04,4.482238832330219004e-03
0.000000000000000000e+00,9.918643144747679719e-01,8.704845044621527510e-04,9.918652396675207150e-01,8.790913890411290949e-04,4.309536188724713036e-03
0.000000000000000000e+00,9.925546630773869339e-01,7.966240325589085940e-04,9.925555491588889945e-01,8.048612768883116808e-04,4.124487511703612240e-03
0.000000000000000000e+00,9.932146285882477166e-01,7.260099384338636113e-04,9.932154730178391899e-01,7.338555965220236715e-04,3.928440650850179364e-03
0.000000000000000000e+00,9.938441702975688852e-01,6.586470416285579660e-04,9.938449710666913406e-01,6.660826790323778760e-04,3.723162094879549008e-03
0.000000000000000000e+00,9.944432493722523692e-01,5.945399671999334733e-04,9.944440047874415489e-01,6.015500954755627436e-04,3.510126844840527095e-03
0.000000000000000000e+00,9.950118288582787685e-01,5.336931418010160393e-04,9.950125375565775920e-01,5.402653348171063911e-04,3.290868296252297612e-03
0.000000000000000000e+00,9.955498736829874185e-01,4.761107898759143705e-04,9.955505346514945675e-01,4.822358379509163575e-04,3.066997182037557897e-03
0.000000000000000000e+00,9.960573506572389935e-01,4.217969299803855585e-04,9.960579627770488331e-01,4.274662359289436346e-04,2.838811000896253670e-03
0.000000000000000000e+00,9.965342284774632020e-01,3.707553712382628515e-04,9.965347913053111961e-01,3.759650491502874873e-04,2.608677758539867421e-03
0.000000000000000000e+00,9.969804777275899088e-01,3.229897099440419026e-04,9.969809910635387684e-01,3.277368693428922368e-04,2.377103172298785250e-03
0.000000000000000000e+00,9.973960708808632392e-01,2.785033263213048706e-04,9.973965344888279239e-01,2.827872759105662056e-04,2.145173810233524589e-03
0.000000000000000000e+00,9.977809823015399981e-01,2.372993814459831228e-04,9.977813964388594359e-01,2.411227895907699101e-04,1.914578956753640836e-03
0.000000000000000000e+00,9.981351882464706282e-01,1.993808143432758959e-04,9.981355533586780959e-01,2.027490605426827172e-04,1.686670560140708913e-03
0.000000000000000000e+00,9.984586668665640374e-01,1.647503392661884051e-04,9.984589840113846648e-01,1.676735988731475435e-04,1.463855119576683425e-03
0.000000000000000000e+00,9.987513982081350772e-01,1.334104431633803263e-04,9.987516689021859184e-01,1.359031763187236626e-04,1.248277969488594766e-03
0.000000000000000000e+00,9.990133642141357795e-01,1.053633833432142012e-04,9.990135906050436887e-01,1.074459149628630687e-04,1.042875677595667258e-03
0.000000000000000000e+00,9.992445487252690217e-01,8.061118534058804217e-05,9.992447335093044281e-01,8.230964393262338340e-05,8.505500937940174136e-04
0.000000000000000000e+00,9.994449374809850628e-01,5.915564099236583306e-05,9.994450841966974197e-01,6.050304001358092242e-05,6.747540556461256852e-04
0.000000000000000000e+00,9.996145181203615060e-01,4.099830672662141997e-05,9.996146310515244826e-01,4.203447683549363427e-05,5.189016535283682468e-04
0.000000000000000000e+00,9.997532801828658000e-01,2.614050207046550130e-05,9.997533642045233204e-01,2.691104116979416039e-05,3.858790379895182115e-04
0.000000000000000000e+00,9.998612151090002786e-01,1.458330838052521474e-05,9.998612758984860571e-01,1.514050588569085891e-05,2.790411724985356924e-04
0.000000000000000000e+00,9.999383162408302939e-01,6.327567799471986204e-06,9.999383599981402915e-01,6.728433848441226021e-06,2.007525780903567309e-04
0.000000000000000000e+00,9.999845788223948873e-01,1.373882441492594160e-06,9.999846122028457351e-01,1.679684816657244803e-06,1.531449604250029238e-04
0.000000000000000000e+00,1.000000000000000000e+00,-2.773861910859698450e-07,9.999999700779014233e-01,-3.266204574228381484e-09,1.372785102273364104e-04
1.000000000000000000e+00,0.000000000000000000e+00,-7.698697823589473860e-06,6.272257939343603579e-09,-7.698692713452384852e-06,3.122581928859602975e-06
1.000000000000000000e+00,1.542117760516825697e-05,-4.395727881587360014e-05,3.582296531296474560e-08,-4.396981352950227341e-05,7.659447495933749579e-03
1.000000000000000000e+00,6.168375916970614270e-05,-1.523600064724542845e-04,6.348866462571817540e-07,-1.530155222942246589e-04,3.039432270461098554e-02
1.000000000000000000e+00,1.387848909997213553e-04,-3.317942403240333534e-04,4.212559736830056466e-06,-3.358892458814701550e-04,6.702650016281062884e-02
1.000000000000000000e+00,2.467198171341999924e-04,-5.804268201942759837e-04,1.463453102653395255e-05,-5.920149700677575406e-04,1.156852750129218482e-01
1.000000000000000000e+00,3.854818796385495183e-04,-8.957355398675020909e-04,3.767855735489829164e-05,-9.264860092477727061e-04,1.738258406056095440e-01
1.000000000000000000e+00,5.550625190149927057e-04,-1.274552440637812022e-03,8.008429212020728354e-05,-1.334533600904429457e-03,2.383411563867468830e-01
1.000000000000000000e+00,7.554512747310337950e-04,-1.713118166574435905e-03,1.493955408253163091e-04,-1.812275727127781724e-03,3.057304202981564467e-01
1.000000000000000000e+00,9.866357858642205159e-04,-2.207146422981390906e-03,2.563099151316205223e-04,-2.366882099842747191e-03,3.721803906687904950e-01
1.000000000000000000e+00,1.248601791864978328e-03,-2.751897391320675627e-03,4.075601046968123711e-04,-2.981403183768302316e-03,4.340137107827194418e-01
1.000000000000000000e+00,1.541333133436018077e-03,-3.342258780396730605e-03,6.123987987694900050e-04,-3.653453905545490238e-03,4.877209696534792749e-01
1.000000000000000000e+00,1.864811753529371785e-03,-3.972833037467883230e-03,8.770876650195782781e-04,-4.372540774219781448e-03,5.304660176641081692e-01
1.000000000000000000e+00,2.219017698460001853e-03,-4.638029106655251581e-03,1.201973258633460412e-03,-5.119070372570775317e-03,5.601043149705285940e-01
1.000000000000000000e+00,2.603929119136760839e-03,-5.332157008037678725e-03,1.586647605495004236e-03,-5.881392461774334959e-03,5.755429307689025054e-01
1.000000000000000000e+00,3.019522272410146702e-03,-6.049523421527193585e-03,2.032069872090842312e-03,-6.655324895025796321e-03,5.767337635237753668e-01
1.000000000000000000e+00,3.465771522536853499e-03,-6.784526397334737086e-03,2.530598089265185310e-03,-7.425334007641055771e-03,5.643810195229289617e-01
1.000000000000000000e+00,3.942649342761062048e-03,-7.531747281782968581e-03,3.077075024802449453e-03,-8.185280868010513800e-03,5.399498941727427503e-01
1.000000000000000000e+00,4.450126317012581545e-03,-8.286037945537833363e-03,3.666203721134717736e-03,-8.931097312118791570e-03,5.054084387707277193e-01
1.000000000000000000e+00,4.988171141721231550e-03,-9.042601433047572565e-03,4.295581256910215896e-03,-9.663106356673403785e-03,4.629395686470121341e-01
1.000000000000000000e+00,5.556750627747686355e-03,-9.797064219030794663e-03,4.955459902892497479e-03,-1.037408527437806531e-02,4.148844062183235093e-01
1.000000000000000000e+00,6.155829702431114825e-03,-1.054553836205678920e-02,5.646815816154697118e-03,-1.106894613864900859e-02,3.634746297183357178e-01
1.000000000000000000e+00,6.785371411752283421e-03,-1.128467198830913204e-02,6.364279420878255454e-03,-1.174568646090295466e-02,3.108423056956887698e-01
1.000000000000000000e+00,7.445336922613066122e-03,-1.201168672209762360e-02,7.104710209488700016e-03,-1.240444364674851696e-02,2.588215336477942552e-01
1.000000000000000000e+00,8.135685525232028148e-03,-1.272440090501530084e-02,7.869060938691649354e-03,-1.304864899935718851e-02,2.089893521990446312e-01
1.000000000000000000e+00,8.856374635655639427e-03,-1.342123771413785555e-02,8.655040396908612876e-03,-1.367848193116201656e-02,1.626269345824666590e-01
1.000000000000000000e+00,9.607359798384784710e-03,-1.410121760249417530e-02,9.462238625281548313e-03,-1.429538380629538641e-02,1.206794038054853496e-01
1.000000000000000000e+00,1.038859468911712547e-02,-1.476393484321457568e-02,1.029064058702990926e-02,-1.490078295834163652e-02,8.378280797356742193e-02
1.000000000000000000e+00,1.120003111760464742e-02,-1.540951836314926465e-02,1.114055130341384467e-02,-1.549606871242580237e-02,5.228223443697272571e-02
1.000000000000000000e+00,1.204161903062628269e-02,-1.603857750305646979e-02,1.201262173854162826e-02,-1.608259104329365363e-02,2.623968510520684888e-02
1.000000000000000000e+00,1.291330651507532901e-02,-1.665213384023297646e-02,1.290736850246922141e-02,-1.666147947188871548e-02,5.512346180509334476e-03
1.000000000000000000e+00,1.381503980116172148e-02,-1.725154075608554063e-02,1.382578332388289220e-02,-1.723398200747394346e-02,1.024792404092403873e-02
1.000000000000000000e+00,1.474676326572876839e-02,-1.783839302583821104e-02,1.476875203024992714e-02,-1.780115191014295523e-02,2.153068193200623898e-02
1.000000000000000000e+00,1.570841943568446197e-02,-1.841442935038697590e-02,1.573723726961725328e-02,-1.836394861684170071e-02,2.893804795445936717e-02
1.000000000000000000e+00,1.669994899154636503e-02,-1.898143144112572969e-02,1.673214125060171545e-02,-1.892320734184374867e-02,3.312184287294059337e-02
1.000000000000000000e+00,1.772129077110096151e-02,-1.954112400708140143e-02,1.775427690501781702e-02,-1.947962008280201135e-02,3.474487288971427751e-02
1.000000000000000000e+00,1.877238177317636092e-02,-2.009508077943451473e-02,1.880430862419341445e-02,-2.003363270664570289e-02,3.447407909607073939e-02
1.000000000000000000e+00,1.985315716152846743e-02,-2.064464254081946337e-02,1.988291084288032126e-02,-2.058560305247839756e-02,3.291374851254142558e-02
1.000000000000000000e+00,2.096355026884039185e-02,-2.119085400486508605e-02,2.099057314869072488e-02,-2.113562294651397111e-02,3.061090941382313760e-02
1.000000000000000000e+00,2.210349260083493972e-02,-2.173442731424701096e-02,2.212764257499770862e-02,-2.168362302618874124e-02,2.800453742255239534e-02
1.000000000000000000e+00,2.327291384049939849e-02,-2.227574089189401224e-02,2.329428561280885365e-02,-2.222939558950232097e-02,2.540759840678526865e-02
1.000000000000000000e+00,2.447174185242323441e-02,-2.281488338855957448e-02,2.449052493498680635e-02,-2.277296485580208515e-02,2.286797343615374137e-02
1.000000000000000000e+00,2.569990268724769988e-02,-2.335175339642622458e-02,2.571611171331953521e-02,-2.331458846561769438e-02,2.018533771273744309e-02
1.000000000000000000e+00,2.695732058622735128e-02,-2.388620666881741475e-02,2.697087646672418140e-02,-2.385423765437568941e-02,1.728716536815561033e-02
1.000000000000000000e+00,2.824391798590319969e-02,-2.441814569573857660e-02,2.825480250911566182e-02,-2.439181936040034013e-02,1.418231417922049750e-02
1.000000000000000000e+00,2.955961552288727257e-02,-2.494752652258776585e-02,2.956778519299300273e-02,-2.492723924929656637e-02,1.088798919879602721e-02
1.000000000000000000e+00,3.090433203875792012e-02,-2.547435388120429869e-02,3.090978808502588271e-02,-2.546045590109822371e-02,7.433041160428792253e-03
1.000000000000000000e+00,3.227798458506636603e-02,-2.599867569653320498e-02,3.228076057861371112e-02,-2.599141580198099238e-02,3.869475902309519027e-03
1.000000000000000000e+00,3.368048842845294821e-02,-2.652057704884773146e-02,3.368065839584916121e-02,-2.652012109867609921e-02,2.422489004083462464e-04
1.000000000000000000e+00,3.511175705587432638e-02,-2.704017365033518916e-02,3.510943842261993880e-02,-2.704654817324658386e-02,3.376904261989040722e-03
1.000000000000000000e+00,3.657170217993960248e-02,-2.755760490405089955e-02,3.656705353557263699e-02,-2.757069226440851673e-02,6.914223298631469103e-03
1.000000000000000000e+00,3.806023374435663076e-02,-2.807302662269428248e-02,3.805345255305345176e-02,-2.809256147677838614e-02,1.029452084898987291e-02
1.000000000000000000e+00,3.957725992948685212e-02,-2.858660349433726072e-02,3.956859915866686728e-02,-2.861215186582545533e-02,1.342995016820708321e-02
1.000000000000000000e+00,4.112268715800942998e-02,-2.909850139211810766e-02,4.111242926815296406e-02,-2.912946418172641244e-02,1.623842851710294993e-02
1.000000000000000000e+00,4.269642010069318872e-02,-2.960887963498009742e-02,4.268488185926898326e-02,-2.964449148859351485e-02,1.863634721233154226e-02
1.000000000000000000e+00,4.429836168227735405e-02,-3.011788331676152827e-02,4.428590592903949852e-02,-3.015721996407575919e-02,2.054166273426432168e-02
1.000000000000000000e+00,4.592841308745937434e-02,-3.062563583130489472e-02,4.591540879517596457e-02,-3.066763090387194038e-02,2.188627022832664859e-02
1.000000000000000000e+00,4.758647376699026710e-02,-3.113223173172634597e-02,4.757330581221826116e-02,-3.117568787070749622e-02,2.260561493570200503e-02
1.000000000000000000e+00,4.927244144387715741e-02,-3.163773007254216951e-02,4.925949961135055177e-02,-3.168135251414559012e-02,2.265258677531318751e-02
1.000000000000000000e+00,5.098621211969217581e-02,-3.214214839396209444e-02,5.097389395972611037e-02,-3.218458531509948983e-02,2.199883555905733298e-02
1.000000000000000000e+00,5.272768008098743797e-02,-3.264545751830150860e-02,5.271634312842690684e-02,-3.268530926134057685e-02,2.062697124232218751e-02
1.000000000000000000e+00,5.449673790581605060e-02,-3.314757733910650428e-02,5.448673837095321937e-02,-3.318346974127244636e-02,1.854916853725794776e-02
1.000000000000000000e+00,5.629327647035842208e-02,-3.364837379419940294e-02,5.628493091934699127e-02,-3.367898318845508054e-02,1.579481833120257792e-02
1.000000000000000000e+00,5.811718495565326714e-02,-3.414765722440732398e-02,5.811074204577384994e-02,-3.417176704931756265e-02,1.242402331338511925e-02
1.000000000000000000e+00,5.996835085443402713e-02,-3.464518233020191101e-02,5.996401981463671954e-02,-3.466172995640590809e-02,8.515565041510950173e-03
1.000000000000000000e+00,6.184665997806820803e-02,-3.514064994882425130e-02,6.184457499353836901e-02,-3.514878055026490755e-02,4.178708949385128400e-03
1.000000000000000000e+00,6.375199646360141248e-02,-3.563371088466459058e-02,6.375221993434590506e-02,-3.563282080366447779e-02,4.568704995204584253e-04
1.000000000000000000e+00,6.568424278090440049e-02,-3.612397203567797171e-02,6.568675787790061171e-02,-3.611375424779934840e-02,5.238660868647907094e-03
1.000000000000000000e+00,6.764327973992245724e-02,-3.661100506841506730e-02,6.764798659112387924e-02,-3.659148668079404559e-02,9.995579692183264794e-03
1.000000000000000000e+00,6.962898649802817808e-02,-3.709435790379888437e-02,6.963570500930436891e-02,-3.706592849314582772e-02,1.454314782676859909e-02
1.000000000000000000e+00,7.164124056747517288e-02,-3.757356928504960308e-02,7.164970537994973243e-02,-3.753699299830017683e-02,1.869041344266905019e-02
1.000000000000000000e+00,7.367991782295385539e-02,-3.804818670812126769e-02,7.368980916083814336e-02,-3.800459831337120453e-02,2.225175907790053614e-02
1.000000000000000000e+00,7.574489250924820727e-02,-3.851778800218241122e-02,7.575581278140319785e-02,-3.846867604590123446e-02,2.504702551442558947e-02
1.000000000000000000e+00,7.783603724899246235e-02,-3.898200570819077004e-02,7.784755355417312395e-02,-3.892916312276422514e-02,2.692464956334096951e-02
1.000000000000000000e+00,7.995322305052909861e-02,-3.944054380537116711e-02,7.996487565526232133e-02,-3.938600638742548871e-02,2.776373451908067946e-02
1.000000000000000000e+00,8.209631931586486298e-02,-3.989318097091876930e-02,8.210762855122152870e-02,-3.983915594269736571e-02,2.747879496162276142e-02
1.000000000000000000e+00,8.426519384872738216e-02,-4.033977012961490610e-02,8.427569600314170628e-02,-4.028857683046561250e-02,2.601683987641334808e-02
1.000000000000000000e+00,8.645971286271908474e-02,-4.078023670248658722e-02,8.646896442428410323e-02,-4.073423097583507568e-02,2.336200478893118646e-02
1.000000000000000000e+00,8.867974098957009943e-02,-4.121457546230419128e-02,8.868732998002483436e-02,-4.117608620358298444e-02,1.953040858593932394e-02
1.000000000000000000e+00,9.092514128748829805e-02,-4.164284587565829365e-02,9.093069711976402292e-02,-4.161411371056380343e-02,1.456898443834412325e-02
1.000000000000000000e+00,9.319577524960648285e-02,-4.206516580883241929e-02,9.319897567418092277e-02,-4.204827758613198518e-02,8.557271294092515940e-03
1.000000000000000000e+00,9.549150281252627437e-02,-4.248170347237153338e-02,9.549208972797047779e-02,-4.247854390640017769e-02,1.599866517447337284e-03
1.000000000000000000e+00,9.781218236495775598e-02,-4.289266747715004408e-02,9.780995943788281521e-02,-4.290487342892036066e-02,6.176560727238724312e-03
1.000000000000000000e+00,1.001576707564547086e-01,-4.329829487287772255e-02,1.001525017465133838e-01,-4.332723926421867128e-02,1.463765126385273285e-02
1.000000000000000000e+00,1.025278233062449917e-01,-4.369883721993565728e-02,1.025196378395957647e-01,-4.374561063266954597e-02,2.363955904609276945e-02
1.000000000000000000e+00,1.049224938121547934e-01,-4.409454837606624489e-02,1.049112738010875706e-01,-4.415996237277782649e-02,3.304127592834321669e-02
1.000000000000000000e+00,1.073415345596275827e-01,-4.448567960593237391e-02,1.073273129243469542e-01,-4.457026172055907065e-02,4.269943533432051658e-02
1.000000000000000000e+00,1.097847963308351549e-01,-4.487247745323418718e-02,1.097676523088437217e-01,-4.497647646860564175e-02,5.247364125098076537e-02
1.000000000000000000e+00,1.122521284138827680e-01,-4.525518172576083881e-02,1.122321995941970157e-01,-4.537857211762361814e-02,6.222471601678371961e-02
1.000000000000000000e+00,1.147433786121054289e-01,-4.563402351566657467e-02,1.147208278755578598e-01,-4.577651413400364577e-02,7.182040759581485856e-02
1.000000000000000000e+00,1.172583932534559392e-01,-4.600922326568260279e-02,1.172334165115378191e-01,-4.617026379252973239e-02,8.113095031750947039e-02
1.000000000000000000e+00,1.197970171999845346e-01,-4.638098889219503806e-02,1.197698385413949185e-01,-4.655978357685891522e-02,9.003367063681445848e-02
1.000000000000000000e+00,1.223590938574082299e-01,-4.674951397631674221e-02,1.223299608087853874e-01,-4.694503706186937964e-02,9.841380337146753143e-02
1.000000000000000000e+00,1.249444651847702037e-01,-4.711497603425768288e-02,1.249136689823367591e-01,-4.732598610724965404e-02,1.061621557330953564e-01
1.000000000000000000e+00,1.275529717041889999e-01,-4.747753487845377679e-02,1.275207962769856762e-01,-4.770259038421123532e-02,1.131808761396272817e-01
1.000000000000000000e+00,1.301844525106951589e-01,-4.783733108104479270e-02,1.301511920327801941e-01,-4.807480921312296679e-02,1.193800416681591453e-01
1.000000000000000000e+00,1.328387452821572778e-01,-4.819448455140194765e-02,1.328046998599629880e-01,-4.844260312067672630e-02,1.246807607307165305e-01
1.000000000000000000e+00,1.355156862892942238e-01,-4.854909323948915917e-02,1.354811851332516914e-01,-4.880593264744606530e-02,1.290134001819397969e-01
1.000000000000000000e+00,1.382151104057753321e-01,-4.890123197690288831e-02,1.381804543176135547e-01,-4.916475570459499095e-02,1.323222753506378968e-01
1.000000000000000000e+00,1.409368511184055928e-01,-4.925095146746943930e-02,1.409023353273629320e-01,-4.951902905080113326e-02,1.345614005336017716e-01
1.000000000000000000e+00,1.436807405373973223e-01,-4.959827743928856697e-02,1.436466511895531928e-01,-4.986871048544323087e-02,1.356978115057070333e-01
1.000000000000000000e+00,1.464466094067262691e-01,-4.994320997009484009e-02,1.464132203253193654e-01,-5.021375866751176531e-02,1.357117943650693326e-01
1.000000000000000000e+00,1.492342871145721506e-01,-5.028572299776502136e-02,1.492018824026675183e-01,-5.055413216057317444e-02,1.345951149870438790e-01
1.000000000000000000e+00,1.520436017038428456e-01,-5.062576402772938494e-02,1.520124208331751769e-01,-5.088978557607724829e-02,1.323539494893552770e-01
1.000000000000000000e+00,1.548743798827814655e-01,-5.096325404894728323e-02,1.548446420332099116e-01,-5.122067416772480702e-02,1.290063361893277194e-01
1.000000000000000000e+00,1.577264470356556925e-01,-5.129808766998249919e-02,1.576983489373812997e-01,-5.154675423999766776e-02,1.245839663066039688e-01
1.000000000000000000e+00,1.605996272335291630e-01,-5.163013348656083495e-02,1.605733413240317542e-01,-5.186798316532238023e-02,1.191319976539830378e-01
1.000000000000000000e+00,1.634937432451133432e-01,-5.195923469181222554e-02,1.634694358501882216e-01,-5.218431656439560112e-02,1.127062908562604243e-01
1.000000000000000000e+00,1.664086165477001722e-01,-5.228520994019050794e-02,1.663864047339640717e-01,-5.249571109664917523e-02,1.053776900660702287e-01
1.000000000000000000e+00,1.693440673381740869e-01,-5.260785447582771307e-02,1.693240404959270307e-01,-5.280212321543652915e-02,9.722729498695510675e-02
1.000000000000000000e+00,1.722999145441030389e-01,-5.292694153581428002e-02,1.722821338632060384e-01,-5.310351120815808013e-02,8.834801922533441765e-02
1.000000000000000000e+00,1.752759758349082264e-01,-5.324222403860438824e-02,1.752604867433042168e-01,-5.339983565193004433e-02,7.884335415542290115e-02
1.000000000000000000e+00,1.782720676331105425e-01,-5.355343656742337505e-02,1.782588609061677154e-01,-5.369105259013957215e-02,6.882552447468127943e-02
1.000000000000000000e+00,1.812880051256551828e-01,-5.386029765820657400e-02,1.812770673296212887e-01,-5.397712651883126989e-02,5.841642353052452913e-02
1.000000000000000000e+00,1.843236022753111936e-01,-5.416251240122137156e-02,1.843148811733354431e-01,-5.425801758450653905e-02,4.774412174792116992e-02
1.000000000000000000e+00,1.873786718321474032e-01,-5.445977536511998479e-02,1.873720903513361180e-01,-5.453368702455378692e-02,3.694177193871889253e-02
1.000000000000000000e+00,1.904530253450830157e-01,-5.475177385174013339e-02,1.904484872088001435e-01,-5.480409553310681969e-02,2.614562130455278313e-02
1.000000000000000000e+00,1.935464731735117572e-01,-5.503819148951134138e-02,1.935438522043280152e-01,-5.506919722952549612e-02,1.549094893235723226e-02
1.000000000000000000e+00,1.966588244990001844e-01,-5.531871217284061587e-02,1.966579823924500814e-01,-5.532894634101663545e-02,5.112197290915594314e-03
1.000000000000000000e+00,1.997898873370579920e-01,-5.559302435434070738e-02,1.997906671359179487e-01,-5.558328423895110559e-02,4.864534575941231558e-03
1.000000000000000000e+00,2.029394685489807615e-01,-5.586082566792263671e-02,2.029417019116171172e-01,-5.583213967272535744e-02,1.432425256255766104e-02
1.000000000000000000e+00,2.061073738537634870e-01,-5.612182699070476094e-02,2.061108848257692805e-01,-5.607542280151325137e-02,2.316789091401010373e-02
1.000000000000000000e+00,2.092934078400847109e-01,-5.637575408502337737e-02,2.092980168924332141e-01,-5.631301506740671314e-02,3.131816316001190953e-02
1.000000000000000000e+00,2.124973739783607707e-01,-5.662234806899189843e-02,2.125028972338122712e-01,-5.654475988017178267e-02,3.872425133634747191e-02
1.000000000000000000e+00,2.157190746328680464e-01,-5.686136578137801489e-02,2.157253354872497586e-01,-5.677049591305942389e-02,4.534590408425956398e-02
1.000000000000000000e+00,2.189583110739347083e-01,-5.709258009249630617e-02,2.189651391866993813e-01,-5.699005720981684120e-02,5.115306507974816397e-02
1.000000000000000000e+00,2.222148834901989112e-01,-5.731578015919017860e-02,2.222221164485864153e-01,-5.720327974792274728e-02,5.612283980118139975e-02
1.000000000000000000e+00,2.254885910009341576e-01,-5.753077162206245154e-02,2.254960757178704756e-01,-5.741000318596940766e-02,6.023871435498553972e-02
1.000000000000000000e+00,2.287792316684406635e-01,-5.773737674320451874e-02,2.287868255566834208e-01,-5.761007179654453053e-02,6.349015136378528823e-02
1.000000000000000000e+00,2.320866025105017272e-01,-5.793543448276870095e-02,2.320941650793151012e-01,-5.780333040570645453e-02,6.587437169636109480e-02
1.000000000000000000e+00,2.354104995129047140e-01,-5.812480051282754162e-02,2.354179116505328295e-01,-5.798963354512809421e-02,6.739262294165374034e-02
1.000000000000000000e+00,2.387507176420255450e-01,-5.830534716706691628e-02,2.387578737883393476e-01,-5.816883497034446016e-02,6.805454642482211547e-02
1.000000000000000000e+00,2.421070508574763580e-01,-5.847696332496785804e-02,2.421138595322791798e-01,-5.834079091988782217e-02,6.787675869241283078e-02
1.000000000000000000e+00,2.454792921248143966e-01,-5.863955422924217037e-02,2.454856763338189585e-01,-5.850535874590787055e-02,6.688343918178520087e-02
1.000000000000000000e+00,2.488672334283137388e-01,-5.879304123540367299e-02,2.488731309442689943e-01,-5.866239547661038223e-02,6.510691865931766964e-02
1.000000000000000000e+00,2.522706657837961997e-01,-5.893736149247369438e-02,2.522760200536225406e-01,-5.881175493204498367e-02,6.258875729183355219e-02
1.000000000000000000e+00,2.556893792515225194e-01,-5.907246755394324200e-02,2.556941677297036031e-01,-5.895328789527307101e-02,5.938027282504206028e-02
1.000000000000000000e+00,2.591231629491423938e-01,-5.919832691823843224e-02,2.591273598955824431e-01,-5.908684067970587650e-02,5.554162338605611593e-02
1.000000000000000000e+00,2.625718050647027346e-01,-5.931492149806476960e-02,2.625754086373731644e-01,-5.921225609876315521e-02,5.114241759260101244e-02
1.000000000000000000e+00,2.660350928697133299e-01,-5.942224701813713511e-02,2.660381151859103066e-01,-5.932937140870887804e-02,4.626166841376151001e-02
1.000000000000000000e+00,2.695128127322687916e-01,-5.952031234093566048e-02,2.695152788995786031e-01,-5.943802054130756241e-02,4.098654245299898635e-02
1.000000000000000000e+00,2.730047501302266255e-01,-5.960913872026515903e-02,2.730066915785181458e-01,-5.953803484539848395e-02,3.541154587209420501e-02
1.000000000000000000e+00,2.765106896644394796e-01,-5.968875898253290374e-02,2.765121597686054367e-01,-5.962924414955803748e-02,2.963790228630852966e-02
1.000000000000000000e+00,2.800304150720424601e-01,-5.975921663580197052e-02,2.800314655552003096e-01,-5.971148432300549258e-02,2.376880864323266396e-02
1.000000000000000000e+00,2.835637092397930159e-01,-5.982056490681786354e-02,2.835644063398098380e-01,-5.978459362173934449e-02,1.791130699351780112e-02
1.000000000000000000e+00,2.871103542174636702e-01,-5.987286570635183547e-02,2.871107615677134239e-01,-5.984842191943242490e-02,1.217078453142061284e-02
1.000000000000000000e+00,2.906701312312859331e-01,-5.991618852334847783e-02,2.906703174586139360e-01,-5.990283488899099396e-02,6.648619765255438588e-03
1.000000000000000000e+00,2.942428206974456728e-01,-5.995060924851242090e-02,2.942428531679509018e-01,-5.994771740666778731e-02,1.439765294563688080e-03
1.000000000000000000e+00,2.978282022356275593e-01,-5.997620892811553195e-02,2.978281450806212760e-01,-5.998297913056673675e-02,3.370597692718353949e-03
1.000000000000000000e+00,3.014260546826097453e-01,-5.999307244906304515e-02,3.014259656203267523e-01,-6.000856025772734886e-02,7.710578148908280721e-03
1.000000000000000000e+00,3.050361561059058424e-01,-6.000128721513293961e-02,3.050360846857739783e-01,-6.002443886495009012e-02,1.152587218758014884e-02
1.000000000000000000e+00,3.086582838174550814e-01,-6.000094229583920191e-02,3.086582725193964261e-01,-6.003062725277532458e-02,1.477836003144026439e-02
1.000000000000000000e+00,3.122922143873585465e-01,-5.999212819382600953e-02,3.122922941400150809e-01,-6.002718576653208460e-02,1.745310715742209168e-02
1.000000000000000000e+00,3.159377236576610404e-01,-5.997493672626907912e-02,3.159379149828339672e-01,-6.001421499966774764e-02,1.955452760799916354e-02
1.000000000000000000e+00,3.195945867561791331e-01,-5.994946091029799279e-02,3.195949004173619379e-01,-5.999185850109993445e-02,2.110779421419671509e-02
1.000000000000000000e+00,3.232625781103714013e-01,-5.991579485168644498e-02,3.232630163976556448e-01,-5.996029884271034810e-02,2.215694129639796464e-02
1.000000000000000000e+00,3.269414714612535189e-01,-5.987403363693839797e-02,3.269420299555375053e-01,-5.991975004729094278e-02,2.276115600849277706e-02
1.000000000000000000e+00,3.306310398773543713e-01,-5.982427322889079246e-02,3.306317094527960743e-01,-5.987044557721724058e-02,2.298885876495441669e-02
1.000000000000000000e+00,3.343310557687145801e-01,-5.976661036594500820e-02,3.343318245110163400e-01,-5.981262100665929449e-02,2.290913430053503202e-02
1.000000000000000000e+00,3.380412909009252731e-01,-5.970114246503200467e-02,3.380421481478610990e-01,-5.974648771477738401e-02,2.257871280986562673e-02
1.000000000000000000e+00,3.417615164092069335e-01,-5.962796752840734266e-02,3.417624477652854154e-01,-5.967220925129194942e-02,2.203017922353759858e-02
1.000000000000000000e+00,3.454915028125262744e-01,-5.954718405436450895e-02,3.454924894356194986e-01,-5.958985202909567597e-02,2.124750263020351235e-02
1.000000000000000000e+00,3.492310200277521925e-01,-5.945889095194635543e-02,3.492320421699359745e-01,-5.949941251596017888e-02,2.017967235639633872e-02
1.000000000000000000e+00,3.529798373838480829e-01,-5.936318745972628957e-02,3.529808690761483403e-01,-5.940103409740732365e-02,1.884856936447544887e-02
1.000000000000000000e+00,3.567377236361009007e-01,-5.926017306872204127e-02,3.567387389953909915e-01,-5.929490876762044671e-02,1.730020670013446976e-02
1.000000000000000000e+00,3.605044469803853624e-01,-5.914994744949693406e-02,3.605054209920875441e-01,-5.918122541606071763e-02,1.557897109119660110e-02
1.000000000000000000e+00,3.642797750674629520e-01,-5.903261038349438827e-02,3.642806842536380207e-01,-5.906016926194788963e-02,1.372737629243533410e-02
1.000000000000000000e+00,3.680634750173136238e-01,-5.890826169864333411e-02,3.680642979905980328e-01,-5.893192126770102623e-02,1.178580335479242729e-02
1.000000000000000000e+00,3.718553134335017551e-01,-5.877700120926299815e-02,3.718560313382143767e-01,-5.879665755252589526e-02,9.792238410198548723e-03
1.000000000000000000e+00,3.756550564175726303e-01,-5.863892866028781042e-02,3.756556538981067894e-01,-5.865454715779949008e-02,7.781200142092612251e-03
1.000000000000000000e+00,3.794624695834806771e-01,-5.849414367582390917e-02,3.794629328208673491e-01,-5.850575623465950614e-02,5.785794263546431559e-03
1.000000000000000000e+00,3.832773180720473460e-01,-5.834274571204026844e-02,3.832776376354483650e-01,-5.835044172909507887e-02,3.834686702477977608e-03
1.000000000000000000e+00,3.870993665654481886e-01,-5.818483401438969554e-02,3.870995354669943822e-01,-5.818875576295799018e-02,1.954213171687761447e-03
1.000000000000000000e+00,3.909283793017287456e-01,-5.802050757914529316e-02,3.909283941800143491e-01,-5.802084108735926227e-02,1.661988657557831412e-04
1.000000000000000000e+00,3.947641200893471924e-01,-5.784986511923096569e-02,3.947639803864988473e-01,-5.784683562788828226e-02,1.509804735218236342e-03
1.000000000000000000e+00,3.986063523217437399e-01,-5.767300503431521674e-02,3.986060603494023247e-01,-5.766686848007167993e-02,3.058478159252285729e-03
1.000000000000000000e+00,4.024548389919359592e-01,-5.749002538512999749e-02,4.024543996776556165e-01,-5.748106140680291076e-02,4.467983075462732441e-03
1.000000000000000000e+00,4.063093427071377550e-01,-5.730102387196802510e-02,4.063087637117791528e-01,-5.728952890010834131e-02,5.729911614039535223e-03
1.000000000000000000e+00,4.101696257034037618e-01,-5.710609781730426743e-02,4.101689159147615116e-01,-5.709237862258081248e-02,6.839098698841771830e-03
1.000000000000000000e+00,4.140354498602952238e-01,-5.690534415247912314e-02,4.140346195961174258e-01,-5.688971158479802503e-02,7.793486219014677564e-03
1.000000000000000000e+00,4.179065767155685229e-01,-5.669885940837391530e-02,4.179056386122363409e-01,-5.668162244619590062e-02,8.593948533255561795e-03
1.000000000000000000e+00,4.217827674798846349e-01,-5.648673971000093413e-02,4.217817346150893876e-01,-5.646820055830133189e-02,9.243843939486483252e-03
1.000000000000000000e+00,4.256637830515385690e-01,-5.626908077492392274e-02,4.256626690897258869e-01,-5.624953034504738547e-02,9.748772733928224785e-03
1.000000000000000000e+00,4.295493840312086808e-01,-5.604597791541709312e-02,4.295482029099003674e-01,-5.602569214944375098e-02,1.011616942102610585e-02
1.000000000000000000e+00,4.334393307367238046e-01,-5.581752604426425124e-02,4.334380957095672615e-01,-5.579676283766014239e-02,1.035502461608034559e-02
1.000000000000000000e+00,4.373333832178478708e-01,-5.558381968409292079e-02,4.373321085890927162e-01,-5.556281652657819869e-02,1.047544920109553038e-02
1.000000000000000000e+00,4.412313012710812332e-01,-5.534495298013159675e-02,4.412300003029184237e-01,-5.532392729150387850e-02,1.048744715523482370e-02
1.000000000000000000e+00,4.451328444544774277e-01,-5.510101971627234807e-02,4.451315291677215846e-01,-5.508016716200283408e-02,1.040186613428130055e-02
1.000000000000000000e+00,4.490377721024750302e-01,-5.485211333431510433e-02,4.490364551824699846e-01,-5.483160928615218865e-02,1.022876788006175063e-02
1.000000000000000000e+00,4.529458433407428375e-01,-5.459832695626364030e-02,4.529445355777073634e-01,-5.457832784033807283e-02,9.977623805277620328e-03
1.000000000000000000e+00,4.568568171010383150e-01,-5.433975340953849792e-02,4.568555298607507309e-01,-5.432039842508924049e-02,9.656972081191587953e-03
1.000000000000000000e+00,4.607704521360775907e-01,-5.407648525496647207e-02,4.607691951077924619e-01,-5.405789934063173763e-02,9.273949897679040558e-03
1.000000000000000000e+00,4.646865070344167181e-01,-5.380861481740151914e-02,4.646852905937031153e-01,-5.379091144134721947e-02,8.834230090728064158e-03
1.000000000000000000e+00,4.686047402353433755e-01,-5.353623421882703487e-02,4.686035734133927044e-01,-5.351951764296281056e-02,8.342428664515805919e-03
1.000000000000000000e+00,4.725249100437771688e-01,-5.325943541378576340e-02,4.725238023086709149e-01,-5.324380452095193311e-02,7.801200262218371470e-03
1.000000000000000000e+00,4.764467746451786501e-01,-5.297831022697854081e-02,4.764457357533485871e-01,-5.296385904847407400e-02,7.212941510523177176e-03
1.000000000000000000e+00,4.803700921204657748e-01,-5.269295039287034965e-02,4.803691310240282841e-01,-5.267977000300379242e-02,6.579146942510003329e-03
1.000000000000000000e+00,4.842946204609359095e-01,-5.240344759713794209e-02,4.842937464672369963e-01,-5.239162546544905846e-02,5.901591625455663258e-03
1.000000000000000000e+00,4.882201175831949458e-01,-5.210989351979091605e-02,4.882193399073408990e-01,-5.209951006333238960e-02,5.183777921710236436e-03
1.000000000000000000e+00,4.921463413440896884e-01,-5.181237987979405574e-02,4.921456678859079670e-01,-5.180350372805538756e-02,4.431604227959248278e-03
1.000000000000000000e+00,4.960730495556443520e-01,-5.151099848101835244e-02,4.960724870669080411e-01,-5.150367795977862234e-02,3.655190805988059715e-03
1.000000000000000000e+00,5.000000000000001110e-01,-5.120584125934349307e-02,4.999995528282860091e-01,-5.120009124718085530e-02,2.871229453017154487e-03
1.000000000000000000e+00,5.039269504443557590e-01,-5.089700032994191881e-02,5.039266196739332626e-01,-5.089279800240773671e-02,2.098557452404858394e-03
1.000000000000000000e+00,5.078536586559103672e-01,-5.058456801474273817e-02,5.078534455855036045e-01,-5.058189233325606493e-02,1.336278088610145468e-03
1.000000000000000000e+00,5.117798824168050542e-01,-5.026863681822665159e-02,5.117797887366494214e-01,-5.026747357344030220e-02,5.809846987380698925e-04
1.000000000000000000e+00,5.157053795390641460e-01,-4.994929938324416813e-02,5.157054068986397510e-01,-4.994963552047253230e-02,1.678959644160967510e-04
1.000000000000000000e+00,5.196299078795343362e-01,-4.962664844670321845e-02,5.196300575895422824e-01,-4.962846840142962068e-02,9.091065894507816079e-04
1.000000000000000000e+00,5.235532253548214054e-01,-4.930077679594061651e-02,5.235534982153023931e-01,-4.930405991648525998e-02,1.640103891675477122e-03
1.000000000000000000e+00,5.274750899562229423e-01,-4.897177722579951209e-02,5.274754859206065571e-01,-4.897649541842372806e-02,2.357162232961501538e-03
1.000000000000000000e+00,5.313952597646567355e-01,-4.863974249643349818e-02,5.313957780562914568e-01,-4.864585861921538051e-02,3.055763823162455269e-03
1.000000000000000000e+00,5.353134929655832819e-01,-4.830476529185697560e-02,5.353141318503582546e-01,-4.831223363676650367e-02,3.731620465658805515e-03
1.000000000000000000e+00,5.392295478639225204e-01,-4.796693817926091230e-02,5.392303044486748131e-01,-4.797570361749457779e-02,4.380011143010910032e-03
1.000000000000000000e+00,5.431431828989617960e-01,-4.762635356911221196e-02,5.431440536506485506e-01,-4.763635085800878993e-02,4.995893079667781435e-03
1.000000000000000000e+00,5.470541566592571625e-01,-4.728310367605355335e-02,5.470551366496859691e-01,-4.729426035291137143e-02,5.575626190990466691e-03
1.000000000000000000e+00,5.509622278975250254e-01,-4.693728048062028452e-02,5.509633115441939788e-01,-4.694951608601295040e-02,6.115216772236089886e-03
1.000000000000000000e+00,5.548671555455225723e-01,-4.658897569178988007e-02,5.548683367805301581e-01,-4.660220130660609750e-02,6.610449235514502878e-03
1.000000000000000000e+00,5.587686987289188778e-01,-4.623828071037806159e-02,5.587699696925851889e-01,-4.625240072701029825e-02,7.057928410815874146e-03
1.000000000000000000e+00,5.626666167821521292e-01,-4.588528659329569465e-02,5.626679693914150571e-01,-4.590020045843400814e-02,7.455192234380986216e-03
1.000000000000000000e+00,5.665606692632761954e-01,-4.553008401867885552e-02,5.665620947107012917e-01,-4.554568587118781875e-02,7.799576868780495366e-03
1.000000000000000000e+00,5.704506159687913192e-01,-4.517276325190389824e-02,5.704521053050363166e-01,-4.518894231452570687e-02,8.088639060978189410e-03
1.000000000000000000e+00,5.743362169484614865e-01,-4.481341411249874229e-02,5.743377594522993679e-01,-4.483005496161471953e-02,8.319994923870557141e-03
1.000000000000000000e+00,5.782172325201154761e-01,-4.445212594195985245e-02,5.782188175571154609e-01,-4.446911083700390288e-02,8.492499651338778627e-03
1.000000000000000000e+00,5.820934232844314771e-01,-4.408898757248465999e-02,5.820950397132610421e-01,-4.410619587694154103e-02,8.604694332904033738e-03
1.000000000000000000e+00,5.859645501397048317e-01,-4.372408729662692617e-02,5.859661863633348622e-01,-4.374139598802460893e-02,8.655375078135189165e-03
1.000000000000000000e+00,5.898303742965962382e-01,-4.335751283788300686e-02,5.898320183143502815e-01,-4.337479700824442563e-02,8.643588337879126379e-03
1.000000000000000000e+00,5.936906572928624115e-01,-4.298935132221503447e-02,5.936922967550930519e-01,-4.300648468927147777e-02,8.568636372797828332e-03
1.000000000000000000e+00,5.975451610080642073e-01,-4.261968925051672075e-02,5.975467832755146924e-01,-4.263654470173604272e-02,8.430093749410432630e-03
1.000000000000000000e+00,6.013936476782563156e-01,-4.224861247202628400e-02,6.013952398883229966e-01,-4.226506266407471790e-02,8.227835151321867546e-03
1.000000000000000000e+00,6.052358799106528631e-01,-4.187620615869053209e-02,6.052374290528019785e-01,-4.189212419437207680e-02,7.962074222768454265e-03
1.000000000000000000e+00,6.090716206982712544e-01,-4.150255478048269636e-02,6.090731137007880935e-01,-4.151781498353458028e-02,7.633412615398352079e-03
1.000000000000000000e+00,6.129006334345519225e-01,-4.112774208167641055e-02,6.129020572646001197e-01,-4.114222088710221131e-02,7.242897892663448245e-03
1.000000000000000000e+00,6.167226819279527650e-01,-4.075185105807670183e-02,6.167240237066080599e-01,-4.076542803203720561e-02,6.792088462472956577e-03
1.000000000000000000e+00,6.205375304165193784e-01,-4.037496393520859789e-02,6.205387775500050829e-01,-4.038752293393611109e-02,6.283123260620492034e-03
1.000000000000000000e+00,6.243449435824274252e-01,-3.999716214746280168e-02,6.243460839102330517e-01,-4.000859261929954475e-02,5.718793500344999600e-03
1.000000000000000000e+00,6.281446865664983559e-01,-3.961852631819709480e-02,6.281457082572743378e-01,-3.962872440958500886e-02,5.102433053940038168e-03
1.000000000000000000e+00,6.319365249826864872e-01,-3.923913624079148482e-02,6.319374174402305755e-01,-3.924800618911544053e-02,4.438110656520156266e-03
1.000000000000000000e+00,6.357202249325372145e-01,-3.885907086065412686e-02,6.357209783401602810e-01,-3.886652798201242071e-02,3.731352546549587118e-03
1.000000000000000000e+00,6.394955530196146931e-01,-3.847840825817427923e-02,6.394961586206053816e-01,-3.848437996348100243e-02,2.988202098842319011e-03
1.000000000000000000e+00,6.432622763638992103e-01,-3.809722563261803280e-02,6.432627269296649075e-01,-3.810165175401594717e-02,2.214887873800277379e-03
1.000000000000000000e+00,6.470201626161520281e-01,-3.771559928696145009e-02,6.470204525333618228e-01,-3.771843700155907281e-02,1.420081608061818249e-03
1.000000000000000000e+00,6.507689799722479185e-01,-3.733360461365523020e-02,6.507691053348881871e-01,-3.733482766973113265e-02,6.120764041442452227e-04
1.000000000000000000e+00,6.545084971874737256e-01,-3.695131608131423107e-02,6.545084562689654772e-01,-3.695091817664081929e-02,1.991375267726439252e-04
1.000000000000000000e+00,6.582384835907930665e-01,-3.656880722232443842e-02,6.582382759215034129e-01,-3.656679381209441276e-02,1.007673821554539405e-03
1.000000000000000000e+00,6.619587090990747269e-01,-3.618615062135938087e-02,6.619583331498971601e-01,-3.618251627848195068e-02,1.818975874188281027e-03
1.000000000000000000e+00,6.656689442312855309e-01,-3.580341790479711628e-02,6.656683984594710113e-01,-3.579815729485774645e-02,2.632998706519731717e-03
1.000000000000000000e+00,6.693689601226457953e-01,-3.542067973102852596e-02,6.693682451226092844e-01,-3.541380591053972654e-02,3.440525854497192889e-03
1.000000000000000000e+00,6.730585285387465921e-01,-3.503800578164668195e-02,6.730576477645583422e-01,-3.502955881316192899e-02,4.228037611984346474e-03
1.000000000000000000e+00,6.767374218896285987e-01,-3.465546475350683719e-02,6.767363820514081807e-01,-3.464551559143910081e-02,4.980069708716113736e-03
1.000000000000000000e+00,6.804054132438208669e-01,-3.427312435164543702e-02,6.804042248536250614e-01,-3.426177726892969122e-02,5.679928043939318216e-03
1.000000000000000000e+00,6.840622763423389596e-01,-3.389105128304663317e-02,6.840609530820925821e-01,-3.387844031251955462e-02,6.312713187951422833e-03
1.000000000000000000e+00,6.877077856126416755e-01,-3.350931125124359533e-02,6.877063440220821944e-01,-3.349559640164872371e-02,6.865415454208398036e-03
1.000000000000000000e+00,6.913417161825449186e-01,-3.312796895174172779e-02,6.913401750916247090e-01,-3.311333087318595048e-02,7.327695866562461066e-03
1.000000000000000000e+00,6.949638438940941576e-01,-3.274708806825019081e-02,6.949622237832934202e-01,-3.273172207923231991e-02,7.692206012477661309e-03
1.000000000000000000e+00,6.985739453173903657e-01,-3.236673126970786990e-02,6.985722676584267266e-01,-3.235084122363859199e-02,7.954668540057481183e-03
1.000000000000000000e+00,7.021717977643724407e-01,-3.198696020808625834e-02,7.021700843822098470e-01,-3.197075256994569986e-02,8.113772013388052817e-03
1.000000000000000000e+00,7.057571793025544382e-01,-3.160783551660317769e-02,7.057554519408723026e-01,-3.159151375655258609e-02,8.171003339798725215e-03
1.000000000000000000e+00,7.093298687687141779e-01,-3.122941680672293441e-02,7.093281479769518727e-01,-3.121317611986957827e-02,8.130521841819976503e-03
1.000000000000000000e+00,7.128896457825363298e-01,-3.085176266439144943e-02,7.128879513051336048e-01,-3.083578798964895992e-02,7.997447273926535510e-03
1.000000000000000000e+00,7.164362907602069841e-01,-3.047493064702494481e-02,7.164346407509142312e-01,-3.045939178429444075e-02,7.779357908559408896e-03
1.000000000000000000e+00,7.199695849279575954e-01,-3.009897728142596832e-02,7.199679958823829162e-01,-3.008402634477412921e-02,7.485096378776901448e-03
1.000000000000000000e+00,7.234893103355605204e-01,-2.972395806261238921e-02,7.234877964868280387e-01,-2.970972907512122591e-02,7.123737676472169725e-03
1.000000000000000000e+00,7.269952498697733745e-01,-2.934992745354399538e-02,7.269938237138220405e-01,-2.933653600560692451e-02,6.704498331172084255e-03
1.000000000000000000e+00,7.304871872677313194e-01,-2.897693888573053128e-02,7.304858593731682337e-01,-2.896448088284039879e-02,6.237224753810700038e-03
1.000000000000000000e+00,7.339649071302868366e-01,-2.860504476070409655e-02,7.339636858123786967e-01,-2.859359756152049167e-02,5.731217166219517573e-03
1.000000000000000000e+00,7.374281949352974319e-01,-2.823429645233800980e-02,7.374270870458640159e-01,-2.822392101407543777e-02,5.194672067910995408e-03
1.000000000000000000e+00,7.408768370508577172e-01,-2.786474430999386423e-02,7.408758473111423104e-01,-2.785548379574969910e-02,4.636510603942843589e-03
1.000000000000000000e+00,7.443106207484775361e-01,-2.749643766247748811e-02,7.443097527725005547e-01,-2.748832283344577326e-02,4.062930542869523827e-03
1.000000000000000000e+00,7.477293342162038003e-01,-2.712942482278390618e-02,7.477285898523062802e-01,-2.712247163998099744e-02,3.481351682513030184e-03
1.000000000000000000e+00,7.511327665716862612e-01,-2.676375309361082172e-02,7.511321468249194666e-01,-2.675796823904717445e-02,2.896411914979094438e-03
1.000000000000000000e+00,7.545207078751856589e-01,-2.639946877361953881e-02,7.545202124866344784e-01,-2.639484838765464303e-02,2.313396447574098558e-03
1.000000000000000000e+00,7.578929491425236975e-01,-2.603661716442166874e-02,7.578925771272089218e-01,-2.603314980201464415e-02,1.736098599700644333e-03
1.000000000000000000e+00,7.612492823579743995e-01,-2.567524257826919731e-02,7.612490319838265407e-01,-2.567291047681787008e-02,1.167685220972471995e-03
1.000000000000000000e+00,7.645895004870955081e-01,-2.531538834642541383e-02,7.645893693299216087e-01,-2.531416753950842258e-02,6.112639462530629038e-04
1.000000000000000000e+00,7.679133974894984949e-01,-2.495709682819343897e-02,7.679133826290028830e-01,-2.495695858212019710e-02,6.922090797883249263e-05
1.000000000000000000e+00,7.712207683315595030e-01,-2.460040942057824948e-02,7.712208664423356730e-01,-2.460132159338397975e-02,4.567352903567625561e-04
1.000000000000000000e+00,7.745114089990658979e-01,-2.424536656855876687e-02,7.745116162676767280e-01,-2.424729269607520457e-02,9.644392453337581779e-04
1.000000000000000000e+00,7.777851165098010888e-01,-2.389200777594500946e-02,7.777854288123894344e-01,-2.389490844696067970e-02,1.452415692675645660e-03
1.000000000000000000e+00,7.810416889260654028e-01,-2.354037161679564324e-02,7.810421017191778725e-01,-2.354420402868733636e-02,1.918963596068559837e-03
1.000000000000000000e+00,7.842809253671320091e-01,-2.319049574737094485e-02,7.842814339420449699e-01,-2.319521524679970040e-02,2.363158084754492672e-03
1.000000000000000000e+00,7.875026260216393403e-01,-2.284241691859524581e-02,7.875032252368566743e-01,-2.284797563158795508e-02,2.783381946138173586e-03
1.000000000000000000e+00,7.907065921599152336e-01,-2.249617098900389203e-02,7.907072769778351606e-01,-2.250252169104349775e-02,3.179962186329739551e-03
1.000000000000000000e+00,7.938926261462364575e-01,-2.215179293814811823e-02,7.938933914439464390e-01,-2.215888745063171461e-02,3.552422009169280744e-03
1.000000000000000000e+00,7.970605314510194050e-01,-2.180931688043231259e-02,7.970613723899395708e-01,-2.181711080308294110e-02,3.902646749037953257e-03
1.000000000000000000e+00,8.002101126629421746e-01,-2.146877607935719634e-02,8.002110249502765171e-01,-2.147722913307320569e-02,4.232705398881802389e-03
1.000000000000000000e+00,8.033411755009999267e-01,-2.113020296214248792e-02,8.033421547871119062e-01,-2.113927498418503859e-02,4.542652518506923483e-03
1.000000000000000000e+00,8.064535268264882983e-01,-2.079362913470293034e-02,8.064545684895285671e-01,-2.080327718523142244e-02,4.831098996030923354e-03
1.000000000000000000e+00,8.095469746549170953e-01,-2.045908539695117170e-02,8.095480734314841609e-01,-2.046926106712993257e-02,5.095303593808220288e-03
1.000000000000000000e+00,8.126213281678525968e-01,-2.012660175840091936e-02,8.126224783172214527e-01,-2.013725134102925876e-02,5.332618306843752570e-03
1.000000000000000000e+00,8.156763977246888064e-01,-1.979620745404396878e-02,8.156775928940149800e-01,-1.980727196514821264e-02,5.540398613949743672e-03
1.000000000000000000e+00,8.187119948743448727e-01,-1.946793096047504806e-02,8.187132281081584972e-01,-1.947934632910323233e-02,5.716094440959247971e-03
1.000000000000000000e+00,8.217279323668894575e-01,-1.914180001223787786e-02,8.217291963395109144e-01,-1.915349841751731383e-02,5.857829930575906424e-03
1.000000000000000000e+00,8.247240241650917181e-01,-1.881784161836643973e-02,8.247253111403286541e-01,-1.882975103085610460e-02,5.963500059376969538e-03
1.000000000000000000e+00,8.277000854558971277e-01,-1.849608207909555352e-02,8.277013874481133904e-01,-1.850812903693562980e-02,6.032382498036564442e-03
1.000000000000000000e+00,8.306559326618260242e-01,-1.817654700271514878e-02,8.306572415890349781e-01,-1.818865681587423372e-02,6.063864198690112513e-03
1.000000000000000000e+00,8.335913834522998833e-01,-1.785926132254210888e-02,8.335926911243306536e-01,-1.787135869145985503e-02,6.057637682576909322e-03
1.000000000000000000e+00,8.365062567548866568e-01,-1.754424931398527662e-02,8.365075551238264628e-01,-1.755625949287032209e-02,6.013984652249152255e-03
1.000000000000000000e+00,8.394003727664709480e-01,-1.723153461167780884e-02,8.394016538168460606e-01,-1.724338393011955878e-02,5.933439109881465459e-03
1.000000000000000000e+00,8.422735529643443630e-01,-1.692114022665290943e-02,8.422748089411875583e-01,-1.693275714160070652e-02,5.817067944154193614e-03
1.000000000000000000e+00,8.451256201172185900e-01,-1.661308856353798519e-02,8.451268434492070769e-01,-1.662440328745600979e-02,5.665749884189993230e-03
1.000000000000000000e+00,8.479563982961570989e-01,-1.630740143774384726e-02,8.479575817251230330e-01,-1.631834704674377939e-02,5.480919066018916791e-03
1.000000000000000000e+00,8.507657128854277939e-01,-1.600410009262508496e-02,8.507668494896907241e-01,-1.601461276491135052e-02,5.264128894207496107e-03
1.000000000000000000e+00,8.535533905932737309e-01,-1.570320521658861643e-02,8.535544738320492986e-01,-1.571322463612540021e-02,5.017134947070985354e-03
1.000000000000000000e+00,8.563192594626027887e-01,-1.540473696012781106e-02,8.563202832193465008e-01,-1.541420669980873154e-02,4.741884774345441964e-03
1.000000000000000000e+00,8.590631488815945183e-01,-1.510871495276006927e-02,8.590641075575776719e-01,-1.511758325603989976e-02,4.440717806273980148e-03
1.000000000000000000e+00,8.617848895942248344e-01,-1.481515831984601614e-02,8.617857780521516187e-01,-1.482337764992045122e-02,4.115747319835441446e-03
1.000000000000000000e+00,8.644843137107058872e-01,-1.452408569926955106e-02,8.644851274435123578e-01,-1.453161460998211515e-02,3.770021641268774329e-03
1.000000000000000000e+00,8.671612547178427777e-01,-1.423551525795792305e-02,8.671619898136239124e-01,-1.424231746718220872e-02,3.406128584533453345e-03
1.000000000000000000e+00,8.698155474893047856e-01,-1.394946470822203827e-02,8.698162007500654935e-01,-1.395551082164182312e-02,3.027515514210178931e-03
1.000000000000000000e+00,8.724470282958110001e-01,-1.366595132389761443e-02,8.724475973601416579e-01,-1.367121897283826715e-02,2.637704576611162293e-03
1.000000000000000000e+00,8.750555348152297963e-01,-1.338499195626846952e-02,8.750560180730886373e-01,-1.338946634479237091e-02,2.240484150498426273e-03
1.000000000000000000e+00,8.776409061425918257e-01,-1.310660304975382572e-02,8.776413028685057238e-01,-1.311027710203827717e-02,1.839722683470159173e-03
1.000000000000000000e+00,8.802029828000155209e-01,-1.283080065734219267e-02,8.802032932368083484e-01,-1.283367654559984701e-02,1.440049360444130809e-03
1.000000000000000000e+00,8.827416067465441163e-01,-1.255760045575525854e-02,8.827418321753464081e-01,-1.255968939345982437e-02,1.045994761675266872e-03
1.000000000000000000e+00,8.852566213878947377e-01,-1.228701776032549778e-02,8.852567640567388096e-01,-1.228834026539353010e-02,6.622159170061291946e-04
1.000000000000000000e+00,8.877478715861173431e-01,-1.201906753957241933e-02,8.877479348193079156e-01,-1.201965392509548800e-02,2.936185947118820014e-04
1.000000000000000000e+00,8.902152036691648451e-01,-1.175376442946260598e-02,8.902151918430782906e-01,-1.175365471403649539e-02,5.493711442694017185e-05
1.000000000000000000e+00,8.926584654403724173e-01,-1.149112274733983009e-02,8.926583839380011209e-01,-1.149036626290278647e-02,3.787876548596211235e-04
1.000000000000000000e+00,8.950775061878452066e-01,-1.123115650551218675e-02,8.950773614403273459e-01,-1.122981232518480837e-02,6.730554865289630449e-04
1.000000000000000000e+00,8.974721766937550083e-01,-1.097387942448369708e-02,8.974719760291818282e-01,-1.097201497420891708e-02,9.335583367248836755e-04
1.000000000000000000e+00,8.998423292435452359e-01,-1.071930494581884233e-02,8.998420808054515829e-01,-1.071699528629909727e-02,1.156473702974392982e-03
1.000000000000000000e+00,9.021878176350421885e-01,-1.046744624462939317e-02,9.021875302147430720e-01,-1.046477283047420048e-02,1.338602211853525325e-03
1.000000000000000000e+00,9.045084971874737256e-01,-1.021831624167328194e-02,9.045081802583817554e-01,-1.021536649510405327e-02,1.476953673103402259e-03
1.000000000000000000e+00,9.068042247503935727e-01,-9.971927615056414007e-03,9.068038877013179233e-01,-9.968788654332948196e-03,1.571683048507534946e-03
1.000000000000000000e+00,9.090748587125118130e-01,-9.728292811528893927e-03,9.090745099669902407e-01,-9.725043018684105534e-03,1.627166029172687038e-03
1.000000000000000000e+00,9.113202590104299006e-01,-9.487424057368101099e-03,9.113199061909020848e-01,-9.484134767170859792e-03,1.646933549376926710e-03
1.000000000000000000e+00,9.135402871372809708e-01,-9.249333368841653608e-03,9.135399370208951986e-01,-9.246067520549919316e-03,1.635186271543619249e-03
1.000000000000000000e+00,9.157348061512726733e-01,-9.014032562244457536e-03,9.157344650361139982e-01,-9.010849294980839697e-03,1.593830699307559415e-03
1.000000000000000000e+00,9.179036806841351925e-01,-8.781533263504217798e-03,9.179033542614826180e-01,-8.778485821099666492e-03,1.525817223107591054e-03
1.000000000000000000e+00,9.200467769494709014e-01,-8.551846917351335620e-03,9.200464705717091851e-01,-8.548985209387842399e-03,1.432814293122123064e-03
1.000000000000000000e+00,9.221639627510075377e-01,-8.324984796049279129e-03,9.221636813072809913e-01,-8.322354944945879046e-03,1.316721147216594247e-03
1.000000000000000000e+00,9.242551074907517927e-01,-8.100958007682835388e-03,9.242548554547438400e-01,-8.098602046757875234e-03,1.179583952261334346e-03
1.000000000000000000e+00,9.263200821770462001e-01,-7.879777504001803101e-03,9.263198636547624876e-01,-7.877734086003153335e-03,1.023095612845112889e-03
1.000000000000000000e+00,9.283587594325248826e-01,-7.661454087819306348e-03,9.283585781200885956e-01,-7.659758021790537275e-03,8.491805269824219448e-04
1.000000000000000000e+00,9.303710135019718219e-01,-7.445998419963735342e-03,9.303708727281954083e-01,-7.444681122807781173e-03,6.595373071230411621e-04
1.000000000000000000e+00,9.323567202600775428e-01,-7.233421025784959532e-03,9.323566229688871054e-01,-7.232510326399899450e-03,4.559624523767325595e-04
1.000000000000000000e+00,9.343157572190956550e-01,-7.023732301215645721e-03,9.343157059725586411e-01,-7.023252459656240815e-03,2.402428163373950291e-04
1.000000000000000000e+00,9.362480035363985875e-01,-6.816942518389423715e-03,9.362480005213686951e-01,-6.816914279430350693e-03,1.413838617812115416e-05
1.000000000000000000e+00,9.381533400219317365e-01,-6.613061830818446965e-03,9.381533870603648850e-01,-6.613502512540459129e-03,2.206352485396730317e-04
1.000000000000000000e+00,9.400316491455660284e-01,-6.412100278133502779e-03,9.400317478073889621e-01,-6.413024784048598423e-03,4.628694921851301929e-04
1.000000000000000000e+00,9.418828150443467884e-01,-6.214067790390769529e-03,9.418829664501445764e-01,-6.215486823090299144e-03,7.104610291098487681e-04
1.000000000000000000e+00,9.437067235296415779e-01,-6.018974191949512560e-03,9.437069285370596194e-01,-6.020895961037857000e-03,9.621618677656812576e-04
1.000000000000000000e+00,9.455032620941840049e-01,-5.826829204926247362e-03,9.455035212633197128e-01,-5.829259107154833447e-03,1.216563845227693974e-03
1.000000000000000000e+00,9.472723199190126175e-01,-5.637642452231407704e-03,9.472726334998164965e-01,-5.640583006926167334e-03,1.472226167770837894e-03
1.000000000000000000e+00,9.490137878803078797e-01,-5.451423460194738599e-03,9.490141559519476022e-01,-5.454875347795110942e-03,1.728229510034487914e-03
1.000000000000000000e+00,9.507275585561228981e-01,-5.268181660787012166e-03,9.507279808396265075e-01,-5.272142357089540723e-03,1.982968561033325149e-03
1.000000000000000000e+00,9.524135262330097884e-01,-5.087926393445691385e-03,9.524140022499649749e-01,-5.092391465348955482e-03,2.235487824483679224e-03
1.000000000000000000e+00,9.540715869125406812e-01,-4.910666906512975959e-03,9.540721159462947076e-01,-4.915629684854184132e-03,2.484667799016038528e-03
1.000000000000000000e+00,9.557016383177225904e-01,-4.736412358295255184e-03,9.557022194280153649e-01,-4.741863844727003431e-03,2.729343656118980721e-03
1.000000000000000000e+00,9.573035798993068113e-01,-4.565171817753363101e-03,9.573042119376019565e-01,-4.571101244509882984e-03,2.968628480332895486e-03
1.000000000000000000e+00,9.588773128419905145e-01,-4.396954264833867303e-03,9.588779944588134985e-01,-4.403348917992678906e-03,3.201548251808530865e-03
1.000000000000000000e+00,9.604227400705130924e-01,-4.231768590451619357e-03,9.604234697253118958e-01,-4.238613907601614973e-03,3.427177820110109165e-03
1.000000000000000000e+00,9.619397662556434803e-01,-4.069623596134910176e-03,9.619405422068308953e-01,-4.076902892131338725e-03,3.644455748398183707e-03
1.000000000000000000e+00,9.634282978200604530e-01,-3.910527993344438402e-03,9.634291181195513420e-01,-3.918223050809858249e-03,3.852612630564668673e-03
1.000000000000000000e+00,9.648882429441256736e-01,-3.754490402477939082e-03,9.648891055294983587e-01,-3.762581424691304344e-03,4.050860602379584459e-03
1.000000000000000000e+00,9.663195115715470518e-01,-3.601519351572966560e-03,9.663204141474336373e-01,-3.609984649731884290e-03,4.238250724344871240e-03
1.000000000000000000e+00,9.677220154149337450e-01,-3.451623274720285166e-03,9.677229555004071004e-01,-3.460439368335717879e-03,4.413886256583258658e-03
1.000000000000000000e+00,9.690956679612421354e-01,-3.304810510200891123e-03,9.690966428753624573e-01,-3.313952115394229979e-03,4.576863902983414195e-03
1.000000000000000000e+00,9.704403844771127829e-01,-3.161089298359927649e-03,9.704413914665620533e-01,-3.170530394447248698e-03,4.726815099890565967e-03
1.000000000000000000e+00,9.717560820140968003e-01,-3.020467779231212312e-03,9.717571181448760864e-01,-3.030180096580826609e-03,4.862617006824516280e-03
1.000000000000000000e+00,9.730426794137726487e-01,-2.882953989926096555e-03,9.730437415651103095e-01,-2.892908655343657404e-03,4.983960978991897051e-03
1.000000000000000000e+00,9.743000973127522446e-01,-2.748555861800825329e-03,9.743011822991222148e-01,-2.758721927437695221e-03,5.089816580215184537e-03
1.000000000000000000e+00,9.755282581475768211e-01,-2.617281217416629786e-03,9.755293626098749948e-01,-2.627627273485245735e-03,5.179945969457812674e-03
1.000000000000000000e+00,9.767270861595006570e-01,-2.489137767307163327e-03,9.767282068781482085e-01,-2.499634273938718641e-03,5.255282179788965842e-03
1.000000000000000000e+00,9.778965073991651158e-01,-2.364133106567659678e-03,9.778976416922403603e-01,-2.374754044963494053e-03,5.317596650843142356e-03
1.000000000000000000e+00,9.790364497311596637e-01,-2.242274711280860429e-03,9.790375946185787548e-01,-2.252991619729111106e-03,5.365664319665189308e-03
1.000000000000000000e+00,9.801468428384715326e-01,-2.123569934794335753e-03,9.801479947513844770e-01,-2.134349117418296669e-03,5.396863019250945463e-03
1.000000000000000000e+00,9.812276182268235836e-01,-2.008026003864163325e-03,9.812287733181951355e-01,-2.018830427269819455e-03,5.409525893941278737e-03
1.000000000000000000e+00,9.822787092288990385e-01,-1.895650014679976661e-03,9.822798633973044424e-01,-1.906442238976622724e-03,5.403438259858422098e-03
1.000000000000000000e+00,9.833000510084536350e-01,-1.786448928786288489e-03,9.833012005608071648e-01,-1.797194350430554371e-03,5.380025771629888542e-03
1.000000000000000000e+00,9.842915805643155380e-01,-1.680429568914920809e-03,9.842927220640871333e-01,-1.691094762127635931e-03,5.339885030392818414e-03
1.000000000000000000e+00,9.852532367342712316e-01,-1.577598614743624646e-03,9.852543667908710834e-01,-1.588153029133608854e-03,5.284441827811631708e-03
1.000000000000000000e+00,9.861849601988383895e-01,-1.477962598595530981e-03,9.861860756826024144e-01,-1.488376821668010346e-03,5.214273259790153971e-03
1.000000000000000000e+00,9.870866934849247265e-01,-1.381527901094243074e-03,9.870877913001961934e-01,-1.391772760538766834e-03,5.129500024495457257e-03
1.000000000000000000e+00,9.879583809693737173e-01,-1.288300746789006754e-03,9.879594580007768911e-01,-1.298346828641920190e-03,5.030001458836478451e-03
1.000000000000000000e+00,9.887999688823954081e-01,-1.198287199764543369e-03,9.888010219683730506e-01,-1.208104955225197761e-03,4.915708370017400804e-03
1.000000000000000000e+00,9.896114053108828745e-01,-1.111493159249698137e-03,9.896124311556545594e-01,-1.121051898142278944e-03,4.786048651279090765e-03
1.000000000000000000e+00,9.903926402016152153e-01,-1.027924355238791230e-03,9.903936356326731305e-01,-1.037194332695419137e-03,4.641496778034384478e-03
1.000000000000000000e+00,9.911436253643444161e-01,-9.475863441397276103e-04,9.911445870788461177e-01,-9.565381565440159726e-04,4.482214738753024022e-03
1.000000000000000000e+00,9.918643144747679719e-01,-8.704845044621527510e-04,9.918652397388517672e-01,-8.790913171578551306e-04,4.309504402935615021e-03
1.000000000000000000e+00,9.925546630773869339e-01,-7.966240325589085940e-04,9.925555490686236437e-01,-8.048611824567732456e-04,4.124435963528795893e-03
1.000000000000000000e+00,9.932146285882477166e-01,-7.260099384338636113e-04,9.932154729846611740e-01,-7.338560329416280109e-04,3.928654903021256035e-03
1.000000000000000000e+00,9.938441702975688852e-01,-6.586470416285579660e-04,9.938449711885771753e-01,-6.660830588380546938e-04,3.723356587754685781e-03
1.000000000000000000e+00,9.944432493722523692e-01,-5.945399671999334733e-04,9.944440049225418132e-01,-6.015505914090689193e-04,3.510379525527013503e-03
1.000000000000000000e+00,9.950118288582787685e-01,-5.336931418010160393e-04,9.950125375008430639e-01,-5.402655790586426750e-04,3.290986214099069287e-03
1.000000000000000000e+00,9.955498736829874185e-01,-4.761107898759143705e-04,9.955505344940598356e-01,-4.822351662364015635e-04,3.066656297163943695e-03
1.000000000000000000e+00,9.960573506572389935e-01,-4.217969299803855585e-04,9.960579629426008497e-01,-4.274669573147269375e-04,2.839176908075186339e-03
1.000000000000000000e+00,9.965342284774632020e-01,-3.707553712382628515e-04,9.965347913485712583e-01,-3.759646244540488613e-04,2.608469864553740209e-03
1.000000000000000000e+00,9.969804777275899088e-01,-3.229897099440419026e-04,9.969809909281509563e-01,-3.277360447156368677e-04,2.376687773114731245e-03
1.000000000000000000e+00,9.973960708808632392e-01,-2.785033263213048706e-04,9.973965344888279239e-01,-2.827872759115795552e-04,2.145173810735081284e-03
1.000000000000000000e+00,9.977809823015399981e-01,-2.372993814459831228e-04,9.977813964388598800e-01,-2.411227895912701339e-04,1.914578957025700771e-03
1.000000000000000000e+00,9.981351882464706282e-01,-1.993808143432758959e-04,9.981355533586780959e-01,-2.027490605426784617e-04,1.686670560138597971e-03
1.000000000000000000e+00,9.984586668665640374e-01,-1.647503392661884051e-04,9.984589840113846648e-01,-1.676735988725853576e-04,1.463855119298442670e-03
1.000000000000000000e+00,9.987513982081350772e-01,-1.334104431633803263e-04,9.987516689021859184e-01,-1.359031763177504827e-04,1.248277969006939036e-03
1.000000000000000000e+00,9.990133642141357795e-01,-1.053633833432142012e-04,9.990135906050436887e-01,-1.074459149616002035e-04,1.042875676970644221e-03
1.000000000000000000e+00,9.992445487252690217e-01,-8.061118534058804217e-05,9.992447335093044281e-01,-8.230964393130195780e-05,8.505500931400207000e-04
1.000000000000000000e+00,9.994449374809850628e-01,-5.915564099236583306e-05,9.994450841966974197e-01,-6.050304001231648519e-05,6.747540550203351417e-04
1.000000000000000000e+00,9.996145181203615060e-01,-4.099830672662141997e-05,9.996146310515244826e-01,-4.203447683443329132e-05,5.189016530035926028e-04
1.000000000000000000e+00,9.997532801828658000e-01,-2.614050207046550130e-05,9.997533642045233204e-01,-2.691104116898159490e-05,3.858790375873748322e-04
1.000000000000000000e+00,9.998612151090002786e-01,-1.458330838052521474e-05,9.998612758984856130e-01,-1.514050588518645418e-05,2.790411722242437101e-04
1.000000000000000000e+00,9.999383162408302939e-01,-6.327567799471986204e-06,9.999383599981402915e-01,-6.728433848227384083e-06,2.007525779845262389e-04
1.000000000000000000e+00,9.999845788223948873e-01,-1.373882441492594160e-06,9.999846122028457351e-01,-1.679684816630952476e-06,1.531449604119908443e-04
1.000000000000000000e+00,1.000000000000000000e+00,2.773861910859698450e-07,9.999999700779014233e-01,3.266204521201787163e-09,1.372785102535792800e-04
