level,eta,side,x/c,Cp
coarse,0.041,0,0.00048118465090914685,0.15644473808275117
coarse,0.041,0,0.0015496014049228182,0.10693325442367574
coarse,0.041,0,0.00269005562647162,-0.1649788802763843
coarse,0.041,0,0.003918423528315704,-0.12569976989334997
coarse,0.041,0,0.0052896337841874235,-0.26501680787654314
coarse,0.041,0,0.006835167173204858,-0.25644972617335515
coarse,0.041,0,0.008591903730461864,-0.3225014108688322
coarse,0.041,0,0.010606390156575746,-0.3186039713472484
coarse,0.041,0,0.012896826820377405,-0.36909818634675706
coarse,0.041,0,0.015524029917030911,-0.36090317372157443
coarse,0.041,0,0.01848720873574291,-0.4040363630616628
coarse,0.041,0,0.021860408384262946,-0.3962894335827196
coarse,0.041,0,0.02562386060145986,-0.4272347071743514
coarse,0.041,0,0.029863572475346302,-0.43455157361708174
coarse,0.041,0,0.03454113643487875,-0.4369749916401433
coarse,0.041,0,0.03975304994321132,-0.4805076436735056
coarse,0.041,0,0.0454429232835782,-0.4380360663983853
coarse,0.041,0,0.051716093195926224,-0.5262211050901595
coarse,0.041,0,0.0584991526614552,-0.4380851186546002
coarse,0.041,0,0.06590447535607928,-0.5579492786834002
coarse,0.041,0,0.07384289297340799,-0.44202359103594424
coarse,0.041,0,0.08243189338057205,-0.5694138915985321
coarse,0.041,0,0.0915680726780352,-0.44821073241261966
coarse,0.041,0,0.10137202267416444,-0.5646531400218182
coarse,0.041,0,0.11172787314566725,-0.45323445480003755
coarse,0.041,0,0.12275725648287138,-0.5510992071212639
coarse,0.041,0,0.13433381871037453,-0.4555573765736294
coarse,0.041,0,0.14657815163654367,-0.5347076310315337
coarse,0.041,0,0.15935557948541748,-0.45577640183252366
coarse,0.041,0,0.1727835901241267,-0.5194104015199152
coarse,0.041,0,0.1867214903160169,-0.45569451055128485
coarse,0.041,0,0.20128165373700224,-0.5083310001785124
coarse,0.041,0,0.216319776990022,-0.45736551284075344
coarse,0.041,0,0.2319411968150229,-0.501727005016015
coarse,0.041,0,0.24800046872566975,-0.45953983919755137
coarse,0.041,0,0.26459409018511665,-0.49457282453398377
coarse,0.041,0,0.28157796421324005,-0.45633568311489303
coarse,0.041,0,0.29903809789805247,-0.4791376876616247
coarse,0.041,0,0.31683420730492456,-0.44141111366006314
coarse,0.041,0,0.3350403375416063,-0.4507665369340097
coarse,0.041,0,0.35352241801597445,-0.41462264330618637
coarse,0.041,0,0.37234126492319286,-0.4155727634155817
coarse,0.041,0,0.3913713149986512,-0.3837915348505112
coarse,0.041,0,0.4106591149429669,-0.3796439990276521
coarse,0.041,0,0.4300897572413104,-0.3530326304228659
coarse,0.041,0,0.4496947226727998,-0.3451803549081496
coarse,0.041,0,0.4693717255718243,-0.3229114471138932
coarse,0.041,0,0.48913664215114394,-0.31175065757595877
coarse,0.041,0,0.5089015587304634,-0.29270277805817435
coarse,0.041,0,0.528666475309783,-0.2788922870699182
coarse,0.041,0,0.5483593544215678,-0.26224768024081846
coarse,0.041,0,0.567964319853058,-0.24646246007532757
coarse,0.041,0,0.5874264429305198,-0.23156905051307874
coarse,0.041,0,0.6067142428748349,-0.21440980599399695
coarse,0.041,0,0.6257908396509104,-0.2007003566043768
coarse,0.041,0,0.6446096865581292,-0.18280776842113888
coarse,0.041,0,0.6631525832276604,-0.16981990551487725
coarse,0.041,0,0.68135871346434,-0.15202509886116533
coarse,0.041,0,0.6992288679789616,-0.1394355900769786
coarse,0.041,0,0.7166890016637757,-0.12285039352342109
coarse,0.041,0,0.7337588827799126,-0.11006781461757154
coarse,0.041,0,0.7503525042393596,-0.09519715542536611
coarse,0.041,0,0.7665082736131604,-0.08132262545313984
coarse,0.041,0,0.7821296934381609,-0.06862586627652223
coarse,0.041,0,0.7972731534311278,-0.053024441593685356
coarse,0.041,0,0.8118333168521147,-0.043153757687818706
coarse,0.041,0,0.8258835907199191,-0.025614447660788686
coarse,0.041,0,0.8393116013586267,-0.01889761626009112
coarse,0.041,0,0.8522065170746307,0.00044668754155519075
coarse,0.041,0,0.8644508500008001,0.0039933338438118415
coarse,0.041,0,0.8761480040366688,0.024778123433771726
coarse,0.041,0,0.887177387373869,0.025135709424647268
coarse,0.041,0,0.8976548702356991,0.047067334785118486
coarse,0.041,0,0.9074588202318321,0.043884707217951235
coarse,0.041,0,0.9167155913376644,0.0671172805068837
coarse,0.041,0,0.925304591744829,0.05985534082469135
coarse,0.041,0,0.9333604972292886,0.0848655403308245
coarse,0.041,0,0.9407658199239126,0.07326581391586828
coarse,0.041,0,0.9476612530653556,0.09995170457387237
coarse,0.041,0,0.9539344229777034,0.08482051246513811
coarse,0.041,0,0.959729633058017,0.11182859756419783
coarse,0.041,0,0.9649415465663495,0.09528239415259188
coarse,0.041,0,0.9697156079890361,0.1209566542860282
coarse,0.041,0,0.9739553198629224,0.10515745764938844
coarse,0.041,0,0.977804779168133,0.1291306037347587
coarse,0.041,0,0.981177978816655,0.11463648803854676
coarse,0.041,0,0.9842152027431164,0.13752219979353197
coarse,0.041,0,0.9868424058397669,0.12353597461305976
coarse,0.041,0,0.9891936586987315,0.14587558943324386
coarse,0.041,0,0.9912081451248465,0.13082296202333688
coarse,0.041,0,0.9930114283827214,0.15220177243945276
coarse,0.041,0,0.9945569617717391,0.1310010254610937
coarse,0.041,0,0.9959596528067287,0.14103740578827217
coarse,0.041,0,0.9971880207085727,0.05286882589587394
coarse,0.041,0,0.9983443511428813,0.0979918326731618
coarse,0.041,0,0.999412767896895,-0.14640671241342273
coarse,0.041,1,0.00048118465090914685,0.41463052437143333
coarse,0.041,1,0.0015496014049228182,0.45886633968688384
coarse,0.041,1,0.00269005562647169,0.49283554976731847
coarse,0.041,1,0.003918423528315872,0.49879986841548496
coarse,0.041,1,0.005289633784187605,0.48105187802182214
coarse,0.041,1,0.006835167173204914,0.4914981922711795
coarse,0.041,1,0.00859190373046192,0.44356400383522754
coarse,0.041,1,0.010606390156575914,0.46227324372909284
coarse,0.041,1,0.012896826820377546,0.3931309678092755
coarse,0.041,1,0.015524029917030798,0.4226660356998251
coarse,0.041,1,0.018487208735742795,0.3367764797086842
coarse,0.041,1,0.021860408384263057,0.3741515472314758
coarse,0.041,1,0.02562386060146008,0.2802682632195582
coarse,0.041,1,0.029863572475346496,0.31318848448823855
coarse,0.041,1,0.034541136434878945,0.2291482776146334
coarse,0.041,1,0.039753049943211376,0.23705169321585395
coarse,0.041,1,0.04544292328357814,0.1846082730355777
coarse,0.041,1,0.05171609319592603,0.1538504871424916
coarse,0.041,1,0.05849915266145498,0.14337588457754036
coarse,0.041,1,0.06590447535607923,0.078623300564576
coarse,0.041,1,0.07384289297340799,0.10174806643330048
coarse,0.041,1,0.08243189338057205,0.020730175753299385
coarse,0.041,1,0.09156807267803525,0.06048813778288287
coarse,0.041,1,0.1013720226741646,-0.02007163240509069
coarse,0.041,1,0.1117278731456675,0.022717700873707503
coarse,0.041,1,0.1227572564828716,-0.04852335976972366
coarse,0.041,1,0.13433381871037475,-0.009734296836452216
coarse,0.041,1,0.1465781516365439,-0.06948409192762472
coarse,0.041,1,0.15935557948541765,-0.03718485331223231
coarse,0.041,1,0.1727835901241268,-0.08678635375066457
coarse,0.041,1,0.1867214903160169,-0.061304806187900684
coarse,0.041,1,0.20128165373700224,-0.10369498496574514
coarse,0.041,1,0.216319776990022,-0.08420969251182164
coarse,0.041,1,0.2319411968150229,-0.12133582957697864
coarse,0.041,1,0.24800046872566975,-0.10569221787907779
coarse,0.041,1,0.26459409018511665,-0.13674337893270994
coarse,0.041,1,0.28157796421324,-0.12181954093324165
coarse,0.041,1,0.2990380978980523,-0.14439270014581607
coarse,0.041,1,0.31683420730492434,-0.12772231836657189
coarse,0.041,1,0.33504033754160617,-0.14046793328829477
coarse,0.041,1,0.3535224180159745,-0.12285025159964102
coarse,0.041,1,0.372341264923193,-0.12918678452954957
coarse,0.041,1,0.39137131499865147,-0.11297324864828173
coarse,0.041,1,0.41065911494296714,-0.11524612293131375
coarse,0.041,1,0.4300897572413105,-0.10145098959920329
coarse,0.041,1,0.4496947226727998,-0.1006748391262744
coarse,0.041,1,0.4693717255718243,-0.0889972240786554
coarse,0.041,1,0.48913664215114405,-0.08545517245727585
coarse,0.041,1,0.5089015587304636,-0.0752534505562148
coarse,0.041,1,0.5286664753097831,-0.06945424792146548
coarse,0.041,1,0.5483593544215681,-0.060246138974836105
coarse,0.041,1,0.5679643198530588,-0.05273675503927433
coarse,0.041,1,0.5874264429305208,-0.04411532021587394
coarse,0.041,1,0.6067142428748352,-0.0354116388243515
coarse,0.041,1,0.6257908396509105,-0.0269912288027776
coarse,0.041,1,0.6446096865581294,-0.017674040710196737
coarse,0.041,1,0.663152583227661,-0.009116606186237552
coarse,0.041,1,0.6813587134643413,3.910094636394579e-05
coarse,0.041,1,0.6992288679789629,0.008981929440307734
coarse,0.041,1,0.7166890016637761,0.016928234661914066
coarse,0.041,1,0.7337588827799125,0.026758081795290378
coarse,0.041,1,0.7503525042393594,0.03292933211691562
coarse,0.041,1,0.7665082736131595,0.04444407821416585
coarse,0.041,1,0.7821296934381589,0.04831014039367443
coarse,0.041,1,0.7972731534311254,0.062096606452369474
coarse,0.041,1,0.8118333168521132,0.06298035967607496
coarse,0.041,1,0.8258835907199186,0.07925274874341115
coarse,0.041,1,0.8393116013586271,0.07679301001587335
coarse,0.041,1,0.8522065170746315,0.09545629013240853
coarse,0.041,1,0.8644508500008006,0.08960851133035186
coarse,0.041,1,0.8761480040366691,0.11036704281042198
coarse,0.041,1,0.8871773873738699,0.1011030694691416
coarse,0.041,1,0.8976548702356999,0.12375369296297822
coarse,0.041,1,0.9074588202318321,0.1107171515610762
coarse,0.041,1,0.9167155913376644,0.1355108275971606
coarse,0.041,1,0.9253045917448286,0.11811059511360433
coarse,0.041,1,0.9333604972292884,0.1456264822615807
coarse,0.041,1,0.9407658199239126,0.1235094283705298
coarse,0.041,1,0.9476612530653556,0.15376257553975214
coarse,0.041,1,0.9539344229777034,0.1276305040995589
coarse,0.041,1,0.959729633058017,0.1593778369169695
coarse,0.041,1,0.9649415465663495,0.13127196202121594
coarse,0.041,1,0.9697156079890359,0.1629029012669777
coarse,0.041,1,0.9739553198629226,0.1349911271706541
coarse,0.041,1,0.9778047791681304,0.16607649472180275
coarse,0.041,1,0.9811779788166468,0.13902765871588496
coarse,0.041,1,0.9842152027431075,0.1700341381935565
coarse,0.041,1,0.9868424058397636,0.1432282016188018
coarse,0.041,1,0.9891936586987313,0.17450274376253938
coarse,0.041,1,0.9912081451248462,0.14656123828437506
coarse,0.041,1,0.9930114283827214,0.17753617588620285
coarse,0.041,1,0.9945569617717391,0.143471720944238
coarse,0.041,1,0.9959596528067287,0.1638059227334766
coarse,0.041,1,0.9971880207085727,0.06306397991078605
coarse,0.041,1,0.9983443511428813,0.11655476257728414
coarse,0.041,1,0.999412767896895,-0.14640671241342273
medium,0.041,0,6.0106394590345875e-05,0.20929469717434412
medium,0.041,0,0.000762480564323757,0.22835712471721803
medium,0.041,0,0.0014689201025283964,-0.05730709437087267
medium,0.041,0,0.0022188001961175883,0.014477242436174875
medium,0.041,0,0.002976780086740445,-0.13545983380045468
medium,0.041,0,0.0038213104792755976,-0.10551404928094232
medium,0.041,0,0.0046779134530605575,-0.1928257961183919
medium,0.041,0,0.005663518173705085,-0.17314110003760197
medium,0.041,0,0.006665076380182741,-0.24271951548983806
medium,0.041,0,0.007837105797281049,-0.22720362978461162
medium,0.041,0,0.009028848189135477,-0.2862483779159706
medium,0.041,0,0.010431233866523944,-0.27415849714436
medium,0.041,0,0.011856941979951,-0.32297322405444473
medium,0.041,0,0.013531862331236598,-0.3180298764102625
medium,0.041,0,0.01523353708202198,-0.3522668124818944
medium,0.041,0,0.01722109636737633,-0.3626381119601325
medium,0.041,0,0.019238638398557037,-0.3752557120077227
medium,0.041,0,0.021576561507090617,-0.40857736183281546
medium,0.041,0,0.023947467520977282,-0.3919924668856869
medium,0.041,0,0.026670812861550434,-0.4513476038218849
medium,0.041,0,0.029429890247177997,-0.40299003642458
medium,0.041,0,0.03257078293274012,-0.48720903598807985
medium,0.041,0,0.035749884860619564,-0.41179812170770114
medium,0.041,0,0.0393372722167033,-0.5130605774193129
medium,0.041,0,0.04296505521696179,-0.4202333172157837
medium,0.041,0,0.04702448647505605,-0.5287071088340101
medium,0.041,0,0.05112619234393883,-0.4293768203664883
medium,0.041,0,0.05567962419641018,-0.535859743416534
medium,0.041,0,0.060276887890969626,-0.43846278255790794
medium,0.041,0,0.06534251738737609,-0.5365678369309821
medium,0.041,0,0.07045320237038545,-0.4459257711277129
medium,0.041,0,0.07604532842694091,-0.5329281902140133
medium,0.041,0,0.08168339071515585,-0.45089452313830436
medium,0.041,0,0.08781230529134439,-0.5271708001822526
medium,0.041,0,0.09398768724178905,-0.45371799006677116
medium,0.041,0,0.10065959701233833,-0.5210214007637353
medium,0.041,0,0.10737815165496441,-0.4552104925733278
medium,0.041,0,0.11459513077330384,-0.5153642563144358
medium,0.041,0,0.12185857726589934,-0.45612453425665866
medium,0.041,0,0.12961855157859992,-0.5104231491557649
medium,0.041,0,0.1374244621229599,-0.45698457227014977
medium,0.041,0,0.1457212249552932,-0.5060680755779907
medium,0.041,0,0.15406304327422934,-0.4580533188806106
medium,0.041,0,0.16288630266671167,-0.5021377035278127
medium,0.041,0,0.17175339390128203,-0.45945552159753156
medium,0.041,0,0.18108885093769977,-0.49876442120390996
medium,0.041,0,0.19046658258490598,-0.46153288532863623
medium,0.041,0,0.20029604021570058,-0.49676092380306947
medium,0.041,0,0.21016589349066994,-0.4648316027912447
medium,0.041,0,0.22046739502347515,-0.496110602900494
medium,0.041,0,0.23080710579859776,-0.46855984455400246
medium,0.041,0,0.24155510200192443,-0.4951968409192078
medium,0.041,0,0.2523388302503056,-0.4708148023654437
medium,0.041,0,0.2635043737986214,-0.4926304351680173
medium,0.041,0,0.27470290025229027,-0.47007109572145933
medium,0.041,0,0.2862538660326451,-0.4860926081509114
medium,0.041,0,0.2978348145588264,-0.4638325483148973
medium,0.041,0,0.30973614416236145,-0.4727794119013595
medium,0.041,0,0.3216642281653963,-0.4505694413112178
medium,0.041,0,0.3338781967030005,-0.4539304762679002
medium,0.041,0,0.34611548767664313,-0.43282766118616167
medium,0.041,0,0.35860199088814243,-0.43239741948116106
medium,0.041,0,0.371108207074398,-0.41328955636612186
medium,0.041,0,0.38382506654618853,-0.41009305748166747
medium,0.041,0,0.39655787950381216,-0.39339834961986186
medium,0.041,0,0.40946116367205637,-0.38836972242869594
medium,0.041,0,0.4223765204215504,-0.3740639292543595
medium,0.041,0,0.4354208789179044,-0.3674530168251442
medium,0.041,0,0.448473337211292,-0.35514999063016806
medium,0.041,0,0.46161234600659157,-0.34696045192895686
medium,0.041,0,0.47475542017036226,-0.336295046719143
medium,0.041,0,0.48794193488951787,-0.32671236222020594
medium,0.041,0,0.5011284496086734,-0.3174224494345057
medium,0.041,0,0.5143149643278289,-0.3065557145936857
medium,0.041,0,0.5274974136785129,-0.2984480016039395
medium,0.041,0,0.5406364224738128,-0.28648357497804633
medium,0.041,0,0.5537673314720791,-0.2794100793402974
medium,0.041,0,0.5668116899684336,-0.2664709933208267
medium,0.041,0,0.5798439758835381,-0.2602943651270415
medium,0.041,0,0.5927472600517815,-0.24650452114444543
medium,0.041,0,0.605634590734192,-0.24110649040335774
medium,0.041,0,0.6183514502059826,-0.22657633960645684
medium,0.041,0,0.6310485967030172,-0.22186032850011972
medium,0.041,0,0.6435350999145167,-0.20672033411368962
medium,0.041,0,0.6559982806899781,-0.20261246094570762
medium,0.041,0,0.6682122492275825,-0.18701135279895897
medium,0.041,0,0.6803994633656869,-0.18347819684916877
medium,0.041,0,0.692300792969221,-0.1676852841659211
medium,0.041,0,0.7041721398269286,-0.16468026051487095
medium,0.041,0,0.715723105607284,-0.14894159296529663
medium,0.041,0,0.7272410884822862,-0.14623089469301864
medium,0.041,0,0.7384066320306021,-0.13051698806960932
medium,0.041,0,0.749536443533864,-0.12772649930918134
medium,0.041,0,0.7602844397371971,-0.11211359402375409
medium,0.041,0,0.7709942266982119,-0.10889416866066637
medium,0.041,0,0.7812957282310103,-0.09362369591502162
medium,0.041,0,0.7915568341196345,-0.08966342061333599
medium,0.041,0,0.8013862917504293,-0.07507064367040761
medium,0.041,0,0.8111734747704356,-0.07006480570495888
medium,0.041,0,0.8205089318068524,-0.05650866455986914
medium,0.041,0,0.8298005570011814,-0.05015951426229592
medium,0.041,0,0.8386238163936641,-0.03797474891165842
medium,0.041,0,0.8474020202995443,-0.030053519476783697
medium,0.041,0,0.8556987831318779,-0.019589672175686967
medium,0.041,0,0.8639496097325521,-0.00997780838266471
medium,0.041,0,0.8717095840452526,-0.0015350124839881296
medium,0.041,0,0.8794230909836964,0.009799838183132459
medium,0.041,0,0.886640070102032,0.01594733721820374
medium,0.041,0,0.8938104043482916,0.0290034313784453
medium,0.041,0,0.9004823141188447,0.032540641813770366
medium,0.041,0,0.9071077565151413,0.0473977023341261
medium,0.041,0,0.9132366710913303,0.04796853599902473
medium,0.041,0,0.9193196494358595,0.06490142688597678
medium,0.041,0,0.9249117754924154,0.062055533249851025
medium,0.041,0,0.930458846062368,0.0815018363286576
medium,0.041,0,0.935524475558774,0.07458510042181454
medium,0.041,0,0.9405462732130917,0.0970631590826555
medium,0.041,0,0.9450997050655636,0.0853303352553012
medium,0.041,0,0.949610862307247,0.11132429140964417
medium,0.041,0,0.9536702935653408,0.09419234498469853
medium,0.041,0,0.9576893291792603,0.12387587492255259
medium,0.041,0,0.9612767165353446,0.10135305673048012
medium,0.041,0,0.9648258946491115,0.13419070179151682
medium,0.041,0,0.9679667873346732,0.10728781979326452
medium,0.041,0,0.9710719479751805,0.14179611991269947
medium,0.041,0,0.9737952933157534,0.11255374274129726
medium,0.041,0,0.976485655750973,0.1466842097883011
medium,0.041,0,0.978823578859507,0.11756748501007797
medium,0.041,0,0.9811315192222146,0.1497853614332496
medium,0.041,0,0.9831190785075726,0.12260314311869547
medium,0.041,0,0.9850798833934303,0.15262370672456227
medium,0.041,0,0.9867548037447115,0.12781035770813975
medium,0.041,0,0.9884064016599543,0.15623819750625434
medium,0.041,0,0.9898087873373436,0.13326631751191287
medium,0.041,0,0.9911914600399766,0.16090637736918734
medium,0.041,0,0.9923634894570758,0.13896315777899504
medium,0.041,0,0.9935195653883413,0.16640360935610776
medium,0.041,0,0.9945051701089856,0.14440815645276806
medium,0.041,0,0.99547870224838,0.17114794986354287
medium,0.041,0,0.996323232640915,0.14497726895177543
medium,0.041,0,0.9971596632364164,0.15997962988775483
medium,0.041,0,0.9979095433300057,0.07167795251757747
medium,0.041,0,0.9986553580551235,0.1128307402168034
medium,0.041,0,0.9993577322248565,-0.12949072405596818
medium,0.041,1,6.0106394590345875e-05,0.4457659678314999
medium,0.041,1,0.000762480564323757,0.4611415984698848
medium,0.041,1,0.0014689201025283964,0.5234171245068281
medium,0.041,1,0.0022188001961176026,0.5209094567399272
medium,0.041,1,0.002976780086740459,0.5246991576190239
medium,0.041,1,0.003821310479275723,0.5342935068487373
medium,0.041,1,0.0046779134530607665,0.5105119774389704
medium,0.041,1,0.005663518173705196,0.5287835994132266
medium,0.041,1,0.006665076380182741,0.48593091758013707
medium,0.041,1,0.007837105797281049,0.5123321804113954
medium,0.041,1,0.009028848189135491,0.4543980539278901
medium,0.041,1,0.01043123386652407,0.48727038794147925
medium,0.041,1,0.011856941979951222,0.41849426297063475
medium,0.041,1,0.01353186233123682,0.45366343657572583
medium,0.041,1,0.01523353708202219,0.38058607116970744
medium,0.041,1,0.017221096367376315,0.41048239888857485
medium,0.041,1,0.019238638398556843,0.34224333636731397
medium,0.041,1,0.021576561507090634,0.35797702330160774
medium,0.041,1,0.023947467520977504,0.3047846841826979
medium,0.041,1,0.026670812861550517,0.29968851782605344
medium,0.041,1,0.029429890247177997,0.2689019798033333
medium,0.041,1,0.03257078293274012,0.2404990260150307
medium,0.041,1,0.035749884860619564,0.2334894359770524
medium,0.041,1,0.03933727221670327,0.18546437581986808
medium,0.041,1,0.04296505521696179,0.19792279629403997
medium,0.041,1,0.047024486475056075,0.1374275958439649
medium,0.041,1,0.05112619234393883,0.16212151351501547
medium,0.041,1,0.055679624196410316,0.09708513442710232
medium,0.041,1,0.06027688789096982,0.12717561001537014
medium,0.041,1,0.0653425173873762,0.06386613396312546
medium,0.041,1,0.07045320237038545,0.09464822150476748
medium,0.041,1,0.07604532842694091,0.03648230785090434
medium,0.041,1,0.08168339071515585,0.06553229548983075
medium,0.041,1,0.0878123052913443,0.013237783898169098
medium,0.041,1,0.09398768724178883,0.03980614236980695
medium,0.041,1,0.10065959701233836,-0.0073587666719763245
medium,0.041,1,0.10737815165496466,0.01689359954977465
medium,0.041,1,0.11459513077330395,-0.026248789708100517
medium,0.041,1,0.12185857726589934,-0.0038923492887883437
medium,0.041,1,0.12961855157859975,-0.04385586616377801
medium,0.041,1,0.13742446212295967,-0.02312723413522888
medium,0.041,1,0.1457212249552932,-0.06027327701420693
medium,0.041,1,0.15406304327422957,-0.041186055515531006
medium,0.041,1,0.1628863026667119,-0.07552191066458147
medium,0.041,1,0.1717533939012822,-0.058308413922552704
medium,0.041,1,0.18108885093769977,-0.08982222267392603
medium,0.041,1,0.19046658258490576,-0.07486067638858906
medium,0.041,1,0.20029604021570047,-0.1038974237755641
medium,0.041,1,0.21016589349066994,-0.09138032547500918
medium,0.041,1,0.22046739502347515,-0.11793310236466903
medium,0.041,1,0.2308071057985977,-0.1074741362231797
medium,0.041,1,0.24155510200192448,-0.13096375228027002
medium,0.041,1,0.2523388302503056,-0.12187366001755517
medium,0.041,1,0.2635043737986214,-0.14208582380739987
medium,0.041,1,0.27470290025229027,-0.1334857908708318
medium,0.041,1,0.28625386603264524,-0.1495947214317166
medium,0.041,1,0.29783481455882654,-0.1403966127790337
medium,0.041,1,0.3097361441623615,-0.1513008609054074
medium,0.041,1,0.3216642281653963,-0.14129109718792332
medium,0.041,1,0.3338781967030005,-0.14796806000682805
medium,0.041,1,0.34611548767664313,-0.13794832902043597
medium,0.041,1,0.3586019908881426,-0.1416632191808056
medium,0.041,1,0.37110820707439823,-0.1323897170976902
medium,0.041,1,0.38382506654618864,-0.1338743198065473
medium,0.041,1,0.39655787950381216,-0.1257819693114164
medium,0.041,1,0.4094611636720566,-0.12573603595914795
medium,0.041,1,0.4223765204215508,-0.11892241511496038
medium,0.041,1,0.4354208789179046,-0.11752839928992387
medium,0.041,1,0.448473337211292,-0.11179073837408326
medium,0.041,1,0.4616123460065917,-0.10903926377085127
medium,0.041,1,0.4747554201703626,-0.10416630010457206
medium,0.041,1,0.4879419348895181,-0.1001940225597524
medium,0.041,1,0.5011284496086736,-0.0960383407638341
medium,0.041,1,0.5143149643278289,-0.09092368822014252
medium,0.041,1,0.5274974136785129,-0.08737997126780472
medium,0.041,1,0.5406364224738128,-0.08126803305225994
medium,0.041,1,0.5537673314720791,-0.07825767195288047
medium,0.041,1,0.5668116899684342,-0.07124640790846026
medium,0.041,1,0.5798439758835393,-0.06869073508058166
medium,0.041,1,0.5927472600517821,-0.06088277853366009
medium,0.041,1,0.6056345907341922,-0.05871119976702199
medium,0.041,1,0.6183514502059827,-0.05020253396894869
medium,0.041,1,0.6310485967030172,-0.04835567445197575
medium,0.041,1,0.643535099914517,-0.039263143887792396
medium,0.041,1,0.6559982806899786,-0.0376948632916585
medium,0.041,1,0.6682122492275832,-0.02815664949133323
medium,0.041,1,0.6803994633656878,-0.026850492749456834
medium,0.041,1,0.6923007929692215,-0.01711353454065745
medium,0.041,1,0.7041721398269288,-0.01603848746279879
medium,0.041,1,0.7157231056072841,-0.006338500973038785
medium,0.041,1,0.7272410884822862,-0.005296799576256062
medium,0.041,1,0.7384066320306021,0.004360871026183322
medium,0.041,1,0.749536443533863,0.005698716308674356
medium,0.041,1,0.7602844397371846,0.015215343528316994
medium,0.041,1,0.7709942266981898,0.017167060297423653
medium,0.041,1,0.7812957282309982,0.026297184336743218
medium,0.041,1,0.791556834119632,0.029155256353831316
medium,0.041,1,0.8013862917504275,0.037567194425884964
medium,0.041,1,0.8111734747704344,0.04162307937907117
medium,0.041,1,0.8205089318068505,0.048962519443435215
medium,0.041,1,0.8298005570011788,0.05450584754458787
medium,0.041,1,0.8386238163936635,0.06044151106687512
medium,0.041,1,0.8474020202995451,0.06770414627544497
medium,0.041,1,0.8556987831318787,0.07189753611744976
medium,0.041,1,0.8639496097325529,0.0810167500653477
medium,0.041,1,0.8717095840452532,0.08317807387203979
medium,0.041,1,0.8794230909836971,0.09422118133342405
medium,0.041,1,0.8866400701020329,0.09408270189610834
medium,0.041,1,0.8938104043482925,0.10709975973063934
medium,0.041,1,0.9004823141188454,0.10434337590068599
medium,0.041,1,0.9071077565151417,0.11947969451685725
medium,0.041,1,0.9132366710913303,0.11372049561452058
medium,0.041,1,0.9193196494358595,0.13132552465322422
medium,0.041,1,0.924911775492415,0.12205438091604737
medium,0.041,1,0.9304588460623677,0.14264660403630347
medium,0.041,1,0.935524475558774,0.12913609156606498
medium,0.041,1,0.9405462732130921,0.15331296989104604
medium,0.041,1,0.9450997050655638,0.13473684009766418
medium,0.041,1,0.949610862307247,0.16304962207446272
medium,0.041,1,0.9536702935653408,0.13874644134219205
medium,0.041,1,0.9576893291792603,0.17142117793210399
medium,0.041,1,0.9612767165353442,0.14133092723461393
medium,0.041,1,0.9648258946491108,0.17787347804695064
medium,0.041,1,0.967966787334673,0.14295387171603968
medium,0.041,1,0.9710719479751809,0.18191201588060524
medium,0.041,1,0.9737952933157534,0.14417267534963862
medium,0.041,1,0.976485655750973,0.1835086868311816
medium,0.041,1,0.978823578859507,0.14541876439421242
medium,0.041,1,0.9811315192222144,0.1835671269875967
medium,0.041,1,0.9831190785075715,0.14698572635057394
medium,0.041,1,0.9850798833934281,0.18357948174561312
medium,0.041,1,0.9867548037447101,0.14904469900944872
medium,0.041,1,0.9884064016599539,0.1845686024847838
medium,0.041,1,0.9898087873373433,0.15168967407921707
medium,0.041,1,0.9911914600399766,0.18681352319523292
medium,0.041,1,0.9923634894570758,0.15492049752837744
medium,0.041,1,0.9935195653883413,0.190133100562642
medium,0.041,1,0.9945051701089856,0.15821305726079438
medium,0.041,1,0.99547870224838,0.19314000779820995
medium,0.041,1,0.996323232640915,0.156763426494119
medium,0.041,1,0.9971596632364164,0.1808966674253064
medium,0.041,1,0.9979095433300053,0.0817958221574222
medium,0.041,1,0.9986553580551231,0.13044823868223188
medium,0.041,1,0.9993577322248565,-0.12949072405596818
fine,0.041,0,5.5937078602379166e-05,0.22495202950658055
fine,0.041,0,0.0005212500868810686,0.28647094361821146
fine,0.041,0,0.0009882569962894338,0.003682875949416964
fine,0.041,0,0.001467660733831845,0.09131246589866993
fine,0.041,0,0.0019504465420083108,-0.053738646707501614
fine,0.041,0,0.0024579840595098414,-0.013220251843707453
fine,0.041,0,0.002970580373293382,-0.10559284306452521
fine,0.041,0,0.0035201995256438196,-0.07479064079530029
fine,0.041,0,0.004076537082558917,-0.15179368727579923
fine,0.041,0,0.004682043333716463,-0.12533171030510726
fine,0.041,0,0.005295904864767017,-0.19262309731084004
fine,0.041,0,0.0059709145744387135,-0.16927369202303444
fine,0.041,0,0.006655888167709287,-0.2292151415312622
fine,0.041,0,0.007413782517898443,-0.20933214528865718
fine,0.041,0,0.008183215640764305,-0.2621392531975526
fine,0.041,0,0.009037095358087527,-0.24729651783414797
fine,0.041,0,0.009904049693610972,-0.2915663600205678
fine,0.041,0,0.010866690720585371,-0.28406089450514216
fine,0.041,0,0.011843897970914521,-0.3171840193545812
fine,0.041,0,0.012927708236216135,-0.31984459293014744
fine,0.041,0,0.014027527042537567,-0.33881097635789104
fine,0.041,0,0.015244504476490698,-0.35464032819071023
fine,0.041,0,0.01647887860129349,-0.3571869220645163
fine,0.041,0,0.017840570538678706,-0.3886082176461292
fine,0.041,0,0.01922098845184841,-0.37379846625655944
fine,0.041,0,0.02073845255937513,-0.42062983267777265
fine,0.041,0,0.022275908564846673,-0.3883672783927856
fine,0.041,0,0.02395967542550917,-0.4475114572713854
fine,0.041,0,0.02566463246002244,-0.399888320118601
fine,0.041,0,0.02752466994093997,-0.469498343921791
fine,0.041,0,0.029407024170773528,-0.41041886172164554
fine,0.041,0,0.03145270369508345,-0.4864162829003966
fine,0.041,0,0.033521751030560515,-0.4197773661125317
fine,0.041,0,0.035761815867489284,-0.49823901889276234
fine,0.041,0,0.0380262205085602,-0.42789404971230627
fine,0.041,0,0.040468756188967316,-0.5058128141971756
fine,0.041,0,0.042936521308299024,-0.4349758665072343
fine,0.041,0,0.04558892826580048,-0.510317480301381
fine,0.041,0,0.04826736892857373,-0.4412102594100744
fine,0.041,0,0.051136337458816836,-0.5128522405902416
fine,0.041,0,0.05403205587086111,-0.44670280839212495
fine,0.041,0,0.057123543493682157,-0.5142374442128335
fine,0.041,0,0.06024240666170126,-0.45145687987137006
fine,0.041,0,0.06356161796276386,-0.5149743991134281
fine,0.041,0,0.06690873784224194,-0.45542637299039135
fine,0.041,0,0.07046010686236684,-0.5153019213739007
fine,0.041,0,0.07403982306032948,-0.45861001672545143
fine,0.041,0,0.07782699829210395,-0.5153208796137354
fine,0.041,0,0.08164286338326175,-0.4611400788433826
fine,0.041,0,0.08566869542569527,-0.5151013056521336
fine,0.041,0,0.08972346293165524,-0.46325662662727507
fine,0.041,0,0.0939899948446555,-0.5146659678068539
fine,0.041,0,0.09828560991687595,-0.465132865309835
fine,0.041,0,0.10279407030817998,-0.5139400471627813
fine,0.041,0,0.10733166314619323,-0.466804666981121
fine,0.041,0,0.11208246201414832,-0.5129465132782196
fine,0.041,0,0.1168623440413236,-0.4683342297302504
fine,0.041,0,0.1218550713875826,-0.511745364606432
fine,0.041,0,0.12687673419736803,-0.46974589257473953
fine,0.041,0,0.1321101614141939,-0.5104179144160514
fine,0.041,0,0.13737227849040312,-0.47107179506945607
fine,0.041,0,0.14284436251788798,-0.5090628074111427
fine,0.041,0,0.14834479372321066,-0.4723634118043418
fine,0.041,0,0.15405268396234573,-0.507765649221624
fine,0.041,0,0.15978848277989607,-0.4736740535007957
fine,0.041,0,0.16572853073809174,-0.5065920606174039
fine,0.041,0,0.17169595424148565,-0.47506408605690287
fine,0.041,0,0.17786372587792404,-0.5056323480497713
fine,0.041,0,0.18405824739616367,-0.4766561698279186
fine,0.041,0,0.19044853812517984,-0.5051080929102993
fine,0.041,0,0.1968648625594678,-0.4787195428734623
fine,0.041,0,0.20347171486122553,-0.5053935452625784
fine,0.041,0,0.21010379660190773,-0.48149941595010426
fine,0.041,0,0.21692052018076,-0.5063527316533105
fine,0.041,0,0.22376158356375442,-0.48458776177799345
fine,0.041,0,0.23078077798608487,-0.5072699033339014
fine,0.041,0,0.23782334021958246,-0.4872159884465894
fine,0.041,0,0.24503691995453172,-0.5076522954120348
fine,0.041,0,0.25227281643839694,-0.4889858568963501
fine,0.041,0,0.2596720382167387,-0.507153237189724
fine,0.041,0,0.26709245016893124,-0.4895179354754644
fine,0.041,0,0.274667942567528,-0.5051920199320408
fine,0.041,0,0.28226342686406963,-0.48809040072164955
fine,0.041,0,0.29000522201580176,-0.5007916857661616
fine,0.041,0,0.2977657431433183,-0.4837024524156335
fine,0.041,0,0.3056633104651915,-0.49298085908950684
fine,0.041,0,0.3135782744779148,-0.4757364655157401
fine,0.041,0,0.3216205563032225,-0.48179872622322195
fine,0.041,0,0.32967884666954994,-0.4648703773015619
fine,0.041,0,0.3378542956635082,-0.46883721325116134
fine,0.041,0,0.34604431088082105,-0.4527090423573874
fine,0.041,0,0.35434092911310483,-0.4547909374868231
fine,0.041,0,0.362650621963589,-0.43964066163187443
fine,0.041,0,0.3710560015055249,-0.4401184784242984
fine,0.041,0,0.37947291982013753,-0.4261262143021112
fine,0.041,0,0.38797428472920764,-0.42544510034597605
fine,0.041,0,0.39648561352187667,-0.41273219540301787
fine,0.041,0,0.40506986307146436,-0.4111132365849264
fine,0.041,0,0.4136624679009451,-0.399657023797499
fine,0.041,0,0.42231622090904647,-0.3971967507822389
fine,0.041,0,0.4309766923217128,-0.386878923803744
fine,0.041,0,0.43968633242862176,-0.3835889134703723
fine,0.041,0,0.4484010313318127,-0.37425561262207996
fine,0.041,0,0.4571527530735706,-0.3701273176245068
fine,0.041,0,0.4659078568859624,-0.361655041089048
fine,0.041,0,0.4746877124076794,-0.35673825620501676
fine,0.041,0,0.4834692618305259,-0.3490589050937545
fine,0.041,0,0.4922632080815063,-0.343455694404444
fine,0.041,0,0.5010571543324867,-0.33649127660163436
fine,0.041,0,0.5098511005834669,-0.3301777882132648
fine,0.041,0,0.5186433529333175,-0.32386143181184046
fine,0.041,0,0.5274232084550345,-0.31692801975612883
fine,0.041,0,0.5361996819061174,-0.3112231899342972
fine,0.041,0,0.5449514036478755,-0.3037159076241611
fine,0.041,0,0.5536980665933513,-0.2985764127078816
fine,0.041,0,0.5624077067002602,-0.2905253725857715
fine,0.041,0,0.5711106284026042,-0.28590826717474505
fine,0.041,0,0.5797643814107059,-0.27735193325005825
fine,0.041,0,0.5884097791389143,-0.2732219604548112
fine,0.041,0,0.596994028688502,-0.26419596635035947
fine,0.041,0,0.6055683143544907,-0.2605203132238836
fine,0.041,0,0.6140696792635608,-0.25105255498452794
fine,0.041,0,0.6225595053999542,-0.24780093586174123
fine,0.041,0,0.63096488494189,-0.2379175980380468
fine,0.041,0,0.6393571898656255,-0.23507127661190208
fine,0.041,0,0.6476538080979101,-0.22482183847067239
fine,0.041,0,0.6559358601068398,-0.22236693111297257
fine,0.041,0,0.6641113091007976,-0.21178486958848985
fine,0.041,0,0.6722707495537354,-0.20970418320427497
fine,0.041,0,0.6803130313790395,-0.19881856993921154
fine,0.041,0,0.6883379165134946,-0.19712742636446423
fine,0.041,0,0.696235483835371,-0.1860824025204415
fine,0.041,0,0.7041143251814626,-0.18478193294093792
fine,0.041,0,0.7118561203331948,-0.17361181184739527
fine,0.041,0,0.7195779235869822,-0.17262624154118633
fine,0.041,0,0.7271534159855794,-0.16129810867289351
fine,0.041,0,0.7347077182103254,-0.16051296242560453
fine,0.041,0,0.7421069399886673,-0.14900314069591225
fine,0.041,0,0.7494838450180932,-0.14830854946015548
fine,0.041,0,0.7566974247530426,-0.13663445827729048
fine,0.041,0,0.7638876366768249,-0.1359385787206897
fine,0.041,0,0.7709068310991566,-0.12415290866919548
fine,0.041,0,0.777901685717346,-0.12337293684455353
fine,0.041,0,0.7847184092961965,-0.11154171472534102
fine,0.041,0,0.7915099034361227,-0.11059773788699889
fine,0.041,0,0.7981167557378812,-0.09880827501581857
fine,0.041,0,0.8046975743343677,-0.09762370286846256
fine,0.041,0,0.8110878650633836,-0.08597931005584103
fine,0.041,0,0.8174514059105983,-0.08447006504691568
fine,0.041,0,0.8236191775470355,-0.07304422783300302
fine,0.041,0,0.829759573638275,-0.07112528002911067
fine,0.041,0,0.8356996215964724,-0.06000798174248789
fine,0.041,0,0.8416117609762543,-0.05761468048472396
fine,0.041,0,0.8473196512153888,-0.04690679197923364
fine,0.041,0,0.8529991942766852,-0.04399265047563827
fine,0.041,0,0.85847127830417,-0.0337919600066281
fine,0.041,0,0.8639146724722715,-0.030322082340082712
fine,0.041,0,0.8691480996890972,-0.02072357373024647
fine,0.041,0,0.8743525914423966,-0.016666381414344844
fine,0.041,0,0.8793453187886557,-0.007774308108800865
fine,0.041,0,0.8843089629756943,-0.0030881199147418936
fine,0.041,0,0.8890597618436453,0.004965129313148298
fine,0.041,0,0.8937814282648882,0.01035218619126499
fine,0.041,0,0.8982898886561963,0.017386047257183623
fine,0.041,0,0.9027692658882837,0.02360414466543881
fine,0.041,0,0.9070357978012841,0.029378308698973843
fine,0.041,0,0.9112733942507577,0.03665629652782609
fine,0.041,0,0.9152992262931914,0.0409019990341547
fine,0.041,0,0.9192963684762414,0.0495727569452461
fine,0.041,0,0.9230835437080159,0.05191211968960485
fine,0.041,0,0.9268423717619523,0.06239490109254375
fine,0.041,0,0.9303937407820771,0.06233141649580842
fine,0.041,0,0.9339172012237866,0.07511812439100884
fine,0.041,0,0.9372364125248491,0.0720726311985791
fine,0.041,0,0.9405282482807135,0.0877173167544919
fine,0.041,0,0.943619735903535,0.08103843332853367
fine,0.041,0,0.9466844736445551,0.10010013278746899
fine,0.041,0,0.9495534421747981,0.0891107606793824
fine,0.041,0,0.9523963769997694,0.11211317454982483
fine,0.041,0,0.9550487839572708,0.09615997627073936
fine,0.041,0,0.9576759614758479,0.12354306839204454
fine,0.041,0,0.9601184971562551,0.10206740352823385
fine,0.041,0,0.9625366930325199,0.13411148877764145
fine,0.041,0,0.9647767578694472,0.10677077648890365
fine,0.041,0,0.9669934548952075,0.1434911146401623
fine,0.041,0,0.9690391344195192,0.1103218331762933
fine,0.041,0,0.9710624971949144,0.15133402675228835
fine,0.041,0,0.9729225346758318,0.11291331856431064
fine,0.041,0,0.9747613819828982,0.1573114535377088
fine,0.041,0,0.9764451488435607,0.11483568897750818
fine,0.041,0,0.9781089238062785,0.16117448720345096
fine,0.041,0,0.9796263879138054,0.11638909586827717
fine,0.041,0,0.9811251260455475,0.162883152360761
fine,0.041,0,0.9824868179829328,0.11783618279906649
fine,0.041,0,0.9838311132294686,0.16276892047601754
fine,0.041,0,0.9850480906634214,0.1193523654971056
fine,0.041,0,0.9862490595563541,0.16157725638548204
fine,0.041,0,0.9873328698216551,0.12105331650155904
fine,0.041,0,0.9884021138636017,0.16027666410879082
fine,0.041,0,0.9893647548905768,0.12304150775987321
fine,0.041,0,0.9903143212993519,0.15966273820515198
fine,0.041,0,0.9911682010166755,0.1254158397749815
fine,0.041,0,0.9920105419613223,0.1601488944734336
fine,0.041,0,0.9927684363115116,0.12827943559483557
fine,0.041,0,0.9935163667781021,0.16185768190660976
fine,0.041,0,0.994191376487773,0.13175544481699464
fine,0.041,0,0.9948580309175509,0.16479768490933489
fine,0.041,0,0.995463537168709,0.1359727210459183
fine,0.041,0,0.9960623250153025,0.16885145800467383
fine,0.041,0,0.9966119441676526,0.1406851027620346
fine,0.041,0,0.997156504523721,0.17262515235304443
fine,0.041,0,0.997664042041222,0.141636713815687
fine,0.041,0,0.9981681974880893,0.16186193361675338
fine,0.041,0,0.9986476012256317,0.07310793658620818
fine,0.041,0,0.9991253110620446,0.11678529055576004
fine,0.041,0,0.9995906240703231,-0.121838542041939
fine,0.041,1,5.5937078602379166e-05,0.4519245929323673
fine,0.041,1,0.0005212500868810686,0.4429952532555479
fine,0.041,1,0.0009882569962894338,0.5346179356015394
fine,0.041,1,0.001467660733831845,0.5161225380603711
fine,0.041,1,0.0019504465420083108,0.5409115196070133
fine,0.041,1,0.0024579840595098414,0.540872674302858
fine,0.041,1,0.002970580373293382,0.5419979646738082
fine,0.041,1,0.0035201995256438196,0.550466115449755
fine,0.041,1,0.004076537082558917,0.5347923774866684
fine,0.041,1,0.004682043333716351,0.5507052673521424
fine,0.041,1,0.005295904864766822,0.5219624468297495
fine,0.041,1,0.00597091457443863,0.5443074507605442
fine,0.041,1,0.006655888167709273,0.504969177014535
fine,0.041,1,0.007413782517898317,0.5323312838227852
fine,0.041,1,0.008183215640764081,0.48479722193306085
fine,0.041,1,0.009037095358087442,0.5151000493904553
fine,0.041,1,0.009904049693610986,0.4622334538955183
fine,0.041,1,0.010866690720585482,0.49269924120448594
fine,0.041,1,0.011843897970914745,0.43803970277311033
fine,0.041,1,0.012927708236216246,0.4652817048256227
fine,0.041,1,0.014027527042537595,0.4128869554799114
fine,0.041,1,0.015244504476490825,0.43323122252182766
fine,0.041,1,0.016478878601293687,0.3871081141094469
fine,0.041,1,0.017840570538678678,0.3972014731667459
fine,0.041,1,0.019220988451848216,0.3605834481997665
fine,0.041,1,0.020738452559375172,0.3585844245735247
fine,0.041,1,0.022275908564846923,0.333541742230107
fine,0.041,1,0.02395967542550928,0.31969381860169177
fine,0.041,1,0.02566463246002244,0.30661758559857555
fine,0.041,1,0.02752466994093997,0.2816268410724425
fine,0.041,1,0.029407024170773528,0.2792750675739396
fine,0.041,1,0.03145270369508345,0.2456203669530458
fine,0.041,1,0.03352175103056049,0.2518754152343422
fine,0.041,1,0.03576181586748917,0.21248832091258885
fine,0.041,1,0.03802622050855998,0.22483022119924434
fine,0.041,1,0.04046875618896723,0.18240655380104498
fine,0.041,1,0.042936521308299024,0.19845464933840085
fine,0.041,1,0.04558892826580045,0.15513390582899655
fine,0.041,1,0.04826736892857376,0.17301344590547707
fine,0.041,1,0.05113633745881695,0.1302368104988365
fine,0.041,1,0.05403205587086134,0.14870734861579182
fine,0.041,1,0.05712354349368238,0.10726033042391447
fine,0.041,1,0.060242406661701484,0.1256809890377788
fine,0.041,1,0.06356161796276408,0.08582638125695885
fine,0.041,1,0.06690873784224216,0.1040190993354938
fine,0.041,1,0.07046010686236692,0.06567702204855586
fine,0.041,1,0.07403982306032948,0.08372678740584105
fine,0.041,1,0.07782699829210395,0.046658894665733364
fine,0.041,1,0.08164286338326175,0.06470396635359599
fine,0.041,1,0.08566869542569541,0.028682563185954857
fine,0.041,1,0.08972346293165546,0.04677205562956255
fine,0.041,1,0.09398999484465559,0.011721304686055922
fine,0.041,1,0.09828560991687595,0.029786233327633527
fine,0.041,1,0.10279407030818012,-0.004183295924335528
fine,0.041,1,0.10733166314619343,0.013691647585750588
fine,0.041,1,0.11208246201414854,-0.019059158187221703
fine,0.041,1,0.11686234404132383,-0.0015791441276760132
fine,0.041,1,0.12185507138758284,-0.03297151335881665
fine,0.041,1,0.12687673419736825,-0.016072241275001842
fine,0.041,1,0.13211016141419385,-0.04601499948093446
fine,0.041,1,0.1373722784904029,-0.02984368582917729
fine,0.041,1,0.14284436251788787,-0.05830530403724565
fine,0.041,1,0.14834479372321066,-0.042967979675390344
fine,0.041,1,0.15405268396234573,-0.06995327619462932
fine,0.041,1,0.15978848277989613,-0.05552499144117551
fine,0.041,1,0.16572853073809185,-0.08105627052544007
fine,0.041,1,0.17169595424148582,-0.06760014308555395
fine,0.041,1,0.17786372587792415,-0.09172653000464459
fine,0.041,1,0.18405824739616367,-0.07931998649012506
fine,0.041,1,0.19044853812517984,-0.10216649732039351
fine,0.041,1,0.1968648625594678,-0.09091507846849933
fine,0.041,1,0.20347171486122553,-0.11269086327819133
fine,0.041,1,0.21010379660190773,-0.10261581254783736
fine,0.041,1,0.21692052018075988,-0.12326524957524998
fine,0.041,1,0.2237615835637542,-0.11419589363275451
fine,0.041,1,0.23078077798608465,-0.1334416180339606
fine,0.041,1,0.2378233402195823,-0.12514412054989132
fine,0.041,1,0.2450369199545316,-0.14290588262537063
fine,0.041,1,0.25227281643839694,-0.13518828312430808
fine,0.041,1,0.2596720382167387,-0.1514203749958536
fine,0.041,1,0.2670924501689313,-0.14405584594755427
fine,0.041,1,0.274667942567528,-0.15856034518888418
fine,0.041,1,0.28226342686406963,-0.15120750379004066
fine,0.041,1,0.29000522201580187,-0.1635882449263566
fine,0.041,1,0.29776574314331844,-0.15586827301749007
fine,0.041,1,0.30566331046519163,-0.1657378722979692
fine,0.041,1,0.3135782744779148,-0.15751349282099358
fine,0.041,1,0.3216205563032225,-0.16497438000657305
fine,0.041,1,0.32967884666954994,-0.15658403790328923
fine,0.041,1,0.3378542956635082,-0.1624487149899687
fine,0.041,1,0.34604431088082105,-0.15427049707440266
fine,0.041,1,0.35434092911310483,-0.15866922562767383
fine,0.041,1,0.362650621963589,-0.15086939539430144
fine,0.041,1,0.3710560015055249,-0.15399805861511107
fine,0.041,1,0.37947291982013753,-0.14674730705744476
fine,0.041,1,0.38797428472920764,-0.1489390094977483
fine,0.041,1,0.39648561352187667,-0.1423679842361849
fine,0.041,1,0.40506986307146436,-0.14378781659892415
fine,0.041,1,0.4136624679009451,-0.13791740053708756
fine,0.041,1,0.42231622090904647,-0.13863648313942978
fine,0.041,1,0.4309766923217128,-0.13340911130889577
fine,0.041,1,0.43968633242862176,-0.13343239909216797
fine,0.041,1,0.4484010313318127,-0.12875660379406617
fine,0.041,1,0.4571527530735706,-0.1280726087512638
fine,0.041,1,0.4659078568859624,-0.12387511087769809
fine,0.041,1,0.47468771240767926,-0.12251902053761854
fine,0.041,1,0.4834692618305257,-0.11876667998012214
fine,0.041,1,0.4922632080815063,-0.11681689775096937
fine,0.041,1,0.5010571543324868,-0.11346619460983653
fine,0.041,1,0.5098511005834668,-0.11089956131586076
fine,0.041,1,0.5186433529333173,-0.1079129830868426
fine,0.041,1,0.5274232084550344,-0.1048001178881457
fine,0.041,1,0.5361996819061174,-0.10216264108078499
fine,0.041,1,0.5449514036478755,-0.09853904152850657
fine,0.041,1,0.5536980665933513,-0.09622616010182239
fine,0.041,1,0.56240770670026,-0.09211495212282017
fine,0.041,1,0.571110628402604,-0.09010296431686782
fine,0.041,1,0.5797643814107057,-0.08553486453322101
fine,0.041,1,0.5884097791389143,-0.0838048828311646
fine,0.041,1,0.596994028688502,-0.07880931191127938
fine,0.041,1,0.6055683143544909,-0.0773430602178149
fine,0.041,1,0.614069679263561,-0.07194341274922422
fine,0.041,1,0.6225595053999544,-0.07072333727860847
fine,0.041,1,0.6309648849418902,-0.06494240436758592
fine,0.041,1,0.6393571898656257,-0.06395950842005949
fine,0.041,1,0.6476538080979104,-0.057840615915426774
fine,0.041,1,0.6559358601068401,-0.057089116276444196
fine,0.041,1,0.6641113091007979,-0.050663025749035695
fine,0.041,1,0.672270749553736,-0.050133410509094256
fine,0.041,1,0.680313031379045,-0.0434279708069516
fine,0.041,1,0.6883379165135037,-0.04313783618014777
fine,0.041,1,0.6962354838353754,-0.036280920639871095
fine,0.041,1,0.7041143251814628,-0.036235752825072076
fine,0.041,1,0.7118561203331952,-0.029262745709375926
fine,0.041,1,0.7195779235869827,-0.029400966529146366
fine,0.041,1,0.7271534159855796,-0.02228987945868588
fine,0.041,1,0.7347077182103257,-0.022514328016387752
fine,0.041,1,0.7421069399886675,-0.015250439166411223
fine,0.041,1,0.7494838450180932,-0.015465786843414264
fine,0.041,1,0.7566974247530426,-0.008070263749629936
fine,0.041,1,0.7638876366768248,-0.008195220974410056
fine,0.041,1,0.7709068310991558,-0.0007195677791547173
fine,0.041,1,0.7779016857173442,-0.0006796188364519562
fine,0.041,1,0.7847184092961943,0.006812495311708688
fine,0.041,1,0.79150990343612,0.007090071024874467
fine,0.041,1,0.7981167557378794,0.014516753701590779
fine,0.041,1,0.804697574334367,0.015102231307274172
fine,0.041,1,0.8110878650633832,0.022367897044249796
fine,0.041,1,0.8174514059105982,0.0233384725877408
fine,0.041,1,0.8236191775470341,0.03037477197473326
fine,0.041,1,0.8297595736382725,0.03180903614082986
fine,0.041,1,0.8356996215964713,0.03853496189155903
fine,0.041,1,0.8416117609762543,0.04049383566477083
fine,0.041,1,0.8473196512153888,0.046820256529631066
fine,0.041,1,0.8529991942766852,0.04934922301209166
fine,0.041,1,0.8584712783041706,0.05519101513892233
fine,0.041,1,0.8639146724722724,0.058326880262630665
fine,0.041,1,0.8691480996890976,0.0636013335856559
fine,0.041,1,0.8743525914423966,0.06738115521226784
fine,0.041,1,0.8793453187886557,0.07199527027140762
fine,0.041,1,0.8843089629756944,0.0764704028395139
fine,0.041,1,0.8890597618436459,0.08030037119540157
fine,0.041,1,0.893781428264889,0.08555700142607214
fine,0.041,1,0.8982898886561964,0.08842651973098281
fine,0.041,1,0.9027692658882832,0.09461393560797471
fine,0.041,1,0.9070357978012836,0.09627954687383278
fine,0.041,1,0.9112733942507577,0.10365028337263538
fine,0.041,1,0.9152992262931914,0.10382661351475952
fine,0.041,1,0.9192963684762414,0.11274322200910247
fine,0.041,1,0.9230835437080159,0.11102746882803394
fine,0.041,1,0.9268423717619523,0.1219458037053579
fine,0.041,1,0.9303937407820771,0.1178086492462237
fine,0.041,1,0.9339172012237866,0.13126327301960117
fine,0.041,1,0.9372364125248493,0.12408306221362786
fine,0.041,1,0.9405282482807139,0.14067331568743435
fine,0.041,1,0.9436197359035352,0.1297506176992581
fine,0.041,1,0.9466844736445551,0.15008194728713986
fine,0.041,1,0.9495534421747981,0.13468829569030016
fine,0.041,1,0.9523963769997694,0.15932717995823975
fine,0.041,1,0.9550487839572708,0.13875913492856917
fine,0.041,1,0.9576759614758479,0.16818033170940994
fine,0.041,1,0.9601184971562551,0.14183521828559087
fine,0.041,1,0.9625366930325203,0.17634345166534293
fine,0.041,1,0.9647767578694514,0.1438431482937529
fine,0.041,1,0.9669934548952148,0.18346773719267928
fine,0.041,1,0.9690391344195227,0.1448225314086944
fine,0.041,1,0.9710624971949149,0.18918512743010873
fine,0.041,1,0.9729225346758322,0.14495427474370814
fine,0.041,1,0.9747613819828986,0.19315051921867266
fine,0.041,1,0.9764451488435612,0.14452079993975964
fine,0.041,1,0.9781089238062789,0.1951041213525042
fine,0.041,1,0.9796263879138054,0.14381922324402818
fine,0.041,1,0.9811251260455475,0.19499833329568272
fine,0.041,1,0.9824868179829332,0.14311352937367994
fine,0.041,1,0.983831113229469,0.1931557763242966
fine,0.041,1,0.9850480906634218,0.1425859620517178
fine,0.041,1,0.9862490595563546,0.19031157575425584
fine,0.041,1,0.9873328698216551,0.14236048822447733
fine,0.041,1,0.9884021138636012,0.18742270870823075
fine,0.041,1,0.9893647548905768,0.14254744595074187
fine,0.041,1,0.9903143212993522,0.18527789427000962
fine,0.041,1,0.9911682010166755,0.14325492537431705
fine,0.041,1,0.9920105419613223,0.18429076510950448
fine,0.041,1,0.9927684363115116,0.1445942537056435
fine,0.041,1,0.9935163667781023,0.1845918348881752
fine,0.041,1,0.9941913764877732,0.14669781574823126
fine,0.041,1,0.9948580309175513,0.18621501322795675
fine,0.041,1,0.995463537168709,0.14969335685214258
fine,0.041,1,0.9960623250153016,0.1891194856808085
fine,0.041,1,0.9966119441676522,0.15327426407108125
fine,0.041,1,0.997156504523721,0.19215467686774934
fine,0.041,1,0.9976640420412225,0.15293195798103243
fine,0.041,1,0.9981681974880897,0.1812721872153903
fine,0.041,1,0.9986476012256319,0.08312150332271317
fine,0.041,1,0.9991253110620446,0.13360251150347047
fine,0.041,1,0.9995906240703231,-0.121838542041939
coarse,0.163,0,0.00024982898733673603,0.0008316340973181235
coarse,0.163,0,0.0013182457413504355,-0.14829521217185504
coarse,0.163,0,0.002424064036603292,-0.37489529269439825
coarse,0.163,0,0.0036524319384473062,-0.3793165355815633
coarse,0.163,0,0.0049549629720289845,-0.5176180842907137
coarse,0.163,0,0.006500496361046419,-0.5114029861270315
coarse,0.163,0,0.008155685520554257,-0.562444966035349
coarse,0.163,0,0.010170171946668154,-0.5562613964532881
coarse,0.163,0,0.012327930541390511,-0.5908624815246619
coarse,0.163,0,0.014955133638044016,-0.5760196002753315
coarse,0.163,0,0.01775677387489508,-0.605202355924936
coarse,0.163,0,0.021129973523415172,-0.5794314446026407
coarse,0.163,0,0.024705790615891225,-0.6081565028220608
coarse,0.163,0,0.028945502489777723,-0.5702898816923976
coarse,0.163,0,0.03341254527073595,-0.6009863586830835
coarse,0.163,0,0.0386244587790685,-0.5537561549819969
coarse,0.163,0,0.04408452696274063,-0.5888788739586104
coarse,0.163,0,0.05035769687508863,-0.5374855042456574
coarse,0.163,0,0.05689559923574745,-0.5755244978289205
coarse,0.163,0,0.06430092193037153,-0.5282016166077321
coarse,0.163,0,0.07198302520068933,-0.5611320759959506
coarse,0.163,0,0.0805720256078534,-0.5284480575509256
coarse,0.163,0,0.08944511892570604,-0.5444672064677785
coarse,0.163,0,0.09924906892183522,-0.5355151174251591
coarse,0.163,0,0.10933956325518038,-0.5264379948974955
coarse,0.163,0,0.12036894659238448,-0.5431247597373909
coarse,0.163,0,0.1316824228402771,-0.5092498028917978
coarse,0.163,0,0.1439267557664463,-0.5462987814650375
coarse,0.163,0,0.1564478692683092,-0.4949032972068934
coarse,0.163,0,0.16987587990701847,-0.5438742815183979
coarse,0.163,0,0.18356862299403856,-0.4845521993363975
coarse,0.163,0,0.1981287864150239,-0.5379477810888995
coarse,0.163,0,0.21293710451134884,-0.4782839828568346
coarse,0.163,0,0.2285585243363497,-0.5298195344801095
coarse,0.163,0,0.24440727506842244,-0.4726272324004577
coarse,0.163,0,0.2610008965278694,-0.5161064698317821
coarse,0.163,0,0.277797135431272,-0.4601567012441621
coarse,0.163,0,0.2952572691160844,-0.49084846820069683
coarse,0.163,0,0.3128918399410952,-0.4341426627153886
coarse,0.163,0,0.3310979701777768,-0.45153884226784813
coarse,0.163,0,0.3494473725830663,-0.39584605653130667
coarse,0.163,0,0.36826621949028465,-0.40578669808559953
coarse,0.163,0,0.3871947221679936,-0.3543536296752685
coarse,0.163,0,0.40648252211230934,-0.36096200318132454
coarse,0.163,0,0.4258444851883628,-0.31454605258409774
coarse,0.163,0,0.44544945061985247,-0.3191699661554217
coarse,0.163,0,0.46509181759258095,-0.2770928874734171
coarse,0.163,0,0.48485673417190045,-0.2797813931992925
coarse,0.163,0,0.50462165075122,-0.2412230995800504
coarse,0.163,0,0.5243865673305395,-0.24228508982512187
coarse,0.163,0,0.54411408236862,-0.2067397889150817
coarse,0.163,0,0.5637190478001101,-0.2066683406112022
coarse,0.163,0,0.5832498500998621,-0.17369578029559873
coarse,0.163,0,0.6025376500441775,-0.17297984530573896
coarse,0.163,0,0.6217157942180023,-0.1421619435478496
coarse,0.163,0,0.640534641125221,-0.14134219013624016
coarse,0.163,0,0.6592102158638312,-0.11232698500621385
coarse,0.163,0,0.6774163461005108,-0.11212341768632128
coarse,0.163,0,0.6954480391969929,-0.084695124603684
coarse,0.163,0,0.7129081728818071,-0.08599368728729728
coarse,0.163,0,0.7301656891226651,-0.059614048124176255
coarse,0.163,0,0.746759310582112,-0.06286957332992849
coarse,0.163,0,0.7631256011344871,-0.0365697534778997
coarse,0.163,0,0.7787470209594879,-0.04221276304575272
coarse,0.163,0,0.7941202861091492,-0.015173346696735424
coarse,0.163,0,0.8086804495301362,-0.023833808821260627
coarse,0.163,0,0.8229758805028112,0.004526880955217916
coarse,0.163,0,0.8364038911415189,-0.007568709747358016
coarse,0.163,0,0.8495551212045331,0.022403622632258702
coarse,0.163,0,0.8617994541307028,0.006947183680215296
coarse,0.163,0,0.873759694146183,0.038159845905137546
coarse,0.163,0,0.8847890774833831,0.020092267972943834
coarse,0.163,0,0.8955319164833692,0.051333916883469
coarse,0.163,0,0.905335866479502,0.0320928236955228
coarse,0.163,0,0.9148557235649457,0.061829329509455966
coarse,0.163,0,0.9234447239721105,0.043237503665313426
coarse,0.163,0,0.9317569438035812,0.07053073456921022
coarse,0.163,0,0.9391622664982051,0.053913587647733685
coarse,0.163,0,0.9463028567445182,0.07877691910964746
coarse,0.163,0,0.9525760266568659,0.06439252200587786
coarse,0.163,0,0.9586010418938744,0.08739275584549655
coarse,0.163,0,0.9638129554022067,0.07479268362312497
coarse,0.163,0,0.9687975380034675,0.09654251909073142
coarse,0.163,0,0.9730372498773537,0.08511754225179946
coarse,0.163,0,0.9770743443072847,0.10605426796131412
coarse,0.163,0,0.9804475439558069,0.09522555344871864
coarse,0.163,0,0.9836463064641302,0.11561597380812827
coarse,0.163,0,0.986273509560781,0.104741896552911
coarse,0.163,0,0.9887574404888242,0.12469426049473609
coarse,0.163,0,0.9907719269149389,0.11259574295188668
coarse,0.163,0,0.9926767575705628,0.13148726748698458
coarse,0.163,0,0.9942222909595808,0.11354910487233161
coarse,0.163,0,0.9956936612168605,0.12112922569199136
coarse,0.163,0,0.9969220291187043,0.039696694051157944
coarse,0.163,0,0.9981129954793089,0.08092391126140719
coarse,0.163,0,0.9991814122333226,-0.1558086444439324
coarse,0.163,1,0.00024982898733679176,0.301630775216268
coarse,0.163,1,0.0013182457413504355,0.37709910248595246
coarse,0.163,1,0.002424064036603292,0.4514513449578822
coarse,0.163,1,0.0036524319384474177,0.42890652600254786
coarse,0.163,1,0.004954962972029207,0.46048885192865363
coarse,0.163,1,0.00650049636104653,0.44154287036138395
coarse,0.163,1,0.008155685520554257,0.43968219318883517
coarse,0.163,1,0.01017017194666832,0.4222285663174863
coarse,0.163,1,0.012327930541390678,0.3991078210127138
coarse,0.163,1,0.01495513363804396,0.38667499000257877
coarse,0.163,1,0.01775677387489497,0.3478660835689996
coarse,0.163,1,0.021129973523415228,0.3434389589419885
coarse,0.163,1,0.024705790615891392,0.29236339243651
coarse,0.163,1,0.028945502489777834,0.29876682188774584
coarse,0.163,1,0.033412545270736116,0.2376835992926717
coarse,0.163,1,0.03862445877906861,0.25623166124360564
coarse,0.163,1,0.044084526962740574,0.1862653193992585
coarse,0.163,1,0.050357696875088453,0.2157520943761866
coarse,0.163,1,0.05689559923574728,0.13906391906018556
coarse,0.163,1,0.06430092193037142,0.17405472957483947
coarse,0.163,1,0.07198302520068933,0.09704642604819325
coarse,0.163,1,0.0805720256078534,0.12768219345125598
coarse,0.163,1,0.08944511892570604,0.06124425948075607
coarse,0.163,1,0.09924906892183533,0.0769451637012264
coarse,0.163,1,0.1093395632551806,0.0311840922688027
coarse,0.163,1,0.12036894659238481,0.02662947979620378
coarse,0.163,1,0.1316824228402773,0.005033342889782966
coarse,0.163,1,0.14392675576644653,-0.01823776500307983
coarse,0.163,1,0.15644786926830942,-0.019326558655349046
coarse,0.163,1,0.16987587990701858,-0.055586508316489924
coarse,0.163,1,0.18356862299403856,-0.04340488943385434
coarse,0.163,1,0.1981287864150239,-0.08638118649513893
coarse,0.163,1,0.21293710451134884,-0.06776792389098629
coarse,0.163,1,0.2285585243363497,-0.11179925732317542
coarse,0.163,1,0.24440727506842244,-0.09044937686995858
coarse,0.163,1,0.2610008965278694,-0.1301248355173803
coarse,0.163,1,0.277797135431272,-0.10640676762226597
coarse,0.163,1,0.2952572691160844,-0.13752214417638742
coarse,0.163,1,0.312891839941095,-0.11047654588971989
coarse,0.163,1,0.3310979701777768,-0.132020949106886
coarse,0.163,1,0.3494473725830663,-0.10288807125052912
coarse,0.163,1,0.368266219490285,-0.11876099686323083
coarse,0.163,1,0.38719472216799405,-0.09003032560559565
coarse,0.163,1,0.4064825221123097,-0.10321638582241444
coarse,0.163,1,0.42584448518836326,-0.07584507710567712
coarse,0.163,1,0.4454494506198526,-0.08737451067372826
coarse,0.163,1,0.46509181759258095,-0.061288543494040226
coarse,0.163,1,0.48485673417190056,-0.07121007761410647
coarse,0.163,1,0.5046216507512201,-0.04613473089520226
coarse,0.163,1,0.5243865673305395,-0.05468808977640638
coarse,0.163,1,0.5441140823686202,-0.030499424687440824
coarse,0.163,1,0.563719047800111,-0.038075243233229195
coarse,0.163,1,0.5832498500998634,-0.014634966797956839
coarse,0.163,1,0.6025376500441779,-0.0216338537775147
coarse,0.163,1,0.6217157942180023,0.0012338696973279717
coarse,0.163,1,0.6405346411252212,-0.005651250893135007
coarse,0.163,1,0.6592102158638321,0.01681365399661372
coarse,0.163,1,0.6774163461005122,0.009401217175447507
coarse,0.163,1,0.6954480391969947,0.03155607807656202
coarse,0.163,1,0.7129081728818077,0.022798160525974387
coarse,0.163,1,0.7301656891226651,0.045045046199477023
coarse,0.163,1,0.746759310582112,0.034441502300284754
coarse,0.163,1,0.7631256011344869,0.05760257205892727
coarse,0.163,1,0.7787470209594861,0.0446519176840513
coarse,0.163,1,0.7941202861091465,0.06946056377334264
coarse,0.163,1,0.8086804495301344,0.053487570813274155
coarse,0.163,1,0.8229758805028106,0.08047977417932017
coarse,0.163,1,0.8364038911415189,0.06100930996544507
coarse,0.163,1,0.849555121204534,0.09044734164404022
coarse,0.163,1,0.8617994541307032,0.06748720050329626
coarse,0.163,1,0.873759694146183,0.09899911533812167
coarse,0.163,1,0.8847890774833838,0.07323478912739523
coarse,0.163,1,0.89553191648337,0.10563423261267413
coarse,0.163,1,0.9053358664795025,0.0784447749486733
coarse,0.163,1,0.9148557235649457,0.11022118627177224
coarse,0.163,1,0.9234447239721101,0.08336851631700715
coarse,0.163,1,0.9317569438035808,0.11357936859435891
coarse,0.163,1,0.9391622664982049,0.08835757902731034
coarse,0.163,1,0.9463028567445182,0.11698129457391426
coarse,0.163,1,0.9525760266568659,0.09366800686421728
coarse,0.163,1,0.9586010418938744,0.12121854488653894
coarse,0.163,1,0.9638129554022067,0.09941466107719887
coarse,0.163,1,0.9687975380034675,0.12644689489165217
coarse,0.163,1,0.9730372498773537,0.10559994202157108
coarse,0.163,1,0.9770743443072833,0.13248911345830616
coarse,0.163,1,0.9804475439557998,0.11208073052377365
coarse,0.163,1,0.9836463064641201,0.13901562863011585
coarse,0.163,1,0.9862735095607763,0.11847791008968978
coarse,0.163,1,0.9887574404888237,0.14546332401774975
coarse,0.163,1,0.9907719269149386,0.1237108812354496
coarse,0.163,1,0.9926767575705628,0.15004949001935186
coarse,0.163,1,0.9942222909595808,0.1225043981019791
coarse,0.163,1,0.9956936612168605,0.13801756885922822
coarse,0.163,1,0.9969220291187043,0.04719367590994039
coarse,0.163,1,0.9981129954793089,0.09478923052423982
coarse,0.163,1,0.9991814122333226,-0.1558086444439324
medium,0.163,0,0.0005807617012621174,0.006985963051529431
medium,0.163,0,0.0012831358709954727,-0.09934811080662476
medium,0.163,0,0.0020247905586456647,-0.33483463735351293
medium,0.163,0,0.002774670652234885,-0.3131793500016431
medium,0.163,0,0.003602812833197941,-0.47290526513792885
medium,0.163,0,0.004447343225733079,-0.44653633779705415
medium,0.163,0,0.005408521653357948,-0.5267903563206868
medium,0.163,0,0.0063941263740024895,-0.503360670635584
medium,0.163,0,0.007533877315472296,-0.5671102412029674
medium,0.163,0,0.008705906732570604,-0.5406451119313418
medium,0.163,0,0.010068407410411926,-0.5977253372767233
medium,0.163,0,0.011470793087800352,-0.5646310053461907
medium,0.163,0,0.013098525464549125,-0.6196499945795797
medium,0.163,0,0.014773445815834722,-0.5779216726964178
medium,0.163,0,0.016706873280642725,-0.6336635951735086
medium,0.163,0,0.01869443256599706,-0.5833297235277044
medium,0.163,0,0.020971691983814145,-0.6419219839893266
medium,0.163,0,0.0233096150923477,-0.5829504252681406
medium,0.163,0,0.025966226559350405,-0.6444739033854512
medium,0.163,0,0.028689571899923584,-0.5770384207205521
medium,0.163,0,0.031758168414134244,-0.6411892244066917
medium,0.163,0,0.03489906109969637,-0.5682077075448073
medium,0.163,0,0.0384091402041653,-0.6342580226267707
medium,0.163,0,0.04199652756024898,-0.5595281281555136
medium,0.163,0,0.04597422684893979,-0.6247242046787176
medium,0.163,0,0.050033658107034085,-0.55421940621544
medium,0.163,0,0.05450155630195162,-0.6139531463911114
medium,0.163,0,0.05905498815442294,-0.5545072482084683
medium,0.163,0,0.06403193326790586,-0.6023103878461542
medium,0.163,0,0.06909756276431232,-0.5599541668183134
medium,0.163,0,0.07459852865427766,-0.5894978984166144
medium,0.163,0,0.08019065471083303,-0.5678800356399722
medium,0.163,0,0.08622662712067666,-0.5756286036279474
medium,0.163,0,0.09235554169686525,-0.5752551157224501
medium,0.163,0,0.09893343464732064,-0.561661165082201
medium,0.163,0,0.10560534441786998,-0.5799254677103636
medium,0.163,0,0.11272794758713645,-0.5486782155128125
medium,0.163,0,0.11994492670547588,-0.5808876635199742
medium,0.163,0,0.12761088419808253,-0.5373388909045389
medium,0.163,0,0.13537085851078307,-0.5781244185521985
medium,0.163,0,0.14357467917677144,-0.5277312208956539
medium,0.163,0,0.15187144200910468,-0.5722256481354311
medium,0.163,0,0.1606035412349969,-0.5194929452606567
medium,0.163,0,0.16942680062747922,-0.5640671576331973
medium,0.163,0,0.1786735732809733,-0.5121729126023029
medium,0.163,0,0.188009030317391,-0.5547457350126943
medium,0.163,0,0.19775295429063186,-0.5058253383581042
medium,0.163,0,0.20758241192142649,-0.5457636062799975
medium,0.163,0,0.21780218148482822,-0.5008083910358074
medium,0.163,0,0.22810368301763342,-0.5375037485058318
medium,0.163,0,0.23877437096934534,-0.49602646095145975
medium,0.163,0,0.2495223671726721,-0.5283981357246739
medium,0.163,0,0.26061561454963633,-0.4894300965416827
medium,0.163,0,0.2717811580979523,-0.5169318819191797
medium,0.163,0,0.2832653900047367,-0.4793152790540953
medium,0.163,0,0.2948163557850916,-0.5009111855989608
medium,0.163,0,0.30665702169791,-0.46294229484582017
medium,0.163,0,0.318558351301445,-0.47776331635196523
medium,0.163,0,0.3307181880185028,-0.4391528328283545
medium,0.163,0,0.3429321565561069,-0.44904571769223334
medium,0.163,0,0.35537147179306977,-0.4110862132816273
medium,0.163,0,0.36785797500456907,-0.4182698922633252
medium,0.163,0,0.3805349494768123,-0.3819089232199533
medium,0.163,0,0.3932518089486028,-0.387568509828105
medium,0.163,0,0.40612281464121863,-0.35335954090271926
medium,0.163,0,0.41902609880946284,-0.35816715828614876
medium,0.163,0,0.43204603101279704,-0.32633740429486613
medium,0.163,0,0.445090389509151,-0.33025412990368297
medium,0.163,0,0.4582130100928785,-0.30060540653359613
medium,0.163,0,0.47135201888817807,-0.30340031826476044
medium,0.163,0,0.4845303082013946,-0.27573108778198985
medium,0.163,0,0.4977168229205502,-0.27743004348060873
medium,0.163,0,0.5109033376397055,-0.2515780711194453
medium,0.163,0,0.5240898523588609,-0.2522719328213925
medium,0.163,0,0.5372370865600996,-0.22806646856686452
medium,0.163,0,0.5503760953553993,-0.22795069938980173
medium,0.163,0,0.5634368420633259,-0.2052300677754173
medium,0.163,0,0.5764812005596803,-0.20448109902258182
medium,0.163,0,0.5894089110209437,-0.18305885046167525
medium,0.163,0,0.6023121951891874,-0.18186584115363025
medium,0.163,0,0.6150613331366064,-0.16154994606285933
medium,0.163,0,0.627778192608397,-0.16011985721691047
medium,0.163,0,0.6403045808194441,-0.14070655356822703
medium,0.163,0,0.6527910840309437,-0.13930152057420342
medium,0.163,0,0.6650522405430844,-0.12056722025004962
medium,0.163,0,0.6772662090806889,-0.11952538247572342
medium,0.163,0,0.6892216705047697,-0.10125555519354501
medium,0.163,0,0.7011230001083038,-0.10104340404974832
medium,0.163,0,0.7127346295793754,-0.08300660384685932
medium,0.163,0,0.7242855953597307,-0.0840640623379334
medium,0.163,0,0.7355178727816168,-0.0658243948035282
medium,0.163,0,0.7466834163299328,-0.06838322150762366
medium,0.163,0,0.7575037087046161,-0.04936714086237326
medium,0.163,0,0.7682517049079494,-0.05372725584066229
medium,0.163,0,0.778630514692365,-0.03341833678861006
medium,0.163,0,0.7889320162251634,-0.0400235683904715
medium,0.163,0,0.7988432058253605,-0.017950003264928016
medium,0.163,0,0.8086726634561553,-0.0273123564250759
medium,0.163,0,0.818093654150126,-0.003014137151519769
medium,0.163,0,0.8274291111865428,-0.015625109564755713
medium,0.163,0,0.8363410549619491,0.011337054806972113
medium,0.163,0,0.8451643143544321,-0.0049330709038541976
medium,0.163,0,0.853552237353356,0.025024356741517595
medium,0.163,0,0.8618490001856899,0.0047836203102805674
medium,0.163,0,0.8697019166647353,0.03786708850634812
medium,0.163,0,0.8774618909774355,0.013556000947850921
medium,0.163,0,0.8847728869158656,0.04961391832609441
medium,0.163,0,0.8919898660342015,0.02145625221871339
medium,0.163,0,0.8987561517538264,0.059942575613695315
medium,0.163,0,0.9054280615243795,0.028575281448935286
medium,0.163,0,0.9116509929206627,0.06853992758176852
medium,0.163,0,0.9177799074968512,0.035075129593861276
medium,0.163,0,0.9234649757197521,0.07528721231398827
medium,0.163,0,0.9290571017763076,0.04120909613733925
medium,0.163,0,0.934213891439304,0.08034379616313658
medium,0.163,0,0.9392795209357097,0.04718108307680258
medium,0.163,0,0.943921637171105,0.08416179662810741
medium,0.163,0,0.9484750690235767,0.05311878788407953
medium,0.163,0,0.9526200339392247,0.08744819698448236
medium,0.163,0,0.9566794651973185,0.05911266167520024
medium,0.163,0,0.9603485845228064,0.09088263769409233
medium,0.163,0,0.9639359718788908,0.06522636770676316
medium,0.163,0,0.9671541728160675,0.09487204667555171
medium,0.163,0,0.9702950655016291,0.07150248170601159
medium,0.163,0,0.9730907070135534,0.09953789034538818
medium,0.163,0,0.9758140523541263,0.07796544477252498
medium,0.163,0,0.9782187093362306,0.10482950725809603
medium,0.163,0,0.9805566324447643,0.08460758747677688
medium,0.163,0,0.9826048554208383,0.11064104580064726
medium,0.163,0,0.9845924147061961,0.09141728828451612
medium,0.163,0,0.9863214668780249,0.1168767182096837
medium,0.163,0,0.9879963872293058,0.09835849341990299
medium,0.163,0,0.9894459608812312,0.12345965358356836
medium,0.163,0,0.9908483465586202,0.10539367916487752
medium,0.163,0,0.9920602609752667,0.13036954785046606
medium,0.163,0,0.9932322903923656,0.11246942207195754
medium,0.163,0,0.9942501735886385,0.13750190343216195
medium,0.163,0,0.9952357783092827,0.11913484758586468
medium,0.163,0,0.9961047349948372,0.14353203813911575
medium,0.163,0,0.9969492653873722,0.12109127431876843
medium,0.163,0,0.9977155336925335,0.13393967717175947
medium,0.163,0,0.9984654137861227,0.0534673376839957
medium,0.163,0,0.999176013361795,0.0906625982620145
medium,0.163,0,0.9998783875315281,-0.14371223163767155
medium,0.163,1,0.0005807617012620616,0.28884267292989485
medium,0.163,1,0.0012831358709955287,0.3273496311715559
medium,0.163,1,0.0020247905586456647,0.439830695248166
medium,0.163,1,0.002774670652234885,0.39266140225635104
medium,0.163,1,0.003602812833197997,0.46370522335419706
medium,0.163,1,0.004447343225733247,0.4303910995251238
medium,0.163,1,0.00540852165335806,0.4739837358079474
medium,0.163,1,0.0063941263740024895,0.44373791079933866
medium,0.163,1,0.007533877315472296,0.46673118358887244
medium,0.163,1,0.008705906732570604,0.44137260539559975
medium,0.163,1,0.010068407410411984,0.44770093467579253
medium,0.163,1,0.011470793087800576,0.42874222158395536
medium,0.163,1,0.013098525464549348,0.42032223858592344
medium,0.163,1,0.014773445815834944,0.40921052796911306
medium,0.163,1,0.01670687328064278,0.3872324114211012
medium,0.163,1,0.018694432565996837,0.38522006106042905
medium,0.163,1,0.02097169198381409,0.35044541029185616
medium,0.163,1,0.023309615092347923,0.3587236908658653
medium,0.163,1,0.025966226559350516,0.3118970168311862
medium,0.163,1,0.028689571899923584,0.3313865741512868
medium,0.163,1,0.031758168414134244,0.2734277794379374
medium,0.163,1,0.03489906109969637,0.30381148392651347
medium,0.163,1,0.0384091402041653,0.2360344906814843
medium,0.163,1,0.04199652756024898,0.27564854824178353
medium,0.163,1,0.04597422684893979,0.20057896770773254
medium,0.163,1,0.050033658107034085,0.24553309453378602
medium,0.163,1,0.054501556301951734,0.1674238476335771
medium,0.163,1,0.05905498815442322,0.21191071504856918
medium,0.163,1,0.06403193326790603,0.13688961974915814
medium,0.163,1,0.06909756276431238,0.17440212442540948
medium,0.163,1,0.07459852865427766,0.10928855483636479
medium,0.163,1,0.08019065471083303,0.13440299106095988
medium,0.163,1,0.08622662712067661,0.08456974524097971
medium,0.163,1,0.09235554169686508,0.0943230748519619
medium,0.163,1,0.09893343464732064,0.06209205357835279
medium,0.163,1,0.10560534441787009,0.05646943359457923
medium,0.163,1,0.11272794758713656,0.04098150543618473
medium,0.163,1,0.11994492670547599,0.022368379995196697
medium,0.163,1,0.12761088419808242,0.020549205826020045
medium,0.163,1,0.13537085851078284,-0.0073657911436864065
medium,0.163,1,0.14357467917677144,0.0005187235285649683
medium,0.163,1,0.1518714420091049,-0.03281256533578292
medium,0.163,1,0.16060354123499712,-0.018983803604325056
medium,0.163,1,0.16942680062747945,-0.054475260611726695
medium,0.163,1,0.1786735732809733,-0.03767831917610209
medium,0.163,1,0.18800903031739089,-0.0731579709914092
medium,0.163,1,0.19775295429063164,-0.055577390274428096
medium,0.163,1,0.20758241192142637,-0.09002544692283276
medium,0.163,1,0.21780218148482822,-0.07297658174956778
medium,0.163,1,0.22810368301763342,-0.10560563394674327
medium,0.163,1,0.23877437096934534,-0.08931736996158901
medium,0.163,1,0.2495223671726721,-0.1191507212033951
medium,0.163,1,0.26061561454963633,-0.10334047708873917
medium,0.163,1,0.2717811580979523,-0.12982719683635113
medium,0.163,1,0.28326539000473683,-0.11390802541069789
medium,0.163,1,0.2948163557850918,-0.13618384421167629
medium,0.163,1,0.3066570216979101,-0.11903524018034273
medium,0.163,1,0.318558351301445,-0.13634419395286712
medium,0.163,1,0.3307181880185028,-0.1176501368113918
medium,0.163,1,0.3429321565561069,-0.13121832635163777
medium,0.163,1,0.3553714717930699,-0.11176632900017003
medium,0.163,1,0.3678579750045693,-0.12317519196461735
medium,0.163,1,0.38053494947681243,-0.1036404983608219
medium,0.163,1,0.3932518089486029,-0.11375608585182317
medium,0.163,1,0.40612281464121874,-0.09464109389844078
medium,0.163,1,0.41902609880946307,-0.10395952376801643
medium,0.163,1,0.43204603101279715,-0.08558598984232813
medium,0.163,1,0.445090389509151,-0.09406712163833175
medium,0.163,1,0.4582130100928785,-0.07644398438063638
medium,0.163,1,0.4713520188881783,-0.08389711684247936
medium,0.163,1,0.4845303082013948,-0.06700055155300655
medium,0.163,1,0.4977168229205503,-0.07343742025470679
medium,0.163,1,0.5109033376397055,-0.05724319458456795
medium,0.163,1,0.5240898523588609,-0.06273387849360601
medium,0.163,1,0.5372370865600996,-0.047187850714174084
medium,0.163,1,0.5503760953553993,-0.051892185944546476
medium,0.163,1,0.5634368420633266,-0.036929971664550365
medium,0.163,1,0.5764812005596817,-0.040999030223099586
medium,0.163,1,0.5894089110209446,-0.026521614333755217
medium,0.163,1,0.6023121951891877,-0.030123136104615256
medium,0.163,1,0.6150613331366064,-0.016012526952725592
medium,0.163,1,0.627778192608397,-0.01933690884348782
medium,0.163,1,0.6403045808194443,-0.005451060540739405
medium,0.163,1,0.6527910840309441,-0.00874390473083353
medium,0.163,1,0.6650522405430853,0.005089483084711022
medium,0.163,1,0.6772662090806898,0.0015069503600997347
medium,0.163,1,0.6892216705047701,0.01546436404762741
medium,0.163,1,0.701123000108304,0.01114977854681376
medium,0.163,1,0.7127346295793754,0.025430926041655755
medium,0.163,1,0.7242855953597307,0.019950691536204213
medium,0.163,1,0.7355178727816168,0.03494126533357822
medium,0.163,1,0.7466834163299328,0.028028837285492325
medium,0.163,1,0.7575037087046066,0.04425055304948733
medium,0.163,1,0.7682517049079285,0.035574014521107755
medium,0.163,1,0.7786305146923506,0.05351453170082976
medium,0.163,1,0.788932016225159,0.04261071379294035
medium,0.163,1,0.7988432058253585,0.06272742479306082
medium,0.163,1,0.8086726634561542,0.049067923425089144
medium,0.163,1,0.8180936541501245,0.07181114539083056
medium,0.163,1,0.8274291111865404,0.05488383638986927
medium,0.163,1,0.836341054961948,0.08068439926486015
medium,0.163,1,0.8451643143544327,0.060053288962561124
medium,0.163,1,0.8535522373533568,0.0892384021169852
medium,0.163,1,0.8618490001856908,0.06456972486026158
medium,0.163,1,0.8697019166647357,0.09727131261889443
medium,0.163,1,0.877461890977436,0.06844359039649983
medium,0.163,1,0.8847728869158665,0.10451549929053439
medium,0.163,1,0.8919898660342024,0.07173029885480664
medium,0.163,1,0.8987561517538268,0.11063889805078331
medium,0.163,1,0.9054280615243799,0.07450854282109642
medium,0.163,1,0.9116509929206627,0.11532200970289552
medium,0.163,1,0.9177799074968512,0.07692457332375857
medium,0.163,1,0.9234649757197518,0.1184326157414054
medium,0.163,1,0.9290571017763072,0.07921102369350386
medium,0.163,1,0.9342138914393038,0.1201098551370291
medium,0.163,1,0.9392795209357101,0.08155933478778188
medium,0.163,1,0.943921637171105,0.12078600098294179
medium,0.163,1,0.9484750690235767,0.08409198264789086
medium,0.163,1,0.9526200339392247,0.12114598848319957
medium,0.163,1,0.9566794651973185,0.08689761671337903
medium,0.163,1,0.9603485845228059,0.12185038818664706
medium,0.163,1,0.9639359718788899,0.09003982929575649
medium,0.163,1,0.9671541728160673,0.12329524852747431
medium,0.163,1,0.9702950655016294,0.09356189595503472
medium,0.163,1,0.9730907070135538,0.12559833575323665
medium,0.163,1,0.9758140523541263,0.09748835171423731
medium,0.163,1,0.9782187093362306,0.1287081919298937
medium,0.163,1,0.9805566324447643,0.10181198130583613
medium,0.163,1,0.9826048554208374,0.13251768638732464
medium,0.163,1,0.9845924147061943,0.10651972366533236
medium,0.163,1,0.9863214668780236,0.13692448016859282
medium,0.163,1,0.9879963872293054,0.11157526200416712
medium,0.163,1,0.9894459608812307,0.14184284812290093
medium,0.163,1,0.9908483465586202,0.11694080306379118
medium,0.163,1,0.9920602609752667,0.14724381400283415
medium,0.163,1,0.9932322903923656,0.1225613684600837
medium,0.163,1,0.9942501735886385,0.153041348663306
medium,0.163,1,0.9952357783092827,0.127965877750721
medium,0.163,1,0.9961047349948372,0.15803908957383295
medium,0.163,1,0.9969492653873722,0.12874718628542225
medium,0.163,1,0.9977155336925333,0.14788652245949707
medium,0.163,1,0.9984654137861223,0.060204617177992636
medium,0.163,1,0.9991760133617947,0.10249154368920077
medium,0.163,1,0.9998783875315281,-0.14371223163767155
fine,0.163,0,0.00010809955304188912,0.040547049564377935
fine,0.163,0,0.0005734125613205786,0.006464055023071014
fine,0.163,0,0.001041999068315914,-0.24754031439482138
fine,0.163,0,0.0015214028058582695,-0.18909850239691317
fine,0.163,0,0.0020073424643503343,-0.34771870510740177
fine,0.163,0,0.002514879981851865,-0.3074476154368231
fine,0.163,0,0.0030321937270485076,-0.4018087851334793
fine,0.163,0,0.0035818128793989735,-0.36550238812984026
fine,0.163,0,0.004144415486530113,-0.44669990221413736
fine,0.163,0,0.00474992173768763,-0.40866029233007195
fine,0.163,0,0.005371574738810308,-0.4839978163333758
fine,0.163,0,0.006046584448482004,-0.44181353074935337
fine,0.163,0,0.006740849567812426,-0.5156375292857689
fine,0.163,0,0.0074987439180016924,-0.4677475661659698
fine,0.163,0,0.00827893718333216,-0.5427401884735621
fine,0.163,0,0.009132816900655327,-0.4881283225064348
fine,0.163,0,0.010011963586131878,-0.5658634231502215
fine,0.163,0,0.010974604613106233,-0.5038130228513438
fine,0.163,0,0.0119653951658247,-0.5849456208017543
fine,0.163,0,0.013049205431126283,-0.5153336807192215
fine,0.163,0,0.014163952530677053,-0.5999592691328077
fine,0.163,0,0.01538092996463017,-0.5235987651908431
fine,0.163,0,0.016631526860883553,-0.611700508381988
fine,0.163,0,0.017993218798268727,-0.5303697137988894
fine,0.163,0,0.01939109906838702,-0.6213955149466639
fine,0.163,0,0.02090856317591378,-0.5367121213064054
fine,0.163,0,0.022464662036743598,-0.6280816545972678
fine,0.163,0,0.024148428897406125,-0.541692378417886
fine,0.163,0,0.02587314620416597,-0.630376174362933
fine,0.163,0,0.02773318368508353,-0.5471501822486271
fine,0.163,0,0.029636348741545724,-0.6300597364036453
fine,0.163,0,0.03168202826585568,-0.5541934528484374
fine,0.163,0,0.03377286656509372,-0.6269647772596001
fine,0.163,0,0.03601293140202252,-0.5629074537198666
fine,0.163,0,0.03830003341026301,-0.6213902191029925
fine,0.163,0,0.040742569090670123,-0.573257004127572
fine,0.163,0,0.043233861179874204,-0.6141804352855909
fine,0.163,0,0.04588626813737569,-0.5847791952039472
fine,0.163,0,0.048588985764905404,-0.6062693999350541
fine,0.163,0,0.05145795429514854,-0.5965334831269211
fine,0.163,0,0.05437861752126931,-0.598459096258914
fine,0.163,0,0.057470105144090414,-0.6073192054525478
fine,0.163,0,0.06061449657015131,-0.591266701859102
fine,0.163,0,0.06393370787121391,-0.6159788205109031
fine,0.163,0,0.06730685307315461,-0.5848905514937481
fine,0.163,0,0.07085822209327951,-0.6216792658231753
fine,0.163,0,0.07446437261667258,-0.5792890631994623
fine,0.163,0,0.07825154784844697,-0.6241048871618464
fine,0.163,0,0.08209416682261332,-0.574331373893681
fine,0.163,0,0.08611999886504683,-0.6234712083319662
fine,0.163,0,0.09020174928492213,-0.5698743236822224
fine,0.163,0,0.0944682811979223,-0.6202926802796658
fine,0.163,0,0.09879101691332523,-0.565687929609004
fine,0.163,0,0.10329947730462935,-0.6150909675200922
fine,0.163,0,0.1078642367474207,-0.5614800487512273
fine,0.163,0,0.11261503561537584,-0.6084404935364407
fine,0.163,0,0.11742203828573358,-0.5570947276333109
fine,0.163,0,0.12241476563199266,-0.6008688187144142
fine,0.163,0,0.12746341135569333,-0.5524400681263653
fine,0.163,0,0.1326968385725192,-0.5928166465843505
fine,0.163,0,0.13798570953173692,-0.5475135513795153
fine,0.163,0,0.14345779355922178,-0.584648104396227
fine,0.163,0,0.14898465908997502,-0.5423852898944492
fine,0.163,0,0.1546925493291101,-0.5766355448826788
fine,0.163,0,0.16045437346912286,-0.5371527283299211
fine,0.163,0,0.16639442142731858,-0.5689648129709768
fine,0.163,0,0.17238737318875433,-0.5319297371593108
fine,0.163,0,0.17855514482519283,-0.5618003264413722
fine,0.163,0,0.18477461115750884,-0.526917569294284
fine,0.163,0,0.19116490188652507,-0.5554069053327257
fine,0.163,0,0.19760550328556956,-0.5225235116445213
fine,0.163,0,0.2042123555873272,-0.5501472709098083
fine,0.163,0,0.2108679642978819,-0.5190774075580225
fine,0.163,0,0.21768468787673415,-0.5457788541518362
fine,0.163,0,0.22454844862689805,-0.5160982690618026
fine,0.163,0,0.23156764304922853,-0.5413934666669231
fine,0.163,0,0.2386319962464872,-0.5127045599816435
fine,0.163,0,0.24584557598143633,-0.5363789709276721
fine,0.163,0,0.25310228329193035,-0.5084429301298514
fine,0.163,0,0.2605015050702721,-0.5303869166915167
fine,0.163,0,0.2679416772947113,-0.5029220347459984
fine,0.163,0,0.27551716969330803,-0.5227760756490714
fine,0.163,0,0.2831312968452078,-0.49536735527913267
fine,0.163,0,0.29087309199693995,-0.5124504828888705
fine,0.163,0,0.29865107548140507,-0.4846495852567656
fine,0.163,0,0.30654864280327837,-0.49840546492092885
fine,0.163,0,0.31447982958745246,-0.4700813317262611
fine,0.163,0,0.3225221114127601,-0.480846469911945
fine,0.163,0,0.33059533007231673,-0.4525721483962073
fine,0.163,0,0.33877077906627495,-0.4616078796746832
fine,0.163,0,0.34697437758597693,-0.4339205847346783
fine,0.163,0,0.35527099581826077,-0.44155518740513977
fine,0.163,0,0.3635928810186982,-0.4146304659658653
fine,0.163,0,0.3719982605606341,-0.42107526618920676
fine,0.163,0,0.3804259390177113,-0.3952100854892855
fine,0.163,0,0.38892730392678143,-0.40083146677300796
fine,0.163,0,0.3974479242455103,-0.37624487180156496
fine,0.163,0,0.40603217379509804,-0.3812151696042221
fine,0.163,0,0.41463257009465093,-0.3579392649251607
fine,0.163,0,0.4232863231027525,-0.36228026175324834
fine,0.163,0,0.43195305956563457,-0.3402500745489332
fine,0.163,0,0.4406626996725435,-0.343900921115984
fine,0.163,0,0.44938211600714745,-0.32300451529313623
fine,0.163,0,0.4581338377489053,-0.3259108098690078
fine,0.163,0,0.46689209541161286,-0.30605298811470627
fine,0.163,0,0.47567195093332976,-0.30824741374410647
fine,0.163,0,0.4844550799537633,-0.28938652087968153
fine,0.163,0,0.4932490262047437,-0.2909554889654826
fine,0.163,0,0.5020429724557239,-0.27302530501764566
fine,0.163,0,0.5108369187067042,-0.2739495392176998
fine,0.163,0,0.519627591458968,-0.2568947642765631
fine,0.163,0,0.528407446980685,-0.25724704903912654
fine,0.163,0,0.5371807665814522,-0.24105165832978992
fine,0.163,0,0.5459324883232103,-0.24087731406748847
fine,0.163,0,0.5546744338372731,-0.22550462684188677
fine,0.163,0,0.5633840739441819,-0.22483007492620866
fine,0.163,0,0.5720807305963099,-0.21024784851410394
fine,0.163,0,0.5807344836044114,-0.20910819679902737
fine,0.163,0,0.5893720898625477,-0.19529017523026426
fine,0.163,0,0.5979563394121354,-0.19372266488427314
fine,0.163,0,0.6065213335520644,-0.18064023283307717
fine,0.163,0,0.6150226984611346,-0.17867882029492899
fine,0.163,0,0.6235017644550632,-0.16630028426074683
fine,0.163,0,0.631907143996999,-0.16398423662579842
fine,0.163,0,0.6402872565707813,-0.15228584686176205
fine,0.163,0,0.6485838748030661,-0.1496799215480784
fine,0.163,0,0.6568523435096065,-0.13863529912806793
fine,0.163,0,0.6650277925035644,-0.13580167076311733
fine,0.163,0,0.6731723046632727,-0.12536022600354757
fine,0.163,0,0.6812145864885767,-0.12238360188762232
fine,0.163,0,0.6892232488515816,-0.11251878200635002
fine,0.163,0,0.697120816173458,-0.10959020205062386
fine,0.163,0,0.7049821951626006,-0.10025287890168477
fine,0.163,0,0.712723990314333,-0.09747784497870882
fine,0.163,0,0.7204271507127622,-0.08852754398406582
fine,0.163,0,0.7280026431113592,-0.08594401948806274
fine,0.163,0,0.7355371850638588,-0.07719869923102451
fine,0.163,0,0.7429364068422006,-0.07486410959975243
fine,0.163,0,0.7502925010449977,-0.06612896063747686
fine,0.163,0,0.757506080779947,-0.06416887508858893
fine,0.163,0,0.7646745017399686,-0.055236468884393375
fine,0.163,0,0.7716936961623004,-0.05384212454014925
fine,0.163,0,0.77866585341332,-0.04447636992766668
fine,0.163,0,0.7854825769921704,-0.04388341552480712
fine,0.163,0,0.7922505441622247,-0.03381520799365201
fine,0.163,0,0.7988573964639829,-0.03430308513161484
fine,0.163,0,0.8054139380957127,-0.023236870149013544
fine,0.163,0,0.8118042288247285,-0.025118895944288955
fine,0.163,0,0.8181428248578669,-0.012718012454555394
fine,0.163,0,0.8243105964943042,-0.01630801999543796
fine,0.163,0,0.830425464327502,-0.0022043803109612625
fine,0.163,0,0.8363655122856994,-0.007850473389405366
fine,0.163,0,0.8422516263430186,0.008328086506923738
fine,0.163,0,0.8479595165821531,0.0002443774325697756
fine,0.163,0,0.8536126253180191,0.018871675900841267
fine,0.163,0,0.8590847093455038,0.00795120596287513
fine,0.163,0,0.8645013496305968,0.029396389886015117
fine,0.163,0,0.8697347768474226,0.015233786216947709
fine,0.163,0,0.8749122856868065,0.03984549045081731
fine,0.163,0,0.8799050130330658,0.022038793740355778
fine,0.163,0,0.8848415365769214,0.05012414045588642
fine,0.163,0,0.8895923354448725,0.028293847230865588
fine,0.163,0,0.894286835261338,0.06009180087655308
fine,0.163,0,0.8987952956526463,0.03391584470325848
fine,0.163,0,0.903247552241551,0.06956994077916434
fine,0.163,0,0.9075140841545509,0.03884062767735952
fine,0.163,0,0.9117246976901094,0.07838878036211372
fine,0.163,0,0.9157505297325431,0.04309273696510152
fine,0.163,0,0.9197209180325848,0.086415180168114
fine,0.163,0,0.9235080932643589,0.04674905971065613
fine,0.163,0,0.9272404869928651,0.09349459480178846
fine,0.163,0,0.9307918560129901,0.04990612693733487
fine,0.163,0,0.9342892911322367,0.09946389822174062
fine,0.163,0,0.9376085024332993,0.052685186229376235
fine,0.163,0,0.9408748099311218,0.10418145408796375
fine,0.163,0,0.9439662975539431,0.05521784764304283
fine,0.163,0,0.9470060904808868,0.10755526114873859
fine,0.163,0,0.9498750590111298,0.057623509305585796
fine,0.163,0,0.9526937168713446,0.10958863993251344
fine,0.163,0,0.955346123828846,0.05999777980600607
fine,0.163,0,0.9579497743775506,0.11043499141457003
fine,0.163,0,0.9603923100579578,0.06241144306083324
fine,0.163,0,0.9627878085670529,0.11042510567754427
fine,0.163,0,0.9650278734039799,0.06491665375842837
fine,0.163,0,0.9672227794659797,0.11002074590275768
fine,0.163,0,0.9692684589902913,0.06755408623435555
fine,0.163,0,0.9712710109390577,0.10969335669598623
fine,0.163,0,0.9731310484199751,0.07035749574079453
fine,0.163,0,0.9749501354547949,0.10979878507248009
fine,0.163,0,0.9766339023154575,0.07335095675310421
fine,0.163,0,0.978279034422817,0.11052181976123443
fine,0.163,0,0.979796498530344,0.07654688053988457
fine,0.163,0,0.9812777743051375,0.1119138190385015
fine,0.163,0,0.9826394662425229,0.07996761267713093
fine,0.163,0,0.9839675387176077,0.11394955066431933
fine,0.163,0,0.9851845161515604,0.08361956019497696
fine,0.163,0,0.9863705567512643,0.11655666647484852
fine,0.163,0,0.9874543670165653,0.08750048684078016
fine,0.163,0,0.9885100277561225,0.11967407182093881
fine,0.163,0,0.9894726687830979,0.09162597317182997
fine,0.163,0,0.9904100428419195,0.12327228516516264
fine,0.163,0,0.9912639225592431,0.09603043174931924
fine,0.163,0,0.9920955033614253,0.12735746328539055
fine,0.163,0,0.9928533977116151,0.10077303941678162
fine,0.163,0,0.9935920366521453,0.13198098659758606
fine,0.163,0,0.9942670463618161,0.10595379400057992
fine,0.163,0,0.9949259093215221,0.13724122965286045
fine,0.163,0,0.9955314155726802,0.11170071625931899
fine,0.163,0,0.9961239383690575,0.14315774613487586
fine,0.163,0,0.9966735575214077,0.11781029791498987
fine,0.163,0,0.9972134004460627,0.14850890516250637
fine,0.163,0,0.997720937963564,0.12029456540121919
fine,0.163,0,0.9982219395601157,0.13948840351948222
fine,0.163,0,0.9987013432976581,0.05693335529138821
fine,0.163,0,0.9991774735364838,0.09806085580222301
fine,0.163,0,0.9996427865447625,-0.1352304798478433
fine,0.163,1,0.00010809955304188912,0.30938824343188276
fine,0.163,1,0.0005734125613205786,0.29907772291636603
fine,0.163,1,0.001041999068315914,0.4420180250234037
fine,0.163,1,0.0015214028058582695,0.36883465973445684
fine,0.163,1,0.0020073424643503343,0.45899416781821045
fine,0.163,1,0.002514879981851865,0.41145364792114425
fine,0.163,1,0.0030321937270485076,0.4798310640317478
fine,0.163,1,0.0035818128793989735,0.43823157534378543
fine,0.163,1,0.004144415486530058,0.4877598306122449
fine,0.163,1,0.004749921737687464,0.4527427595475946
fine,0.163,1,0.00537157473881014,0.486903306554223
fine,0.163,1,0.006046584448481892,0.45921093581916295
fine,0.163,1,0.006740849567812426,0.47948013676337176
fine,0.163,1,0.0074987439180014695,0.4598502396129528
fine,0.163,1,0.008278937183331881,0.4668562540965061
fine,0.163,1,0.009132816900655214,0.45603188218723123
fine,0.163,1,0.010011963586131933,0.4500149647482343
fine,0.163,1,0.010974604613106457,0.44872338562652514
fine,0.163,1,0.011965395165824922,0.42980846702270914
fine,0.163,1,0.013049205431126394,0.43865330791616197
fine,0.163,1,0.014163952530677053,0.4070328141762447
fine,0.163,1,0.015380929964630282,0.426310761399054
fine,0.163,1,0.016631526860883664,0.3823459892779071
fine,0.163,1,0.01799321879826867,0.411862683970593
fine,0.163,1,0.01939109906838691,0.35621729963912985
fine,0.163,1,0.020908563175913837,0.3953367773900601
fine,0.163,1,0.022464662036743823,0.3294049157217468
fine,0.163,1,0.02414842889740618,0.3768775768317634
fine,0.163,1,0.02587314620416597,0.3029280262378211
fine,0.163,1,0.02773318368508353,0.3559082694475396
fine,0.163,1,0.029636348741545724,0.27698625268555976
fine,0.163,1,0.03168202826585568,0.33202634641671125
fine,0.163,1,0.033772866565093665,0.25213574985020415
fine,0.163,1,0.036012931402022295,0.3050702981571628
fine,0.163,1,0.03830003341026273,0.22869945833684446
fine,0.163,1,0.04074256909067007,0.27516740242247306
fine,0.163,1,0.043233861179874204,0.20666936009282055
fine,0.163,1,0.04588626813737569,0.2428853764110962
fine,0.163,1,0.048588985764905404,0.18580711441786135
fine,0.163,1,0.05145795429514865,0.20920744025091687
fine,0.163,1,0.05437861752126953,0.1657446354495573
fine,0.163,1,0.057470105144090636,0.17535380745789975
fine,0.163,1,0.06061449657015154,0.14611356671453435
fine,0.163,1,0.06393370787121419,0.1425394220876266
fine,0.163,1,0.06730685307315483,0.12665246083299764
fine,0.163,1,0.07085822209327956,0.11175446358685015
fine,0.163,1,0.07446437261667258,0.10725596230179668
fine,0.163,1,0.07825154784844697,0.08361493372564521
fine,0.163,1,0.08209416682261332,0.08795021610989628
fine,0.163,1,0.086119998865047,0.058328103069969384
fine,0.163,1,0.09020174928492229,0.06885141112715287
fine,0.163,1,0.09446828119792242,0.03580609114398137
fine,0.163,1,0.09879101691332534,0.05017230643653248
fine,0.163,1,0.10329947730462957,0.015835882613368213
fine,0.163,1,0.10786423674742092,0.032185088807095474
fine,0.163,1,0.11261503561537606,-0.001911434404518797
fine,0.163,1,0.1174220382857338,0.015082717508595134
fine,0.163,1,0.12241476563199288,-0.01779430724214426
fine,0.163,1,0.12746341135569356,-0.0010061086329276048
fine,0.163,1,0.1326968385725192,-0.03215951001978934
fine,0.163,1,0.1379857095317367,-0.01603931626724764
fine,0.163,1,0.14345779355922167,-0.04532790514366458
fine,0.163,1,0.14898465908997502,-0.03005220132538211
fine,0.163,1,0.1546925493291101,-0.057571101048903284
fine,0.163,1,0.16045437346912286,-0.04312460410912555
fine,0.163,1,0.1663944214273187,-0.06910433396033056
fine,0.163,1,0.17238737318875455,-0.05536504482859117
fine,0.163,1,0.17855514482519283,-0.08012036093429153
fine,0.163,1,0.18477461115750884,-0.06694912180619861
fine,0.163,1,0.19116490188652507,-0.09086588299350251
fine,0.163,1,0.19760550328556956,-0.07820018896545222
fine,0.163,1,0.2042123555873272,-0.10164632093084913
fine,0.163,1,0.2108679642978819,-0.08942436075347171
fine,0.163,1,0.21768468787673403,-0.1123731803833039
fine,0.163,1,0.22454844862689782,-0.10040253031254687
fine,0.163,1,0.2315676430492283,-0.122513191671342
fine,0.163,1,0.23863199624648698,-0.11060352893209524
fine,0.163,1,0.24584557598143633,-0.13170677851175228
fine,0.163,1,0.25310228329193035,-0.11974557853902223
fine,0.163,1,0.2605015050702721,-0.13973965702477287
fine,0.163,1,0.2679416772947113,-0.12757594986556087
fine,0.163,1,0.27551716969330803,-0.14617019912348006
fine,0.163,1,0.2831312968452078,-0.1335575540406715
fine,0.163,1,0.29087309199694017,-0.15021043035578097
fine,0.163,1,0.2986510754814053,-0.13685452139373755
fine,0.163,1,0.3065486428032785,-0.1511000326105083
fine,0.163,1,0.31447982958745246,-0.13687941217071553
fine,0.163,1,0.3225221114127601,-0.14891280471564317
fine,0.163,1,0.33059533007231673,-0.13417484381228517
fine,0.163,1,0.33877077906627495,-0.14490363749333013
fine,0.163,1,0.34697437758597693,-0.13000692352842602
fine,0.163,1,0.35527099581826077,-0.13965532373081402
fine,0.163,1,0.3635928810186982,-0.12474383507707842
fine,0.163,1,0.3719982605606341,-0.13344994106418184
fine,0.163,1,0.3804259390177113,-0.11877435924049284
fine,0.163,1,0.38892730392678143,-0.1268036371652168
fine,0.163,1,0.3974479242455103,-0.11257008421273906
fine,0.163,1,0.40603217379509804,-0.12004821910515129
fine,0.163,1,0.41463257009465093,-0.1063324860230428
fine,0.163,1,0.4232863231027525,-0.11327191960819283
fine,0.163,1,0.43195305956563457,-0.10007730603906029
fine,0.163,1,0.4406626996725435,-0.10642623113954763
fine,0.163,1,0.44938211600714745,-0.09371423773328535
fine,0.163,1,0.4581338377489053,-0.09942540295504276
fine,0.163,1,0.46689209541161286,-0.08716142709618047
fine,0.163,1,0.47567195093332976,-0.0922566962493312
fine,0.163,1,0.4844550799537632,-0.08044105421911607
fine,0.163,1,0.4932490262047437,-0.08498576544960201
fine,0.163,1,0.5020429724557242,-0.07359685591442089
fine,0.163,1,0.5108369187067042,-0.077570700271413
fine,0.163,1,0.5196275914589678,-0.06659248281901764
fine,0.163,1,0.5284074469806849,-0.07004920604134424
fine,0.163,1,0.5371807665814522,-0.05949427597723411
fine,0.163,1,0.5459324883232103,-0.06246587780305091
fine,0.163,1,0.5546744338372731,-0.05232870561756253
fine,0.163,1,0.5633840739441817,-0.05483184797179419
fine,0.163,1,0.5720807305963096,-0.04510827747161894
fine,0.163,1,0.5807344836044113,-0.047167242954983424
fine,0.163,1,0.5893720898625479,-0.03785573369057893
fine,0.163,1,0.5979563394121354,-0.03949770267369268
fine,0.163,1,0.6065213335520644,-0.030592423389827816
fine,0.163,1,0.6150226984611346,-0.031842725778221004
fine,0.163,1,0.6235017644550632,-0.023332697574107497
fine,0.163,1,0.631907143996999,-0.024222640741771828
fine,0.163,1,0.6402872565707816,-0.016100880320313538
fine,0.163,1,0.6485838748030661,-0.016685342165798867
fine,0.163,1,0.656852343509607,-0.008940050950884126
fine,0.163,1,0.6650277925035646,-0.009274325589190946
fine,0.163,1,0.6731723046632738,-0.0018701575543802473
fine,0.163,1,0.6812145864885828,-0.002031811731744826
fine,0.163,1,0.6892232488515903,0.005049224603240421
fine,0.163,1,0.6971208161734618,0.00488719471544552
fine,0.163,1,0.7049821951626011,0.011684390527187949
fine,0.163,1,0.7127239903143332,0.011418541653357095
fine,0.163,1,0.7204271507127626,0.01805297179792764
fine,0.163,1,0.7280026431113596,0.017635246651797498
fine,0.163,1,0.7355371850638592,0.02426982634057895
fine,0.163,1,0.7429364068422009,0.02363237587918121
fine,0.163,1,0.7502925010449977,0.030448040555338896
fine,0.163,1,0.757506080779947,0.029458968874681912
fine,0.163,1,0.7646745017399686,0.036654553380418786
fine,0.163,1,0.7716936961622995,0.035119452893185854
fine,0.163,1,0.7786658534133182,0.042925475440522054
fine,0.163,1,0.7854825769921682,0.04060484827483879
fine,0.163,1,0.7922505441622221,0.049287121729527095
fine,0.163,1,0.7988573964639815,0.045897111613433905
fine,0.163,1,0.8054139380957123,0.05575082637081996
fine,0.163,1,0.8118042288247285,0.050971696768713715
fine,0.163,1,0.8181428248578665,0.06233419261106632
fine,0.163,1,0.8243105964943024,0.055840228743825104
fine,0.163,1,0.8304254643274995,0.06908223692331839
fine,0.163,1,0.8363655122856983,0.06051268557878364
fine,0.163,1,0.8422516263430186,0.0760125572138235
fine,0.163,1,0.8479595165821531,0.06497288054563066
fine,0.163,1,0.8536126253180193,0.08311272823097393
fine,0.163,1,0.8590847093455045,0.06918998409244603
fine,0.163,1,0.8645013496305974,0.0903481707841598
fine,0.163,1,0.8697347768474228,0.07312275387858036
fine,0.163,1,0.8749122856868065,0.09765739859719436
fine,0.163,1,0.8799050130330658,0.0767140113028687
fine,0.163,1,0.8848415365769214,0.10494126812167115
fine,0.163,1,0.8895923354448732,0.07988855945583473
fine,0.163,1,0.8942868352613389,0.11205553082528052
fine,0.163,1,0.8987952956526463,0.08256115950332754
fine,0.163,1,0.9032475522415503,0.11881848615368151
fine,0.163,1,0.9075140841545507,0.0846643637231681
fine,0.163,1,0.9117246976901094,0.12505527338268885
fine,0.163,1,0.9157505297325431,0.08621418596668273
fine,0.163,1,0.9197209180325848,0.13062389490421678
fine,0.163,1,0.9235080932643589,0.08727882808205478
fine,0.163,1,0.9272404869928651,0.13536292980473963
fine,0.163,1,0.9307918560129901,0.0879482547558057
fine,0.163,1,0.9342892911322367,0.13910462085445952
fine,0.163,1,0.9376085024332993,0.08833789949797566
fine,0.163,1,0.9408748099311223,0.14170373053591911
fine,0.163,1,0.9439662975539433,0.08857486851505891
fine,0.163,1,0.9470060904808868,0.1430656472322328
fine,0.163,1,0.9498750590111298,0.08877567634987882
fine,0.163,1,0.9526937168713446,0.1431908575967693
fine,0.163,1,0.955346123828846,0.08903455428363538
fine,0.163,1,0.9579497743775506,0.14222869516594416
fine,0.163,1,0.9603923100579578,0.0894223738315778
fine,0.163,1,0.9627878085670538,0.14050383502508668
fine,0.163,1,0.9650278734039849,0.08999221795635648
fine,0.163,1,0.9672227794659868,0.13847030943359107
fine,0.163,1,0.9692684589902945,0.09078633160364402
fine,0.163,1,0.9712710109390581,0.13659208544692392
fine,0.163,1,0.9731310484199756,0.09183999057477621
fine,0.163,1,0.9749501354547954,0.1352196738976128
fine,0.163,1,0.976633902315458,0.09317920460763773
fine,0.163,1,0.9782790344228175,0.1345357039667162
fine,0.163,1,0.9797964985303442,0.09481792619307217
fine,0.163,1,0.9812777743051375,0.13459122077204544
fine,0.163,1,0.9826394662425231,0.09677890918768339
fine,0.163,1,0.9839675387176081,0.13536064679818394
fine,0.163,1,0.9851845161515609,0.09906998300809933
fine,0.163,1,0.9863705567512647,0.13677197429945953
fine,0.163,1,0.9874543670165653,0.10168986611479747
fine,0.163,1,0.9885100277561223,0.13876297787139513
fine,0.163,1,0.9894726687830979,0.1046544141056237
fine,0.163,1,0.9904100428419199,0.14130179188373282
fine,0.163,1,0.9912639225592433,0.10800005237205268
fine,0.163,1,0.9920955033614253,0.14439214322699234
fine,0.163,1,0.9928533977116151,0.11178826435014311
fine,0.163,1,0.9935920366521453,0.14808613894728218
fine,0.163,1,0.9942670463618165,0.11612419111766648
fine,0.163,1,0.9949259093215224,0.1524965278090199
fine,0.163,1,0.99553141557268,0.12113579307083022
fine,0.163,1,0.9961239383690567,0.15769836023307116
fine,0.163,1,0.9966735575214073,0.12658020014406046
fine,0.163,1,0.9972134004460629,0.16265843063996233
fine,0.163,1,0.9977209379635644,0.12829621892216458
fine,0.163,1,0.9982219395601162,0.153753965091875
fine,0.163,1,0.9987013432976581,0.0642164966123705
fine,0.163,1,0.9991774735364838,0.11054617401803157
fine,0.163,1,0.9996427865447625,-0.1352304798478433
coarse,0.245,0,0.0003279404297042116,-0.030109616054052157
coarse,0.245,0,0.0013963571837179109,-0.2247974346666186
coarse,0.245,0,0.00251386943155844,-0.42880683269986086
coarse,0.245,0,0.003742237333402566,-0.45985982425657723
coarse,0.245,0,0.005067956185388659,-0.5949141887290297
coarse,0.245,0,0.006613489574406038,-0.5957223420635442
coarse,0.245,0,0.00830296366813337,-0.6359282456281712
coarse,0.245,0,0.01031745009424721,-0.6361572827801056
coarse,0.245,0,0.01252000411427396,-0.6584830075114727
coarse,0.245,0,0.015147207210927353,-0.6509577069768775
coarse,0.245,0,0.01800338690202103,-0.6661030784603135
coarse,0.245,0,0.021376586550541067,-0.6492022372488195
coarse,0.245,0,0.02501575394101469,-0.6617921601738979
coarse,0.245,0,0.02925546581490119,-0.6347460719192186
coarse,0.245,0,0.033793585796449366,-0.6471610293562284
coarse,0.245,0,0.03900549930478196,-0.6120862365287321
coarse,0.245,0,0.04454315544102777,-0.6278513797523935
coarse,0.245,0,0.05081632535337576,-0.5873063144335362
coarse,0.245,0,0.05743699886721204,-0.6081523953407537
coarse,0.245,0,0.06484232156183611,-0.56474936026882
coarse,0.245,0,0.07261096294855608,-0.5888200430637531
coarse,0.245,0,0.08119996335572009,-0.5465101897311535
coarse,0.245,0,0.09016188106203478,-0.5687186698135749
coarse,0.245,0,0.09996583105816391,-0.5342479106707214
coarse,0.245,0,0.11014591624211774,-0.5478716532128081
coarse,0.245,0,0.12117529957932173,-0.5277914917991886
coarse,0.245,0,0.1325776002156764,-0.5270281593994453
coarse,0.245,0,0.1448219331418456,-0.5241753296616063
coarse,0.245,0,0.15742958476011049,-0.5073874714176521
coarse,0.245,0,0.17085759539881976,-0.5202989573881116
coarse,0.245,0,0.1846331096390174,-0.4907625602890133
coarse,0.245,0,0.19919327306000276,-0.515558872529587
coarse,0.245,0,0.21407917910890142,-0.4786151584391787
coarse,0.245,0,0.2297005989339023,-0.5094717052370117
coarse,0.245,0,0.2456204268665646,-0.4683934658468667
coarse,0.245,0,0.26221404832601164,-0.49783756590855677
coarse,0.245,0,0.2790736375274121,-0.452831894792703
coarse,0.245,0,0.2965337712122244,-0.4743454739058721
coarse,0.245,0,0.31422288149147776,-0.42498102847705477
coarse,0.245,0,0.33242901172815936,-0.43635933223609635
coarse,0.245,0,0.3508232095587531,-0.3858825033189739
coarse,0.245,0,0.3696420564659716,-0.3913269408912221
coarse,0.245,0,0.38860484407790014,-0.34409308166491104
coarse,0.245,0,0.40789264402221576,-0.34699181830583625
coarse,0.245,0,0.4272777949166735,-0.30423846338529503
coarse,0.245,0,0.44688276034816315,-0.30577368795027393
coarse,0.245,0,0.4665368212734792,-0.26693321588168506
coarse,0.245,0,0.48630173785279884,-0.26715045623206146
coarse,0.245,0,0.5060666544321185,-0.23141680722421176
coarse,0.245,0,0.5258315710114378,-0.2306039664097408
coarse,0.245,0,0.5455473920969307,-0.19743688707226692
coarse,0.245,0,0.5651523575284207,-0.1961242573974078
coarse,0.245,0,0.5846599720097686,-0.16496692057024553
coarse,0.245,0,0.6039477719540836,-0.16376457529890276
coarse,0.245,0,0.6230916311936892,-0.13402020398942938
coarse,0.245,0,0.6419104781009078,-0.13363396045467124
coarse,0.245,0,0.660541257414214,-0.10477157796770076
coarse,0.245,0,0.6787473876508934,-0.106070663496733
coarse,0.245,0,0.696724541293133,-0.07775284770643487
coarse,0.245,0,0.7141846749779475,-0.0816983854810589
coarse,0.245,0,0.7313788409208076,-0.053357691856765976
coarse,0.245,0,0.7479724623802544,-0.060406310932783036
coarse,0.245,0,0.7642676757320398,-0.03119560164498636
coarse,0.245,0,0.7798890955570406,-0.04155914295812657
coarse,0.245,0,0.7951847727541281,-0.011023679713860313
coarse,0.245,0,0.8097449361751148,-0.024779390015457592
coarse,0.245,0,0.8239575959946123,0.007012975624190121
coarse,0.245,0,0.83738560663332,-0.00971214248774932
coarse,0.245,0,0.8504502985799325,0.022777389698557693
coarse,0.245,0,0.8626946315061021,0.00409458747515945
coarse,0.245,0,0.87456604713312,0.03616202972464544
coarse,0.245,0,0.8855954304703202,0.01695564735727484
coarse,0.245,0,0.8962486786196981,0.04724636059193643
coarse,0.245,0,0.906052628615831,0.028958006561157767
coarse,0.245,0,0.9154836613128123,0.056659169252496144
coarse,0.245,0,0.9240726617199769,0.04026500207209416
coarse,0.245,0,0.9322983434350456,0.06547842106402801
coarse,0.245,0,0.9397036661296697,0.051182663708886245
coarse,0.245,0,0.946761485222805,0.0744830622809064
coarse,0.245,0,0.9530346551351531,0.06193007486448798
coarse,0.245,0,0.9589820824195878,0.08390190501951611
coarse,0.245,0,0.9641939959279202,0.07258749805280718
coarse,0.245,0,0.9691075013285909,0.09367250360755808
coarse,0.245,0,0.9733472132024774,0.08313378255453252
coarse,0.245,0,0.9773209573344107,0.10361894183830955
coarse,0.245,0,0.980694156982933,0.093418790563354
coarse,0.245,0,0.9838383800370135,0.11347943565138119
coarse,0.245,0,0.9864655831336642,0.10307422025842417
coarse,0.245,0,0.9889047186364033,0.12276569292536588
coarse,0.245,0,0.990919205062518,0.11105125350732747
coarse,0.245,0,0.9927897507839227,0.129721020962843
coarse,0.245,0,0.9943352841729404,0.1121744609005616
coarse,0.245,0,0.9957834666118158,0.11954733102859683
coarse,0.245,0,0.9970118345136595,0.03920951872084277
coarse,0.245,0,0.9981911069216763,0.07948049689898518
coarse,0.245,0,0.99925952367569,-0.15584476535183756
coarse,0.245,1,0.0003279404297042116,0.27992051044345956
coarse,0.245,1,0.0013963571837179109,0.37131435681736435
coarse,0.245,1,0.00251386943155844,0.44720576544234325
coarse,0.245,1,0.0037422373334026777,0.4299246520129759
coarse,0.245,1,0.0050679561853888815,0.46777490913116504
coarse,0.245,1,0.006613489574406261,0.449334282242944
coarse,0.245,1,0.00830296366813337,0.45387289308900236
coarse,0.245,1,0.01031745009424732,0.4330640175767081
coarse,0.245,1,0.01252000411427407,0.4170785239498711
coarse,0.245,1,0.015147207210927353,0.3976090477617169
coarse,0.245,1,0.018003386902020805,0.36761685403435873
coarse,0.245,1,0.021376586550541067,0.352204914031346
coarse,0.245,1,0.025015753941014914,0.31261931759956574
coarse,0.245,1,0.02925546581490141,0.3036801445496403
coarse,0.245,1,0.03379358579644948,0.2576127784944324
coarse,0.245,1,0.03900549930478196,0.25664558657103786
coarse,0.245,1,0.04454315544102777,0.20538762772368768
coarse,0.245,1,0.05081632535337565,0.21304250069593178
coarse,0.245,1,0.05743699886721193,0.15692102614514725
coarse,0.245,1,0.06484232156183611,0.1726932765896615
coarse,0.245,1,0.07261096294855608,0.11291286206242901
coarse,0.245,1,0.08119996335572009,0.13411093661433893
coarse,0.245,1,0.09016188106203478,0.07426724063903689
coarse,0.245,1,0.09996583105816413,0.09502783835002016
coarse,0.245,1,0.11014591624211796,0.041162523526937944
coarse,0.245,1,0.12117529957932195,0.0545104548480817
coarse,0.245,1,0.13257760021567663,0.013031922093003745
coarse,0.245,1,0.14482193314184583,0.01433658959606543
coarse,0.245,1,0.1574295847601107,-0.01134799279429699
coarse,0.245,1,0.17085759539881987,-0.02287311612184073
coarse,0.245,1,0.1846331096390174,-0.033834930879373726
coarse,0.245,1,0.19919327306000276,-0.056124017432342965
coarse,0.245,1,0.21407917910890142,-0.056205422178399855
coarse,0.245,1,0.22970059893390218,-0.08504760190701877
coarse,0.245,1,0.24562042686656482,-0.07758522892059538
coarse,0.245,1,0.26221404832601164,-0.10716796776369852
coarse,0.245,1,0.2790736375274121,-0.09341193064633613
coarse,0.245,1,0.2965337712122243,-0.1183015109717358
coarse,0.245,1,0.31422288149147753,-0.09848428099590767
coarse,0.245,1,0.33242901172815936,-0.11624951873389278
coarse,0.245,1,0.3508232095587531,-0.09271043840188886
coarse,0.245,1,0.3696420564659717,-0.10579900080352211
coarse,0.245,1,0.38860484407790025,-0.08182865854086474
coarse,0.245,1,0.407892644022216,-0.09255514518447505
coarse,0.245,1,0.4272777949166737,-0.06947665307886997
coarse,0.245,1,0.44688276034816315,-0.07872824915192966
coarse,0.245,1,0.4665368212734792,-0.056558226488771846
coarse,0.245,1,0.48630173785279907,-0.06440654982184602
coarse,0.245,1,0.5060666544321185,-0.04287368352513754
coarse,0.245,1,0.5258315710114378,-0.049587416805318085
coarse,0.245,1,0.5455473920969309,-0.028513714664307077
coarse,0.245,1,0.5651523575284216,-0.03457841851355714
coarse,0.245,1,0.5846599720097695,-0.01369330089434273
coarse,0.245,1,0.603947771954084,-0.019686689834268467
coarse,0.245,1,0.6230916311936892,0.001372363176010194
coarse,0.245,1,0.6419104781009083,-0.005229655702234215
coarse,0.245,1,0.6605412574142144,0.01635451547431388
coarse,0.245,1,0.6787473876508947,0.008307107702779981
coarse,0.245,1,0.6967245412931345,0.030628456665803494
coarse,0.245,1,0.7141846749779479,0.020202958346146382
coarse,0.245,1,0.7313788409208076,0.043680332956928525
coarse,0.245,1,0.7479724623802544,0.030356565616701747
coarse,0.245,1,0.7642676757320394,0.0556702938650836
coarse,0.245,1,0.7798890955570386,0.03915648878505584
coarse,0.245,1,0.7951847727541256,0.06665865403634197
coarse,0.245,1,0.8097449361751135,0.046822644193572405
coarse,0.245,1,0.8239575959946116,0.07639081435466843
coarse,0.245,1,0.8373856066333204,0.05358963919989557
coarse,0.245,1,0.8504502985799334,0.08463372144831072
coarse,0.245,1,0.8626946315061026,0.05980622623306264
coarse,0.245,1,0.8745660471331203,0.09120505703659254
coarse,0.245,1,0.8855954304703206,0.065719921801629
coarse,0.245,1,0.896248678619699,0.09613124629445757
coarse,0.245,1,0.9060526286158315,0.07138241111431798
coarse,0.245,1,0.9154836613128123,0.09998499590841337
coarse,0.245,1,0.9240726617199767,0.0769163291049848
coarse,0.245,1,0.9322983434350451,0.10377075863441632
coarse,0.245,1,0.9397036661296693,0.08258480817268443
coarse,0.245,1,0.946761485222805,0.1082126492353912
coarse,0.245,1,0.9530346551351531,0.08858150173515755
coarse,0.245,1,0.9589820824195878,0.1135164081551101
coarse,0.245,1,0.9641939959279202,0.09497308391014114
coarse,0.245,1,0.9691075013285909,0.11960989531686439
coarse,0.245,1,0.9733472132024774,0.1017285424487453
coarse,0.245,1,0.9773209573344092,0.12630606396929622
coarse,0.245,1,0.9806941569829254,0.10868873001733381
coarse,0.245,1,0.9838383800370037,0.1333213002777225
coarse,0.245,1,0.9864655831336597,0.11547401645417465
coarse,0.245,1,0.9889047186364024,0.14013430118311898
coarse,0.245,1,0.9909192050625177,0.12101745036973155
coarse,0.245,1,0.9927897507839227,0.1449863620561782
coarse,0.245,1,0.9943352841729404,0.12009996714849991
coarse,0.245,1,0.9957834666118158,0.13314099144437808
coarse,0.245,1,0.9970118345136595,0.045682681394374924
coarse,0.245,1,0.9981911069216763,0.09044242787490364
coarse,0.245,1,0.99925952367569,-0.15584476535183756
medium,0.245,0,0.00031302556495614597,-0.010974206160414335
medium,0.245,0,0.0010153997346895572,-0.14460155993200208
medium,0.245,0,0.0017389457659386077,-0.3658616951032885
medium,0.245,0,0.002488825859527716,-0.36080696988171646
medium,0.245,0,0.0032808885454979507,-0.5206444701249178
medium,0.245,0,0.004125418938033145,-0.4989454848571466
medium,0.245,0,0.005032821618815901,-0.574496664289817
medium,0.245,0,0.006018426339460443,-0.5551963327507561
medium,0.245,0,0.007087114548142882,-0.6133214731046186
medium,0.245,0,0.00825914396524119,-0.5912832193151938
medium,0.245,0,0.009533835754655825,-0.6417201483776738
medium,0.245,0,0.010936221432044195,-0.6137531523166828
medium,0.245,0,0.012460067043386622,-0.6609628095248816
medium,0.245,0,0.01413498739467222,-0.6252842028260397
medium,0.245,0,0.01594924085810979,-0.6719756608060097
medium,0.245,0,0.01793680014346407,-0.6286848114019075
medium,0.245,0,0.02008050531005496,-0.677004579261693
medium,0.245,0,0.022418428418588512,-0.6260220011129904
medium,0.245,0,0.0249281218130034,-0.6761821378285751
medium,0.245,0,0.02765146715357658,-0.617326470219042
medium,0.245,0,0.030560899909082232,-0.6695683497803946
medium,0.245,0,0.033701792594644356,-0.6047528966722009
medium,0.245,0,0.03704167358660004,-0.6595394237645946
medium,0.245,0,0.04062906094268372,-0.5908620879373707
medium,0.245,0,0.04442682307545796,-0.6473869574921456
medium,0.245,0,0.04848625433355224,-0.578433041651061
medium,0.245,0,0.0527658457595555,-0.6346229422149052
medium,0.245,0,0.05731927761202693,-0.5699043261744463
medium,0.245,0,0.062100979471811736,-0.6215776988462858
medium,0.245,0,0.0671666089682182,-0.5660206336700895
medium,0.245,0,0.07246688103875366,-0.6076868657046446
medium,0.245,0,0.0780590070953091,-0.5658042188224364
medium,0.245,0,0.08389036252113904,-0.5926245636040726
medium,0.245,0,0.09001927709732763,-0.5674386669647262
medium,0.245,0,0.09639018715798518,-0.5769038858712974
medium,0.245,0,0.10306209692853441,-0.5689736753938226
medium,0.245,0,0.10997692656698974,-0.5613940714659615
medium,0.245,0,0.11719390568532918,-0.568872208403773
medium,0.245,0,0.12465288028813772,-0.5469087044339154
medium,0.245,0,0.13241285460083824,-0.5663720612644287
medium,0.245,0,0.14041205828281306,-0.5339782323791897
medium,0.245,0,0.1487088211151463,-0.5614221799716406
medium,0.245,0,0.15724022652160877,-0.5227281948283142
medium,0.245,0,0.16606348591409084,-0.5544365504725661
medium,0.245,0,0.17511501531388687,-0.5130177747898192
medium,0.245,0,0.18445047235030457,-0.5462033910593156
medium,0.245,0,0.19400608955463122,-0.5049623481969379
medium,0.245,0,0.20383554718542582,-0.5380259374583192
medium,0.245,0,0.21387537959291097,-0.49877601522331183
medium,0.245,0,0.22417688112571632,-0.5302263081485084
medium,0.245,0,0.23467737096491495,-0.49318083175028127
medium,0.245,0,0.24542536716824173,-0.5212633569293255
medium,0.245,0,0.25635945078650096,-0.4859961064110332
medium,0.245,0,0.2675249943348169,-0.509641220986077
medium,0.245,0,0.27886230816901375,-0.4753677746695961
medium,0.245,0,0.2904132739493686,-0.49327766765407954
medium,0.245,0,0.30212038561096044,-0.458490628183269
medium,0.245,0,0.3140217152144955,-0.46975533374506684
medium,0.245,0,0.32606237793018267,-0.43426581059036184
medium,0.245,0,0.33827634646778665,-0.44066805870916825
medium,0.245,0,0.35061177493934376,-0.4058219668375749
medium,0.245,0,0.36309827815084317,-0.40960446994941546
medium,0.245,0,0.37568744373465934,-0.3763169360381673
medium,0.245,0,0.3884043032064499,-0.37878006568493783
medium,0.245,0,0.4012042461662782,-0.34752052279567636
medium,0.245,0,0.4141075303345223,-0.34941422194757266
medium,0.245,0,0.42707368679101454,-0.3203425728594287
medium,0.245,0,0.4401180452873686,-0.32167144933416236
medium,0.245,0,0.45320458637610317,-0.2945555222583296
medium,0.245,0,0.4663435951714028,-0.29509247424273033
medium,0.245,0,0.47950377582821796,-0.26972477257497207
medium,0.245,0,0.4926902905473737,-0.2694685778285
medium,0.245,0,0.5058768052665289,-0.2456889128945965
medium,0.245,0,0.5190633199856844,-0.24471703990593618
medium,0.245,0,0.5322286628433245,-0.22234337449179264
medium,0.245,0,0.5453676716386242,-0.22085496145148564
medium,0.245,0,0.5584644978415435,-0.19969644072440063
medium,0.245,0,0.5715088563378977,-0.19789319061982846
medium,0.245,0,0.5844903425460036,-0.17771913355283075
medium,0.245,0,0.5973936267142473,-0.17582861170306452
medium,0.245,0,0.6102138273944533,-0.15639287555633596
medium,0.245,0,0.6229306868662439,-0.1546701264808732
medium,0.245,0,0.635544883965718,-0.13570899427803496
medium,0.245,0,0.6480313871772178,-0.1344698649553342
medium,0.245,0,0.6603964304547644,-0.1157001120689336
medium,0.245,0,0.6726103989923685,-0.11533647565214045
medium,0.245,0,0.6846850344178205,-0.09649407732629967
medium,0.245,0,0.6965863640213547,-0.09751346172110242
medium,0.245,0,0.7083315477436524,-0.07833233279272456
medium,0.245,0,0.7198825135240075,-0.0812056159307204
medium,0.245,0,0.7312617090184813,-0.06122779299827652
medium,0.245,0,0.7424272525667972,-0.06621794908807477
medium,0.245,0,0.7534067087001833,-0.04486624726954114
medium,0.245,0,0.7641547049035166,-0.052282343089184335
medium,0.245,0,0.7747037128004505,-0.02906746224675416
medium,0.245,0,0.7850052143332489,-0.03932867045777888
medium,0.245,0,0.7950963410893599,-0.013845382575549348
medium,0.245,0,0.8049257987201547,-0.027396294211575523
medium,0.245,0,0.8145350961830401,0.0007028866515295107
medium,0.245,0,0.8238705532194569,-0.016502179240464487
medium,0.245,0,0.8329777402485609,0.014483716715167017
medium,0.245,0,0.8418009996410436,-0.006578268554370714
medium,0.245,0,0.8503896164593974,0.027387887483974915
medium,0.245,0,0.8586863792917313,0.0024624966968050943
medium,0.245,0,0.8667439127547905,0.0392262815055997
medium,0.245,0,0.8745038870674909,0.01072478459414039
medium,0.245,0,0.8820218658957204,0.049766010932272176
medium,0.245,0,0.8892388450140563,0.018327516306210212
medium,0.245,0,0.8962129042644892,0.058742452012269575
medium,0.245,0,0.9028848140350422,0.02535869513111244
medium,0.245,0,0.9093147283211248,0.06596397002405752
medium,0.245,0,0.9154436428973136,0.03193417356183237
medium,0.245,0,0.921333328104228,0.07152086019391424
medium,0.245,0,0.9269254541607835,0.03824831057153766
medium,0.245,0,0.9322829376432098,0.07583503837664474
medium,0.245,0,0.9373485671396159,0.044459635920330975
medium,0.245,0,0.9421859266287088,0.07952428181845372
medium,0.245,0,0.9467393584811804,0.050667470842532314
medium,0.245,0,0.9510726301657431,0.08321539859724059
medium,0.245,0,0.9551320614238369,0.056944609140162306
medium,0.245,0,0.9589811179052409,0.0873276851016519
medium,0.245,0,0.9625685052613253,0.06334111108815321
medium,0.245,0,0.9659569043110156,0.09202583564789457
medium,0.245,0,0.9690977969965773,0.0698878505905749
medium,0.245,0,0.9720526022672065,0.09730689391545866
medium,0.245,0,0.9747759476077794,0.07659974173898043
medium,0.245,0,0.9773275226624712,0.10309022729015249
medium,0.245,0,0.979665445771005,0.08346314863196302
medium,0.245,0,0.9818472229983037,0.1092828387560062
medium,0.245,0,0.9838347822836617,0.09046431682960343
medium,0.245,0,0.9856830084568641,0.11581240688458672
medium,0.245,0,0.9873579288081454,0.09756884955372491
medium,0.245,0,0.9889113892254751,0.12262427429360379
medium,0.245,0,0.9903137749028641,0.1047438516812833
medium,0.245,0,0.991613498207937,0.12971675561731977
medium,0.245,0,0.9927855276250362,0.11194327765703616
medium,0.245,0,0.9938744735540966,0.13700330707755481
medium,0.245,0,0.9948600782747408,0.11872596528207058
medium,0.245,0,0.9957828107071374,0.14318469447124416
medium,0.245,0,0.9966273410996724,0.12081247125688432
medium,0.245,0,0.9974296888998265,0.13374642908750856
medium,0.245,0,0.9981795689934159,0.053649157579700124
medium,0.245,0,0.9989082772254894,0.09040610825502604
medium,0.245,0,0.9996106513952225,-0.1435421233840315
medium,0.245,1,0.00031302556495614597,0.2713242172106458
medium,0.245,1,0.0010153997346895572,0.32170837827488974
medium,0.245,1,0.0017389457659386077,0.4297888218506023
medium,0.245,1,0.002488825859527716,0.38933990662344653
medium,0.245,1,0.0032808885454979507,0.46068303553149603
medium,0.245,1,0.004125418938033257,0.4307142949595961
medium,0.245,1,0.005032821618816124,0.4758465059336402
medium,0.245,1,0.006018426339460554,0.4465235142278201
medium,0.245,1,0.007087114548142882,0.4719403223432379
medium,0.245,1,0.00825914396524119,0.44550210280864755
medium,0.245,1,0.009533835754655825,0.45533593120085847
medium,0.245,1,0.010936221432044419,0.4333074450632626
medium,0.245,1,0.012460067043386844,0.42971977928809657
medium,0.245,1,0.014134987394672442,0.41342390677926943
medium,0.245,1,0.015949240858109903,0.39787420211803903
medium,0.245,1,0.01793680014346396,0.3884350876085413
medium,0.245,1,0.020080505310054734,0.36194974272284997
medium,0.245,1,0.022418428418588512,0.36047104690347764
medium,0.245,1,0.024928121813003624,0.3239507342772492
medium,0.245,1,0.02765146715357658,0.3314657402290373
medium,0.245,1,0.030560899909082232,0.285713839441626
medium,0.245,1,0.033701792594644356,0.3025475784604478
medium,0.245,1,0.03704167358660004,0.24824845730769185
medium,0.245,1,0.04062906094268372,0.274094591865656
medium,0.245,1,0.04442682307545796,0.21234486115405593
medium,0.245,1,0.04848625433355224,0.2455449936817774
medium,0.245,1,0.05276584575955561,0.17832117162546857
medium,0.245,1,0.05731927761202704,0.21570332153952854
medium,0.245,1,0.06210097947181185,0.14652164497685516
medium,0.245,1,0.0671666089682182,0.18358374608173056
medium,0.245,1,0.07246688103875366,0.11742614221724323
medium,0.245,1,0.0780590070953091,0.14914614963894812
medium,0.245,1,0.08389036252113904,0.0913193050120088
medium,0.245,1,0.09001927709732752,0.11340436128445897
medium,0.245,1,0.09639018715798507,0.06797203768847815
medium,0.245,1,0.10306209692853463,0.07801582288234621
medium,0.245,1,0.10997692656698985,0.04678945513340749
medium,0.245,1,0.11719390568532918,0.04460893015145362
medium,0.245,1,0.12465288028813772,0.02705966997213438
medium,0.245,1,0.13241285460083801,0.014265210563917496
medium,0.245,1,0.14041205828281295,0.008183732965759805
medium,0.245,1,0.14870882111514652,-0.012585545804154386
medium,0.245,1,0.157240226521609,-0.010154317867939966
medium,0.245,1,0.16606348591409129,-0.036026618609842576
medium,0.245,1,0.1751150153138871,-0.02801704329604826
medium,0.245,1,0.18445047235030457,-0.056547957548395145
medium,0.245,1,0.1940060895546311,-0.04554628366628921
medium,0.245,1,0.20383554718542582,-0.07508491224014513
medium,0.245,1,0.21387537959291097,-0.06297280646800996
medium,0.245,1,0.22417688112571632,-0.09206522912598869
medium,0.245,1,0.23467737096491495,-0.07963044859463952
medium,0.245,1,0.24542536716824173,-0.10674426850967422
medium,0.245,1,0.25635945078650096,-0.09417437338411894
medium,0.245,1,0.2675249943348169,-0.11829582106821834
medium,0.245,1,0.27886230816901375,-0.10535013147836425
medium,0.245,1,0.2904132739493686,-0.12535718943697605
medium,0.245,1,0.30212038561096055,-0.11112445230387569
medium,0.245,1,0.3140217152144956,-0.12618433427501063
medium,0.245,1,0.32606237793018256,-0.11044525389549964
medium,0.245,1,0.33827634646778676,-0.12169550251821581
medium,0.245,1,0.35061177493934387,-0.10525956929608138
medium,0.245,1,0.3630982781508434,-0.11428442295297425
medium,0.245,1,0.37568744373465957,-0.09777756950377903
medium,0.245,1,0.3884043032064499,-0.10554218264477133
medium,0.245,1,0.4012042461662782,-0.0893776613905628
medium,0.245,1,0.4141075303345225,-0.0964582422758582
medium,0.245,1,0.42707368679101476,-0.0808865662310867
medium,0.245,1,0.4401180452873686,-0.08729744986081256
medium,0.245,1,0.45320458637610317,-0.0722907581868939
medium,0.245,1,0.4663435951714028,-0.07786107408595822
medium,0.245,1,0.4795037758282182,-0.06338306256433213
medium,0.245,1,0.4926902905473739,-0.06811691605288961
medium,0.245,1,0.5058768052665293,-0.05413697082342006
medium,0.245,1,0.5190633199856844,-0.058108190527176085
medium,0.245,1,0.5322286628433245,-0.0445539012176166
medium,0.245,1,0.5453676716386242,-0.047941585787601104
medium,0.245,1,0.5584644978415437,-0.03471424134283141
medium,0.245,1,0.5715088563378986,-0.037707987831410605
medium,0.245,1,0.5844903425460047,-0.024661252353364027
medium,0.245,1,0.5973936267142478,-0.02747891921318124
medium,0.245,1,0.6102138273944533,-0.014439179453983098
medium,0.245,1,0.6229306868662439,-0.017329127534640776
medium,0.245,1,0.6355448839657182,-0.004094408665097804
medium,0.245,1,0.6480313871772182,-0.007363901275361684
medium,0.245,1,0.660396430454765,0.006296473523585533
medium,0.245,1,0.6726103989923694,0.002266508691528557
medium,0.245,1,0.6846850344178211,0.01657681566244007
medium,0.245,1,0.6965863640213547,0.011297949903571913
medium,0.245,1,0.7083315477436524,0.02648997227237193
medium,0.245,1,0.7198825135240075,0.019494824697372293
medium,0.245,1,0.7312617090184813,0.0359709505102811
medium,0.245,1,0.7424272525667972,0.026963239634442027
medium,0.245,1,0.7534067087001785,0.04524137260176275
medium,0.245,1,0.7641547049035003,0.03388320510817611
medium,0.245,1,0.7747037128004322,0.05441639669470055
medium,0.245,1,0.7850052143332409,0.04027344799855015
medium,0.245,1,0.7950963410893576,0.06344537735354006
medium,0.245,1,0.8049257987201534,0.046061909694794845
medium,0.245,1,0.8145350961830388,0.07220356889194124
medium,0.245,1,0.8238705532194549,0.05120007268981008
medium,0.245,1,0.8329777402485591,0.08056801124819102
medium,0.245,1,0.8418009996410436,0.0557207800243541
medium,0.245,1,0.8503896164593983,0.08840121020645375
medium,0.245,1,0.8586863792917322,0.05968286267990364
medium,0.245,1,0.8667439127547913,0.0954950686515087
medium,0.245,1,0.8745038870674914,0.06316888426983436
medium,0.245,1,0.8820218658957211,0.10160299956020302
medium,0.245,1,0.8892388450140569,0.0662803942125243
medium,0.245,1,0.8962129042644901,0.10645267281501669
medium,0.245,1,0.9028848140350428,0.06909377558250107
medium,0.245,1,0.9093147283211253,0.1098460859051712
medium,0.245,1,0.9154436428973138,0.07171058401982733
medium,0.245,1,0.921333328104228,0.1118570197962151
medium,0.245,1,0.9269254541607833,0.0743056481968356
medium,0.245,1,0.9322829376432098,0.1128817157011276
medium,0.245,1,0.9373485671396159,0.07702466984804723
medium,0.245,1,0.942185926628709,0.11351293419771813
medium,0.245,1,0.9467393584811806,0.07996036181632449
medium,0.245,1,0.9510726301657431,0.11435460807039854
medium,0.245,1,0.9551320614238369,0.08318160806505004
medium,0.245,1,0.9589811179052409,0.115809964804652
medium,0.245,1,0.9625685052613244,0.0867359680640234
medium,0.245,1,0.9659569043110149,0.11803559714444634
medium,0.245,1,0.9690977969965773,0.09065253308300802
medium,0.245,1,0.9720526022672069,0.12102521369021035
medium,0.245,1,0.9747759476077794,0.09494397030198709
medium,0.245,1,0.977327522662471,0.1246960165806168
medium,0.245,1,0.979665445771005,0.09959485585716621
medium,0.245,1,0.9818472229983033,0.12895178768010784
medium,0.245,1,0.9838347822836602,0.10458791614637919
medium,0.245,1,0.9856830084568623,0.1337122693339049
medium,0.245,1,0.9873579288081441,0.1098859465103893
medium,0.245,1,0.9889113892254742,0.13891260089762014
medium,0.245,1,0.9903137749028637,0.1154525521620603
medium,0.245,1,0.991613498207937,0.14453992276012118
medium,0.245,1,0.9927855276250362,0.12123569849249183
medium,0.245,1,0.9938744735540966,0.15051675281134858
medium,0.245,1,0.9948600782747408,0.12677154504800603
medium,0.245,1,0.9957828107071374,0.1556388436755275
medium,0.245,1,0.9966273410996724,0.1276856791510419
medium,0.245,1,0.9974296888998265,0.14552134370744474
medium,0.245,1,0.9981795689934154,0.05957948426782622
medium,0.245,1,0.9989082772254887,0.10026882983462038
medium,0.245,1,0.9996106513952221,-0.1435421233840315
fine,0.245,0,7.055382704709045e-05,0.00913768572630258
fine,0.245,0,0.0005358668353258357,-0.061660056573547894
fine,0.245,0,0.001003316372903602,-0.2970542592795893
fine,0.245,0,0.0014827201104459019,-0.2583165240425549
fine,0.245,0,0.001966389677247502,-0.41963409312975863
fine,0.245,0,0.002473927194749088,-0.38386951362425115
fine,0.245,0,0.0029878454072541825,-0.47518925562746217
fine,0.245,0,0.0035374645596045924,-0.44255587944766517
fine,0.245,0,0.0040955576824507475,-0.5197954558365931
fine,0.245,0,0.004701063933608154,-0.4854758788828466
fine,0.245,0,0.005317108757519855,-0.5558412525716621
fine,0.245,0,0.00599211846719144,-0.517803501170367
fine,0.245,0,0.006679695692681328,-0.5855807391148753
fine,0.245,0,0.007437590042870483,-0.5424824535411972
fine,0.245,0,0.008210038327446366,-0.610309946621282
fine,0.245,0,0.009063918044769699,-0.5612343853533328
fine,0.245,0,0.009934288869141336,-0.6306865025976318
fine,0.245,0,0.010896929896115749,-0.5748969576931175
fine,0.245,0,0.011877943402114403,-0.6467282862182988
fine,0.245,0,0.012961753667415988,-0.5838990289452815
fine,0.245,0,0.014065755617063936,-0.6585041665874138
fine,0.245,0,0.015282733051017053,-0.5889808849817266
fine,0.245,0,0.016521653052370293,-0.6669473890750826
fine,0.245,0,0.017883344989755467,-0.5917001286576111
fine,0.245,0,0.01926865613089264,-0.6734047648229842
fine,0.245,0,0.02078612023841934,-0.5929248745994438
fine,0.245,0,0.022328800266140373,-0.677003662118588
fine,0.245,0,0.02401256712680279,-0.5915163996351986
fine,0.245,0,0.025723061301410187,-0.6765876374231201
fine,0.245,0,0.027583098782327804,-0.5891029212244019
fine,0.245,0,0.029471284534170736,-0.6739893393596272
fine,0.245,0,0.03151696405848063,-0.5870452880653794
fine,0.245,0,0.03359211756585777,-0.6690775112121821
fine,0.245,0,0.035832182402786565,-0.5859676045889721
fine,0.245,0,0.038102947204295495,-0.6620549305562979
fine,0.245,0,0.04054548288470261,-0.5866830908703464
fine,0.245,0,0.043019840632240444,-0.6535275803347094
fine,0.245,0,0.04567224758974182,-0.5896907375717377
fine,0.245,0,0.048357491041122566,-0.6440980490305068
fine,0.245,0,0.05122645957136559,-0.5948266826152979
fine,0.245,0,0.054129167913935156,-0.6342352656348258
fine,0.245,0,0.05722065553675614,-0.601268065838801
fine,0.245,0,0.06034667212550607,-0.6242351045141867
fine,0.245,0,0.06366588342656872,-0.607797998171999
fine,0.245,0,0.0670202960120721,-0.6142741080046135
fine,0.245,0,0.07057166503219695,-0.6131987318090288
fine,0.245,0,0.0741587885452702,-0.6045106131504696
fine,0.245,0,0.0779459637770447,-0.6166102427299627
fine,0.245,0,0.08176932572838895,-0.5951739624218375
fine,0.245,0,0.08579515777082246,-0.617689697149979
fine,0.245,0,0.08985748631504302,-0.5865214194582502
fine,0.245,0,0.09412401822804332,-0.6164756575316666
fine,0.245,0,0.0984272329324384,-0.5786449459672791
fine,0.245,0,0.10293569332374251,-0.6131349062134945
fine,0.245,0,0.10748089867309468,-0.5714279062472407
fine,0.245,0,0.11223169754104971,-0.607996547743707
fine,0.245,0,0.11701917920039973,-0.5647245629667885
fine,0.245,0,0.1220119065466587,-0.6014452181231675
fine,0.245,0,0.12704113039470474,-0.5583358259587479
fine,0.245,0,0.13227455761153062,-0.5938599080735834
fine,0.245,0,0.13754417154792634,-0.5520933854203864
fine,0.245,0,0.1430162555754112,-0.5856109002110146
fine,0.245,0,0.14852409409584458,-0.5458936814570996
fine,0.245,0,0.15423198433497964,-0.5770329402970311
fine,0.245,0,0.15997507585855503,-0.5396867758858801
fine,0.245,0,0.16591512381675075,-0.568414845798636
fine,0.245,0,0.1718897007408755,-0.5334852653668292
fine,0.245,0,0.1780574723773139,-0.5600435321296633
fine,0.245,0,0.18425898382607883,-0.5274407215118517
fine,0.245,0,0.19064927455509495,-0.5523019909921332
fine,0.245,0,0.19707240177799024,-0.5219448936160984
fine,0.245,0,0.20367925407974802,-0.5456500085942877
fine,0.245,0,0.2103179284486365,-0.5173148299897588
fine,0.245,0,0.21713465202748866,-0.5399333787301404
fine,0.245,0,0.22398207557092106,-0.5130845793119592
fine,0.245,0,0.23100126999325152,-0.5342940173437258
fine,0.245,0,0.2380499383986491,-0.5084266218520352
fine,0.245,0,0.24526351813359837,-0.5281057377701657
fine,0.245,0,0.25250524613947306,-0.502931219251973
fine,0.245,0,0.2599044679178148,-0.5210012851829291
fine,0.245,0,0.2673304170101016,-0.49622724302672583
fine,0.245,0,0.2749059094086983,-0.5123415617841054
fine,0.245,0,0.28250661772748936,-0.4875384487362491
fine,0.245,0,0.2902484128792215,-0.5010445489288513
fine,0.245,0,0.29801382723470526,-0.4757355616312531
fine,0.245,0,0.30591139455657856,-0.48611885000444666
fine,0.245,0,0.31383090444585243,-0.46016803132657813
fine,0.245,0,0.3218731862711601,-0.46776919665668126
fine,0.245,0,0.32993565978081396,-0.4417853722653666
fine,0.245,0,0.3381111087747722,-0.4478182130607784
fine,0.245,0,0.34630493024775466,-0.4223495744195276
fine,0.245,0,0.35460154848003855,-0.42719839859023234
fine,0.245,0,0.3629146578193709,-0.40238518274213164
fine,0.245,0,0.3713200373613067,-0.4062958730429922
fine,0.245,0,0.3797399708376294,-0.3824236433416923
fine,0.245,0,0.3882413357466996,-0.3857384304073064
fine,0.245,0,0.3967552681715877,-0.36304826458901496
fine,0.245,0,0.4053395177211753,-0.3659085363920054
fine,0.245,0,0.4139343058435173,-0.34445794768525984
fine,0.245,0,0.4225880588516187,-0.3468529605919677
fine,0.245,0,0.43125028583021585,-0.3265998403253527
fine,0.245,0,0.43995992593712474,-0.32843801924267124
fine,0.245,0,0.4486759467390373,-0.30929079926424197
fine,0.245,0,0.4574276684807952,-0.3104927627872951
fine,0.245,0,0.4661836560518123,-0.2923732175567668
fine,0.245,0,0.4749635115735291,-0.29295095215711275
fine,0.245,0,0.4837455036245451,-0.27582835742223155
fine,0.245,0,0.4925394498755256,-0.2758543102691984
fine,0.245,0,0.501333396126506,-0.25966141624360217
fine,0.245,0,0.510127342377486,-0.2591211000825382
fine,0.245,0,0.5189191520991674,-0.24379394719402314
fine,0.245,0,0.5276990076208843,-0.2427593106502568
fine,0.245,0,0.5364745973133421,-0.22827158347451637
fine,0.245,0,0.5452263190551,-0.2267929817843639
fine,0.245,0,0.5539716601018544,-0.2130926103335613
fine,0.245,0,0.5626813002087631,-0.21120627691807403
fine,0.245,0,0.5713824663451762,-0.19824107620700215
fine,0.245,0,0.580036219353278,-0.19599423276100936
fine,0.245,0,0.5886794337886255,-0.18371444919016988
fine,0.245,0,0.597263683338213,-0.18116082292103086
fine,0.245,0,0.6058353653719823,-0.16950905656891235
fine,0.245,0,0.6143367302810526,-0.16670543259956183
fine,0.245,0,0.6228235412557359,-0.15561481148097345
fine,0.245,0,0.6312289207976716,-0.1526303871700836
fine,0.245,0,0.6396178092325591,-0.14203501632364635
fine,0.245,0,0.6479144274648436,-0.13897187197337502
fine,0.245,0,0.6561926732181039,-0.1287934431566078
fine,0.245,0,0.6643681222120617,-0.12576369992513325
fine,0.245,0,0.6725233795216728,-0.11589041130411659
fine,0.245,0,0.6805656613469772,-0.11303856023730141
fine,0.245,0,0.6885860006048817,-0.1033797210427021
fine,0.245,0,0.6964835679267581,-0.10095397458572664
fine,0.245,0,0.7043575160448822,-0.09139381373903244
fine,0.245,0,0.7120993111966145,-0.08956630134681665
fine,0.245,0,0.7198158904281523,-0.0798924769979199
fine,0.245,0,0.7273913828267494,-0.07877286758850133
fine,0.245,0,0.7349401479114015,-0.06872931740894339
fine,0.245,0,0.7423393696897436,-0.06844644780847031
fine,0.245,0,0.74971044319716,-0.05776798952721052
fine,0.245,0,0.756924022932109,-0.05851607119210711
fine,0.245,0,0.7641081286839914,-0.0469297128705044
fine,0.245,0,0.7711273231063231,-0.048965726454881287
fine,0.245,0,0.7781158175640746,-0.03617795150268033
fine,0.245,0,0.784932541142925,-0.03979665449890124
fine,0.245,0,0.791717442654645,-0.025494278877357335
fine,0.245,0,0.7983242949564037,-0.031020721403486773
fine,0.245,0,0.8048983107642829,-0.014882921081569522
fine,0.245,0,0.8112886014932986,-0.02265774357737116
fine,0.245,0,0.817645152409988,-0.004345382069952164
fine,0.245,0,0.8238129240464255,-0.014691037885262936
fine,0.245,0,0.8299461667169341,0.006140882323005359
fine,0.245,0,0.8358862146751317,-0.007108673949333122
fine,0.245,0,0.8417910613488881,0.016563022039344677
fine,0.245,0,0.8474989515880226,7.03258490410974e-05
fine,0.245,0,0.8531710873342087,0.026872000190928946
fine,0.245,0,0.8586431713616934,0.006812016326842807
fine,0.245,0,0.8640790686696079,0.0369948717747699
fine,0.245,0,0.8693124958864338,0.013077663032881492
fine,0.245,0,0.8745094266014726,0.046831331931187936
fine,0.245,0,0.8795021539477319,0.018825611359663985
fine,0.245,0,0.8844581985025958,0.05624886702615106
fine,0.245,0,0.8892089973705468,0.02401565491380797
fine,0.245,0,0.8939230512804509,0.0650831680782723
fine,0.245,0,0.8984315116717592,0.028619697417107903
fine,0.245,0,0.9029032892716717,0.07315161686395266
fine,0.245,0,0.9071698211846719,0.032645414437643794
fine,0.245,0,0.911399856595885,0.08030070850323567
fine,0.245,0,0.9154256886383186,0.03618862460559069
fine,0.245,0,0.9194153339611822,0.08643057041496449
fine,0.245,0,0.9232025091929565,0.039380039401483824
fine,0.245,0,0.9269539299317822,0.09144351778202542
fine,0.245,0,0.9305052989519073,0.0423342798331795
fine,0.245,0,0.9340214666875913,0.0952658673703074
fine,0.245,0,0.9373406779886541,0.04515088298157566
fine,0.245,0,0.9406253603237874,0.09789242671826959
fine,0.245,0,0.9437168479466087,0.047911742369159516
fine,0.245,0,0.9467745957571037,0.09942681645731755
fine,0.245,0,0.9496435642873469,0.05067928896798268
fine,0.245,0,0.9524796963237108,0.1001081093997408
fine,0.245,0,0.9551321032812123,0.05350005967639926
fine,0.245,0,0.9577526881715829,0.10029255421666905
fine,0.245,0,0.9601952238519901,0.05640982803719652
fine,0.245,0,0.9626070595678173,0.10037745461848124
fine,0.245,0,0.9648471244047443,0.05943782988232327
fine,0.245,0,0.9670577152586045,0.1007042925787327
fine,0.245,0,0.9691033947829162,0.06260918172313346
fine,0.245,0,0.971120926036302,0.10149596743682565
fine,0.245,0,0.9729809635172191,0.06594522818756143
fine,0.245,0,0.9748142736841917,0.10285063384924886
fine,0.245,0,0.9764980405448543,0.06945896034471044
fine,0.245,0,0.9781565914853224,0.10477120480441293
fine,0.245,0,0.9796740555928494,0.07315295938919575
fine,0.245,0,0.9811679004966242,0.10721883366586527
fine,0.245,0,0.9825295924340095,0.07704130783734642
fine,0.245,0,0.9838693418039947,0.11014381869042877
fine,0.245,0,0.9850863192379474,0.08112500350110141
fine,0.245,0,0.986283104987554,0.11348425029568532
fine,0.245,0,0.987366915252855,0.08539913904341079
fine,0.245,0,0.9884323530391319,0.11720265916211914
fine,0.245,0,0.9893949940661071,0.08987912874774728
fine,0.245,0,0.9903411439860338,0.1212950168308522
fine,0.245,0,0.9911950237033574,0.0946017517785015
fine,0.245,0,0.992034349486294,0.12579082613376757
fine,0.245,0,0.9927922438364837,0.0996304790860475
fine,0.245,0,0.9935375706708549,0.1307617609991958
fine,0.245,0,0.9942125803805256,0.10507152879983861
fine,0.245,0,0.9948770515174424,0.13632502821464443
fine,0.245,0,0.9954825577686007,0.11106048499221455
fine,0.245,0,0.996079590049263,0.14252124423623314
fine,0.245,0,0.9966292092016132,0.11740174074346021
fine,0.245,0,0.9971724476589597,0.14815863743053592
fine,0.245,0,0.9976799851764613,0.12012320043961566
fine,0.245,0,0.9981832568647032,0.1394095404445932
fine,0.245,0,0.9986626606022458,0.05743197002317668
fine,0.245,0,0.9991399278104891,0.09787662904181504
fine,0.245,0,0.9996052408187679,-0.1349051310864312
fine,0.245,1,7.055382704709045e-05,0.2764034905579691
fine,0.245,1,0.0005358668353258357,0.2813236370229881
fine,0.245,1,0.001003316372903602,0.4187175404392234
fine,0.245,1,0.0014827201104459019,0.35065751276277124
fine,0.245,1,0.001966389677247502,0.44344915142271135
fine,0.245,1,0.002473927194749088,0.39749774656477777
fine,0.245,1,0.0029878454072541825,0.47106582937487507
fine,0.245,1,0.0035374645596045924,0.42796475623143615
fine,0.245,1,0.0040955576824506365,0.4840047661304995
fine,0.245,1,0.004701063933608042,0.44508125991241565
fine,0.245,1,0.005317108757519632,0.4871233373529421
fine,0.245,1,0.00599211846719144,0.45334257043634374
fine,0.245,1,0.006679695692681328,0.4829702408071145
fine,0.245,1,0.007437590042870372,0.45511160777389215
fine,0.245,1,0.008210038327446142,0.4730864751939382
fine,0.245,1,0.009063918044769588,0.45186793644236556
fine,0.245,1,0.009934288869141336,0.4585565318553375
fine,0.245,1,0.010896929896115749,0.4446824616251942
fine,0.245,1,0.011877943402114515,0.4402830008398896
fine,0.245,1,0.0129617536674161,0.43441770723633977
fine,0.245,1,0.014065755617063936,0.41908403817815887
fine,0.245,1,0.015282733051017164,0.42176718557432924
fine,0.245,1,0.016521653052370515,0.39563634853567475
fine,0.245,1,0.017883344989755467,0.40720315323695055
fine,0.245,1,0.01926865613089219,0.3704329427025852
fine,0.245,1,0.02078612023841923,0.3911082389845806
fine,0.245,1,0.0223288002661406,0.34418275095814166
fine,0.245,1,0.0240125671268029,0.3739659107222393
fine,0.245,1,0.025723061301410187,0.31778276124640714
fine,0.245,1,0.027583098782327804,0.3556382312463193
fine,0.245,1,0.029471284534170736,0.2914709302562568
fine,0.245,1,0.03151696405848063,0.3359023578084894
fine,0.245,1,0.03359211756585777,0.26579319791450984
fine,0.245,1,0.035832182402786454,0.31444611371987596
fine,0.245,1,0.038102947204295266,0.24115286602171482
fine,0.245,1,0.04054548288470249,0.29087307706716936
fine,0.245,1,0.043019840632240444,0.21773784645385785
fine,0.245,1,0.04567224758974182,0.2649452328520262
fine,0.245,1,0.048357491041122566,0.195591786535102
fine,0.245,1,0.0512264595713657,0.23680016952000138
fine,0.245,1,0.05412916791393538,0.17465639225124596
fine,0.245,1,0.05722065553675637,0.20702699199275776
fine,0.245,1,0.06034667212550629,0.15481481106990969
fine,0.245,1,0.06366588342656894,0.17656136307294246
fine,0.245,1,0.06702029601207232,0.13591549676211334
fine,0.245,1,0.07057166503219695,0.1464535931723735
fine,0.245,1,0.0741587885452702,0.11777636106363898
fine,0.245,1,0.0779459637770447,0.11761482087788278
fine,0.245,1,0.08176932572838895,0.10018059356704301
fine,0.245,1,0.08579515777082257,0.09065571452140553
fine,0.245,1,0.08985748631504324,0.08291451039244335
fine,0.245,1,0.09412401822804344,0.06589244491516932
fine,0.245,1,0.0984272329324384,0.06587258902533799
fine,0.245,1,0.10293569332374264,0.043452775820162715
fine,0.245,1,0.10748089867309492,0.04910063561538991
fine,0.245,1,0.11223169754104993,0.02327529547735885
fine,0.245,1,0.11701917920039995,0.0327025841499744
fine,0.245,1,0.12201190654665892,0.005190059982162154
fine,0.245,1,0.12704113039470497,0.016834606616499714
fine,0.245,1,0.13227455761153062,-0.011031051543137105
fine,0.245,1,0.13754417154792611,0.001642314411057777
fine,0.245,1,0.1430162555754111,-0.025652687109658512
fine,0.245,1,0.14852409409584458,-0.012774484339974634
fine,0.245,1,0.15423198433497964,-0.03894657265084045
fine,0.245,1,0.15997507585855503,-0.026364926477404627
fine,0.245,1,0.16591512381675086,-0.051174095767192895
fine,0.245,1,0.17188970074087573,-0.0391348513433325
fine,0.245,1,0.17805747237731412,-0.06260307762287076
fine,0.245,1,0.18425898382607883,-0.051193949742927014
fine,0.245,1,0.19064927455509495,-0.07356207754182775
fine,0.245,1,0.19707240177799024,-0.06282562221521326
fine,0.245,1,0.20367925407974802,-0.08442941205730103
fine,0.245,1,0.2103179284486365,-0.07430948823228456
fine,0.245,1,0.21713465202748855,-0.09519806110530205
fine,0.245,1,0.22398207557092084,-0.08544415722931253
fine,0.245,1,0.2310012699932513,-0.10540019631899744
fine,0.245,1,0.238049938398649,-0.09575452354795444
fine,0.245,1,0.24526351813359837,-0.1146846408226041
fine,0.245,1,0.25250524613947306,-0.10500056740282382
fine,0.245,1,0.2599044679178148,-0.12283118121630121
fine,0.245,1,0.2673304170101016,-0.11295287580995517
fine,0.245,1,0.2749059094086983,-0.12940968944021858
fine,0.245,1,0.28250661772748936,-0.11908534029264972
fine,0.245,1,0.2902484128792217,-0.13365685178603992
fine,0.245,1,0.2980138272347057,-0.1225753600091819
fine,0.245,1,0.3059113945565788,-0.13483175466929764
fine,0.245,1,0.31383090444585243,-0.12286466497624415
fine,0.245,1,0.3218731862711601,-0.13299833304871256
fine,0.245,1,0.32993565978081396,-0.12050182332008674
fine,0.245,1,0.3381111087747722,-0.1293732499045228
fine,0.245,1,0.34630493024775466,-0.1166963014314295
fine,0.245,1,0.35460154848003855,-0.12457527190811102
fine,0.245,1,0.3629146578193709,-0.1118240852614949
fine,0.245,1,0.3713200373613067,-0.1188801769528911
fine,0.245,1,0.3797399708376294,-0.10628589094075713
fine,0.245,1,0.3882413357466996,-0.11276707279405995
fine,0.245,1,0.3967552681715877,-0.10054726358107136
fine,0.245,1,0.4053395177211753,-0.10655627057466477
fine,0.245,1,0.4139343058435173,-0.0948059551957785
fine,0.245,1,0.4225880588516187,-0.1003315496402104
fine,0.245,1,0.43125028583021585,-0.08907318215904714
fine,0.245,1,0.43995992593712474,-0.09404164497033984
fine,0.245,1,0.4486759467390373,-0.08325425130541331
fine,0.245,1,0.4574276684807952,-0.08760141574897706
fine,0.245,1,0.4661836560518123,-0.07726404086093575
fine,0.245,1,0.4749635115735291,-0.08099888076935269
fine,0.245,1,0.4837455036245449,-0.07111872696141353
fine,0.245,1,0.4925394498755256,-0.07430030521656894
fine,0.245,1,0.501333396126506,-0.06485215247227649
fine,0.245,1,0.510127342377486,-0.06747056361119763
fine,0.245,1,0.518919152099167,-0.05842756914825342
fine,0.245,1,0.5276990076208843,-0.06054290612855184
fine,0.245,1,0.5364745973133421,-0.051904521452120767
fine,0.245,1,0.5452263190551,-0.05356059615723674
fine,0.245,1,0.5539716601018544,-0.045303744047863415
fine,0.245,1,0.5626813002087631,-0.046533635599467216
fine,0.245,1,0.5713824663451762,-0.03863231540832657
fine,0.245,1,0.5800362193532778,-0.03947915351509712
fine,0.245,1,0.5886794337886255,-0.03190651152748947
fine,0.245,1,0.5972636833382132,-0.0324204990203385
fine,0.245,1,0.6058353653719828,-0.025140464979215738
fine,0.245,1,0.6143367302810528,-0.025375895992702402
fine,0.245,1,0.6228235412557361,-0.018341294430754607
fine,0.245,1,0.631228920797672,-0.01836501523026235
fine,0.245,1,0.6396178092325593,-0.011526048404701283
fine,0.245,1,0.6479144274648441,-0.011435367176154898
fine,0.245,1,0.6561926732181044,-0.0047283766369004
fine,0.245,1,0.6643681222120619,-0.004632408575381941
fine,0.245,1,0.6725233795216737,0.0020383010345393915
fine,0.245,1,0.6805656613469827,0.0019992987432743137
fine,0.245,1,0.6885860006048908,0.008715270859708801
fine,0.245,1,0.6964835679267624,0.00830766691888929
fine,0.245,1,0.7043575160448826,0.015173957711143271
fine,0.245,1,0.7120993111966147,0.01422567049537149
fine,0.245,1,0.7198158904281527,0.0214330597015987
fine,0.245,1,0.7273913828267499,0.019823328742073598
fine,0.245,1,0.7349401479114019,0.027605919549604785
fine,0.245,1,0.7423393696897436,0.025194976378837497
fine,0.245,1,0.74971044319716,0.03380126995281729
fine,0.245,1,0.756924022932109,0.030388562468394387
fine,0.245,1,0.7641081286839911,0.040079968360418716
fine,0.245,1,0.7711273231063223,0.03540615371081557
fine,0.245,1,0.7781158175640728,0.046467231433617084
fine,0.245,1,0.7849325411429228,0.04023548898474838
fine,0.245,1,0.7917174426546424,0.05297226794354959
fine,0.245,1,0.7983242949564019,0.04485567297695403
fine,0.245,1,0.804898310764282,0.0595842303190387
fine,0.245,1,0.8112886014932984,0.04923907328360844
fine,0.245,1,0.817645152409988,0.06629407116954644
fine,0.245,1,0.8238129240464239,0.05339058922193718
fine,0.245,1,0.8299461667169314,0.07311362684554701
fine,0.245,1,0.8358862146751304,0.05731172556073261
fine,0.245,1,0.8417910613488881,0.08002245773003003
fine,0.245,1,0.8474989515880226,0.06097657679597346
fine,0.245,1,0.8531710873342087,0.08696615766488647
fine,0.245,1,0.8586431713616939,0.06434590814378272
fine,0.245,1,0.8640790686696088,0.09386702062520513
fine,0.245,1,0.8693124958864342,0.06737634188485608
fine,0.245,1,0.8745094266014726,0.10062070132016376
fine,0.245,1,0.8795021539477319,0.07002263622129246
fine,0.245,1,0.8844581985025958,0.10709192554541991
fine,0.245,1,0.8892089973705473,0.07224185138595218
fine,0.245,1,0.8939230512804516,0.113114909982592
fine,0.245,1,0.8984315116717592,0.07400360981845633
fine,0.245,1,0.9029032892716713,0.1185065322125528
fine,0.245,1,0.9071698211846715,0.07531206726863515
fine,0.245,1,0.911399856595885,0.12311099610341136
fine,0.245,1,0.9154256886383186,0.07625456079236481
fine,0.245,1,0.9194153339611822,0.12682270097593396
fine,0.245,1,0.9232025091929565,0.07695341845172654
fine,0.245,1,0.9269539299317822,0.12954005628327725
fine,0.245,1,0.9305052989519073,0.07751767604563498
fine,0.245,1,0.9340214666875916,0.1311869115752985
fine,0.245,1,0.9373406779886543,0.07804262785417804
fine,0.245,1,0.9406253603237879,0.13175523849649318
fine,0.245,1,0.9437168479466091,0.07860734383629964
fine,0.245,1,0.9467745957571037,0.1313447888813657
fine,0.245,1,0.9496435642873469,0.07927260515498591
fine,0.245,1,0.9524796963237108,0.13018862001624343
fine,0.245,1,0.9551321032812123,0.08008406202115781
fine,0.245,1,0.9577526881715829,0.12863498738878987
fine,0.245,1,0.9601952238519901,0.08107727569354795
fine,0.245,1,0.9626070595678178,0.1270724388556913
fine,0.245,1,0.9648471244047487,0.08228149022733722
fine,0.245,1,0.9670577152586117,0.12583469759901922
fine,0.245,1,0.9691033947829197,0.08372205211134942
fine,0.245,1,0.9711209260363024,0.1251391700033624
fine,0.245,1,0.9729809635172195,0.0854202706427607
fine,0.245,1,0.9748142736841922,0.12508086547906072
fine,0.245,1,0.9764980405448548,0.08738940215824309
fine,0.245,1,0.9781565914853229,0.12566154124150963
fine,0.245,1,0.9796740555928496,0.08963190620640327
fine,0.245,1,0.9811679004966244,0.126841600265998
fine,0.245,1,0.98252959243401,0.09216075339433216
fine,0.245,1,0.9838693418039951,0.12856992377935472
fine,0.245,1,0.9850863192379479,0.0949766916151632
fine,0.245,1,0.9862831049875542,0.13078343159039219
fine,0.245,1,0.9873669152528548,0.09807419115464022
fine,0.245,1,0.9884323530391315,0.1334420461841883
fine,0.245,1,0.9893949940661073,0.10146723534469015
fine,0.245,1,0.9903411439860342,0.1365380466867383
fine,0.245,1,0.9911950237033577,0.10519246921081882
fine,0.245,1,0.992034349486294,0.1400969988798546
fine,0.245,1,0.9927922438364837,0.10931285030552063
fine,0.245,1,0.9935375706708549,0.14418869391999967
fine,0.245,1,0.9942125803805261,0.11393608540055022
fine,0.245,1,0.9948770515174429,0.14893862005292857
fine,0.245,1,0.9954825577686003,0.11919427843788966
fine,0.245,1,0.9960795900492624,0.15442595506510925
fine,0.245,1,0.9966292092016128,0.12485730306748422
fine,0.245,1,0.99717244765896,0.15959880330959064
fine,0.245,1,0.9976799851764615,0.12681690244549015
fine,0.245,1,0.9981832568647037,0.1507695326948999
fine,0.245,1,0.9986626606022458,0.06342007272436634
fine,0.245,1,0.9991399278104891,0.10771323530786125
fine,0.245,1,0.9996052408187679,-0.1349051310864312
coarse,0.51,0,0.0009773445603639772,-0.07008984512008198
coarse,0.51,0,0.0020457613143778997,-0.31939062665533036
coarse,0.51,0,0.0032604949280518798,-0.5045557885013128
coarse,0.51,0,0.004488862829896006,-0.562891599890601
coarse,0.51,0,0.006007360929024542,-0.6988370108878583
coarse,0.51,0,0.007552894318042032,-0.7027764358098723
coarse,0.51,0,0.00952740703385368,-0.734053051814455
coarse,0.51,0,0.011541893459967409,-0.7364155987236929
coarse,0.51,0,0.014116868387170856,-0.7487351725221894
coarse,0.51,0,0.016744071483824362,-0.7437306825231236
coarse,0.51,0,0.020053682142206725,-0.7479123832746088
coarse,0.51,0,0.023426881790726984,-0.7342918464310599
coarse,0.51,0,0.027592731879039448,-0.7350286329768663
coarse,0.51,0,0.031832443752925724,-0.7122888492980868
coarse,0.51,0,0.03696148647587775,-0.7119762160890661
coarse,0.51,0,0.042173399984210345,-0.6822547250818136
coarse,0.51,0,0.04835610805348478,-0.6846121552644655
coarse,0.51,0,0.05462927796583278,-0.6501194805669395
coarse,0.51,0,0.061938095586906355,-0.6573975980871345
coarse,0.51,0,0.06934341828153043,-0.6193031579061878
coarse,0.51,0,0.07783152161323179,-0.6312786870958011
coarse,0.51,0,0.0864205220203959,-0.5903288891996377
coarse,0.51,0,0.09612090931608505,-0.6054439918254273
coarse,0.51,0,0.1059248593122144,-0.5640159671525442
coarse,0.51,0,0.11684978631051872,-0.5800755861364124
coarse,0.51,0,0.12787916964772272,-0.5419789863111568
coarse,0.51,0,0.14001993987345196,-0.5556187075207268
coarse,0.51,0,0.15226427279962115,-0.5247461696953544
coarse,0.51,0,0.16559138636286744,-0.5325552593933955
coarse,0.51,0,0.1790193970015767,-0.5113299203611577
coarse,0.51,0,0.19348305534901156,-0.5120325626170299
coarse,0.51,0,0.2080432187699969,-0.5008988588945691
coarse,0.51,0,0.22357417675192454,-0.49528328768295937
coarse,0.51,0,0.2391955965769255,-0.4918785748065837
coarse,0.51,0,0.2557063472509918,-0.48010331687827335
coarse,0.51,0,0.2722999687104384,-0.4792085968668951
coarse,0.51,0,0.28968624060967696,-0.45993365021766075
coarse,0.51,0,0.3071463742944894,-0.45594780387246425
coarse,0.51,0,0.32528891554103334,-0.4284306208506965
coarse,0.51,0,0.34349504577771517,-0.41887143916574754
coarse,0.51,0,0.3622616645154838,-0.3868734919505248
coarse,0.51,0,0.3810805114227021,-0.37473621485848296
coarse,0.51,0,0.4003283376567152,-0.34339137567930367
coarse,0.51,0,0.41961613760103106,-0.33121921571266344
coarse,0.51,0,0.43919406774263176,-0.30223222594500654
coarse,0.51,0,0.4587990331741212,-0.2908769095533863
coarse,0.51,0,0.4785503154652709,-0.2638093829150825
coarse,0.51,0,0.49831523204459033,-0.25324134136312315
coarse,0.51,0,0.5180801486239099,-0.22729106074155347
coarse,0.51,0,0.5378450652032296,-0.21774262153164936
coarse,0.51,0,0.5574636649228891,-0.19237071516587312
coarse,0.51,0,0.5770686303543795,-0.18434721675571586
coarse,0.51,0,0.5963834655885836,-0.15898625371099095
coarse,0.51,0,0.6156712655328989,-0.15313203889818516
coarse,0.51,0,0.6345300861504201,-0.12716219773173387
coarse,0.51,0,0.6533489330576387,-0.12423858973568991
coarse,0.51,0,0.6716072914637684,-0.09714896533482342
coarse,0.51,0,0.689813421700448,-0.09801176874728923
coarse,0.51,0,0.7073371443753995,-0.06959903942531542
coarse,0.51,0,0.7247972780602134,-0.07503158228209839
coarse,0.51,0,0.7414647613052343,-0.04502582687468659
coarse,0.51,0,0.7580583827646814,-0.055125373988559545
coarse,0.51,0,0.7737626733750627,-0.023173216189126933
coarse,0.51,0,0.7893840932000632,-0.03754715998039271
coarse,0.51,0,0.8040347184641232,-0.0038833061628069654
coarse,0.51,0,0.8185948818851099,-0.021808560026947532
coarse,0.51,0,0.8321193975973683,0.01273683443050977
coarse,0.51,0,0.8455474082360762,-0.0075332166737025474
coarse,0.51,0,0.857892638237708,0.02678020288229821
coarse,0.51,0,0.8701369711638781,0.0056722537416514784
coarse,0.51,0,0.8812699172015185,0.03863344251655054
coarse,0.51,0,0.8922993005387185,0.018050559741191186
coarse,0.51,0,0.9022077068737506,0.0489288668393183
coarse,0.51,0,0.9120116568698835,0.029644204609106883
coarse,0.51,0,0.9207042199774885,0.05840788559306476
coarse,0.51,0,0.9292932203846531,0.040589798588873904
coarse,0.51,0,0.9367994401547397,0.06774593267898943
coarse,0.51,0,0.9442047628493634,0.05117560665950305
coarse,0.51,0,0.9505744378352623,0.07729902529125743
coarse,0.51,0,0.9568476077476098,0.06160971991513331
coarse,0.51,0,0.9621499830990164,0.08712558436061546
coarse,0.51,0,0.9673618966073488,0.07196678974713167
coarse,0.51,0,0.9716844792666158,0.09715951609801277
coarse,0.51,0,0.9759241911405017,0.08222705192262503
coarse,0.51,0,0.9793712525745976,0.10726747449527285
coarse,0.51,0,0.9827444522231196,0.09225027055400647
coarse,0.51,0,0.9854352443099086,0.11722681566610416
coarse,0.51,0,0.9880624474065596,0.10168831796630318
coarse,0.51,0,0.9901291620021239,0.12658236049539007
coarse,0.51,0,0.9921436484282382,0.10953013269520273
coarse,0.51,0,0.9937291555275582,0.13364994674542796
coarse,0.51,0,0.9952746889165762,0.11069100447338731
coarse,0.51,0,0.9965300921083088,0.12382977475491785
coarse,0.51,0,0.9977584600101528,0.03872759476919285
coarse,0.51,0,0.998840511052336,0.08340141105387111
coarse,0.51,0,0.9999089278063494,-0.15629651534185873
coarse,0.51,1,0.0009773445603639772,0.25666566276414615
coarse,0.51,1,0.0020457613143778997,0.36222777948702434
coarse,0.51,1,0.003260494928052103,0.4407305477061356
coarse,0.51,1,0.004488862829896006,0.4336257660973458
coarse,0.51,1,0.006007360929024765,0.4790254973556064
coarse,0.51,1,0.007552894318042032,0.4639702488152344
coarse,0.51,1,0.00952740703385368,0.47544883758229683
coarse,0.51,1,0.011541893459967633,0.4537113096549209
coarse,0.51,1,0.014116868387170856,0.44429452767555966
coarse,0.51,1,0.01674407148382414,0.4204826192850998
coarse,0.51,1,0.020053682142206725,0.3973520755265707
coarse,0.51,1,0.023426881790726984,0.3744961678192431
coarse,0.51,1,0.02759273187903967,0.342697119397509
coarse,0.51,1,0.03183244375292617,0.3232680102783725
coarse,0.51,1,0.03696148647587775,0.28654185515064845
coarse,0.51,1,0.042173399984210345,0.27210363129995674
coarse,0.51,1,0.04835610805348478,0.23237156654338886
coarse,0.51,1,0.05462927796583278,0.2237747813891745
coarse,0.51,1,0.061938095586906355,0.18162263259560296
coarse,0.51,1,0.06934341828153043,0.17935746282661091
coarse,0.51,1,0.07783152161323179,0.13510270412793024
coarse,0.51,1,0.0864205220203959,0.13920959237212516
coarse,0.51,1,0.09612090931608527,0.09354792539969448
coarse,0.51,1,0.10592485931221463,0.10265327292218962
coarse,0.51,1,0.11684978631051916,0.057046211810808156
coarse,0.51,1,0.12787916964772317,0.06810293397934031
coarse,0.51,1,0.14001993987345218,0.02526141186346853
coarse,0.51,1,0.15226427279962115,0.03440238714668176
coarse,0.51,1,0.16559138636286766,-0.002436068968928007
coarse,0.51,1,0.1790193970015767,0.0016494623793852359
coarse,0.51,1,0.19348305534901156,-0.027250745466741888
coarse,0.51,1,0.2080432187699969,-0.029706364379405548
coarse,0.51,1,0.22357417675192454,-0.05066786243231247
coarse,0.51,1,0.2391955965769255,-0.05878117230980995
coarse,0.51,1,0.2557063472509918,-0.07218886141114345
coarse,0.51,1,0.2722999687104384,-0.08259224809114452
coarse,0.51,1,0.28968624060967696,-0.08808568862871269
coarse,0.51,1,0.3071463742944894,-0.09656000932701625
coarse,0.51,1,0.32528891554103334,-0.09384322853426408
coarse,0.51,1,0.34349504577771517,-0.0979918863970386
coarse,0.51,1,0.3622616645154838,-0.08948552249800446
coarse,0.51,1,0.38108051142270233,-0.09093308134511036
coarse,0.51,1,0.40032833765671566,-0.08024375942177553
coarse,0.51,1,0.4196161376010315,-0.08074414272449726
coarse,0.51,1,0.43919406774263176,-0.0694113455108274
coarse,0.51,1,0.4587990331741212,-0.06969347500682721
coarse,0.51,1,0.4785503154652709,-0.0577705932679804
coarse,0.51,1,0.4983152320445908,-0.05792562091853504
coarse,0.51,1,0.5180801486239102,-0.045115134377407884
coarse,0.51,1,0.5378450652032296,-0.045421417537312436
coarse,0.51,1,0.55746366492289,-0.031533593042660346
coarse,0.51,1,0.5770686303543808,-0.0324938529937111
coarse,0.51,1,0.5963834655885843,-0.017250985799120988
coarse,0.51,1,0.6156712655328989,-0.019496836330098688
coarse,0.51,1,0.6345300861504201,-0.002528799719201391
coarse,0.51,1,0.653348933057639,-0.006800836233582297
coarse,0.51,1,0.6716072914637691,0.012207493676127501
coarse,0.51,1,0.6898134217004493,0.005082560703811079
coarse,0.51,1,0.7073371443754002,0.026200943674861032
coarse,0.51,1,0.7247972780602134,0.015456484025913708
coarse,0.51,1,0.7414647613052343,0.038797184644973726
coarse,0.51,1,0.758058382764681,0.024273214479848315
coarse,0.51,1,0.7737626733750609,0.05001315908332993
coarse,0.51,1,0.7893840932000601,0.03201660186472444
coarse,0.51,1,0.804034718464121,0.05982621308746794
coarse,0.51,1,0.818594881885109,0.03899551082344921
coarse,0.51,1,0.8321193975973683,0.06801501178903457
coarse,0.51,1,0.8455474082360771,0.0454495465807222
coarse,0.51,1,0.8578926382377089,0.0745651116332513
coarse,0.51,1,0.8701369711638781,0.051651658840949244
coarse,0.51,1,0.8812699172015189,0.0797653710134959
coarse,0.51,1,0.8922993005387194,0.05775467597580408
coarse,0.51,1,0.9022077068737515,0.08415881341478593
coarse,0.51,1,0.912011656869884,0.06373817402835269
coarse,0.51,1,0.9207042199774881,0.08839087195833206
coarse,0.51,1,0.9292932203846527,0.06967331949763378
coarse,0.51,1,0.9367994401547397,0.09303771046415843
coarse,0.51,1,0.9442047628493634,0.07577987523962626
coarse,0.51,1,0.9505744378352623,0.09838118392109552
coarse,0.51,1,0.9568476077476098,0.08221319160070117
coarse,0.51,1,0.9621499830990164,0.10443319593539968
coarse,0.51,1,0.9673618966073488,0.08900958699964434
coarse,0.51,1,0.9716844792666158,0.11109565861842707
coarse,0.51,1,0.9759241911405017,0.09611720352193465
coarse,0.51,1,0.9793712525745927,0.11820978399858162
coarse,0.51,1,0.9827444522231089,0.1033645218474013
coarse,0.51,1,0.9854352443099024,0.12552615203425688
coarse,0.51,1,0.9880624474065587,0.11036488303949255
coarse,0.51,1,0.9901291620021234,0.13254803480558175
coarse,0.51,1,0.9921436484282382,0.11604995751071157
coarse,0.51,1,0.9937291555275582,0.137500652067576
coarse,0.51,1,0.9952746889165762,0.1152554414938547
coarse,0.51,1,0.9965300921083088,0.1256369532621039
coarse,0.51,1,0.9977584600101528,0.04163124073207425
coarse,0.51,1,0.998840511052336,0.08372914557365674
coarse,0.51,1,0.9999089278063499,-0.15629651534185873
medium,0.51,0,0.0006131722044418839,-0.04707307099088909
medium,0.51,0,0.001315546374175295,-0.22914954978535063
medium,0.51,0,0.002059393185286955,-0.4305487947232849
medium,0.51,0,0.0028092732788760635,-0.4530425036426262
medium,0.51,0,0.003641783023378735,-0.615596821602111
medium,0.51,0,0.004486313415913818,-0.5999171371903347
medium,0.51,0,0.005454001607361085,-0.6685892185374793
medium,0.51,0,0.006439606328005627,-0.6543526125920951
medium,0.51,0,0.007587959690346681,-0.7040773303872578
medium,0.51,0,0.00875998910744499,-0.6874488553365603
medium,0.51,0,0.010133119393589698,-0.7280130000085232
medium,0.51,0,0.01153550507097829,-0.7063397859315506
medium,0.51,0,0.013175813345724742,-0.7421389726705587
medium,0.51,0,0.014850733697010563,-0.7138811820381155
medium,0.51,0,0.016798587639333493,-0.7476431664449386
medium,0.51,0,0.018786146924687882,-0.7129857428059121
medium,0.51,0,0.02107957360533249,-0.746925160803749
medium,0.51,0,0.023417496713866042,-0.7058694961403369
medium,0.51,0,0.026091893186376353,-0.7401958285205106
medium,0.51,0,0.02881523852694931,-0.6924832547942636
medium,0.51,0,0.03190310243471709,-0.7276928076553084
medium,0.51,0,0.03504399512027921,-0.6746873786443783
medium,0.51,0,0.038574677369855315,-0.7119459740551839
medium,0.51,0,0.042162064725939113,-0.6546747809604052
medium,0.51,0,0.04616154610891296,-0.6944972296228793
medium,0.51,0,0.05022097736700725,-0.6345822443333893
medium,0.51,0,0.05471167083049354,-0.6770740830904847
medium,0.51,0,0.05926510268296497,-0.61632368260892
medium,0.51,0,0.06426568275354456,-0.6601585637961223
medium,0.51,0,0.06933131224995114,-0.600714651616153
medium,0.51,0,0.0748565729092462,-0.6432005219834329
medium,0.51,0,0.08044869896580165,-0.5878218387743022
medium,0.51,0,0.0865094410593438,-0.625681200905337
medium,0.51,0,0.0926383556355324,-0.5775195390264678
medium,0.51,0,0.09924130467180627,-0.6076997472459282
medium,0.51,0,0.10591321444235571,-0.5693164994244642
medium,0.51,0,0.11306096940761776,-0.5896415514180415
medium,0.51,0,0.1202779485259572,-0.5622602916726482
medium,0.51,0,0.12796896210438238,-0.5719860266849568
medium,0.51,0,0.13572893641708292,-0.555365852302069
medium,0.51,0,0.14395752676676996,-0.5552392909678607
medium,0.51,0,0.1522542895991032,-0.5479890924870763
medium,0.51,0,0.16101068359432513,-0.5398222172603424
medium,0.51,0,0.16983394298680746,-0.5399203294131201
medium,0.51,0,0.1791043505973984,-0.5260529047411211
medium,0.51,0,0.18843980763381607,-0.5314205341641813
medium,0.51,0,0.19820652687562576,-0.5144430470663837
medium,0.51,0,0.20803598450642036,-0.5233700717227892
medium,0.51,0,0.21827753616410503,-0.5053590438734974
medium,0.51,0,0.22857903769691035,-0.5158583550415283
medium,0.51,0,0.23927032879372967,-0.4975115828572383
medium,0.51,0,0.25001832499705645,-0.5072442839469782
medium,0.51,0,0.2611308397675778,-0.4886480859548332
medium,0.51,0,0.2722963833158935,-0.4959101915195967
medium,0.51,0,0.28379840022818575,-0.4767268709123973
medium,0.51,0,0.29534936600854067,-0.4797701089959403
medium,0.51,0,0.3072061991841864,-0.45882225415873723
medium,0.51,0,0.31910752878772136,-0.4564647459201807
medium,0.51,0,0.33128179198229407,-0.4338456415176313
medium,0.51,0,0.3434957605198985,-0.4275058271369434
medium,0.51,0,0.355947651654859,-0.4048195211588692
medium,0.51,0,0.3684341548663584,-0.3965138700361104
medium,0.51,0,0.3811217589469051,-0.3748065609155147
medium,0.51,0,0.39383861841869566,-0.36582225124597634
medium,0.51,0,0.40671822653218254,-0.34555586252728165
medium,0.51,0,0.4196215107004267,-0.33669710817271503
medium,0.51,0,0.4326479526675832,-0.317960579929909
medium,0.51,0,0.44569231116393726,-0.3093163071504703
medium,0.51,0,0.4588192993112044,-0.29180204762686546
medium,0.51,0,0.47195830810650397,-0.2832004275855293
medium,0.51,0,0.4851387895431818,-0.2666536619097817
medium,0.51,0,0.49832530426233723,-0.25809909374916873
medium,0.51,0,0.5115118189814928,-0.24233511994566292
medium,0.51,0,0.5246983337006482,-0.23390809045882777
medium,0.51,0,0.5378433757784257,-0.21871776703709722
medium,0.51,0,0.5509823845737255,-0.21063122121074906
medium,0.51,0,0.5640387637181121,-0.19577985771321282
medium,0.51,0,0.5770831222144666,-0.18827554078052744
medium,0.51,0,0.5900043229119077,-0.173468039818516
medium,0.51,0,0.6029076070801512,-0.16683553013360175
medium,0.51,0,0.6156481426066986,-0.15174427430369475
medium,0.51,0,0.6283650020784894,-0.14632038864444508
medium,0.51,0,0.6408807606812333,-0.13058891337262657
medium,0.51,0,0.6533672638927333,-0.12678511441736573
medium,0.51,0,0.6656158445068762,-0.11003682724974118
medium,0.51,0,0.6778298130444805,-0.108345259067125
medium,0.51,0,0.689770847991046,-0.09023573265774365
medium,0.51,0,0.7016721775945799,-0.09125153553537513
medium,0.51,0,0.7132676398028244,-0.07145596159918566
medium,0.51,0,0.7248186055831798,-0.07572305615791541
medium,0.51,0,0.7360330979995583,-0.05375064885514358
medium,0.51,0,0.7471986415478743,-0.061590839231492334
medium,0.51,0,0.7579996665290007,-0.036876143199593425
medium,0.51,0,0.7687476627323342,-0.04859759163885258
medium,0.51,0,0.7791058693716416,-0.020737831268290652
medium,0.51,0,0.7894073709044402,-0.03666338187978169
medium,0.51,0,0.7992967784103546,-0.005434503560903359
medium,0.51,0,0.8091262360411492,-0.025795341251463544
medium,0.51,0,0.8185244314665514,0.008866550650026839
medium,0.51,0,0.8278598885029682,-0.015952882342925356
medium,0.51,0,0.8367481973212777,0.022024329372314577
medium,0.51,0,0.8455714567137604,-0.0069915120743242465
medium,0.51,0,0.8539350849433547,0.0339099810006106
medium,0.51,0,0.8622318477756882,0.0012498542679930669
medium,0.51,0,0.8700599945710349,0.04435460797835189
medium,0.51,0,0.8778199688837357,0.008914133868947571
medium,0.51,0,0.8851059087363471,0.05320440907802804
medium,0.51,0,0.8923228878546825,0.01610964284887806
medium,0.51,0,0.899064021778312,0.060368521719614376
medium,0.51,0,0.9057359315488651,0.022879943363513733
medium,0.51,0,0.9119338068593297,0.06594523174708111
medium,0.51,0,0.9180627214355187,0.029288160340453007
medium,0.51,0,0.9237230199747206,0.07036271460672461
medium,0.51,0,0.929315146031276,0.03548818241249063
medium,0.51,0,0.9344476409249425,0.07424759948254622
medium,0.51,0,0.9395132704213486,0.041617140266248076
medium,0.51,0,0.944131751699647,0.0781448020587
medium,0.51,0,0.9486851835521187,0.04776349544122671
medium,0.51,0,0.9528073531991978,0.0824021564988403
medium,0.51,0,0.9568667844572917,0.053992760346839974
medium,0.51,0,0.9605141216884964,0.08716105020991172
medium,0.51,0,0.9641015090445808,0.06034804207019506
medium,0.51,0,0.96729910683665,0.0924281453244824
medium,0.51,0,0.9704399995222117,0.06685345133547149
medium,0.51,0,0.9732163736405794,0.09815173410882061
medium,0.51,0,0.975939718981152,0.07351980336805264
medium,0.51,0,0.9783265909577485,0.1042585241001669
medium,0.51,0,0.9806645140662822,0.08033255086268976
medium,0.51,0,0.982696569779529,0.11068082325349327
medium,0.51,0,0.9846841290648872,0.08728017769977248
medium,0.51,0,0.9863987547592002,0.11737133023644797
medium,0.51,0,0.9880736751104816,0.09433495972452033
medium,0.51,0,0.9895106728644092,0.12429679631373614
medium,0.51,0,0.9909130585417987,0.10147458065653958
medium,0.51,0,0.9921143433501413,0.13147586115967647
medium,0.51,0,0.9932863727672405,0.10866860542268764
medium,0.51,0,0.9942956535426414,0.13885754081693802
medium,0.51,0,0.9952812582632855,0.1154935265569702
medium,0.51,0,0.9961437051850178,0.14524288923312234
medium,0.51,0,0.9969882355775529,0.1176936350627188
medium,0.51,0,0.9977501363191746,0.13631769185517273
medium,0.51,0,0.998500016412764,0.0513029933962722
medium,0.51,0,0.9992084238649749,0.09281984143456157
medium,0.51,0,0.9999107980347078,-0.14661939490377418
medium,0.51,1,0.0006131722044418839,0.23936849913987834
medium,0.51,1,0.001315546374175295,0.3082770799931728
medium,0.51,1,0.002059393185286955,0.40831685129254325
medium,0.51,1,0.0028092732788760635,0.3836934641677686
medium,0.51,1,0.003641783023378958,0.45443777594117163
medium,0.51,1,0.0044863134159142636,0.43354597295447284
medium,0.51,1,0.005454001607361085,0.48006271608044015
medium,0.51,1,0.006439606328005627,0.4555321008318737
medium,0.51,1,0.007587959690346681,0.4833573404321615
medium,0.51,1,0.00875998910744499,0.4584757699526363
medium,0.51,1,0.010133119393589698,0.47195512533557293
medium,0.51,1,0.01153550507097829,0.4485031441053461
medium,0.51,1,0.013175813345725188,0.45006002719521143
medium,0.51,1,0.014850733697010563,0.4293531786123157
medium,0.51,1,0.016798587639333493,0.42074436549171224
medium,0.51,1,0.01878614692468766,0.40384151360323006
medium,0.51,1,0.02107957360533249,0.3864295347311434
medium,0.51,1,0.023417496713866042,0.3743117618077223
medium,0.51,1,0.026091893186376353,0.34929954537830954
medium,0.51,1,0.02881523852694931,0.3429213023732052
medium,0.51,1,0.03190310243471709,0.31129813658503847
medium,0.51,1,0.03504399512027921,0.31122938323683047
medium,0.51,1,0.038574677369855315,0.27359797539471453
medium,0.51,1,0.042162064725939113,0.28022560188951906
medium,0.51,1,0.04616154610891296,0.23702819425726895
medium,0.51,1,0.05022097736700725,0.2502354725078195
medium,0.51,1,0.05471167083049399,0.20191645306263517
medium,0.51,1,0.0592651026829652,0.22101032936725407
medium,0.51,1,0.06426568275354456,0.1685585333439955
medium,0.51,1,0.06933131224995114,0.19207676261845774
medium,0.51,1,0.0748565729092462,0.13740665262113883
medium,0.51,1,0.08044869896580165,0.1629695155155797
medium,0.51,1,0.0865094410593438,0.10886198796784818
medium,0.51,1,0.0926383556355324,0.13339314502537702
medium,0.51,1,0.09924130467180627,0.0830189965986744
medium,0.51,1,0.10591321444235595,0.10350688075815118
medium,0.51,1,0.11306096940761821,0.05971465660045172
medium,0.51,1,0.12027794852595743,0.07398743379283002
medium,0.51,1,0.12796896210438238,0.0386001929042209
medium,0.51,1,0.1357289364170827,0.04569904294948113
medium,0.51,1,0.14395752676676996,0.019205094615603047
medium,0.51,1,0.15225428959910342,0.019325911744799917
medium,0.51,1,0.16101068359432558,0.0010441712394317904
medium,0.51,1,0.1698339429868079,-0.004796577698244153
medium,0.51,1,0.1791043505973984,-0.016316184190271033
medium,0.51,1,0.18843980763381563,-0.026736747848897124
medium,0.51,1,0.19820652687562554,-0.03338938635798283
medium,0.51,1,0.20803598450642036,-0.04704960009237591
medium,0.51,1,0.21827753616410503,-0.05061676764157186
medium,0.51,1,0.22857903769691035,-0.06594054649057735
medium,0.51,1,0.23927032879372967,-0.06744279016911103
medium,0.51,1,0.25001832499705645,-0.08258934400370399
medium,0.51,1,0.2611308397675778,-0.08256453723501544
medium,0.51,1,0.2722963833158935,-0.09608186599678414
medium,0.51,1,0.28379840022818575,-0.09464189604345141
medium,0.51,1,0.29534936600854067,-0.10506053800619863
medium,0.51,1,0.3072061991841866,-0.10159462643277206
medium,0.51,1,0.31910752878772136,-0.10784176739458107
medium,0.51,1,0.33128179198229407,-0.10234727000544686
medium,0.51,1,0.3434957605198985,-0.1052338597754432
medium,0.51,1,0.355947651654859,-0.0986591514682349
medium,0.51,1,0.3684341548663586,-0.09957362642285106
medium,0.51,1,0.3811217589469051,-0.09258899897562145
medium,0.51,1,0.39383861841869566,-0.09250098579846333
medium,0.51,1,0.40671822653218276,-0.0854657112187327
medium,0.51,1,0.41962151070042714,-0.08502856539855341
medium,0.51,1,0.43264795266758344,-0.07810083074088303
medium,0.51,1,0.44569231116393726,-0.07743358537410261
medium,0.51,1,0.4588192993112044,-0.07050725685629478
medium,0.51,1,0.47195830810650397,-0.06951411808266283
medium,0.51,1,0.48513878954318224,-0.06250311632273542
medium,0.51,1,0.4983253042623377,-0.06121623331525328
medium,0.51,1,0.5115118189814932,-0.05406092113243033
medium,0.51,1,0.5246983337006482,-0.052575370274469346
medium,0.51,1,0.5378433757784257,-0.04517426195994134
medium,0.51,1,0.5509823845737255,-0.043697084183435875
medium,0.51,1,0.5640387637181128,-0.03590986016220854
medium,0.51,1,0.5770831222144679,-0.03467790218167188
medium,0.51,1,0.5900043229119086,-0.02630194833908761
medium,0.51,1,0.6029076070801517,-0.02559598642344385
medium,0.51,1,0.6156481426066991,-0.01638934984880902
medium,0.51,1,0.6283650020784897,-0.016534152745187436
medium,0.51,1,0.6408807606812333,-0.006219164184304571
medium,0.51,1,0.6533672638927333,-0.007607245132620788
medium,0.51,1,0.6656158445068766,0.004120944946636063
medium,0.51,1,0.677829813044481,0.0010225248995352487
medium,0.51,1,0.6897708479910465,0.014449399545720998
medium,0.51,1,0.7016721775945803,0.009079739635171946
medium,0.51,1,0.7132676398028244,0.024475623555753945
medium,0.51,1,0.7248186055831798,0.016312883775433162
medium,0.51,1,0.7360330979995583,0.034086709942136806
medium,0.51,1,0.7471986415478743,0.022802681201325115
medium,0.51,1,0.7579996665289909,0.04343174850881226
medium,0.51,1,0.7687476627323128,0.028715747587297002
medium,0.51,1,0.7791058693716273,0.05254402997635643
medium,0.51,1,0.7894073709044362,0.0340781083759345
medium,0.51,1,0.7992967784103524,0.06129473737906865
medium,0.51,1,0.8091262360411483,0.03884851730068295
medium,0.51,1,0.8185244314665496,0.06949646884873306
medium,0.51,1,0.8278598885029654,0.04303483249255102
medium,0.51,1,0.8367481973212764,0.07698652473130474
medium,0.51,1,0.8455714567137613,0.04674443892254154
medium,0.51,1,0.8539350849433556,0.08361605057048882
medium,0.51,1,0.8622318477756891,0.05010649852017646
medium,0.51,1,0.8700599945710358,0.08920347999822753
medium,0.51,1,0.8778199688837357,0.05323814682546013
medium,0.51,1,0.8851059087363475,0.09358449071883312
medium,0.51,1,0.8923228878546834,0.05622645959030037
medium,0.51,1,0.8990640217783125,0.09665847261033289
medium,0.51,1,0.9057359315488656,0.05909889878490815
medium,0.51,1,0.9119338068593301,0.0985070236865615
medium,0.51,1,0.9180627214355187,0.06189994214893202
medium,0.51,1,0.9237230199747202,0.09952556269600565
medium,0.51,1,0.929315146031276,0.0647584930620122
medium,0.51,1,0.9344476409249425,0.10029979453896398
medium,0.51,1,0.9395132704213486,0.06779021861433876
medium,0.51,1,0.9441317516996475,0.10133780718290197
medium,0.51,1,0.9486851835521187,0.07106784563696444
medium,0.51,1,0.9528073531991978,0.10295731457729274
medium,0.51,1,0.9568667844572917,0.07464369600989673
medium,0.51,1,0.9605141216884964,0.10527761345957065
medium,0.51,1,0.9641015090445799,0.07854947877045704
medium,0.51,1,0.96729910683665,0.10829014109901092
medium,0.51,1,0.9704399995222122,0.0827992248373649
medium,0.51,1,0.9732163736405794,0.11193213225240317
medium,0.51,1,0.975939718981152,0.08739381151295644
medium,0.51,1,0.9783265909577485,0.11612152975865098
medium,0.51,1,0.9806645140662822,0.09230908163295948
medium,0.51,1,0.9826965697795281,0.12078218459585488
medium,0.51,1,0.984684129064885,0.09752196742523933
medium,0.51,1,0.9863987547591994,0.12585670510478764
medium,0.51,1,0.9880736751104812,0.1029905305726323
medium,0.51,1,0.9895106728644092,0.13129859013614453
medium,0.51,1,0.9909130585417987,0.10867301502914506
medium,0.51,1,0.9921143433501413,0.13710490803866648
medium,0.51,1,0.9932863727672405,0.11450983373344104
medium,0.51,1,0.9942956535426414,0.14318749664039487
medium,0.51,1,0.9952812582632855,0.12003920114402322
medium,0.51,1,0.9961437051850178,0.14827567539552045
medium,0.51,1,0.9969882355775529,0.1209706392268568
medium,0.51,1,0.9977501363191742,0.13797497888417765
medium,0.51,1,0.9985000164127635,0.05344532185640638
medium,0.51,1,0.9992084238649744,0.09341367430949077
medium,0.51,1,0.9999107980347078,-0.14661939490377418
fine,0.51,0,0.0003769362267073388,-0.03161876772248773
fine,0.51,0,0.0008422492349858611,-0.15412498994552726
fine,0.51,0,0.0013189767238955385,-0.3652620934134161
fine,0.51,0,0.0017983804614377266,-0.35609987091225515
fine,0.51,0,0.002300574537251744,-0.5219551310066719
fine,0.51,0,0.0028081120547533305,-0.49273969300661924
fine,0.51,0,0.0033497386528767285,-0.579256036569362
fine,0.51,0,0.0038993578052271384,-0.5521519018075631
fine,0.51,0,0.004494249433891626,-0.623103567855487
fine,0.51,0,0.005099755685049032,-0.5945589692234803
fine,0.51,0,0.005761564620484598,-0.6570845164130252
fine,0.51,0,0.006436574330156183,-0.625573262169016
fine,0.51,0,0.007178726421607069,-0.6839303376298247
fine,0.51,0,0.007936620771796113,-0.6484079558529079
fine,0.51,0,0.008772270012699507,-0.705190788890617
fine,0.51,0,0.00962614973002284,-0.6649255421883606
fine,0.51,0,0.010568133749057428,-0.7216539678174265
fine,0.51,0,0.011530774776031727,-0.6760242210342684
fine,0.51,0,0.012591571398649245,-0.7334196428343469
fine,0.51,0,0.01367538166395072,-0.682110076099131
fine,0.51,0,0.01486706669135813,-0.740636789200811
fine,0.51,0,0.016084044125311135,-0.6838565793054789
fine,0.51,0,0.017418250473786444,-0.7443535501721414
fine,0.51,0,0.01877994241117173,-0.6827581579573716
fine,0.51,0,0.020267820749956512,-0.7460037350322042
fine,0.51,0,0.021785284857483215,-0.6796200041654161
fine,0.51,0,0.02343746587844835,-0.7447608811606867
fine,0.51,0,0.025121232739110988,-0.6730797290676505
fine,0.51,0,0.0269477911858587,-0.7397002196400801
fine,0.51,0,0.028807828666776312,-0.6643649650728851
fine,0.51,0,0.030818249244898316,-0.7327404955274135
fine,0.51,0,0.03286392876920821,-0.6547114723267657
fine,0.51,0,0.03506707405304395,-0.723921187510771
fine,0.51,0,0.037307138889972745,-0.6446271227418177
fine,0.51,0,0.03971121933446277,-0.7135590617324017
fine,0.51,0,0.04215375501486977,-0.6350584335721086
fine,0.51,0,0.04476630117397562,-0.7022790256359279
fine,0.51,0,0.04741870813147699,-0.6269810851301736
fine,0.51,0,0.05024654517716985,-0.6905839754309642
fine,0.51,0,0.0531155137074131,-0.6209942733901659
fine,0.51,0,0.05616473833545335,-0.678725090474487
fine,0.51,0,0.05925622595827445,-0.6171402283046503
fine,0.51,0,0.06253218575892219,-0.6667077677928874
fine,0.51,0,0.06585139705998484,-0.614922901838562
fine,0.51,0,0.06935867242344708,-0.6544192607092565
fine,0.51,0,0.07291004144357194,-0.613521988365122
fine,0.51,0,0.07665243006141248,-0.6418089748141489
fine,0.51,0,0.08043960529318676,-0.6121144850156335
fine,0.51,0,0.0844201093081403,-0.6290337085071336
fine,0.51,0,0.0884459413505739,-0.6101228602847586
fine,0.51,0,0.09266675719824395,-0.6164312986945959
fine,0.51,0,0.09693328911124435,-0.6072197180300491
fine,0.51,0,0.10139580008806262,-0.6043069142606987
fine,0.51,0,0.10590426047936685,-0.6031879169318946
fine,0.51,0,0.11060903206195397,-0.5928366128864162
fine,0.51,0,0.11535983092990898,-0.5980006922520991
fine,0.51,0,0.12030660886168232,-0.582150311795882
fine,0.51,0,0.1252993362079414,-0.591753755187272
fine,0.51,0,0.13048704735943734,-0.5722488149438094
fine,0.51,0,0.135720474576263,-0.5846026795821639
fine,0.51,0,0.14114723057626766,-0.5630566009837474
fine,0.51,0,0.14661931460375263,-0.5767549628048769
fine,0.51,0,0.15228241822895375,-0.5544640210872327
fine,0.51,0,0.15799030846808884,-0.5684386746977546
fine,0.51,0,0.16388626276962218,-0.5463506765571147
fine,0.51,0,0.16982631072781768,-0.5598851777612217
fine,0.51,0,0.17595083086384095,-0.5386331186569386
fine,0.51,0,0.18211860250027934,-0.551363226347662
fine,0.51,0,0.18846663023451493,-0.5313658582933196
fine,0.51,0,0.1948569209635312,-0.5432645957970459
fine,0.51,0,0.20142264178073868,-0.5248448744797365
fine,0.51,0,0.20802949408249635,-0.5360789061561131
fine,0.51,0,0.21480635686295285,-0.5192860636266661
fine,0.51,0,0.22162308044180512,-0.5297294749743104
fine,0.51,0,0.2286038196282186,-0.5141703333936591
fine,0.51,0,0.23562301405054906,-0.5234378138226574
fine,0.51,0,0.24279967423240537,-0.5086755476416236
fine,0.51,0,0.2500132539673545,-0.516598991137883
fine,0.51,0,0.2573772167995085,-0.5023897867775602
fine,0.51,0,0.26477643857785016,-0.5088576800178299
fine,0.51,0,0.27231845194227733,-0.4949248105652544
fine,0.51,0,0.27989394434087417,-0.4996078688050012
fine,0.51,0,0.287604153652909,-0.48548633503048566
fine,0.51,0,0.2953459488046411,-0.487812390465719
fine,0.51,0,0.3032139303577725,-0.4729562351964405
fine,0.51,0,0.3111114976796456,-0.4725042827292196
fine,0.51,0,0.31912629391604297,-0.45673493526307474
fine,0.51,0,0.3271685757413508,-0.4538661005011171
fine,0.51,0,0.3353187323287634,-0.4378049132764694
fine,0.51,0,0.34349418132272164,-0.4336727638436577
fine,0.51,0,0.35176778591232155,-0.4178742800367081
fine,0.51,0,0.3600644041446054,-0.4129186362185955
fine,0.51,0,0.3684491266786016,-0.39748157583662946
fine,0.51,0,0.3768545062205373,-0.3920045187585972
fine,0.51,0,0.3853376406531876,-0.37717728095765857
fine,0.51,0,0.3938390055622576,-0.37152590634225713
fine,0.51,0,0.4024075128531069,-0.35754286584075157
fine,0.51,0,0.4109917624026945,-0.35184692492276004
fine,0.51,0,0.4196323146365595,-0.33877480332404053
fine,0.51,0,0.4282860676446611,-0.333002513487048
fine,0.51,0,0.4369850931290773,-0.32081258596518714
fine,0.51,0,0.44569473323598635,-0.31484733977602475
fine,0.51,0,0.45443846242351704,-0.30346339809369227
fine,0.51,0,0.4631901841652749,-0.2971998580221573
fine,0.51,0,0.47196469624530396,-0.2865601389647163
fine,0.51,0,0.480744551767021,-0.2799850340813552
fine,0.51,0,0.4895358217693684,-0.27007079704950554
fine,0.51,0,0.4983297680203487,-0.26323989230141764
fine,0.51,0,0.5071237142713292,-0.2539831552227345
fine,0.51,0,0.5159176605223097,-0.24688844396175091
fine,0.51,0,0.5247001922926593,-0.238212238800533
fine,0.51,0,0.5334800478143764,-0.23093388905384127
fine,0.51,0,0.5422371129978218,-0.2227924479778769
fine,0.51,0,0.5509888347395797,-0.21539841226313183
fine,0.51,0,0.5597064674007156,-0.20771301625909833
fine,0.51,0,0.5684161075076242,-0.2002646322842807
fine,0.51,0,0.577080475138219,-0.19294989790726458
fine,0.51,0,0.5857342281463206,-0.1855240781468337
fine,0.51,0,0.5943316784701446,-0.17849157962433315
fine,0.51,0,0.602915928019732,-0.17117749025619178
fine,0.51,0,0.6114330351875403,-0.16432459400322053
fine,0.51,0,0.6199344000966108,-0.1572223663752188
fine,0.51,0,0.6283580101149663,-0.15042892350418868
fine,0.51,0,0.6367633896569019,-0.14366017867285263
fine,0.51,0,0.6450806648971263,-0.13679788552907102
fine,0.51,0,0.6533772831294109,-0.13052634687364595
fine,0.51,0,0.6615757457660528,-0.12344507662824045
fine,0.51,0,0.6697511947600107,-0.11785567481058368
fine,0.51,0,0.677818768991861,-0.1103657720489295
fine,0.51,0,0.685861050817165,-0.10568159045316405
fine,0.51,0,0.6937861037279507,-0.09761528369086481
fine,0.51,0,0.7016836710498269,-0.09415700482712719
fine,0.51,0,0.7094550519703017,-0.0853232468844225
fine,0.51,0,0.7171968471220341,-0.08333976834526635
fine,0.51,0,0.7248039253603283,-0.07344920232740537
fine,0.51,0,0.7323794177589253,-0.07312936603642739
fine,0.51,0,0.7398121185714369,-0.06185070200695075
fine,0.51,0,0.747211340349779,-0.06339837446775909
fine,0.51,0,0.754460179030916,-0.05039989296130454
fine,0.51,0,0.7616737587658654,-0.054076363528742455
fine,0.51,0,0.7687298727412896,-0.03903126829872239
fine,0.51,0,0.7757490671636215,-0.04515203472773055
fine,0.51,0,0.7826042459783897,-0.027728566499669594
fine,0.51,0,0.7894209695572407,-0.03663631235225018
fine,0.51,0,0.7960676826573941,-0.016501619315746785
fine,0.51,0,0.8026745349591526,-0.028553451142077524
fine,0.51,0,0.8091059571727188,-0.005391251513870987
fine,0.51,0,0.815496247901735,-0.020936652710281
fine,0.51,0,0.821706282532953,0.005557537651718958
fine,0.51,0,0.8278740541693904,-0.013783400969685555
fine,0.51,0,0.833857353628002,0.0163149514919404
fine,0.51,0,0.8397974015862,-0.00708997158254121
fine,0.51,0,0.845549385481997,0.026814174848923344
fine,0.51,0,0.8512572757211313,-0.0008734435091950488
fine,0.51,0,0.8567741463625497,0.03695629616388629
fine,0.51,0,0.8622462303900343,0.004848539096328541
fine,0.51,0,0.8675249856343406,0.04662533457450557
fine,0.51,0,0.8727584128511666,0.01007114718472557
fine,0.51,0,0.8777968562627554,0.05569134806420817
fine,0.51,0,0.8827895836090152,0.014804257506694896
fine,0.51,0,0.8875863318914524,0.06400921880914334
fine,0.51,0,0.8923371307594036,0.019070641226376805
fine,0.51,0,0.8968916184360778,0.07142234595889907
fine,0.51,0,0.9014000788273858,0.022902476211594136
fine,0.51,0,0.9057125601548727,0.07777709705232538
fine,0.51,0,0.9099790920678725,0.02634829486545709
fine,0.51,0,0.9140506401756365,0.08297198648930426
fine,0.51,0,0.9180764722180702,0.029513170885203444
fine,0.51,0,0.9219089754773243,0.08698757048078198
fine,0.51,0,0.9256961507090988,0.03250923282529272
fine,0.51,0,0.9292923063431576,0.08985254034066603
fine,0.51,0,0.9328436753632825,0.0354144436241044
fine,0.51,0,0.9362069803210072,0.09167466658802292
fine,0.51,0,0.9395261916220695,0.03828628482911556
fine,0.51,0,0.9426609307453062,0.09266983489927816
fine,0.51,0,0.9457524183681275,0.041170968798106444
fine,0.51,0,0.9486636498931509,0.09314613535186056
fine,0.51,0,0.9515326184233944,0.04410555832106622
fine,0.51,0,0.9542261568654459,0.09344776274336553
fine,0.51,0,0.9568785638229476,0.047120724687080395
fine,0.51,0,0.9593609603017502,0.09388221007992503
fine,0.51,0,0.9618034959821578,0.050242306446923624
fine,0.51,0,0.9640820160550021,0.09466742825266472
fine,0.51,0,0.9663220808919292,0.05349216045613059
fine,0.51,0,0.9684046799693332,0.09592011552913426
fine,0.51,0,0.9704503594936449,0.05688857380043044
fine,0.51,0,0.9723456559207502,0.09767593382574946
fine,0.51,0,0.9742056934016674,0.060446174612985626
fine,0.51,0,0.9759229392964994,0.09991810745227303
fine,0.51,0,0.977606706157162,0.06417196443855633
fine,0.51,0,0.9791557561043863,0.10259994626572155
fine,0.51,0,0.9806732202119135,0.0680638845830921
fine,0.51,0,0.9820644979180408,0.10567488255605195
fine,0.51,0,0.9834261898554257,0.07213262051132507
fine,0.51,0,0.9846706528782887,0.10910562012615876
fine,0.51,0,0.9858876303122419,0.07637842363603187
fine,0.51,0,0.9869967329840885,0.11285001358102997
fine,0.51,0,0.9880805432493895,0.08079748303357404
fine,0.51,0,0.9890661979190487,0.1168907717610691
fine,0.51,0,0.9900288389460237,0.08540796904505443
fine,0.51,0,0.9909033756712872,0.12124176384688734
fine,0.51,0,0.9917572553886107,0.09025153614898807
fine,0.51,0,0.9925333802152202,0.12594833426587382
fine,0.51,0,0.9932912745654094,0.09539889951827984
fine,0.51,0,0.993982026533819,0.13109769043205033
fine,0.51,0,0.9946570362434897,0.10096532325158969
fine,0.51,0,0.995275743268884,0.136827090427326
fine,0.51,0,0.9958812495200423,0.1070960911113833
fine,0.51,0,0.9964414832948851,0.14321597232047734
fine,0.51,0,0.9969911024472353,0.11359709421917652
fine,0.51,0,0.9975066325189638,0.1491754795724367
fine,0.51,0,0.9980141700364649,0.11648428594739824
fine,0.51,0,0.9984989172156951,0.1410420358405412
fine,0.51,0,0.9989783209532372,0.05451756282526732
fine,0.51,0,0.9994463102101492,0.09942112484940568
fine,0.51,0,0.9999116232184282,-0.13931635696861733
fine,0.51,1,0.0003769362267073388,0.23100292735954153
fine,0.51,1,0.0008422492349858611,0.2594977513982647
fine,0.51,1,0.0013189767238955385,0.3810671953305652
fine,0.51,1,0.0017983804614377266,0.33226148488270935
fine,0.51,1,0.002300574537251744,0.41999497558655485
fine,0.51,1,0.0028081120547533305,0.38613989131745685
fine,0.51,1,0.0033497386528767285,0.45842938847119186
fine,0.51,1,0.0038993578052271384,0.4227621667885597
fine,0.51,1,0.004494249433891626,0.4793221561740515
fine,0.51,1,0.005099755685049032,0.44441977330998195
fine,0.51,1,0.005761564620484152,0.48874682802570923
fine,0.51,1,0.006436574330156183,0.45601785804860895
fine,0.51,1,0.0071787264216068465,0.4897739605606056
fine,0.51,1,0.00793662077179589,0.4601297285321434
fine,0.51,1,0.008772270012699283,0.4842187185321817
fine,0.51,1,0.009626149730022618,0.4583630510143032
fine,0.51,1,0.010568133749057428,0.4733264064454945
fine,0.51,1,0.011530774776031951,0.4518788223886616
fine,0.51,1,0.012591571398649245,0.4580924923696912
fine,0.51,1,0.01367538166395072,0.441626114423321
fine,0.51,1,0.014867066691358354,0.43939680804666204
fine,0.51,1,0.016084044125311583,0.428419411960571
fine,0.51,1,0.017418250473786444,0.41798405210855893
fine,0.51,1,0.018779942411171507,0.41291722852000434
fine,0.51,1,0.020267820749956512,0.3944298454872811
fine,0.51,1,0.021785284857483437,0.39571492416857634
fine,0.51,1,0.02343746587844835,0.36943726223537166
fine,0.51,1,0.025121232739110988,0.3775230675638578
fine,0.51,1,0.0269477911858587,0.3438103877592593
fine,0.51,1,0.028807828666776312,0.3586555717694435
fine,0.51,1,0.030818249244898316,0.3178516372624176
fine,0.51,1,0.03286392876920821,0.33931086564155244
fine,0.51,1,0.03506707405304395,0.2920496843902203
fine,0.51,1,0.03730713888997252,0.3195619547554055
fine,0.51,1,0.03971121933446255,0.2667775093008554
fine,0.51,1,0.04215375501486977,0.2992424013025098
fine,0.51,1,0.04476630117397562,0.24225154695430695
fine,0.51,1,0.04741870813147699,0.27803669923327723
fine,0.51,1,0.05024654517717008,0.21860894429611766
fine,0.51,1,0.053115513707413325,0.25564249943566275
fine,0.51,1,0.056164738335453795,0.19595706894076115
fine,0.51,1,0.05925622595827467,0.23194052953087874
fine,0.51,1,0.06253218575892242,0.17440208378490307
fine,0.51,1,0.06585139705998506,0.20710311097165146
fine,0.51,1,0.06935867242344732,0.15403696570530634
fine,0.51,1,0.07291004144357194,0.18158239526132236
fine,0.51,1,0.07665243006141248,0.13489533231477568
fine,0.51,1,0.08043960529318676,0.15597909430098122
fine,0.51,1,0.0844201093081403,0.11689706343238859
fine,0.51,1,0.0884459413505739,0.13087557595442523
fine,0.51,1,0.09266675719824417,0.09984825122349616
fine,0.51,1,0.09693328911124435,0.10674868641731705
fine,0.51,1,0.10139580008806284,0.08353107870991472
fine,0.51,1,0.10590426047936685,0.08397020970509406
fine,0.51,1,0.11060903206195419,0.06777410687367191
fine,0.51,1,0.11535983092990944,0.0627494586569034
fine,0.51,1,0.12030660886168276,0.052437151385009595
fine,0.51,1,0.12529933620794162,0.043164413061688944
fine,0.51,1,0.13048704735943734,0.03746346555562319
fine,0.51,1,0.135720474576263,0.025197089548034235
fine,0.51,1,0.14114723057626766,0.022861716169385593
fine,0.51,1,0.14661931460375263,0.008751591258569502
fine,0.51,1,0.15228241822895375,0.008680559687146872
fine,0.51,1,0.15799030846808884,-0.006317997703672473
fine,0.51,1,0.16388626276962218,-0.005013102638790956
fine,0.51,1,0.1698263107278179,-0.020188371293324847
fine,0.51,1,0.17595083086384117,-0.0181697848749669
fine,0.51,1,0.18211860250027934,-0.03307742201821262
fine,0.51,1,0.18846663023451493,-0.030824163712762642
fine,0.51,1,0.1948569209635312,-0.04528828428418619
fine,0.51,1,0.20142264178073868,-0.04317030181055559
fine,0.51,1,0.20802949408249635,-0.05719534269788773
fine,0.51,1,0.21480635686295285,-0.055397629806653415
fine,0.51,1,0.22162308044180512,-0.06884624625674585
fine,0.51,1,0.22860381962821838,-0.06727302998502993
fine,0.51,1,0.23562301405054906,-0.07985503423864837
fine,0.51,1,0.24279967423240514,-0.07833969173944544
fine,0.51,1,0.2500132539673545,-0.08990646697584026
fine,0.51,1,0.2573772167995085,-0.08835940198214476
fine,0.51,1,0.26477643857785016,-0.09879998484960795
fine,0.51,1,0.27231845194227733,-0.09709428311106638
fine,0.51,1,0.27989394434087417,-0.1061458718687116
fine,0.51,1,0.287604153652909,-0.10401938975007452
fine,0.51,1,0.2953459488046411,-0.11123910396720516
fine,0.51,1,0.3032139303577725,-0.10834005678173075
fine,0.51,1,0.3111114976796456,-0.11337709214107528
fine,0.51,1,0.31912629391604297,-0.10953799745302706
fine,0.51,1,0.3271685757413508,-0.11259895969204847
fine,0.51,1,0.3353187323287634,-0.10814974546855893
fine,0.51,1,0.34349418132272164,-0.11004400690695282
fine,0.51,1,0.35176778591232155,-0.10530272171678123
fine,0.51,1,0.3600644041446054,-0.10635330004652088
fine,0.51,1,0.3684491266786016,-0.10137150480331347
fine,0.51,1,0.3768545062205373,-0.10180661158003645
fine,0.51,1,0.3853376406531876,-0.0967616598006722
fine,0.51,1,0.3938390055622576,-0.09684596479556706
fine,0.51,1,0.4024075128531069,-0.09193085138207224
fine,0.51,1,0.4109917624026945,-0.0917694147219772
fine,0.51,1,0.4196323146365595,-0.08707693846626419
fine,0.51,1,0.4282860676446611,-0.08665180175818898
fine,0.51,1,0.4369850931290773,-0.08221126658370737
fine,0.51,1,0.44569473323598635,-0.0814370865277445
fine,0.51,1,0.45443846242351704,-0.07723861466638238
fine,0.51,1,0.4631901841652749,-0.07603749421585237
fine,0.51,1,0.47196469624530396,-0.07207170136142382
fine,0.51,1,0.480744551767021,-0.07043899660134345
fine,0.51,1,0.4895358217693684,-0.066718902242487
fine,0.51,1,0.4983297680203491,-0.06470783371924305
fine,0.51,1,0.5071237142713292,-0.06120352114609662
fine,0.51,1,0.5159176605223093,-0.05881823623750804
fine,0.51,1,0.5247001922926591,-0.0554871782232782
fine,0.51,1,0.5334800478143762,-0.05280386485932942
fine,0.51,1,0.5422371129978218,-0.04962307712731695
fine,0.51,1,0.5509888347395797,-0.04670955664722709
fine,0.51,1,0.5597064674007156,-0.04362807502847721
fine,0.51,1,0.5684161075076242,-0.04054759334338809
fine,0.51,1,0.5770804751382188,-0.037506165384390666
fine,0.51,1,0.5857342281463206,-0.03433552753484026
fine,0.51,1,0.5943316784701448,-0.03126957118493334
fine,0.51,1,0.6029159280197325,-0.028097022351816214
fine,0.51,1,0.6114330351875408,-0.024927559920718823
fine,0.51,1,0.6199344000966113,-0.02185167856319148
fine,0.51,1,0.6283580101149667,-0.018482099104173644
fine,0.51,1,0.6367633896569024,-0.015621292563225975
fine,0.51,1,0.6450806648971266,-0.011944489362814226
fine,0.51,1,0.6533772831294113,-0.009455239659617254
fine,0.51,1,0.661575745766053,-0.005342321426978103
fine,0.51,1,0.6697511947600107,-0.0034020148734505984
fine,0.51,1,0.677818768991865,0.0013124496566019328
fine,0.51,1,0.6858610508171741,0.0024911589999125905
fine,0.51,1,0.6937861037279569,0.007957820813110805
fine,0.51,1,0.7016836710498282,0.008074913252646976
fine,0.51,1,0.7094550519703021,0.014464447017505933
fine,0.51,1,0.7171968471220341,0.013280261924823233
fine,0.51,1,0.7248039253603288,0.020846238920442683
fine,0.51,1,0.7323794177589256,0.01817330734979461
fine,0.51,1,0.7398121185714369,0.02720779272230467
fine,0.51,1,0.747211340349779,0.02284586982137249
fine,0.51,1,0.754460179030916,0.033645716765149825
fine,0.51,1,0.7616737587658654,0.02734292327165111
fine,0.51,1,0.7687298727412891,0.040205169128822105
fine,0.51,1,0.7757490671636206,0.03166028760982553
fine,0.51,1,0.782604245978388,0.04688963477857
fine,0.51,1,0.7894209695572381,0.03577545598277598
fine,0.51,1,0.7960676826573924,0.05367965447253986
fine,0.51,1,0.8026745349591513,0.039655152546870354
fine,0.51,1,0.8091059571727184,0.06052841979348422
fine,0.51,1,0.815496247901735,0.043258897751741965
fine,0.51,1,0.8217062825329516,0.06738462060463168
fine,0.51,1,0.8278740541693878,0.04657854857773336
fine,0.51,1,0.8338573536280006,0.07421066819668365
fine,0.51,1,0.8397974015861995,0.049608268522729815
fine,0.51,1,0.845549385481997,0.08093645801404903
fine,0.51,1,0.8512572757211313,0.05232510903819654
fine,0.51,1,0.8567741463625501,0.08746298466687374
fine,0.51,1,0.8622462303900352,0.05470720116294536
fine,0.51,1,0.867524985634341,0.09367564773006143
fine,0.51,1,0.8727584128511666,0.05674590010859293
fine,0.51,1,0.8777968562627554,0.0994469195507145
fine,0.51,1,0.8827895836090152,0.0584478456740567
fine,0.51,1,0.8875863318914529,0.10463522005718784
fine,0.51,1,0.8923371307594045,0.059832933730225024
fine,0.51,1,0.8968916184360782,0.10908801205588725
fine,0.51,1,0.9014000788273854,0.06093063558139056
fine,0.51,1,0.9057125601548722,0.11265523325353899
fine,0.51,1,0.9099790920678725,0.06178560632566332
fine,0.51,1,0.9140506401756365,0.11523498838406532
fine,0.51,1,0.9180764722180702,0.062494579644854054
fine,0.51,1,0.9219089754773243,0.11680315903087801
fine,0.51,1,0.9256961507090988,0.0631606361743906
fine,0.51,1,0.9292923063431576,0.11738377804009137
fine,0.51,1,0.9328436753632825,0.06385519413654361
fine,0.51,1,0.9362069803210072,0.11707884639655652
fine,0.51,1,0.9395261916220704,0.06463023754356989
fine,0.51,1,0.9426609307453062,0.11609565435264113
fine,0.51,1,0.9457524183681275,0.06552720009053292
fine,0.51,1,0.9486636498931509,0.11473103788670336
fine,0.51,1,0.9515326184233944,0.06657888203276419
fine,0.51,1,0.9542261568654459,0.11331584797186955
fine,0.51,1,0.9568785638229476,0.06781194708595262
fine,0.51,1,0.9593609603017502,0.11214397539312015
fine,0.51,1,0.9618034959821578,0.06924856879805963
fine,0.51,1,0.9640820160550053,0.11142118418063873
fine,0.51,1,0.9663220808919363,0.0709070472638681
fine,0.51,1,0.9684046799693381,0.1112543192503922
fine,0.51,1,0.9704503594936458,0.0728023458140925
fine,0.51,1,0.9723456559207506,0.11167158505207153
fine,0.51,1,0.9742056934016678,0.07494560113640936
fine,0.51,1,0.9759229392964999,0.1126507142506219
fine,0.51,1,0.9776067061571625,0.07734068364595414
fine,0.51,1,0.9791557561043868,0.11414108944424894
fine,0.51,1,0.9806732202119135,0.07998211603116834
fine,0.51,1,0.9820644979180408,0.11609230115092883
fine,0.51,1,0.9834261898554266,0.08287648451917129
fine,0.51,1,0.9846706528782891,0.11846362910641939
fine,0.51,1,0.9858876303122419,0.08601991595406566
fine,0.51,1,0.9869967329840885,0.12120962510440147
fine,0.51,1,0.9880805432493891,0.08940397100521158
fine,0.51,1,0.9890661979190487,0.12430848890848956
fine,0.51,1,0.9900288389460241,0.09304029169677996
fine,0.51,1,0.9909033756712872,0.12776845514797763
fine,0.51,1,0.9917572553886107,0.09696317525349663
fine,0.51,1,0.9925333802152202,0.1316274581210366
fine,0.51,1,0.9932912745654094,0.10123247895359089
fine,0.51,1,0.993982026533819,0.13596232595158086
fine,0.51,1,0.9946570362434901,0.10595088773985983
fine,0.51,1,0.995275743268884,0.14089640790692237
fine,0.51,1,0.9958812495200419,0.11124578248777472
fine,0.51,1,0.9964414832948851,0.14648464347729173
fine,0.51,1,0.9969911024472353,0.11690135703997595
fine,0.51,1,0.9975066325189638,0.1515964122474417
fine,0.51,1,0.9980141700364658,0.11892208208131028
fine,0.51,1,0.9984989172156955,0.14253483604042783
fine,0.51,1,0.9989783209532377,0.05616989455040966
fine,0.51,1,0.9994463102101492,0.10014403634588376
fine,0.51,1,0.9999116232184282,-0.13931635696861733
