level,eta,side,x/c,Cp
coarse,0.041,0,0.0023044980454044774,0.02255764019443407
coarse,0.041,0,0.007108177944596803,-0.1651371947394995
coarse,0.041,0,0.01643229336709025,-0.41267058174286
coarse,0.041,0,0.030658730340076178,-0.4730070492927172
coarse,0.041,0,0.049143324466784724,-0.461347745081208
coarse,0.041,0,0.07224580451897009,-0.4781346045495509
coarse,0.041,0,0.09918052476388403,-0.516656176925921
coarse,0.041,0,0.1302712325428834,-0.4640529224634957
coarse,0.041,0,0.16462099271215588,-0.5068903195107202
coarse,0.041,0,0.20250512975389215,-0.4682723815317096
coarse,0.041,0,0.24294988782778495,-0.47066993465089824
coarse,0.041,0,0.2861715879914122,-0.4528585493516384
coarse,0.041,0,0.33115707459882815,-0.40940853649799136
coarse,0.041,0,0.3780553521860695,-0.3983139081075491
coarse,0.041,0,0.42585280030483735,-0.3259233295682522
coarse,0.041,0,0.4746253808088694,-0.31893129537683484
coarse,0.041,0,0.5233979613129015,-0.24219268417342787
coarse,0.041,0,0.5721705418169336,-0.23743289898259734
coarse,0.041,0,0.6200439517894383,-0.16287655018081315
coarse,0.041,0,0.666942229376678,-0.1562181092048056
coarse,0.041,0,0.7120767205201308,-0.09037652656876927
coarse,0.041,0,0.7552984206837602,-0.0783686342624299
coarse,0.041,0,0.7959594998152317,-0.02677545585172858
coarse,0.041,0,0.8338436368569675,-0.007898667401871284
coarse,0.041,0,0.8684687215084296,0.0283170470650026
coarse,0.041,0,0.8995594292874267,0.05461797557384729
coarse,0.041,0,0.9268178968736974,0.07365657677206405
coarse,0.041,0,0.9499203769258852,0.10120656809704154
coarse,0.041,0,0.9687646998243492,0.12866988388248712
coarse,0.041,0,0.982991136797335,0.12716587411531077
coarse,0.041,0,0.9926971382470196,0.21040397429443458
coarse,0.041,0,0.9975008181462115,0.2012504078829856
coarse,0.041,1,0.0024991818537882663,0.4098142944183879
coarse,0.041,1,0.007302861752980592,0.48705851509380516
coarse,0.041,1,0.017008863202665366,0.39715580313795995
coarse,0.041,1,0.031235300175651293,0.3240158684350042
coarse,0.041,1,0.050079623074114066,0.18057113405153002
coarse,0.041,1,0.07318210312629947,0.13793601008945433
coarse,0.041,1,0.10044057071257025,0.060584440898085457
coarse,0.041,1,0.13153127849156948,0.0033752018362197544
coarse,0.041,1,0.16615636314303278,-0.021118440776253466
coarse,0.041,1,0.2040405001847691,-0.05646329222497859
coarse,0.041,1,0.24470157931623984,-0.07623029825908345
coarse,0.041,1,0.287923279479867,-0.08401056099552595
coarse,0.041,1,0.33305777062331954,-0.09099078736351118
coarse,0.041,1,0.3799560482105609,-0.07102734284837742
coarse,0.041,1,0.4278294581830664,-0.06510509465148573
coarse,0.041,1,0.47660203868709844,-0.0410831449088882
coarse,0.041,1,0.5253746191911305,-0.02803127606328104
coarse,0.041,1,0.5741471996951626,-0.00743054510523411
coarse,0.041,1,0.62194464781393,0.013019792400134067
coarse,0.041,1,0.6688429254011706,0.025133825497417606
coarse,0.041,1,0.7138284120085872,0.05081976024242574
coarse,0.041,1,0.7570501121722157,0.04964305794080903
coarse,0.041,1,0.797494870246109,0.0768089809922674
coarse,0.041,1,0.8353790072878443,0.06433134168606391
coarse,0.041,1,0.8697287674571158,0.0897009921898706
coarse,0.041,1,0.9008194752361142,0.07106290717868746
coarse,0.041,1,0.9277541954810281,0.09900642772539603
coarse,0.041,1,0.9508566755332147,0.07361404441562824
coarse,0.041,1,0.969341269659924,0.13448682163998005
coarse,0.041,1,0.9835677066329104,0.08572538789535833
coarse,0.041,1,0.9928918220554037,0.21419196811339059
coarse,0.041,1,0.9976955019545953,0.2012504078829856
medium,0.041,0,0.0006298031388411241,0.08130872058083827
medium,0.041,0,0.0027685877953883657,-0.07064622080817129
medium,0.041,0,0.006156202623297518,-0.30480002298526965
medium,0.041,0,0.012535961394482981,-0.4122320967560258
medium,0.041,0,0.020132406400237265,-0.42619325864603796
medium,0.041,0,0.03064397984468277,-0.4952226702445115
medium,0.041,0,0.042319277748101285,-0.4904653133490622
medium,0.041,0,0.056782809929813334,-0.4966267499416399
medium,0.041,0,0.07233719314676418,-0.5456041184759564
medium,0.041,0,0.09050520902006498,-0.49551623882574636
medium,0.041,0,0.10967253774121653,-0.5496363292115582
medium,0.041,0,0.13123417751738845,-0.5035162487533322
medium,0.041,0,0.15368649343413437,-0.5322817700614981
medium,0.041,0,0.1782728314785911,-0.504452396740227
medium,0.041,0,0.20362596924063783,-0.516230677813359
medium,0.041,0,0.23081632649281789,-0.5007671364239532
medium,0.041,0,0.2586364868838387,-0.49832268422648496
medium,0.041,0,0.28796562879256526,-0.486791183857993
medium,0.041,0,0.31777680115506446,-0.4605878282801026
medium,0.041,0,0.3487428979707076,-0.4491937228449405
medium,0.041,0,0.38003500488034525,-0.40439399958377265
medium,0.041,0,0.41210821810096254,-0.3951132173738676
medium,0.041,0,0.4443458429327021,-0.34470615230211044
medium,0.041,0,0.4769773909877151,-0.338703263392915
medium,0.041,0,0.5096089390427281,-0.28664425082585954
medium,0.041,0,0.5422404870977411,-0.282478994959819
medium,0.041,0,0.5747076235416317,-0.23008108588879317
medium,0.041,0,0.6067808367622488,-0.22606549211630966
medium,0.041,0,0.6385280398888712,-0.1753601201226327
medium,0.041,0,0.6694941367045127,-0.17015077264773226
medium,0.041,0,0.6999782030663829,-0.12394800571215958
medium,0.041,0,0.7293073449751108,-0.11645019063053308
medium,0.041,0,0.7580066837449979,-0.07647553438427601
medium,0.041,0,0.7851970409971781,-0.06562994856823545
medium,0.041,0,0.8116205985317686,-0.032119503008434025
medium,0.041,0,0.8362069365762255,-0.01688298705118285
medium,0.041,0,0.8599025984801081,0.00918987681102812
medium,0.041,0,0.88146423825628,0.031379805646045034
medium,0.041,0,0.9020265651846009,0.045262559106021394
medium,0.041,0,0.9201945810579019,0.07878001382399669
medium,0.041,0,0.9372717458959638,0.07434484913553974
medium,0.041,0,0.9517352780776763,0.11794746634768205
medium,0.041,0,0.9650350858004161,0.09984943828324078
medium,0.041,0,0.9755466592448644,0.1382541949882542
medium,0.041,0,0.984841546454742,0.14363922958801678
medium,0.041,0,0.9912213052259243,0.15462421321860953
medium,0.041,0,0.9963522338257458,0.2163851597963714
medium,0.041,0,0.9984910184822932,0.21837939563999853
medium,0.041,1,0.0015089815177065913,0.3773348161833944
medium,0.041,1,0.003647766174253833,0.4426943190530742
medium,0.041,1,0.008778694774077386,0.47772591802674536
medium,0.041,1,0.015158453545262863,0.44023428520410346
medium,0.041,1,0.02445334075513953,0.3311862883330515
medium,0.041,1,0.034964914199585063,0.3013738030876052
medium,0.041,1,0.04826472192232413,0.19277237610505094
medium,0.041,1,0.06272825410403621,0.14605503580051937
medium,0.041,1,0.07980541894209817,0.09804885248627604
medium,0.041,1,0.09797343481539895,0.030006735552650654
medium,0.041,1,0.11853576174372005,0.02448055076972433
medium,0.041,1,0.1400974015198919,-0.028743543793072535
medium,0.041,1,0.16379306342377475,-0.02842931754222544
medium,0.041,1,0.1883794014682317,-0.06261948232006076
medium,0.041,1,0.2148029590028218,-0.06698358836335117
medium,0.041,1,0.2419933162550018,-0.09149803797462797
medium,0.041,1,0.2706926550248877,-0.09613041787899834
medium,0.041,1,0.30002179693361436,-0.1087077147747515
medium,0.041,1,0.3305058632954851,-0.10471881144668238
medium,0.041,1,0.36147196011112825,-0.101349542797331
medium,0.041,1,0.3932191632377512,-0.09040289035482996
medium,0.041,1,0.4252923764583686,-0.08138584648913727
medium,0.041,1,0.4577595129022591,-0.06917006457443464
medium,0.041,1,0.490391060957272,-0.058654171931870724
medium,0.041,1,0.5230226090122849,-0.04581410458055157
medium,0.041,1,0.5556541570672976,-0.034377569985240664
medium,0.041,1,0.5878917818990373,-0.020249558805200074
medium,0.041,1,0.6199649951196546,-0.009112649703501674
medium,0.041,1,0.6512571020292917,0.00634855121459954
medium,0.041,1,0.6822231988449341,0.01558121273241131
medium,0.041,1,0.7120343712074335,0.031792536269783955
medium,0.041,1,0.7413635131161606,0.03706731001206098
medium,0.041,1,0.7691836735071816,0.053850815240918615
medium,0.041,1,0.7963740307593623,0.05486463489997695
medium,0.041,1,0.821727168521409,0.07246006756030432
medium,0.041,1,0.8463135065658655,0.06934962369568443
medium,0.041,1,0.8687658224826115,0.08782170136286294
medium,0.041,1,0.8903274622587836,0.08045786096835528
medium,0.041,1,0.9094947909799351,0.10007460936701185
medium,0.041,1,0.9276628068532354,0.08746366512417592
medium,0.041,1,0.9432171900701865,0.10863772440599417
medium,0.041,1,0.9576807222518986,0.09342549542349687
medium,0.041,1,0.9693560201553155,0.11548471809434957
medium,0.041,1,0.9798675935997588,0.10079163946152747
medium,0.041,1,0.9874640386055139,0.15214497570703567
medium,0.041,1,0.9938437973767018,0.11515168678705867
medium,0.041,1,0.9972314122046115,0.22318719131653197
medium,0.041,1,0.9993701968611587,0.21837939563999853
fine,0.041,0,0.0004480406333373282,0.17367732151134307
fine,0.041,0,0.0013993661104007816,0.07094511998191289
fine,0.041,0,0.0032433629943846645,-0.12366419961705377
fine,0.041,0,0.006090099264269121,-0.23145797945425817
fine,0.041,0,0.009819303312903357,-0.30411398634100295
fine,0.041,0,0.014539784993688167,-0.3932510085465528
fine,0.041,0,0.020125814712407503,-0.405034823381343
fine,0.041,0,0.02668411608819727,-0.4570586645819765
fine,0.041,0,0.03408445841790568,-0.48965538053777635
fine,0.041,0,0.04243066685522064,-0.47808628778666606
fine,0.041,0,0.05158900072234004,-0.5402275941764072
fine,0.041,0,0.061659596535392866,-0.49431414677657126
fine,0.041,0,0.07250622148924095,-0.5546806814662715
fine,0.041,0,0.0842245613631026,-0.5105657188003228
fine,0.041,0,0.09667692803840967,-0.5513278624807751
fine,0.041,0,0.10995382833091312,-0.5184769979685004
fine,0.041,0,0.12391716669833545,-0.5443541522539732
fine,0.041,0,0.13865158218144313,-0.5203203827891101
fine,0.041,0,0.15401962280471032,-0.5386382122660587
fine,0.041,0,0.17009941567971232,-0.5207767451773515
fine,0.041,0,0.18675519849020525,-0.534663622246399
fine,0.041,0,0.2040579918240797,-0.5220297198964681
fine,0.041,0,0.2218747562575731,-0.5319165416312712
fine,0.041,0,0.2402688653453335,-0.5233665197509223
fine,0.041,0,0.2591110150664317,-0.5263430475245716
fine,0.041,0,0.27845644963125676,-0.5195118512776811
fine,0.041,0,0.2981805845033822,-0.509939677015218
fine,0.041,0,0.31833011410713985,-0.5029520024844636
fine,0.041,0,0.33878612155415694,-0.47986047570137846
fine,0.041,0,0.35958639610994403,-0.4730235706520498
fine,0.041,0,0.38061859356350597,-0.44219277559813563
fine,0.041,0,0.4019113104224036,-0.43701498936539496
fine,0.041,0,0.4233596301603007,-0.40340498794386703
fine,0.041,0,0.44498273889011863,-0.40045540407185554
fine,0.041,0,0.4666839462482959,-0.36545470633046184
fine,0.041,0,0.48847288193521055,-0.36434476591264575
fine,0.041,0,0.5102618176221239,-0.32801523705524116
fine,0.041,0,0.5320507533090361,-0.32818118797211904
fine,0.041,0,0.5537615903675911,-0.29080036925238084
fine,0.041,0,0.5753846990974117,-0.2917783978692645
fine,0.041,0,0.5968522049482315,-0.2537549001404249
fine,0.041,0,0.6181449218071291,-0.2551141721568977
fine,0.041,0,0.6392057157682519,-0.21697350158989837
fine,0.041,0,0.6600059903240388,-0.21831138228906877
fine,0.041,0,0.6804997870365663,-0.18090441382113998
fine,0.041,0,0.7006493166403239,-0.1818155409446478
fine,0.041,0,0.7204201459367814,-0.14611555068460458
fine,0.041,0,0.7397655805016063,-0.1460397829968798
fine,0.041,0,0.758662974433095,-0.11246545230580862
fine,0.041,0,0.7770570835208583,-0.11070636267463718
fine,0.041,0,0.7949372215089999,-0.07953291278817831
fine,0.041,0,0.8122400148428718,-0.07552492563047064
fine,0.041,0,0.8289668182412541,-0.04717080379817462
fine,0.041,0,0.845046611116256,-0.04054014888411306
fine,0.041,0,0.8604927788510984,-0.015363168523904625
fine,0.041,0,0.8752271943342061,-0.00549757378646043
fine,0.041,0,0.8892751717423949,0.015371767953862858
fine,0.041,0,0.9025520720348982,0.03018407265902856
fine,0.041,0,0.9150949455259563,0.04368515242718929
fine,0.041,0,0.9268132853998179,0.06695692657202656
fine,0.041,0,0.9377555961328843,0.06765413768308837
fine,0.041,0,0.9478261919459375,0.10384888995737374
fine,0.041,0,0.9570846623291859,0.08605046636426483
fine,0.041,0,0.9654308707665002,0.1356117815413913
fine,0.041,0,0.9729350382498976,0.10143724017064837
fine,0.041,0,0.9794933396256904,0.15399128648598104
fine,0.041,0,0.9851860929635461,0.11834329707828062
fine,0.041,0,0.989906574644328,0.16353966520706165
fine,0.041,0,0.9937445885463614,0.15615423459252353
fine,0.041,0,0.9965913248162458,0.17776316138415016
fine,0.041,0,0.9985453896792099,0.22243436487426316
fine,0.041,0,0.9994967151562733,0.22862395432153737
fine,0.041,1,0.0005032848437266687,0.384850515416862
fine,0.041,1,0.0014546103207902336,0.4329250295313515
fine,0.041,1,0.003408675183754191,0.5141846755538588
fine,0.041,1,0.006255411453638424,0.5067547887381469
fine,0.041,1,0.010093425355673397,0.4597486157583861
fine,0.041,1,0.014813907036458318,0.4427646369311161
fine,0.041,1,0.020506660374313663,0.348799275717964
fine,0.041,1,0.027064961750103537,0.32507638466781696
fine,0.041,1,0.034569129233499876,0.2481091361028872
fine,0.041,1,0.04291533767081472,0.19444981899200775
fine,0.041,1,0.052173808054063055,0.16520064949227187
fine,0.041,1,0.06224440386711588,0.0970578823664443
fine,0.041,1,0.07318671460018225,0.09409641036178007
fine,0.041,1,0.0849050544740439,0.037259347708190615
fine,0.041,1,0.09744792796510195,0.03957511466501029
fine,0.041,1,0.11072482825760542,-0.0007600866373693727
fine,0.041,1,0.12477280566579409,0.00020930240904482034
fine,0.041,1,0.13950722114890157,-0.029375897219917846
fine,0.041,1,0.15495338888374394,-0.030160801301921225
fine,0.041,1,0.171033181758746,-0.05380386674782689
fine,0.041,1,0.18775998515712947,-0.056266100054730206
fine,0.041,1,0.20506277849100402,-0.07660243868610572
fine,0.041,1,0.22294291647914555,-0.08077764880827587
fine,0.041,1,0.24133702556690587,-0.09821040691771366
fine,0.041,1,0.26023441949839315,-0.1022815573298701
fine,0.041,1,0.2795798540632182,-0.11443357195514992
fine,0.041,1,0.29935068335967563,-0.11471666112548529
fine,0.041,1,0.31950021296343345,-0.11801438172710066
fine,0.041,1,0.33999400967596116,-0.11339889416105864
fine,0.041,1,0.3607942842317481,-0.11025006811587201
fine,0.041,1,0.3818550781928707,-0.10335562965752976
fine,0.041,1,0.40314779505176823,-0.09775884883644914
fine,0.041,1,0.42461530090258687,-0.0908019002288798
fine,0.041,1,0.4462384096324049,-0.08430276140957038
fine,0.041,1,0.4679492466909603,-0.07755179345865204
fine,0.041,1,0.4897381823778748,-0.07003104665928372
fine,0.041,1,0.5115271180647899,-0.0631119572733454
fine,0.041,1,0.5333160537517052,-0.054712206583408474
fine,0.041,1,0.5550172611098825,-0.047450437909594134
fine,0.041,1,0.5766403698396997,-0.03847975573645401
fine,0.041,1,0.5980886895775965,-0.03080817447977191
fine,0.041,1,0.6193814064364941,-0.02158277446487822
fine,0.041,1,0.6404136038900559,-0.01351060086505984
fine,0.041,1,0.6612138784458429,-0.004437694563022898
fine,0.041,1,0.6816698858928599,0.0038420985214024928
fine,0.041,1,0.7018194154966175,0.012086722850197296
fine,0.041,1,0.721543550368743,0.020357772795409845
fine,0.041,1,0.7408889849335678,0.027253122927572204
fine,0.041,1,0.7597311346546676,0.035710232948391374
fine,0.041,1,0.7781252437424311,0.04138004931961725
fine,0.041,1,0.7959420081759242,0.05035313481970949
fine,0.041,1,0.8132448015097951,0.05458520582471782
fine,0.041,1,0.8299005843202867,0.0642903019777551
fine,0.041,1,0.8459803771952892,0.06692471627003216
fine,0.041,1,0.861348417818557,0.07777941082416961
fine,0.041,1,0.8760828333016647,0.07855589122278495
fine,0.041,1,0.8900461716690871,0.09131461170575272
fine,0.041,1,0.9033230719615903,0.08925230997742739
fine,0.041,1,0.9157754386368973,0.10506791958950223
fine,0.041,1,0.9274937785107589,0.09813423694001389
fine,0.041,1,0.9383404034646071,0.11835247268603599
fine,0.041,1,0.94841099927766,0.10387690125646243
fine,0.041,1,0.9575693331447793,0.12846397721789526
fine,0.041,1,0.965915541582094,0.10734494133279815
fine,0.041,1,0.973315883911801,0.13128344088905697
fine,0.041,1,0.9798741852875887,0.11299633570377143
fine,0.041,1,0.9854602150063083,0.13513670644613196
fine,0.041,1,0.9901806966870957,0.12063432516831873
fine,0.041,1,0.9939099007357312,0.169546583408979
fine,0.041,1,0.9967566370056153,0.13476014572686323
fine,0.041,1,0.9986006338895991,0.2327403218043923
fine,0.041,1,0.9995519593666624,0.22862395432153737
ultra,0.041,0,7.564898191210454e-05,0.21511381067307678
ultra,0.041,0,0.0004986094140953062,0.15112355490498686
ultra,0.041,0,0.001072611837893365,0.0023252259058924585
ultra,0.041,0,0.002340061970224305,-0.08108186622781366
ultra,0.041,0,0.0037577870436731977,-0.17126637354882002
ultra,0.041,0,0.005865438226106952,-0.25955594634076884
ultra,0.041,0,0.008122088816329179,-0.29057619216324415
ultra,0.041,0,0.011062809424425163,-0.3703469110540414
ultra,0.041,0,0.01415074974014894,-0.38173860947032057
ultra,0.041,0,0.017914589306232704,-0.43249607050038175
ultra,0.041,0,0.02182337073489413,-0.45895933883194884
ultra,0.041,0,0.026397593617288957,-0.4661736916240309
ultra,0.041,0,0.031113990079828933,-0.5130119415677721
ultra,0.041,0,0.03648311855623792,-0.4877803736266313
ultra,0.041,0,0.04199117125996784,-0.5414830464463656
ultra,0.041,0,0.04813703789918318,-0.5052784383818119
ultra,0.041,0,0.05441810933728581,-0.5533534057036951
ultra,0.041,0,0.0613199184720293,-0.5192082086808962
ultra,0.041,0,0.06835275548698487,-0.5575329091830048
ultra,0.041,0,0.07598715357986047,-0.5285991317361916
ultra,0.041,0,0.08374795927740226,-0.5589576637714573
ultra,0.041,0,0.09208911394187538,-0.5340311658966228
ultra,0.041,0,0.10055162821214804,-0.5593593569334576
ultra,0.041,0,0.10957131562116446,-0.5373218222313143
ultra,0.041,0,0.11870690399462318,-0.5589221241068687
ultra,0.041,0,0.1283746043811055,-0.5396307213654803
ultra,0.041,0,0.1381523549184967,-0.5578243212505252
ultra,0.041,0,0.14843535584457485,-0.5413929105043047
ultra,0.041,0,0.15882218373315382,-0.5565019706506289
ultra,0.041,0,0.1696856907787029,-0.5429401872682944
ultra,0.041,0,0.1806464502807685,-0.555583603587561
ultra,0.041,0,0.19205370477670697,-0.5448004532127599
ultra,0.041,0,0.20355130815164976,-0.5557471380044239
ultra,0.041,0,0.21546371155964478,-0.5473817088573392
ultra,0.041,0,0.22745925455712468,-0.5561614944014397
ultra,0.041,0,0.23983649907482613,-0.5495821709013102
ultra,0.041,0,0.2522893925744394,-0.5546689425769227
ultra,0.041,0,0.26508959752432393,-0.5488376830348378
ultra,0.041,0,0.2779577048763384,-0.5484282100360744
ultra,0.041,0,0.2911375584166642,-0.5424049459303961
ultra,0.041,0,0.30437733801910366,-0.5345139449419984
ultra,0.041,0,0.3178922436974761,-0.5280305914183427
ultra,0.041,0,0.3314588963271204,-0.5134213884334111
ultra,0.041,0,0.3452631239807651,-0.5069141167089961
ultra,0.041,0,0.359110744379537,-0.4882790037577116
ultra,0.041,0,0.3731575848716995,-0.48259465671464197
ultra,0.041,0,0.3872393170755308,-0.46189446585196103
ultra,0.041,0,0.4014812403444082,-0.45744857488176094
ultra,0.041,0,0.4157494362289884,-0.4358138127682496
ultra,0.041,0,0.4301382521144135,-0.4326602636938395
ultra,0.041,0,0.44454463262135996,-0.4102779101293983
ultra,0.041,0,0.4590316539250486,-0.40824402760291023
ultra,0.041,0,0.4735274724229581,-0.3850387495788532
ultra,0.041,0,0.48806367965057706,-0.38390800955372595
ultra,0.041,0,0.502599886878196,-0.35990239588046635
ultra,0.041,0,0.517136094105815,-0.35951207400884155
ultra,0.041,0,0.5316635041392129,-0.3348000390607557
ultra,0.041,0,0.5461505254429015,-0.33501010529994346
ultra,0.041,0,0.5606199821250687,-0.30971385355275016
ultra,0.041,0,0.5750087980104936,-0.3103965396325752
ultra,0.041,0,0.589371341280216,-0.28463143508947875
ultra,0.041,0,0.6036132645490937,-0.28565760678749896
ultra,0.041,0,0.6178202961063024,-0.25955754996068925
ultra,0.041,0,0.6318671365984647,-0.2608077842681582
ultra,0.041,0,0.6458705843455,-0.23456070370209758
ultra,0.041,0,0.6596748119991446,-0.2359288030662765
ultra,0.041,0,0.6734272927015179,-0.20980573563177063
ultra,0.041,0,0.6869421983798931,-0.2112054803920227
ultra,0.041,0,0.7003971779961538,-0.1855824314450112
ultra,0.041,0,0.7135770315364768,-0.18687259285632352
ultra,0.041,0,0.7266889826746705,-0.16191861485185366
ultra,0.041,0,0.7394891876245548,-0.16289094005301363
ultra,0.041,0,0.7522137435925276,-0.13855188078535918
ultra,0.041,0,0.7645909881102311,-0.13897700805541202
ultra,0.041,0,0.776885093038448,-0.11530291357771572
ultra,0.041,0,0.7887974964464363,-0.1150249573333515
ultra,0.041,0,0.8006195509754225,-0.0921645021451789
ultra,0.041,0,0.8120268054713659,-0.0910995278613127
ultra,0.041,0,0.8233368075107917,-0.06914018883477846
ultra,0.041,0,0.8342003145563404,-0.06723742088270734
ultra,0.041,0,0.8449599946393885,-0.0462202374911751
ultra,0.041,0,0.8552429955654671,-0.043390911381343544
ultra,0.041,0,0.8654159463406369,-0.02347208442154991
ultra,0.041,0,0.8750836467271192,-0.019463475130646835
ultra,0.041,0,0.8846354461491593,-0.0011138612855219332
ultra,0.041,0,0.8936551335581757,0.004723663495633024
ultra,0.041,0,0.9025534613613926,0.02044764076901817
ultra,0.041,0,0.9108946160258656,0.02949002612793883
ultra,0.041,0,0.9191093630856723,0.04078099714508543
ultra,0.041,0,0.9267437611785477,0.05540320451392111
ultra,0.041,0,0.9342471313912113,0.059295525934220494
ultra,0.041,0,0.9411489405259547,0.0828749375641864
ultra,0.041,0,0.947915544861811,0.07487419211242807
ultra,0.041,0,0.9540614115010265,0.11111361456217572
ultra,0.041,0,0.9600683539129208,0.08613650312770449
ultra,0.041,0,0.9654374823893292,0.13697078975220478
ultra,0.041,0,0.970664437285593,0.09335350440047963
ultra,0.041,0,0.9752386601679882,0.1547344793980675
ultra,0.041,0,0.9796679411878053,0.09934130599548618
ultra,0.041,0,0.9834317807538889,0.16057435433783485
ultra,0.041,0,0.9870484006123449,0.10703204120921184
ultra,0.041,0,0.9899891212204409,0.16357119571182988
ultra,0.041,0,0.9927808424207487,0.11946366769846872
ultra,0.041,0,0.9948884936031824,0.17032514993009729
ultra,0.041,0,0.9968458698444985,0.15327677673608542
ultra,0.041,0,0.99811331997683,0.18443026990879363
ultra,0.041,0,0.9992297281175461,0.21411562794599692
ultra,0.041,0,0.9996526885497286,0.22092497456585708
ultra,0.041,1,0.0003473114502716686,0.3700534393044955
ultra,0.041,1,0.0007702718824549817,0.40251445064858327
ultra,0.041,1,0.001886680023170995,0.5008567721044859
ultra,0.041,1,0.0031541301555018234,0.5056949313225352
ultra,0.041,1,0.005111506396817514,0.5240221854916602
ultra,0.041,1,0.007219157579251156,0.5199037532731474
ultra,0.041,1,0.010010878779558762,0.4772224689112802
ultra,0.041,1,0.012951599387654871,0.47484019299085456
ultra,0.041,1,0.016568219246110866,0.40405806656521326
ultra,0.041,1,0.020332058812194617,0.39229104749589994
ultra,0.041,1,0.024761339832011876,0.32887273827972197
ultra,0.041,1,0.029335562714406828,0.294301664027559
ultra,0.041,1,0.034562517610670515,0.2589497913106985
ultra,0.041,1,0.039931646087079276,0.20639680129235327
ultra,0.041,1,0.04593858849897367,0.1947117657768177
ultra,0.041,1,0.05208445513818912,0.1386366153896187
ultra,0.041,1,0.05885105947404532,0.13770829817662944
ultra,0.041,1,0.06575286860878879,0.08792117628704765
ultra,0.041,1,0.07325623882145219,0.08977191363082648
ultra,0.041,1,0.08089063691432762,0.04865829649581288
ultra,0.041,1,0.08910538397413459,0.050906779303296124
ultra,0.041,1,0.09744653863860782,0.016730213012293937
ultra,0.041,1,0.10634486644182468,0.01919303865247346
ultra,0.041,1,0.1153645538508411,-0.009883460258044874
ultra,0.041,1,0.12491635327288109,-0.007334441856406748
ultra,0.041,1,0.1345840536593634,-0.0322104525897875
ultra,0.041,1,0.14475700443453268,-0.02997687277997363
ultra,0.041,1,0.15504000536061088,-0.051245902123366216
ultra,0.041,1,0.16579968544365925,-0.04970733201452204
ultra,0.041,1,0.17666319248920834,-0.06801629546724985
ultra,0.041,1,0.18797319452863007,-0.06747570016076154
ultra,0.041,1,0.1993804490245684,-0.0836821270320467
ultra,0.041,1,0.2112025035535591,-0.0843841406756527
ultra,0.041,1,0.22311490696155417,-0.09927537235696371
ultra,0.041,1,0.2354090118897707,-0.10083997017731794
ultra,0.041,1,0.2477862564074722,-0.11378445782138136
ultra,0.041,1,0.2605108123754449,-0.11527453019543565
ultra,0.041,1,0.2733110173253294,-0.12576186835269687
ultra,0.041,1,0.2864229684635253,-0.12599195391768125
ultra,0.041,1,0.2996028220038511,-0.13282644197225468
ultra,0.041,1,0.31305780162010993,-0.1305412873686509
ultra,0.041,1,0.3265727072984825,-0.1326415777055998
ultra,0.041,1,0.3403251880008555,-0.12806569688415292
ultra,0.041,1,0.35412941565450007,-0.12730699196555162
ultra,0.041,1,0.3681328634015353,-0.12170254036706596
ultra,0.041,1,0.3821797038936978,-0.11925471482306049
ultra,0.041,1,0.3963867354509064,-0.11355050412030665
ultra,0.041,1,0.4106286587197837,-0.11037650767903373
ultra,0.041,1,0.4249912019895062,-0.10504255940283147
ultra,0.041,1,0.4393800178749313,-0.10143325297463268
ultra,0.041,1,0.4538494745570984,-0.09643165189930536
ultra,0.041,1,0.468336495860787,-0.09225831441730059
ultra,0.041,1,0.482863905894185,-0.08741780415965428
ultra,0.041,1,0.4974001131218039,-0.08269830726651128
ultra,0.041,1,0.5119363203494229,-0.07791948864062448
ultra,0.041,1,0.526472527577042,-0.07269337843291468
ultra,0.041,1,0.5409683460749517,-0.06793196911248556
ultra,0.041,1,0.5554553673786404,-0.062308609760035605
ultra,0.041,1,0.5698617478855869,-0.05754600488179662
ultra,0.041,1,0.5842505637710117,-0.051600369323334894
ultra,0.041,1,0.598518759655592,-0.04682002438005428
ultra,0.041,1,0.6127606829244695,-0.040638576679546734
ultra,0.041,1,0.6268424151283006,-0.03583841266209853
ultra,0.041,1,0.6408892556204631,-0.029504011699486465
ultra,0.041,1,0.6547368760192348,-0.02471589241703498
ultra,0.041,1,0.6685411036728794,-0.018358646415146396
ultra,0.041,1,0.6821077563025257,-0.013665819189558892
ultra,0.041,1,0.6956226619809008,-0.00745475068964474
ultra,0.041,1,0.7088624415833388,-0.0030002292366000383
ultra,0.041,1,0.7220422951236621,0.002810193570014552
ultra,0.041,1,0.7349104024756759,0.0070071182377541286
ultra,0.041,1,0.7477106074255598,0.012547667837132792
ultra,0.041,1,0.7601635009251753,0.016611480183617244
ultra,0.041,1,0.7725407454428793,0.022026030019224763
ultra,0.041,1,0.7845362884403615,0.026002930658717394
ultra,0.041,1,0.7964486918483588,0.03133552637881254
ultra,0.041,1,0.8079462952232978,0.03517670059372757
ultra,0.041,1,0.8193535497192311,0.04046572315657848
ultra,0.041,1,0.8303143092212959,0.0441378246180093
ultra,0.041,1,0.8411778162668451,0.04950415209021297
ultra,0.041,1,0.8515646441554247,0.05306746246463956
ultra,0.041,1,0.8618476450815035,0.0585671652296017
ultra,0.041,1,0.8716253956188948,0.062246962209880796
ultra,0.041,1,0.8812930960053771,0.06773666673322887
ultra,0.041,1,0.8904286843788359,0.07205731682526473
ultra,0.041,1,0.8994483717878525,0.07700387497096906
ultra,0.041,1,0.9079108860581249,0.08296228355344071
ultra,0.041,1,0.9162520407225979,0.0862473645018994
ultra,0.041,1,0.9240128464201396,0.09549234890698877
ultra,0.041,1,0.9316472445130151,0.09533701340638112
ultra,0.041,1,0.9386800815279706,0.11000550590416247
ultra,0.041,1,0.945581890662714,0.1035974458981389
ultra,0.041,1,0.9518629621008167,0.1256735782797297
ultra,0.041,1,0.958008828740032,0.10945709988995977
ultra,0.041,1,0.963516881443762,0.13963420020483197
ultra,0.041,1,0.9688860099201707,0.11157727003695816
ultra,0.041,1,0.9736024063827106,0.14701884614965388
ultra,0.041,1,0.9781766292651056,0.11152575810342635
ultra,0.041,1,0.9820854106937671,0.14384764424118235
ultra,0.041,1,0.985849250259851,0.11315699066142293
ultra,0.041,1,0.9889371905755749,0.13741043804184128
ultra,0.041,1,0.9918779111836711,0.11890983997105786
ultra,0.041,1,0.9941345617738928,0.14242892255973905
ultra,0.041,1,0.996242212956326,0.12666300140103026
ultra,0.041,1,0.9976599380297755,0.17353450095424372
ultra,0.041,1,0.9989273881621071,0.14041847463932366
ultra,0.041,1,0.9995013905859049,0.22958286939823158
ultra,0.041,1,0.9999243510180876,0.22092497456585708
extended,0.041,0,0.00028424673363580964,0.2676211696967149
extended,0.041,0,0.0006268630449922516,0.210751299230037
extended,0.041,0,0.0015371937230809264,0.07724657929607681
extended,0.041,0,0.0025641035696560544,0.0030765198524942416
extended,0.041,0,0.004156392616806329,-0.0909941343596885
extended,0.041,0,0.00586478131009022,-0.17040978012464114
extended,0.041,0,0.008134664372702159,-0.21972563687435875
extended,0.041,0,0.010519849338034765,-0.29024186127743934
extended,0.041,0,0.013461104824412286,-0.3224045435411318
extended,0.041,0,0.01651654843559695,-0.3660017559116484
extended,0.041,0,0.020121114568895416,-0.4080061781006492
extended,0.041,0,0.023838442067374167,-0.4143277587984009
extended,0.041,0,0.02809643898237242,-0.4698772081552989
extended,0.041,0,0.032465461431860305,-0.4487293216212549
extended,0.041,0,0.03736521825498429,-0.5055540913847414
extended,0.041,0,0.04237396046863454,-0.47410626687004553
extended,0.041,0,0.04790204730700999,-0.52356008932405
extended,0.041,0,0.05353678067056824,-0.4925772058639142
extended,0.041,0,0.0596780454224238,-0.5333008744770962
extended,0.041,0,0.0659233255234062,-0.5059058326122714
extended,0.041,0,0.07266093540893094,-0.53978708241212
extended,0.041,0,0.07949964436868454,-0.5155327236275244
extended,0.041,0,0.08681513206750788,-0.5442553454159018
extended,0.041,0,0.09422852546012704,-0.5223876780556806
extended,0.041,0,0.10210183972895978,-0.5468474856978185
extended,0.041,0,0.11006959795845385,-0.5273108503431683
extended,0.041,0,0.11847915859015257,-0.5479235308339203
extended,0.041,0,0.12697944258504676,-0.5308679139124386
extended,0.041,0,0.13590219955846133,-0.5480646547206831
extended,0.041,0,0.14491171063117309,-0.5334890346103403
extended,0.041,0,0.15432320728965254,-0.5477709974060361
extended,0.041,0,0.16381725099657482,-0.5355807523950757
extended,0.041,0,0.1736916910819635,-0.5474154207849566
extended,0.041,0,0.1836442449092186,-0.53754587899308
extended,0.041,0,0.19395456326760627,-0.5475403788145721
extended,0.041,0,0.20433834795694733,-0.5398967217699193
extended,0.041,0,0.21505628472237512,-0.5485634505386805
extended,0.041,0,0.22584283904173677,-0.5428503174718995
extended,0.041,0,0.23693901709452525,-0.5496457965844563
extended,0.041,0,0.2480987758482819,-0.5453403490974549
extended,0.041,0,0.2595427813356744,-0.549116894971158
extended,0.041,0,0.27104515640078775,-0.5454615006816717
extended,0.041,0,0.28280562209920596,-0.5449733873948235
extended,0.041,0,0.2946190862651424,-0.5412508583700466
extended,0.041,0,0.3066637775555678,-0.5348650213097612
extended,0.041,0,0.31875595093819326,-0.5307265105631491
extended,0.041,0,0.331051854159014,-0.5184281368616153
extended,0.041,0,0.343389592951602,-0.5140959496757851
extended,0.041,0,0.35590300588676815,-0.4978375249357756
extended,0.041,0,0.3684524932048749,-0.49392857790393196
extended,0.041,0,0.38114911745932767,-0.4754746345258607
extended,0.041,0,0.393875956030518,-0.4724434719059407
extended,0.041,0,0.4067209910397076,-0.4529223350604836
extended,0.041,0,0.4195902974840899,-0.450928643761791
extended,0.041,0,0.43254853589990333,-0.4308711127936198
extended,0.041,0,0.4455250363430476,-0.42987501647563664
extended,0.041,0,0.4585609605347035,-0.40926434854093685
extended,0.041,0,0.4716090872908809,-0.4091223724507873
extended,0.041,0,0.48468696669628597,-0.3878977865167119
extended,0.041,0,0.497770955757022,-0.38847237130774404
extended,0.041,0,0.5108549448177578,-0.3666452926456676
extended,0.041,0,0.5239389338784937,-0.36784134030032645
extended,0.041,0,0.5369931702900023,-0.3454550831761445
extended,0.041,0,0.5500412970461795,-0.3471913997061029
extended,0.041,0,0.5630300000538461,-0.3243112516718476
extended,0.041,0,0.5760065004969911,-0.326519159573466
extended,0.041,0,0.5888940689687036,-0.3031938991533516
extended,0.041,0,0.6017633754130851,-0.30580495256630047
extended,0.041,0,0.6145144854194678,-0.2820880858473229
extended,0.041,0,0.6272413239906581,-0.2850402408697217
extended,0.041,0,0.639821025625504,-0.26100237050365194
extended,0.041,0,0.6523705129436128,-0.2642401579563285
extended,0.041,0,0.66474432611914,-0.23998560145088788
extended,0.041,0,0.6770820649117262,-0.24346857936131228
extended,0.041,0,0.6892160738661183,-0.2191797712063257
extended,0.041,0,0.7013082472487432,-0.22286302850409778
extended,0.041,0,0.7131691935068799,-0.19874926208800092
extended,0.041,0,0.7249826576728167,-0.20252601779703983
extended,0.041,0,0.7365380312054478,-0.1785919221170289
extended,0.041,0,0.7480404062705608,-0.18227877596474373
extended,0.041,0,0.7592585346020407,-0.1584188208194406
extended,0.041,0,0.7704182933558001,-0.1617947453147104
extended,0.041,0,0.7812684283761282,-0.13802831621127676
extended,0.041,0,0.7920549826954871,-0.14089324632482603
extended,0.041,0,0.8025073849387615,-0.11735903672328685
extended,0.041,0,0.8128911696281025,-0.11953626762725622
extended,0.041,0,0.8229171897863115,-0.09639123728400989
extended,0.041,0,0.8328697436135672,-0.0977319618792345
extended,0.041,0,0.8424419010623558,-0.07509767938017697
extended,0.041,0,0.851935944769278,-0.0755020037018237
extended,0.041,0,0.8610280028904324,-0.053494967317767816
extended,0.041,0,0.870037513963144,-0.052915965188411906
extended,0.041,0,0.8786245520573354,-0.031672900465901765
extended,0.041,0,0.8871248360522297,-0.03006314624421158
extended,0.041,0,0.8951833176449191,-0.009832187876975151
extended,0.041,0,0.903151075874413,-0.006981904864160615
extended,0.041,0,0.9106589132276935,0.011725541477166423
extended,0.041,0,0.9180723066203128,0.01645790248022727
extended,0.041,0,0.9250089212738621,0.03271202687376684
extended,0.041,0,0.9318476302336158,0.0407269541024603
extended,0.041,0,0.9381940094088271,0.05273332179694734
extended,0.041,0,0.9444392895098094,0.06649262369823006
extended,0.041,0,0.9501780382224942,0.07107235257064803
extended,0.041,0,0.9558127715860524,0.09411545322481896
extended,0.041,0,0.9609281603248786,0.08645580997710745
extended,0.041,0,0.9659369025385206,0.12273810532300644
extended,0.041,0,0.9704149103785398,0.09726254341422491
extended,0.041,0,0.9747839328280354,0.14898216728103386
extended,0.041,0,0.9786122858610082,0.10352030239273691
extended,0.041,0,0.9823296133594904,0.16663545948644776
extended,0.041,0,0.9854978183358547,0.10816204747951774
extended,0.041,0,0.9885532619470377,0.1711964199404894
extended,0.041,0,0.9910526350371776,0.11440615849507318
extended,0.041,0,0.9934378200025105,0.17210475719755425
extended,0.041,0,0.9952615105985136,0.12544305081532847
extended,0.041,0,0.9969698992917959,0.17735108162477808
extended,0.041,0,0.9981129087845042,0.15772779044270424
extended,0.041,0,0.9991398186310791,0.19060658528128305
extended,0.041,0,0.9995990141109222,0.21721273030464183
extended,0.041,0,0.9999416304222787,0.22261224857800171
extended,0.041,1,5.836957772107843e-05,0.39958939858821785
extended,0.041,1,0.0004009858890775205,0.4314133781422522
extended,0.041,1,0.0008601813689204018,0.5156091970463222
extended,0.041,1,0.0018870912154955158,0.5255017317115303
extended,0.041,1,0.003030100708204261,0.5430159054181884
extended,0.041,1,0.004738489401488153,0.5433799416098417
extended,0.041,1,0.0065621799974926705,0.5074274356495905
extended,0.041,1,0.008947364962825166,0.5043556617999021
extended,0.041,1,0.011446738052964846,0.44319520627514253
extended,0.041,1,0.014502181664149622,0.4279400080144895
extended,0.041,1,0.01767038664051471,0.37216052027832836
extended,0.041,1,0.02138771413899347,0.3358000293972959
extended,0.041,1,0.02521606717196187,0.3023795568669162
extended,0.041,1,0.029585089621449897,0.2513490922377609
extended,0.041,1,0.03406309746146408,0.23764449641185892
extended,0.041,1,0.03907183967511422,0.1844724992694733
extended,0.041,1,0.04418722841394716,0.18067495259804545
extended,0.041,1,0.04982196177750547,0.13310574932753627
extended,0.041,1,0.05556071049019058,0.13258125320476633
extended,0.041,1,0.06180599059117295,0.09217219980086444
extended,0.041,1,0.06815236976638424,0.09263683570707826
extended,0.041,1,0.07499107872613782,0.058448667201830395
extended,0.041,1,0.0819276933796872,0.059611835764893484
extended,0.041,1,0.08934108677230636,0.030433586761724807
extended,0.041,1,0.09684892412558689,0.03207238703899562
extended,0.041,1,0.10481668235508107,0.007136143191716737
extended,0.041,1,0.11287516394777067,0.008798410430122083
extended,0.041,1,0.12137544794266472,-0.012501557158693055
extended,0.041,1,0.1299624860368559,-0.011203675553080217
extended,0.041,1,0.13897199710956756,-0.02952516497001656
extended,0.041,1,0.14806405523072208,-0.02881886761823793
extended,0.041,1,0.15755809893764458,-0.04478768565283242
extended,0.041,1,0.1671302563864336,-0.04481409809312731
extended,0.041,1,0.17708281021368869,-0.05897414989088978
extended,0.041,1,0.18710883037189713,-0.05992913622580032
extended,0.041,1,0.1974926150612382,-0.07297671014702112
extended,0.041,1,0.20794501730451304,-0.07498583316899587
extended,0.041,1,0.2187315716238745,-0.0872763071207332
extended,0.041,1,0.22958170664420427,-0.08992751813795663
extended,0.041,1,0.2407414653979611,-0.10082689495229236
extended,0.041,1,0.25195959372943877,-0.10339353738304413
extended,0.041,1,0.2634619687945521,-0.11253816392799032
extended,0.041,1,0.27501734232718356,-0.11418200566410297
extended,0.041,1,0.28683080649311976,-0.12070404019963221
extended,0.041,1,0.2986917527512561,-0.12036617208076272
extended,0.041,1,0.3107839261338816,-0.12314612521257651
extended,0.041,1,0.3229179350882744,-0.12066954742094826
extended,0.041,1,0.3352556738808624,-0.12065978269536504
extended,0.041,1,0.34762948705639096,-0.11695620586417599
extended,0.041,1,0.36017897437449764,-0.11536833008630887
extended,0.041,1,0.37275867600934176,-0.11126182460420964
extended,0.041,1,0.3854855145805322,-0.10873743170486216
extended,0.041,1,0.3982366245869151,-0.10472828492320829
extended,0.041,1,0.4111059310312972,-0.10178681877480678
extended,0.041,1,0.4239934995030102,-0.09805886385780882
extended,0.041,1,0.43696999994615443,-0.09473532241877702
extended,0.041,1,0.44995870295381996,-0.09117696766202665
extended,0.041,1,0.46300682970999746,-0.08735266055434066
extended,0.041,1,0.476061066121506,-0.08384849543083539
extended,0.041,1,0.48914505518224205,-0.07956508101461046
extended,0.041,1,0.502229044242978,-0.07605712723385882
extended,0.041,1,0.5153130333037139,-0.07132219929890926
extended,0.041,1,0.5283909127091188,-0.06778295854167937
extended,0.041,1,0.5414390394652961,-0.06268027683377841
extended,0.041,1,0.5544749636569525,-0.05910540870954484
extended,0.041,1,0.5674514641000991,-0.05368525032560867
extended,0.041,1,0.5804097025159141,-0.050067906388550076
extended,0.041,1,0.593279008960294,-0.04439196605470919
extended,0.041,1,0.6061240439694818,-0.04073556244063403
extended,0.041,1,0.6188508825406722,-0.03486399287638031
extended,0.041,1,0.6315475067951254,-0.031188250497489856
extended,0.041,1,0.6440969941132342,-0.025200614186452697
extended,0.041,1,0.6566104070484019,-0.021549623736795143
extended,0.041,1,0.6689481458409884,-0.015540778826970802
extended,0.041,1,0.6812440490618078,-0.012009138468332514
extended,0.041,1,0.6933362224444324,-0.006158789888321525
extended,0.041,1,0.7053809137348572,-0.0028540022846819113
extended,0.041,1,0.7171943779007938,0.0026949477847167946
extended,0.041,1,0.728954843599212,0.005804865794840741
extended,0.041,1,0.7404572186643251,0.011178155889965513
extended,0.041,1,0.7519012241517179,0.01422040737029373
extended,0.041,1,0.7630609829054783,0.019505380912946846
extended,0.041,1,0.7741571609582691,0.022545460280903762
extended,0.041,1,0.7849437152776274,0.027753542312645707
extended,0.041,1,0.7956616520430524,0.030788013371499723
extended,0.041,1,0.8060454367323937,0.03591799120265249
extended,0.041,1,0.8163557550907814,0.03892187431698335
extended,0.041,1,0.8263083089180363,0.044042577549982864
extended,0.041,1,0.8361827490034249,0.046994338496659016
extended,0.041,1,0.8456767927103471,0.05222383360483773
extended,0.041,1,0.8550882893688265,0.055087861246969405
extended,0.041,1,0.8640978004415383,0.060518863846199866
extended,0.041,1,0.8730205574149528,0.06329133799895648
extended,0.041,1,0.8815208414098472,0.06896459347967232
extended,0.041,1,0.8899304020415459,0.07178222363069309
extended,0.041,1,0.8978981602710403,0.07753545555037322
extended,0.041,1,0.9057714745398732,0.08086808262642697
extended,0.041,1,0.9131848679324923,0.08621760580129223
extended,0.041,1,0.9205003556313156,0.09112808326523669
extended,0.041,1,0.927339064591069,0.09513558486973572
extended,0.041,1,0.9340766744765934,0.10337712838472546
extended,0.041,1,0.9403219545775761,0.10417664366372781
extended,0.041,1,0.9464632193294319,0.11798269367342351
extended,0.041,1,0.95209795269299,0.1125760415362913
extended,0.041,1,0.9576260395313655,0.13410163610891934
extended,0.041,1,0.9626347817450167,0.11857729020585794
extended,0.041,1,0.9675345385681413,0.148719314492466
extended,0.041,1,0.9719035610176281,0.12048057722974181
extended,0.041,1,0.9761615579326252,0.1565494132062093
extended,0.041,1,0.9798788854311016,0.11960018490713276
extended,0.041,1,0.9834834515643988,0.1529443890004557
extended,0.041,1,0.9865388951755855,0.11999243231056878
extended,0.041,1,0.9894801506619648,0.14497657961276622
extended,0.041,1,0.9918653356272993,0.12442123371280545
extended,0.041,1,0.9941352186899126,0.14858007974113685
extended,0.041,1,0.9958436073831949,0.13107841916550933
extended,0.041,1,0.997435896430344,0.17831690993770555
extended,0.041,1,0.998462806276919,0.1441000587985739
extended,0.041,1,0.999373136955008,0.2328041907489199
extended,0.041,1,0.999715753266364,0.22261224857800171
verification,0.041,0,0.00013365798635342366,0.2608937480669231
verification,0.041,0,0.0004168231906012679,0.21037993542637978
verification,0.041,0,0.0009670015892277397,0.08524588860800708
verification,0.041,0,0.0018158557417087074,0.017386642531474372
verification,0.041,0,0.0029308154394741544,-0.0740523340620649
verification,0.041,0,0.004343435612511893,-0.15028705863323166
verification,0.041,0,0.006020650867092013,-0.1999146825121123
verification,0.041,0,0.007993837021648686,-0.2727516825978
verification,0.041,0,0.010229508401042545,-0.30019968238526595
verification,0.041,0,0.01275879063583378,-0.3541897182313072
verification,0.041,0,0.015547853625298876,-0.3853074861478487
verification,0.041,0,0.01862750230255989,-0.4073008914249805
verification,0.041,0,0.02196363877736783,-0.45251170540792973
verification,0.041,0,0.02558667750232516,-0.4442074015664752
verification,0.041,0,0.02946233004034558,-0.4968858076095284
verification,0.041,0,0.03362055146499451,-0.4717372760225049
verification,0.041,0,0.038026940466687226,-0.5216462506612589
verification,0.041,0,0.04271092488207583,-0.49206140526741016
verification,0.041,0,0.047638068459107584,-0.5348032544863994
verification,0.041,0,0.0528372051340063,-0.5067347020654622
verification,0.041,0,0.05827394172143826,-0.5429870426383239
verification,0.041,0,0.06397645293905953,-0.5176794862025973
verification,0.041,0,0.06991046657988197,-0.5489705629480404
verification,0.041,0,0.0761034343181963,-0.5259395576809351
verification,0.041,0,0.08252128256293223,-0.5532003467393074
verification,0.041,0,0.08919067775814363,-0.5320372893414551
verification,0.041,0,0.09607782211632065,-0.5557750817427605
verification,0.041,0,0.10320853644320764,-0.5365228212286035
verification,0.041,0,0.1105493753177148,-0.5570474848918687
verification,0.041,0,0.11812525541484713,-0.5398453488452748
verification,0.041,0,0.1259031594445705,-0.5574812349160874
verification,0.041,0,0.13390704350686755,-0.5423463147515601
verification,0.041,0,0.14210439323754107,-0.5574591082356273
verification,0.041,0,0.15051814989327966,-0.5443366421896587
verification,0.041,0,0.15911637569121778,-0.5572506481595834
verification,0.041,0,0.1679209450754253,-0.546081836230998
verification,0.041,0,0.1769005691937144,-0.5571218543580083
verification,0.041,0,0.18607600612488445,-0.5478871593489192
verification,0.041,0,0.19541668682674337,-0.5575742694907801
verification,0.041,0,0.20494220598909518,-0.5501795045893771
verification,0.041,0,0.21462278362845413,-0.5587807739355628
verification,0.041,0,0.2244768066573543,-0.5529622677479904
verification,0.041,0,0.2344753516122574,-0.5598379606182393
verification,0.041,0,0.24463555597615672,-0.5551403146272575
verification,0.041,0,0.25492941832640936,-0.5594018451793945
verification,0.041,0,0.26537278789455687,-0.5552323587245691
verification,0.041,0,0.2759386487310798,-0.5559805509511822
verification,0.041,0,0.28664152591246067,-0.5517637116838778
verification,0.041,0,0.29745545016211966,-0.5476645584711661
verification,0.041,0,0.30839358949751067,-0.5430274145872112
verification,0.041,0,0.3194310801437538,-0.5336035928597884
verification,0.041,0,0.33057970322947905,-0.5286707415699752
verification,0.041,0,0.3418157568059602,-0.515369968981318
verification,0.041,0,0.35314960842495824,-0.5106014435894244
verification,0.041,0,0.3645587716564314,-0.4949936369986543
verification,0.041,0,0.3760521769894321,-0.49087940449726974
verification,0.041,0,0.3876086044516027,-0.4739261217562829
verification,0.041,0,0.39923552723885686,-0.47066872312260477
verification,0.041,0,0.4109130399065831,-0.45310251609250507
verification,0.041,0,0.42264714142836435,-0.45077273635917425
verification,0.041,0,0.4344192859795692,-0.43277144284101765
verification,0.041,0,0.446233984721845,-0.43128254306129965
verification,0.041,0,0.4580740934627981,-0.4127636832243837
verification,0.041,0,0.46994262533290815,-0.41199532437092246
verification,0.041,0,0.48182387660912995,-0.3929290340426199
verification,0.041,0,0.49371935556506547,-0.3927750514431143
verification,0.041,0,0.5056148345210011,-0.37317759912631
verification,0.041,0,0.5175103134769368,-0.373566134665432
verification,0.041,0,0.5293930730267606,-0.35346992334890714
verification,0.041,0,0.5412616048968707,-0.3543339782696957
verification,0.041,0,0.5531047267683031,-0.33379806029616255
verification,0.041,0,0.5649194255105789,-0.3350824675129913
verification,0.041,0,0.576696081223431,-0.3141465687286813
verification,0.041,0,0.5884301827452121,-0.3157947813742208
verification,0.041,0,0.6001136943865213,-0.29450369149222744
verification,0.041,0,0.6117406171737757,-0.29646177084138037
verification,0.041,0,0.62330451783186,-0.27486334028977
verification,0.041,0,0.6347979231648607,-0.27708493499887643
verification,0.041,0,0.6462160168853861,-0.25525799407238314
verification,0.041,0,0.6575498685043841,-0.25769786351284263
verification,0.041,0,0.6687962896326267,-0.235736327517994
verification,0.041,0,0.6799449127183529,-0.2383702701648065
verification,0.041,0,0.690994184493226,-0.21645276071199726
verification,0.041,0,0.701932323828616,-0.21923727648481006
verification,0.041,0,0.7127594160957278,-0.19752324336099258
verification,0.041,0,0.7234622932771071,-0.2003675099298825
verification,0.041,0,0.7340426791901123,-0.17882189549617822
verification,0.041,0,0.7444860487582612,-0.18158189647764966
verification,0.041,0,0.7547957603400582,-0.1601242677354413
verification,0.041,0,0.7649559647039622,-0.162646870795496
verification,0.041,0,0.7749716471418587,-0.14129392482803182
verification,0.041,0,0.7848256701707546,-0.14345576426718099
verification,0.041,0,0.7945246347226449,-0.12229592809514589
verification,0.041,0,0.8040501538849967,-0.1240036728839955
verification,0.041,0,0.8134104292766596,-0.10313492356287313
verification,0.041,0,0.8225858662078297,-0.10431948435226834
verification,0.041,0,0.8315862484049178,-0.08379130505415544
verification,0.041,0,0.8403908177891244,-0.08441622585052988
verification,0.041,0,0.8490109180311326,-0.06425674299227269
verification,0.041,0,0.8574246746868724,-0.06431320077908254
verification,0.041,0,0.865644965674235,-0.04457065995444487
verification,0.041,0,0.8736488497365317,-0.044052073588907614
verification,0.041,0,0.8814507098662354,-0.024824062483108644
verification,0.041,0,0.8890265899633633,-0.023651208760434583
verification,0.041,0,0.8963923455128753,-0.005197753468314303
verification,0.041,0,0.9035230598397671,-0.003081743786413238
verification,0.041,0,0.9104360250036909,0.01409333391812495
verification,0.041,0,0.9171054201989024,0.01784546107440088
verification,0.041,0,0.923549934887692,0.032869793414298076
verification,0.041,0,0.9297429026260062,0.03959574087288764
verification,0.041,0,0.9357043679411192,0.050857264394193136
verification,0.041,0,0.9414068791587403,0.06277612437904434
verification,0.041,0,0.9468717904638285,0.06753826545572927
verification,0.041,0,0.9520709271387275,0.08780758701877145
verification,0.041,0,0.9570269046519833,0.081973525641161
verification,0.041,0,0.9617108890673712,0.11431360411219094
verification,0.041,0,0.966146705905716,0.09271525307370454
verification,0.041,0,0.9703049273303648,0.14009033361222367
verification,0.041,0,0.9742105349419508,0.09880075564699164
verification,0.041,0,0.9778335736669082,0.16045520708706484
verification,0.041,0,0.9812001245943186,0.10169243205202094
verification,0.041,0,0.9842797732715796,0.16947930538392575
verification,0.041,0,0.9870996411941666,0.10441165327509083
verification,0.041,0,0.9896289234289579,0.1675810273051085
verification,0.041,0,0.9918957204389119,0.109519252483545
verification,0.041,0,0.9938689065934687,0.16751959303828334
verification,0.041,0,0.9955774976664832,0.11993925683782092
verification,0.041,0,0.9969901178395211,0.172868809604676
verification,0.041,0,0.9981366324672744,0.15141036220729887
verification,0.041,0,0.998985486619755,0.18616043907893653
verification,0.041,0,0.999567327577857,0.20972804163805048
verification,0.041,0,0.9998504927821049,0.21363594657344848
verification,0.041,1,0.00014950721789486662,0.38600026165961276
verification,0.041,1,0.00043267242214273873,0.41450090999340095
verification,0.041,1,0.0010145133802449953,0.501516859046506
verification,0.041,1,0.0018633675327258514,0.5114963223984494
verification,0.041,1,0.003009882160478999,0.5413759561396709
verification,0.041,1,0.004422502333516738,0.5433153505155442
verification,0.041,1,0.0061310934065310855,0.5219251706624506
verification,0.041,1,0.008104279561087897,0.5225616609312732
verification,0.041,1,0.01037107657104203,0.4704785051822322
verification,0.041,1,0.012900358805833265,0.4641894365783391
verification,0.041,1,0.01572022672842049,0.40741527172632763
verification,0.041,1,0.01879987540568163,0.3839235260129319
verification,0.041,1,0.022166426333092022,0.34254529480686835
verification,0.041,1,0.025789465058049226,0.3013419108949591
verification,0.041,1,0.02969507266963495,0.27971378182623197
verification,0.041,1,0.033853294094283906,0.2301432216179894
verification,0.041,1,0.038289110932628705,0.2218043977327676
verification,0.041,1,0.042973095348017305,0.17326261479595784
verification,0.041,1,0.04792907286127287,0.1709883446728956
verification,0.041,1,0.053128209536171554,0.12756312129324887
verification,0.041,1,0.05859312084125954,0.12743023830091416
verification,0.041,1,0.06429563205888078,0.0895275147258856
verification,0.041,1,0.07025709737399397,0.09037651650681777
verification,0.041,1,0.0764500651123083,0.05734197036864419
verification,0.041,1,0.08289457980109803,0.05898732087865244
verification,0.041,1,0.08956397499630929,0.0301580979717736
verification,0.041,1,0.0964769401602306,0.03231783973774882
verification,0.041,1,0.1036076544871177,0.00722325530143797
verification,0.041,1,0.11097341003662993,0.009482075473773888
verification,0.041,1,0.11854929013376236,-0.012296446413947226
verification,0.041,1,0.1263511502634683,-0.010270953729205168
verification,0.041,1,0.13435503432576512,-0.02922415454177063
verification,0.041,1,0.14257532531312733,-0.027637099047209457
verification,0.041,1,0.15098908196886612,-0.04424694085061631
verification,0.041,1,0.1596091822108742,-0.04322347535392823
verification,0.041,1,0.16841375159508157,-0.05791195464624388
verification,0.041,1,0.17741413379217003,-0.05756154238552513
verification,0.041,1,0.18658957072334012,-0.07075192562221666
verification,0.041,1,0.19594984611500313,-0.0712540189668851
verification,0.041,1,0.20547536527735488,-0.08355078785582193
verification,0.041,1,0.2151743298292479,-0.08493675566681169
verification,0.041,1,0.22502835285814807,-0.09642614955526296
verification,0.041,1,0.23504403529604445,-0.09828170452991158
verification,0.041,1,0.24520423965994376,-0.10846214520112207
verification,0.041,1,0.2555139512417379,-0.11022369238216578
verification,0.041,1,0.26595732080988543,-0.11888668107746869
verification,0.041,1,0.27653770672289085,-0.1199431347798543
verification,0.041,1,0.28724058390427154,-0.12649039886923052
verification,0.041,1,0.2980676761713844,-0.12600019383978522
verification,0.041,1,0.30900581550677547,-0.12947851649720388
verification,0.041,1,0.3200550872816486,-0.12706716855653388
verification,0.041,1,0.33120371036737384,-0.12774121430466745
verification,0.041,1,0.34245013149561593,-0.1240785970380105
verification,0.041,1,0.35378398311461406,-0.12331313781365583
verification,0.041,1,0.36520207683513956,-0.11914109698394393
verification,0.041,1,0.37669548216814003,-0.11726758727821118
verification,0.041,1,0.38825938282622424,-0.11302306459404687
verification,0.041,1,0.3998863056134786,-0.11065143776126596
verification,0.041,1,0.4115698172547878,-0.10665408936249521
verification,0.041,1,0.423303918776569,-0.10398945587787822
verification,0.041,1,0.435080574489421,-0.10026065674230011
verification,0.041,1,0.44689527323169664,-0.09725621764505044
verification,0.041,1,0.4587383951031292,-0.09367810295804069
verification,0.041,1,0.47060692697323936,-0.0902497487034084
verification,0.041,1,0.4824896865230632,-0.08674665220594835
verification,0.041,1,0.4943851654789988,-0.08295251564916173
verification,0.041,1,0.5062806444349345,-0.07948469297482874
verification,0.041,1,0.5181761233908702,-0.0753144709733502
verification,0.041,1,0.5300573746670919,-0.0718583950435765
verification,0.041,1,0.5419259065372019,-0.0673843508177796
verification,0.041,1,0.5537660152781549,-0.06393917357004031
verification,0.041,1,0.5655807140204306,-0.05919787036441426
verification,0.041,1,0.5773528585716354,-0.05575708282793279
verification,0.041,1,0.5890869600934169,-0.05078951349991745
verification,0.041,1,0.6007644727611433,-0.04735546989304873
verification,0.041,1,0.6123913955483975,-0.04220539863918815
verification,0.041,1,0.6239478230105681,-0.038784292837431344
verification,0.041,1,0.6354412283435686,-0.033492961451892844
verification,0.041,1,0.6468503915750418,-0.03011215718439475
verification,0.041,1,0.6581842431940397,-0.024758988942659155
verification,0.041,1,0.6694202967705212,-0.021458693315457023
verification,0.041,1,0.6805689198562472,-0.01609295134229627
verification,0.041,1,0.6916064105024905,-0.01296318396117413
verification,0.041,1,0.7025445498378806,-0.007773585388443749
verification,0.041,1,0.7133584740875386,-0.004893556802901156
verification,0.041,1,0.7240613512689181,8.210279134712728e-05
verification,0.041,1,0.734627212105441,0.002761902603489297
verification,0.041,1,0.7450705816735895,0.007643884900953912
verification,0.041,1,0.7553644440238455,0.010212935587104899
verification,0.041,1,0.7655246483877504,0.01507713725229265
verification,0.041,1,0.7755231933426532,0.017565425084684838
verification,0.041,1,0.7853772163715478,0.02243974445789454
verification,0.041,1,0.7950577940109043,0.02482151326533555
verification,0.041,1,0.8045833131732563,0.02973485274170018
verification,0.041,1,0.8139239938751152,0.03195764172624105
verification,0.041,1,0.823099430806285,0.036978780505750874
verification,0.041,1,0.8320790549245737,0.03899142303741243
verification,0.041,1,0.8408836243087805,0.04426064043893996
verification,0.041,1,0.849481850106719,0.04600929424260036
verification,0.041,1,0.8578956067624588,0.051649544906700706
verification,0.041,1,0.8660929564931328,0.05308714266215364
verification,0.041,1,0.8740968405554298,0.05920073180330776
verification,0.041,1,0.881874744585151,0.06036179464130875
verification,0.041,1,0.8894506246822794,0.06695168855957268
verification,0.041,1,0.8967914635567866,0.06803740858817764
verification,0.041,1,0.9039221778836776,0.07488055157231355
verification,0.041,1,0.9108093222418564,0.07642980934835253
verification,0.041,1,0.9174787174370677,0.08302409865977545
verification,0.041,1,0.9238965656818034,0.08611951341598656
verification,0.041,1,0.9300895334201178,0.0914938308591382
verification,0.041,1,0.9360235470609402,0.09783277982929894
verification,0.041,1,0.9417260582785615,0.10020141742737743
verification,0.041,1,0.9471627948659938,0.11198717620952403
verification,0.041,1,0.9523619315408924,0.10860136144687838
verification,0.041,1,0.9572890751179242,0.1281577149720743
verification,0.041,1,0.9619730595333128,0.11535034304865877
verification,0.041,1,0.9663794485350055,0.14426209887438812
verification,0.041,1,0.9705376699596544,0.11856012925663661
verification,0.041,1,0.9744133224976766,0.15608347614599805
verification,0.041,1,0.9780363612226368,0.11776550364944294
verification,0.041,1,0.9813724976974448,0.1582390240747248
verification,0.041,1,0.9844521463747029,0.11565261414928862
verification,0.041,1,0.9872412093641665,0.1492144568378192
verification,0.041,1,0.9897704915989574,0.11584628535264963
verification,0.041,1,0.9920061629783512,0.14088978131859564
verification,0.041,1,0.9939793491329079,0.12034494032606735
verification,0.041,1,0.9956565643874882,0.1452555225011417
verification,0.041,1,0.9970691845605262,0.1270185146243339
verification,0.041,1,0.9981841442582919,0.17396905980585875
verification,0.041,1,0.9990329984107728,0.13983023731873712
verification,0.041,1,0.9995831768093991,0.22690644869225463
verification,0.041,1,0.9998663420136465,0.21363594657344848
coarse,0.163,0,0.0007678859108411653,-0.1801061566326545
coarse,0.163,0,0.005571565810033519,-0.4145820261996549
coarse,0.163,0,0.011881508105989567,-0.6013792072846369
coarse,0.163,0,0.026107945078975493,-0.6669807830957593
coarse,0.163,0,0.04175325020462103,-0.565091729605246
coarse,0.163,0,0.0648557302568064,-0.5907107606392856
coarse,0.163,0,0.08923515791015092,-0.506041280503426
coarse,0.163,0,0.1203258656891503,-0.5184084359466885
coarse,0.163,0,0.1525025281376161,-0.4822648990906562
coarse,0.163,0,0.1903866651793524,-0.4661125563760766
coarse,0.163,0,0.22912403132992543,-0.45426329678942823
coarse,0.163,0,0.2723457314935525,-0.4201421036611437
coarse,0.163,0,0.3161551460892309,-0.3878877093973063
coarse,0.163,0,0.3630534236764722,-0.3458555105412511
coarse,0.163,0,0.41025131548294863,-0.2941807784595234
coarse,0.163,0,0.4590238959869807,-0.25624888840354454
coarse,0.163,0,0.5077964764910129,-0.20701807369198488
coarse,0.163,0,0.5565690569950449,-0.17434364129133928
coarse,0.163,0,0.6050420232798416,-0.1307756485108056
coarse,0.163,0,0.6519403008670813,-0.10061291441556586
coarse,0.163,0,0.6982508640222705,-0.06725882481282808
coarse,0.163,0,0.7414725641858997,-0.0354086532161042
coarse,0.163,0,0.7838410352406919,-0.01689875161296084
coarse,0.163,0,0.8217251722824277,0.02150596047409392
coarse,0.163,0,0.8585233546546969,0.024203094009993875
coarse,0.163,0,0.889614062433694,0.06703171206990655
coarse,0.163,0,0.9194278226115329,0.06020129841684885
coarse,0.163,0,0.9425303026637206,0.09641542451765017
coarse,0.163,0,0.9642139145632485,0.11373577709013893
coarse,0.163,0,0.9784403515362342,0.12105217241643862
coarse,0.163,0,0.9911605261124562,0.19350581923546617
coarse,0.163,0,0.9959642060116483,0.20870076662752463
coarse,0.163,1,0.004035793988351522,0.29700669613599506
coarse,0.163,1,0.008839473887543876,0.42240590132096767
coarse,0.163,1,0.021559648463766,0.41729242713765236
coarse,0.163,1,0.03578608543675192,0.3326519540751435
coarse,0.163,1,0.05746969733627779,0.21392794846074414
coarse,0.163,1,0.08057217738846316,0.15533330532988732
coarse,0.163,1,0.11038593756630337,0.07590852613536181
coarse,0.163,1,0.14147664534530263,0.04560137512916429
coarse,0.163,1,0.17827482771757247,-0.009203654739490474
coarse,0.163,1,0.21615896475930874,-0.04112910531137515
coarse,0.163,1,0.2585274358140994,-0.06337394491601489
coarse,0.163,1,0.3017491359777265,-0.0895418509778223
coarse,0.163,1,0.3480596991329167,-0.08146248732690675
coarse,0.163,1,0.39495797672015803,-0.08650087059171341
coarse,0.163,1,0.4434309430049551,-0.06121340312580914
coarse,0.163,1,0.4922035235089873,-0.05818259859279884
coarse,0.163,1,0.5409761040130191,-0.031234236447817976
coarse,0.163,1,0.5897486845170512,-0.02647772268462023
coarse,0.163,1,0.6369465763235271,-0.0001862840525928
coarse,0.163,1,0.6838448539107675,0.0032304854392434246
coarse,0.163,1,0.7276542685064469,0.027077462058294532
coarse,0.163,1,0.7708759686700758,0.027052336079165573
coarse,0.163,1,0.8096133348206482,0.04688325086171563
coarse,0.163,1,0.8474974718623837,0.045960552885231154
coarse,0.163,1,0.8796741343108484,0.06035948872028385
coarse,0.163,1,0.9107648420898469,0.06447158965786104
coarse,0.163,1,0.9351442697431922,0.07481660612333096
coarse,0.163,1,0.9582467497953787,0.0811253249654057
coarse,0.163,1,0.9738920549210247,0.12002878552393947
coarse,0.163,1,0.9881184918940109,0.10163696197133265
coarse,0.163,1,0.9944284341899666,0.19889383042438735
coarse,0.163,1,0.9992321140891584,0.20870076662752463
medium,0.163,0,0.001597179135477639,-0.07573121731864485
medium,0.163,0,0.003735963792024867,-0.2587615243705921
medium,0.163,0,0.009041778541697498,-0.47713635750663186
medium,0.163,0,0.015421537312882988,-0.5969176739962061
medium,0.163,0,0.024886809236404166,-0.5578092253407869
medium,0.163,0,0.035398382680849674,-0.6324224826038476
medium,0.163,0,0.04886115835133864,-0.537938584601779
medium,0.163,0,0.06332469053305072,-0.5963146656981484
medium,0.163,0,0.08055461812619866,-0.5343743994047703
medium,0.163,0,0.09872263399949945,-0.5531496866556149
medium,0.163,0,0.11942490467714939,-0.5420958240581444
medium,0.163,0,0.14098654445332148,-0.5186283166581567
medium,0.163,0,0.16480693662442497,-0.5321417229061225
medium,0.163,0,0.1893932746688816,-0.4973350094758393
medium,0.163,0,0.21592421481913068,-0.5130577002759222
medium,0.163,0,0.24311457207131087,-0.48197634102207454
medium,0.163,0,0.27190210845896795,-0.4848873834462235
medium,0.163,0,0.3012312503676946,-0.45562657965233444
medium,0.163,0,0.33178282026375555,-0.43442138343110637
medium,0.163,0,0.3627489170793988,-0.4036587916110732
medium,0.163,0,0.39454177465244505,-0.3678790118442774
medium,0.163,0,0.4266149878730623,-0.3384473172279556
medium,0.163,0,0.4591051485153739,-0.3023673606207504
medium,0.163,0,0.4917366965703868,-0.27617928887335585
medium,0.163,0,0.5243682446253998,-0.24167548687433604
medium,0.163,0,0.5569997926804129,-0.21845590728692432
medium,0.163,0,0.5892143933137314,-0.18533960505763236
medium,0.163,0,0.6212876065343484,-0.16438352234094955
medium,0.163,0,0.6525340589975613,-0.1336823032971226
medium,0.163,0,0.6835001558132031,-0.11421575559116715
medium,0.163,0,0.7132438246415125,-0.08792039938701457
medium,0.163,0,0.7425729665502405,-0.06860767721883332
medium,0.163,0,0.7703049293234909,-0.04846388313302952
medium,0.163,0,0.7974952865756714,-0.026475899008763903
medium,0.163,0,0.8227410417220591,-0.01449296006983225
medium,0.163,0,0.8473273797665161,0.01404222112931175
medium,0.163,0,0.8696549654160408,0.014254883338749358
medium,0.163,0,0.8912166051922125,0.05261583684458915
medium,0.163,0,0.9102439901640352,0.03855837047516608
medium,0.163,0,0.9284120060373362,0.08498659211763426
medium,0.163,0,0.9438136264992013,0.06085343813875099
medium,0.163,0,0.9582771586809135,0.10804728732176283
medium,0.163,0,0.9697894886365843,0.08463019460088983
medium,0.163,0,0.9803010620810323,0.1255477413700401
medium,0.163,0,0.9877271223731406,0.12992388963825718
medium,0.163,0,0.9941068811443229,0.14586921142636922
medium,0.163,0,0.9973196098223822,0.2023129046488238
medium,0.163,0,0.9994583944789297,0.21729913603845274
medium,0.163,1,0.0005416055210700345,0.27731627528288405
medium,0.163,1,0.002680390177617318,0.3685760624155485
medium,0.163,1,0.005893118855677407,0.4690249758658338
medium,0.163,1,0.012272877626862841,0.42715217574736863
medium,0.163,1,0.019698937918972658,0.3504360824093923
medium,0.163,1,0.030210511363418166,0.30427829671554585
medium,0.163,1,0.041722841319086774,0.21181427087121707
medium,0.163,1,0.056186373500798845,0.1937564330003696
medium,0.163,1,0.07158799396266372,0.10904834485860082
medium,0.163,1,0.08975600983596445,0.08505759280055036
medium,0.163,1,0.10878339480778706,0.03715323654726099
medium,0.163,1,0.13034503458395894,-0.004539143456688155
medium,0.163,1,0.15267262023348407,-0.018410706795635168
medium,0.163,1,0.17725895827794094,-0.06265126746437333
medium,0.163,1,0.20250471342432882,-0.06480462486465388
medium,0.163,1,0.2296950706765088,-0.10104289956005319
medium,0.163,1,0.2574270334497585,-0.09829638123510787
medium,0.163,1,0.28675617535848524,-0.11923272558012687
medium,0.163,1,0.3164998441867942,-0.10679791391761984
medium,0.163,1,0.34746594100243744,-0.11090207756889581
medium,0.163,1,0.3787123934656515,-0.09130356253747851
medium,0.163,1,0.41078560668626884,-0.08931447905479928
medium,0.163,1,0.4430002073195872,-0.06934175065727
medium,0.163,1,0.47563175537460006,-0.06560382519727548
medium,0.163,1,0.5082633034296129,-0.04658684765570209
medium,0.163,1,0.5408948514846258,-0.041630592555226054
medium,0.163,1,0.5733850121269375,-0.023193690342429463
medium,0.163,1,0.6054582253475547,-0.017959710263958373
medium,0.163,1,0.637251082920601,6.613523712684088e-05
medium,0.163,1,0.6682171797362433,0.004261561634855693
medium,0.163,1,0.6987687496323038,0.021901509424118504
medium,0.163,1,0.728097891541031,0.02326939108912518
medium,0.163,1,0.7568854279286884,0.0413747122276511
medium,0.163,1,0.7840757851808691,0.038960496151286717
medium,0.163,1,0.8106067253311184,0.059028562634023674
medium,0.163,1,0.8351930633755746,0.05165418423883705
medium,0.163,1,0.8590134555466785,0.0740614238135151
medium,0.163,1,0.8805750953228506,0.06188922282905751
medium,0.163,1,0.9012773660005006,0.08403653178797121
medium,0.163,1,0.9194453818738009,0.07203330811319797
medium,0.163,1,0.9366753094669489,0.08868393375383488
medium,0.163,1,0.951138841648661,0.08507860399906941
medium,0.163,1,0.9646016173191497,0.09938920406241081
medium,0.163,1,0.9751131907635928,0.09884029808139139
medium,0.163,1,0.9845784626871128,0.1403860037295983
medium,0.163,1,0.9909582214583005,0.1179787041708994
medium,0.163,1,0.9962640362079751,0.2107920078879263
medium,0.163,1,0.998402820864522,0.21729913603845274
fine,0.163,0,0.00013072949889742833,-0.04100173954412156
fine,0.163,0,0.0010820549759608818,-0.17249755656546317
fine,0.163,0,0.0022938445203955905,-0.37182707389496805
fine,0.163,0,0.005140580790280047,-0.5002810313491661
fine,0.163,0,0.008244803908287265,-0.52877845406691
fine,0.163,0,0.012965285589072074,-0.6334184715349067
fine,0.163,0,0.017938317268342132,-0.5649604413400287
fine,0.163,0,0.024496618644131978,-0.6582660583710731
fine,0.163,0,0.03130061111078736,-0.5627901436655318
fine,0.163,0,0.03964681954810232,-0.6403261096739126
fine,0.163,0,0.04822999031110911,-0.5690436063227897
fine,0.163,0,0.05830058612416194,-0.6090820963911772
fine,0.163,0,0.06859761207135277,-0.5839513490275918
fine,0.163,0,0.08031595194521442,-0.580021923813155
fine,0.163,0,0.09224846649161714,-0.5867519755467101
fine,0.163,0,0.10552536678412064,-0.5586309563832867
fine,0.163,0,0.11900255628898801,-0.5757903423967905
fine,0.163,0,0.1337369717720956,-0.5432527467086246
fine,0.163,0,0.14865626668554593,-0.5581150675565898
fine,0.163,0,0.16473605956054782,-0.5297058169434927
fine,0.163,0,0.18098391503977326,-0.5402282827824896
fine,0.163,0,0.1982867083736478,-0.5170857458471394
fine,0.163,0,0.21573946842772873,-0.5250029875550424
fine,0.163,0,0.23413357751548913,-0.5049713633335682
fine,0.163,0,0.25265841610214695,-0.5081358841853889
fine,0.163,0,0.27200385066697214,-0.4880508625640054
fine,0.163,0,0.2914597825789616,-0.48016814690514953
fine,0.163,0,0.3116093121827193,-0.4579797737781839
fine,0.163,0,0.3318482660303763,-0.43851787580969703
fine,0.163,0,0.35264854058616346,-0.41517571279280796
fine,0.163,0,0.3735164857100931,-0.39106729084888525
fine,0.163,0,0.3948092025689908,-0.36869774779110753
fine,0.163,0,0.41614732130639004,-0.3447117390564993
fine,0.163,0,0.4377704300362081,-0.32440065580278143
fine,0.163,0,0.4594163264191768,-0.30105097425802185
fine,0.163,0,0.48120526210609144,-0.28276052300959864
fine,0.163,0,0.5029941977930057,-0.25962153734153337
fine,0.163,0,0.5247831334799178,-0.24303699921155664
fine,0.163,0,0.5465492815136797,-0.2202359946993402
fine,0.163,0,0.5681723902435001,-0.20510090359415978
fine,0.163,0,0.5897500970948186,-0.18286792944387864
fine,0.163,0,0.6110428139537161,-0.1689770927471459
fine,0.163,0,0.6322678602444711,-0.14759889164063233
fine,0.163,0,0.653068134800258,-0.13474714417046108
fine,0.163,0,0.6737789851121456,-0.11487033618093578
fine,0.163,0,0.6939285147159034,-0.10272321462206513
fine,0.163,0,0.7139675469724966,-0.08523058912313353
fine,0.163,0,0.7333129815373216,-0.07305753007581495
fine,0.163,0,0.7525276866032498,-0.058405856171375836
fine,0.163,0,0.7709217956910129,-0.04489370887325128
fine,0.163,0,0.7891659380585688,-0.033842689869642006
fine,0.163,0,0.8064687313924405,-0.017150671904768933
fine,0.163,0,0.8236034621220892,-0.01148121190512641
fine,0.163,0,0.8396832549970913,0.01078008518343987
fine,0.163,0,0.8555781684417508,0.008487482272304891
fine,0.163,0,0.8703125839248584,0.038972143921472635
fine,0.163,0,0.8848467101956022,0.025453837406250845
fine,0.163,0,0.8981236104881055,0.06615678521942148
fine,0.163,0,0.9111863361080678,0.03917984611088643
fine,0.163,0,0.9229046759819294,0.08953014374679613
fine,0.163,0,0.9343965857216532,0.05105500197206991
fine,0.163,0,0.9444671815347062,0.10595630687347746
fine,0.163,0,0.9543008150220675,0.06313740729155248
fine,0.163,0,0.9626470234593819,0.11677697063667514
fine,0.163,0,0.9707475408058311,0.07721980900705716
fine,0.163,0,0.9773058421816238,0.12942771782914964
fine,0.163,0,0.9836115935589305,0.09592289466237969
fine,0.163,0,0.9883320752397126,0.14374408727586974
fine,0.163,0,0.9927950700723724,0.13671027053871754
fine,0.163,0,0.9956418063422566,0.1642704678052458
fine,0.163,0,0.9982280785447697,0.2030281141877266
fine,0.163,0,0.999179404021833,0.2225200252671607
fine,0.163,1,0.0008205959781665826,0.2324463384540607
fine,0.163,1,0.0017719214552301475,0.2999157914438755
fine,0.163,1,0.004358193657743182,0.46042132262198676
fine,0.163,1,0.007204929927627359,0.44859012064981507
fine,0.163,1,0.011667924760289517,0.4610688135093016
fine,0.163,1,0.016388406441074383,0.4249074443337364
fine,0.163,1,0.02269415781837898,0.36953155695853057
fine,0.163,1,0.029252459194168884,0.3509538666310552
fine,0.163,1,0.0373529765406182,0.2698307417912098
fine,0.163,1,0.04569918497793299,0.2695628245337459
fine,0.163,1,0.055532818465293926,0.18655055816566657
fine,0.163,1,0.06560341427834676,0.17807209628848197
fine,0.163,1,0.0770953240180704,0.12039823514857084
fine,0.163,1,0.08881366389193206,0.09013430482943308
fine,0.163,1,0.10187638951189448,0.06549569984719661
fine,0.163,1,0.11515328980439798,0.02221443020957914
fine,0.163,1,0.1296874160751416,0.017470267955635665
fine,0.163,1,0.14442183155824914,-0.025776793636909545
fine,0.163,1,0.1603167450029085,-0.02351465512352191
fine,0.163,1,0.1763965378779105,-0.06033149290098283
fine,0.163,1,0.19353126860756156,-0.05749540149331067
fine,0.163,1,0.2108340619414361,-0.08805922324603754
fine,0.163,1,0.22907820430898984,-0.08637918246051934
fine,0.163,1,0.24747231339675013,-0.11181701766804575
fine,0.163,1,0.2666870184626778,-0.10943228636663727
fine,0.163,1,0.28603245302750285,-0.12828638347062316
fine,0.163,1,0.3060714852840964,-0.12131677123702089
fine,0.163,1,0.3262210148878542,-0.13089140134528598
fine,0.163,1,0.3469318651997417,-0.11838227269385793
fine,0.163,1,0.3677321397555286,-0.12121624440173395
fine,0.163,1,0.38895718604628365,-0.10639711260599505
fine,0.163,1,0.4102499029051812,-0.1063804935079129
fine,0.163,1,0.43182760975649753,-0.092044752503736
fine,0.163,1,0.4534507184863156,-0.09070030679849417
fine,0.163,1,0.4752168665200795,-0.07745411666845303
fine,0.163,1,0.49700580220699414,-0.0747326807075781
fine,0.163,1,0.5187947378939093,-0.06238082225675079
fine,0.163,1,0.5405836735808244,-0.058429294581571645
fine,0.163,1,0.5622295699637928,-0.04691077554468692
fine,0.163,1,0.5838526786936101,-0.042006304423300334
fine,0.163,1,0.6051907974310093,-0.03127870565487245
fine,0.163,1,0.6264835142899067,-0.025694485802013167
fine,0.163,1,0.6473514594138363,-0.015662116748633048
fine,0.163,1,0.6681517339696232,-0.009804629707172774
fine,0.163,1,0.6883906878172805,-0.0003794310957696556
fine,0.163,1,0.7085402174210381,0.004996627658174435
fine,0.163,1,0.7279961493330274,0.01410866484414186
fine,0.163,1,0.7473415838978521,0.018207577348349657
fine,0.163,1,0.7658664224845129,0.028042760925038324
fine,0.163,1,0.7842605315722765,0.030299951265453373
fine,0.163,1,0.8017132916263549,0.04237912350011541
fine,0.163,1,0.8190160849602256,0.04154538400646135
fine,0.163,1,0.8352639404394511,0.05743725044599435
fine,0.163,1,0.8513437333144536,0.051784481106219804
fine,0.163,1,0.8662630282279042,0.07294919889576512
fine,0.163,1,0.880997443711012,0.06049027004575147
fine,0.163,1,0.8944746332158795,0.0875051816551039
fine,0.163,1,0.9077515335083828,0.06692079981684707
fine,0.163,1,0.9196840480547853,0.09837643005589247
fine,0.163,1,0.9314023879286469,0.07156735650130397
fine,0.163,1,0.9416994138758379,0.10274967269792712
fine,0.163,1,0.9517700096888909,0.07687446184440039
fine,0.163,1,0.9603531804518974,0.10132875355698279
fine,0.163,1,0.9686993888892118,0.08540060592875665
fine,0.163,1,0.9755033813558655,0.10288756000528387
fine,0.163,1,0.982061682731653,0.09815210633625304
fine,0.163,1,0.9870347144109253,0.11510181921366403
fine,0.163,1,0.9917551960917127,0.11202591716928767
fine,0.163,1,0.9948594192097199,0.15276994917207987
fine,0.163,1,0.9977061554796041,0.13191810684471128
fine,0.163,1,0.9989179450240389,0.2156530774156431
fine,0.163,1,0.9998692705011022,0.2225200252671607
ultra,0.163,0,0.0002428575479408699,0.02189188628280947
ultra,0.163,0,0.0006658179801240576,-0.05371775713919802
ultra,0.163,0,0.0015736717551202296,-0.21983687706342359
ultra,0.163,0,0.002841121887451142,-0.31776245447478835
ultra,0.163,0,0.004591002883945504,-0.39361072702076383
ultra,0.163,0,0.006698654066379314,-0.49769196494775514
ultra,0.163,0,0.00928464124099147,-0.4871858380964229
ultra,0.163,0,0.01222536184908748,-0.5930739749130225
ultra,0.163,0,0.015638705039793546,-0.5313397110022742
ultra,0.163,0,0.019402544605877325,-0.6350548023635825
ultra,0.163,0,0.023631694139788086,-0.5574240015031624
ultra,0.163,0,0.0282059170221829,-0.6444426956720248
ultra,0.163,0,0.03323656279598167,-0.5826601371802129
ultra,0.163,0,0.038605691272390684,-0.6343863060504646
ultra,0.163,0,0.044420811173192055,-0.606798317267023
ultra,0.163,0,0.050566677812407396,-0.6178598763579668
ultra,0.163,0,0.05714659531519974,-0.622626159803386
ultra,0.163,0,0.06404840444994324,-0.6048406855926727
ultra,0.163,0,0.07137085519672107,-0.6267866419738579
ultra,0.163,0,0.07900525328959662,-0.5967579889825931
ultra,0.163,0,0.08704546042489988,-0.6209781520468927
ultra,0.163,0,0.09538661508937292,-0.5899875578869709
ultra,0.163,0,0.10411737309732338,-0.6096613787994183
ultra,0.163,0,0.11313706050633972,-0.5821699606910964
ultra,0.163,0,0.12252882726549473,-0.5966903111675956
ultra,0.163,0,0.13219652765197695,-0.5731122014679266
ultra,0.163,0,0.14221752439651686,-0.584145069146762
ultra,0.163,0,0.15250052532259506,-0.5635762319963173
ultra,0.163,0,0.16311684417160874,-0.5727110003584581
ultra,0.163,0,0.17398035121715788,-0.5543606005942139
ultra,0.163,0,0.18515606990817657,-0.5626929966889396
ultra,0.163,0,0.19656332440411506,-0.5461803027437464
ultra,0.163,0,0.2082606278426783,-0.5545571045879507
ultra,0.163,0,0.22017303125067325,-0.5395925187041049
ultra,0.163,0,0.23235233946463932,-0.5471355725969316
ultra,0.163,0,0.2447295839823407,-0.5331174912787757
ultra,0.163,0,0.25734968604798275,-0.5379140290219988
ultra,0.163,0,0.27014989099786724,-0.523872500923946
ultra,0.163,0,0.28316808448459374,-0.5239903806905182
ultra,0.163,0,0.2963479380249195,-0.5089916079513763
ultra,0.163,0,0.3097201734867841,-0.5021385425607188
ultra,0.163,0,0.32323507916515654,-0.48594846621208454
ultra,0.163,0,0.3369161091902374,-0.473227527891529
ultra,0.163,0,0.35072033684388215,-0.4564843858887895
ultra,0.163,0,0.364663869157202,-0.441028734437789
ultra,0.163,0,0.37871070964936454,-0.424707312030532
ultra,0.163,0,0.3928695637512963,-0.40836155355980397
ultra,0.163,0,0.40711148702017386,-0.39309110183066975
ultra,0.163,0,0.4214377538303164,-0.3768341881467727
ultra,0.163,0,0.4358265697157414,-0.36278048527243145
ultra,0.163,0,0.4502717736820818,-0.3466029433351483
ultra,0.163,0,0.4647587949857704,-0.3336634219908534
ultra,0.163,0,0.47927405811060825,-0.31737840898456215
ultra,0.163,0,0.4938102653382272,-0.30539891579931
ultra,0.163,0,0.5083464725658461,-0.2889940878153685
ultra,0.163,0,0.522882679793465,-0.2778718896421277
ultra,0.163,0,0.5373906451999348,-0.2614020853962513
ultra,0.163,0,0.5518776665036236,-0.2510741972152637
ultra,0.163,0,0.5663082997263965,-0.23461590995801562
ultra,0.163,0,0.5806971156118215,-0.22503774317125336
ultra,0.163,0,0.5950015879559816,-0.2086455822732185
ultra,0.163,0,0.6092435112248592,-0.1997813751485722
ultra,0.163,0,0.6233734208839674,-0.18351861417794124
ultra,0.163,0,0.6374202613761297,-0.1753488297329222
ultra,0.163,0,0.6513277972086169,-0.15931518508418407
ultra,0.163,0,0.6651320248622616,-0.1518399684479621
ultra,0.163,0,0.6787701281691993,-0.13620535669891876
ultra,0.163,0,0.6922850338475743,-0.1294207456245693
ultra,0.163,0,0.705607557604408,-0.11449169692366801
ultra,0.163,0,0.718787411144731,-0.1083082587244919
ultra,0.163,0,0.7317492761482138,-0.09418375191694173
ultra,0.163,0,0.7445494810980979,-0.08839316976052292
ultra,0.163,0,0.7571068285000431,-0.07493900934593012
ultra,0.163,0,0.7694840730177465,-0.06921734412726366
ultra,0.163,0,0.7815944127294738,-0.056546975621822204
ultra,0.163,0,0.7935068161374623,-0.05043263675592291
ultra,0.163,0,0.8051291706028324,-0.038974765199363715
ultra,0.163,0,0.8165364250987756,-0.0317928611477587
ultra,0.163,0,0.8276314679492461,-0.022191601131007044
ultra,0.163,0,0.838494974994795,-0.012960649723882556
ultra,0.163,0,0.8490251641174089,-0.006166123732110451
ultra,0.163,0,0.8593081650434875,0.006470554944457807
ultra,0.163,0,0.8692378696115083,0.009009116411424545
ultra,0.163,0,0.8789055699979905,0.02680713412526381
ultra,0.163,0,0.8882011910343345,0.023026777486762517
ultra,0.163,0,0.8972208784433511,0.04807701863288549
ultra,0.163,0,0.90585096250889,0.03529837495885002
ultra,0.163,0,0.914192117173363,0.06975835536692598
ultra,0.163,0,0.9221274627954084,0.045200695285195325
ultra,0.163,0,0.9297618608882838,0.09069542344998094
ultra,0.163,0,0.936975617369125,0.05246799728257201
ultra,0.163,0,0.9438774265038685,0.10892223909894572
ultra,0.163,0,0.9503451847750352,0.0576620587911425
ultra,0.163,0,0.9564910514142505,0.12172742553457205
ultra,0.163,0,0.9621909266290732,0.06213947767968597
ultra,0.163,0,0.9675600551054819,0.1270202480537157
ultra,0.163,0,0.9724727606904869,0.06720668891517534
ultra,0.163,0,0.9770469835728821,0.1275212743458275
ultra,0.163,0,0.9811558964874497,0.07397533184353056
ultra,0.163,0,0.9849197360535334,0.13085045167369247
ultra,0.163,0,0.988210953037007,0.08389690045229747
ultra,0.163,0,0.9911516736451031,0.14028970792005768
ultra,0.163,0,0.9936140582610209,0.09937742591137344
ultra,0.163,0,0.9957217094434547,0.15243871568570855
ultra,0.163,0,0.9973469297617256,0.13589094349406627
ultra,0.163,0,0.9986143798940568,0.17159597711882657
ultra,0.163,0,0.9993969366835747,0.19694263339650286
ultra,0.163,0,0.999819897115757,0.21208934549060826
ultra,0.163,1,0.0001801028842429311,0.22391813396793103
ultra,0.163,1,0.000603063316426286,0.25924890429717107
ultra,0.163,1,0.0013856201059442139,0.41908345294000215
ultra,0.163,1,0.0026530702382750143,0.4144686567609668
ultra,0.163,1,0.004278290556545263,0.49171649520265137
ultra,0.163,1,0.006385941738978961,0.4691229537615378
ultra,0.163,1,0.008848326354896404,0.4741443833149611
ultra,0.163,1,0.011789046962992527,0.4583766620261449
ultra,0.163,1,0.015080263946466301,0.4145951445059376
ultra,0.163,1,0.018844103512550076,0.4163969212021129
ultra,0.163,1,0.022953016427117962,0.34407525514916115
ultra,0.163,1,0.027527239309512886,0.3557673025268886
ultra,0.163,1,0.032439944894517944,0.2779391959800518
ultra,0.163,1,0.03780907337092668,0.28086529711095687
ultra,0.163,1,0.04350894858574949,0.22055136177020518
ultra,0.163,1,0.049654815224964934,0.20249085783599197
ultra,0.163,1,0.05612257349613148,0.16914961297041697
ultra,0.163,1,0.06302438263087491,0.1325327219732304
ultra,0.163,1,0.07023813911171606,0.12071316471726401
ultra,0.163,1,0.0778725372045915,0.07627448347570975
ultra,0.163,1,0.08580788282663687,0.07596732753777435
ultra,0.163,1,0.09414903749111014,0.03276539216978325
ultra,0.163,1,0.10277912155664928,0.036605823562058104
ultra,0.163,1,0.11179880896566573,-0.001453136081296158
ultra,0.163,1,0.1210944300020095,0.0030812242281071933
ultra,0.163,1,0.13076213038849185,-0.029577767270855482
ultra,0.163,1,0.14069183495651247,-0.02531776608502967
ultra,0.163,1,0.15097483588259067,-0.05368319790999454
ultra,0.163,1,0.16150502500520433,-0.049719608039653584
ultra,0.163,1,0.17236853205075336,-0.07489641222305465
ultra,0.163,1,0.183463574901222,-0.07124968081224248
ultra,0.163,1,0.19487082939716038,-0.0941588925972423
ultra,0.163,1,0.20649318386253052,-0.09108837416197435
ultra,0.163,1,0.2184055872705256,-0.11232201678491216
ultra,0.163,1,0.23051592698225595,-0.10959314337400672
ultra,0.163,1,0.24289317149995746,-0.128385577483219
ultra,0.163,1,0.25545051890190146,-0.12517668792293946
ultra,0.163,1,0.26825072385178605,-0.14094992822508745
ultra,0.163,1,0.28121258885526995,-0.13614567973017366
ultra,0.163,1,0.29439244239559575,-0.14774597295966463
ultra,0.163,1,0.30771496615242944,-0.1401194994480215
ultra,0.163,1,0.32122987183080204,-0.1466196761585028
ultra,0.163,1,0.3348679751377384,-0.1364969754404406
ultra,0.163,1,0.3486722027913829,-0.13981474803458105
ultra,0.163,1,0.3625797386238703,-0.12864387234923758
ultra,0.163,1,0.3766265791160328,-0.13001085800045464
ultra,0.163,1,0.390756488775141,-0.11888713368504056
ultra,0.163,1,0.4049984120440183,-0.11925204982174376
ultra,0.163,1,0.4193028843881782,-0.1087795132834053
ultra,0.163,1,0.4336917002736034,-0.10844463049089037
ultra,0.163,1,0.4481223334963766,-0.09866629002650984
ultra,0.163,1,0.46260935480006526,-0.09752519811565441
ultra,0.163,1,0.47711732020653497,-0.08832965089355027
ultra,0.163,1,0.4916535274341539,-0.08640729504874045
ultra,0.163,1,0.506189734661773,-0.07775318921448582
ultra,0.163,1,0.5207259418893919,-0.07508713474238649
ultra,0.163,1,0.5352412050142298,-0.06698732273469665
ultra,0.163,1,0.5497282263179184,-0.06366032492754936
ultra,0.163,1,0.5641734302842589,-0.05615217256486238
ultra,0.163,1,0.5785622461696839,-0.052199750313510984
ultra,0.163,1,0.5928885129798263,-0.045316505890480085
ultra,0.163,1,0.6071304362487039,-0.04077173943984702
ultra,0.163,1,0.6212892903506355,-0.034552457369950274
ultra,0.163,1,0.635336130842798,-0.029441370069241746
ultra,0.163,1,0.6492796631561178,-0.023944404261580177
ultra,0.163,1,0.6630838908097624,-0.018340043766075453
ultra,0.163,1,0.6767649208348443,-0.013647488941081143
ultra,0.163,1,0.6902798265132193,-0.00768509555719854
ultra,0.163,1,0.7036520619750843,-0.0038928633815669134
ultra,0.163,1,0.7168319155154077,0.0021799036439812403
ultra,0.163,1,0.7298501090021325,0.005175416107037423
ultra,0.163,1,0.7426503139520166,0.011402546229059007
ultra,0.163,1,0.7552704160176595,0.013966929026057229
ultra,0.163,1,0.7676476605353636,0.02030219921573484
ultra,0.163,1,0.7798269687493319,0.022891281759085058
ultra,0.163,1,0.7917393721573293,0.0290093858264886
ultra,0.163,1,0.8034366755958916,0.032211047640701485
ultra,0.163,1,0.8148439300918248,0.037531538541969445
ultra,0.163,1,0.8260196487828407,0.04220982181166455
ultra,0.163,1,0.83688315582839,0.0459353470775371
ultra,0.163,1,0.847499474677404,0.05326824218988757
ultra,0.163,1,0.8577824756034829,0.05424613448524118
ultra,0.163,1,0.867803472348023,0.065647577102941
ultra,0.163,1,0.8774711727345055,0.06231361584575623
ultra,0.163,1,0.8868629394936605,0.07930218184803783
ultra,0.163,1,0.8958826269026768,0.06967380851225391
ultra,0.163,1,0.9046133849106273,0.09362335284839407
ultra,0.163,1,0.9129545395751003,0.07552811457701047
ultra,0.163,1,0.9209947467104035,0.1073302702973098
ultra,0.163,1,0.928629144803279,0.07918572772584742
ultra,0.163,1,0.9359515955500567,0.11852161188478327
ultra,0.163,1,0.9428534046848002,0.08057898929100982
ultra,0.163,1,0.9494333221875922,0.12470045298345267
ultra,0.163,1,0.9555791888268078,0.08079240749267502
ultra,0.163,1,0.9613943087276091,0.12369379927530533
ultra,0.163,1,0.9667634372040178,0.08165482009698244
ultra,0.163,1,0.9717940829778164,0.11682185872470818
ultra,0.163,1,0.9763683058602116,0.084889267712697
ultra,0.163,1,0.9805974553941225,0.11143560487087989
ultra,0.163,1,0.9843612949602063,0.09188059030469875
ultra,0.163,1,0.9877746381509127,0.11367595531521024
ultra,0.163,1,0.9907153587590088,0.10303866270874118
ultra,0.163,1,0.9933013459336208,0.12517113662709045
ultra,0.163,1,0.9954089971160539,0.11540237906498974
ultra,0.163,1,0.9971588781125484,0.15816103968327277
ultra,0.163,1,0.9984263282448799,0.13374285715413303
ultra,0.163,1,0.9993341820198762,0.2142888531932272
ultra,0.163,1,0.9997571424520592,0.21208934549060826
extended,0.163,0,0.0003093886580997805,0.04170303227860894
extended,0.163,0,0.0006520049694562644,-0.021849471734879833
extended,0.163,0,0.0016125505842054125,-0.17830105401158236
extended,0.163,0,0.0026394604307804705,-0.26551503567156165
extended,0.163,0,0.004281757866672923,-0.34784314925974846
extended,0.163,0,0.0059901465599568144,-0.44619372417803205
extended,0.163,0,0.008309694393875031,-0.4508514774141026
extended,0.163,0,0.010694879359207623,-0.5544303585543606
extended,0.163,0,0.013685319871769637,-0.5069248578607941
extended,0.163,0,0.016740763482954328,-0.6106183363333335
extended,0.163,0,0.020393900084577428,-0.542547940117114
extended,0.163,0,0.02411122758305622,-0.6335101593183128
extended,0.163,0,0.02841704728024166,-0.5744867133296134
extended,0.163,0,0.032786069729729465,-0.6349764762505195
extended,0.163,0,0.037732770569981464,-0.6033320752286027
extended,0.163,0,0.04274151278363171,-0.624826302818438
extended,0.163,0,0.04831553620378805,-0.6238585995972381
extended,0.163,0,0.05395026956734641,-0.6138143023592912
extended,0.163,0,0.06013633755665795,-0.6335265426778265
extended,0.163,0,0.06638161765764027,-0.6069870236313561
extended,0.163,0,0.0731627746337366,-0.6332860213407387
extended,0.163,0,0.08000148359349028,-0.6026750518071988
extended,0.163,0,0.08735914287645237,-0.626101606233251
extended,0.163,0,0.09477253626907142,-0.5976418366080598
extended,0.163,0,0.10268653102622946,-0.6156978960066031
extended,0.163,0,0.11065428925572353,-0.5908726768278496
extended,0.163,0,0.11910292777754311,-0.6047089766147715
extended,0.163,0,0.12760321177243733,-0.5829156745402284
extended,0.163,0,0.1365633369279877,-0.5942654451295886
extended,0.163,0,0.14557284800069936,-0.5746227941448694
extended,0.163,0,0.15501990070973992,-0.5845812394714354
extended,0.163,0,0.16451394441666226,-0.5666198030094216
extended,0.163,0,0.17442203096437392,-0.5756100763241743
extended,0.163,0,0.18437458479162921,-0.5592395319869126
extended,0.163,0,0.19471654780148753,-0.5677110564649517
extended,0.163,0,0.2051003324908286,-0.5529150930315352
extended,0.163,0,0.21584782536108482,-0.5612720211798294
extended,0.163,0,0.2266343796804464,-0.5478392722593122
extended,0.163,0,0.23775794428019167,-0.5551224829656194
extended,0.163,0,0.24891770303394845,-0.5425309302015278
extended,0.163,0,0.2603868504458048,-0.5473456250210171
extended,0.163,0,0.27188922551091815,-0.534789540627048
extended,0.163,0,0.2836725195990401,-0.5358860812727262
extended,0.163,0,0.2954859837649765,-0.522587365396225
extended,0.163,0,0.3075511273393158,-0.51801316497327
extended,0.163,0,0.3196433007219411,-0.5036691750001472
extended,0.163,0,0.3319572240625974,-0.4935403629973538
extended,0.163,0,0.3442949628551855,-0.47851466913452056
extended,0.163,0,0.356823914354213,-0.46525533403811403
extended,0.163,0,0.3693734016723197,-0.45032653280037316
extended,0.163,0,0.382083040344536,-0.435703650220169
extended,0.163,0,0.39480987891572633,-0.42151660582561257
extended,0.163,0,0.4076653685249673,-0.4065380507247962
extended,0.163,0,0.42053467496934954,-0.39336637452574896
extended,0.163,0,0.4335007795121703,-0.3784763166674949
extended,0.163,0,0.44647727995531455,-0.36632246088616593
extended,0.163,0,0.4595184602404261,-0.3513731830217217
extended,0.163,0,0.47256658699660353,-0.3401185667635518
extended,0.163,0,0.48564709805532574,-0.3250100460684049
extended,0.163,0,0.4987310871160618,-0.31453386210879564
extended,0.163,0,0.5118150761767976,-0.29927916684152644
extended,0.163,0,0.5248990652375334,-0.2895098390662736
extended,0.163,0,0.5379506699957246,-0.2741464023915865
extended,0.163,0,0.5509987967519021,-0.2650356540108152
extended,0.163,0,0.5639822436661128,-0.24963199199573505
extended,0.163,0,0.5769587441092581,-0.24114718882930197
extended,0.163,0,0.5898384464539633,-0.22574455409101102
extended,0.163,0,0.6027077528983448,-0.2178593561337665
extended,0.163,0,0.6154484083046758,-0.20250448992737002
extended,0.163,0,0.6281752468758665,-0.19520402515741808
extended,0.163,0,0.640741934092949,-0.17995474200439388
extended,0.163,0,0.6532914214110577,-0.1732404398685774
extended,0.163,0,0.6656496960227233,-0.158175917245861
extended,0.163,0,0.6779874348153095,-0.15207134568985547
extended,0.163,0,0.690103423649866,-0.1373516908928294
extended,0.163,0,0.7021955970324909,-0.13186887765047128
extended,0.163,0,0.7140360910067138,-0.11770807487927559
extended,0.163,0,0.7258495551726506,-0.11279060191286905
extended,0.163,0,0.7373821003155782,-0.0991670786834915
extended,0.163,0,0.7488844753806911,-0.09468717185818076
extended,0.163,0,0.7600774617877073,-0.08144483940019387
extended,0.163,0,0.771237220541467,-0.07721223374597819
extended,0.163,0,0.7820599690148377,-0.06437969101062402
extended,0.163,0,0.7928465233341966,-0.06013673009509257
extended,0.163,0,0.8032693694726427,-0.047932403847507965
extended,0.163,0,0.8136531541619838,-0.04330210595340955
extended,0.163,0,0.8236475296687219,-0.03207547002349975
extended,0.163,0,0.8336000834959776,-0.02648745090684912
extended,0.163,0,0.8431385944824432,-0.016758324032129623
extended,0.163,0,0.8526326381893653,-0.009370739773957526
extended,0.163,0,0.8616891402599587,-0.001988465406400186
extended,0.163,0,0.8706986513326703,0.008380260284014618
extended,0.163,0,0.8792483212447259,0.01212455747664809
extended,0.163,0,0.8877486052396203,0.02704020251267003
extended,0.163,0,0.8957680089421888,0.025311623266137562
extended,0.163,0,0.9037357671716828,0.046714083625504776
extended,0.163,0,0.9112029240366382,0.03711507672074532
extended,0.163,0,0.9186163174292573,0.06717095437536924
extended,0.163,0,0.9255107604986679,0.047009326605950696
extended,0.163,0,0.9323494694584216,0.08772463630325733
extended,0.163,0,0.9386523015430611,0.0544740759852953
extended,0.163,0,0.9448975816440434,0.10689974549774683
extended,0.163,0,0.9505915271192722,0.05938575893040743
extended,0.163,0,0.9562262604828303,0.12232935647561549
extended,0.163,0,0.9612957126398752,0.0625805355443525
extended,0.163,0,0.9663044548535173,0.1312401463095787
extended,0.163,0,0.9707355186764096,0.06544689116010116
extended,0.163,0,0.9751045411259054,0.13241987862385962
extended,0.163,0,0.9788850713766903,0.06915175210918134
extended,0.163,0,0.9826023988751728,0.1303288251156547
extended,0.163,0,0.9857220333832117,0.07474168222953192
extended,0.163,0,0.9887774769943949,0.13248013213333598
extended,0.163,0,0.9912276650583504,0.08365965471109638
extended,0.163,0,0.9936128500236833,0.14103926204547756
extended,0.163,0,0.99538687584838,0.09825225939381543
extended,0.163,0,0.9970952645416624,0.1524526882454037
extended,0.163,0,0.9981882656456289,0.13351642636454508
extended,0.163,0,0.9992151754922038,0.17093886878450937
extended,0.163,0,0.9996241560353861,0.1932662325502793
extended,0.163,0,0.9999667723467426,0.2058046899522314
extended,0.163,1,3.322765325714936e-05,0.2272279743969231
extended,0.163,1,0.0003758439646136332,0.2559440495925752
extended,0.163,1,0.0007848245077960274,0.4093666556964206
extended,0.163,1,0.0018117343543711413,0.40532712029886986
extended,0.163,1,0.002904735458337695,0.4905553957437875
extended,0.163,1,0.0046131241516215865,0.47130446791015124
extended,0.163,1,0.006387149976319854,0.4897941432368199
extended,0.163,1,0.008772334941652336,0.47587918795041406
extended,0.163,1,0.011222523005607495,0.44434069424221645
extended,0.163,1,0.014277966616792299,0.4460488786250383
extended,0.163,1,0.017397601124832685,0.3823177071976538
extended,0.163,1,0.02111492862331153,0.3944534286357587
extended,0.163,1,0.02489545887409274,0.3193620526585388
extended,0.163,1,0.029264481323580713,0.32640167360486105
extended,0.163,1,0.03369554514646688,0.26251582940172336
extended,0.163,1,0.03870428736011702,0.2513375967534346
extended,0.163,1,0.04377373951716913,0.21137510995028697
extended,0.163,1,0.04940847288072744,0.18070858787504163
extended,0.163,1,0.05510241835595658,0.1630665435261991
extended,0.163,1,0.061347698456938944,0.12092068077613316
extended,0.163,1,0.0676505305415786,0.11706364347348852
extended,0.163,1,0.07448923950133221,0.07303207446911908
extended,0.163,1,0.08138368257074279,0.07524671343737577
extended,0.163,1,0.0887970759633619,0.03490849719245137
extended,0.163,1,0.09626423282831724,0.03884765870711171
extended,0.163,1,0.10423199105781142,0.0036029019632737302
extended,0.163,1,0.11225139476038014,0.007695256011502893
extended,0.163,1,0.12075167875527425,-0.02311254802564444
extended,0.163,1,0.12930134866732965,-0.019084556220471116
extended,0.163,1,0.1383108597400413,-0.046491076035582335
extended,0.163,1,0.14736736181063473,-0.04245140985653273
extended,0.163,1,0.1568614055175572,-0.06716725226116527
extended,0.163,1,0.16639991650402305,-0.0631754081370377
extended,0.163,1,0.17635247033127813,-0.08561764111002756
extended,0.163,1,0.18634684583801597,-0.08196030726143366
extended,0.163,1,0.19673063052735693,-0.1026751577948597
extended,0.163,1,0.20715347666580333,-0.09963063396591254
extended,0.163,1,0.2179400309851648,-0.118847515839267
extended,0.163,1,0.22876277945853776,-0.11612345394323653
extended,0.163,1,0.23992253821229456,-0.13317034096050717
extended,0.163,1,0.25111552461930825,-0.1300895440322376
extended,0.163,1,0.2626178996844216,-0.144657807653787
extended,0.163,1,0.2741504448273495,-0.14039987189217729
extended,0.163,1,0.2859639089932858,-0.15168863203699967
extended,0.163,1,0.2978044029675082,-0.14521922512146657
extended,0.163,1,0.30989657635013373,-0.15220716783846888
extended,0.163,1,0.3220125651846909,-0.14344828059546044
extended,0.163,1,0.3343503039772791,-0.14723078205484819
extended,0.163,1,0.3467085785889463,-0.13724219275477956
extended,0.163,1,0.35925806590705306,-0.1391365746249158
extended,0.163,1,0.37182475312413354,-0.12889749853377563
extended,0.163,1,0.3845515916953239,-0.1295877410820674
extended,0.163,1,0.3972922471016554,-0.1197148232459726
extended,0.163,1,0.41016155354603767,-0.11975221941671088
extended,0.163,1,0.42304125589074354,-0.11050107200294934
extended,0.163,1,0.43601775633388756,-0.10994870990872485
extended,0.163,1,0.4490012032480977,-0.10125001218343477
extended,0.163,1,0.462049330004275,-0.10000966627673358
extended,0.163,1,0.4751009347624661,-0.09178131871744766
extended,0.163,1,0.48818492382320217,-0.08991027072929536
extended,0.163,1,0.5012689128839383,-0.08212920428817183
extended,0.163,1,0.5143529019446742,-0.07963977086057206
extended,0.163,1,0.5274334130033963,-0.07231425266360536
extended,0.163,1,0.5404815397595736,-0.06927667086850642
extended,0.163,1,0.5535227200446852,-0.06243967241749515
extended,0.163,1,0.566499220487832,-0.05887746317572229
extended,0.163,1,0.5794653250306547,-0.052557958427218665
extended,0.163,1,0.5923346314750345,-0.04849100459953304
extended,0.163,1,0.6051901210842734,-0.04272595749577368
extended,0.163,1,0.617916959655464,-0.03816306247061685
extended,0.163,1,0.6306265983276803,-0.03300214913390942
extended,0.163,1,0.6431760856457894,-0.027962721306479477
extended,0.163,1,0.6557050371448185,-0.023475666600186074
extended,0.163,1,0.6680427759374049,-0.017995468182623098
extended,0.163,1,0.68035669927806,-0.014289349622791159
extended,0.163,1,0.6924488726606844,-0.008495788837309393
extended,0.163,1,0.7045140162350231,-0.0056708416284909635
extended,0.163,1,0.7163274804009596,0.0003288533663887705
extended,0.163,1,0.7281107744890817,0.0023432989140048655
extended,0.163,1,0.7396131495541948,0.008670880467272046
extended,0.163,1,0.7510822969660513,0.010095399802590554
extended,0.163,1,0.7622420557198114,0.01678256434694425
extended,0.163,1,0.7733656203195596,0.017866843531500587
extended,0.163,1,0.7841521746389178,0.024768611095325688
extended,0.163,1,0.7948996675091712,0.025837381256846648
extended,0.163,1,0.8052834521985123,0.03264629400511021
extended,0.163,1,0.8156254152083707,0.034209033581389825
extended,0.163,1,0.8255779690356259,0.040468736718193066
extended,0.163,1,0.8354860555833376,0.04329853596416988
extended,0.163,1,0.8449800992902597,0.04831008059235775
extended,0.163,1,0.8544271519993002,0.053452495272855005
extended,0.163,1,0.8634366630720118,0.05616408832899655
extended,0.163,1,0.8723967882275622,0.06492347987397595
extended,0.163,1,0.8808970722224565,0.06390236079447054
extended,0.163,1,0.8893457107442764,0.0777693220410346
extended,0.163,1,0.8973134689737705,0.07116113532480695
extended,0.163,1,0.9052274637309285,0.09166155889764294
extended,0.163,1,0.9126408571235478,0.07733630275952708
extended,0.163,1,0.9199985164065101,0.1057994617841933
extended,0.163,1,0.9268372253662632,0.08174899577728123
extended,0.163,1,0.9336183823423594,0.11874802687237307
extended,0.163,1,0.9398636624433421,0.08381704802807688
extended,0.163,1,0.9460497304326537,0.12827727696493185
extended,0.163,1,0.951684463796212,0.08372787823084094
extended,0.163,1,0.9572584872163681,0.13179844807899543
extended,0.163,1,0.9622672294300195,0.08280949961738349
extended,0.163,1,0.9672139302702721,0.12766640025183784
extended,0.163,1,0.9715829527197589,0.08283185122941139
extended,0.163,1,0.9758887724169433,0.11874392849555415
extended,0.163,1,0.9796060999154199,0.085355126627498
extended,0.163,1,0.9832592365170412,0.11286788626745536
extended,0.163,1,0.9863146801282279,0.09166503856396613
extended,0.163,1,0.989305120640792,0.11489008576534787
extended,0.163,1,0.9916903056061263,0.1021267624569624
extended,0.163,1,0.9940098534400461,0.12582381917330765
extended,0.163,1,0.9957182421333284,0.11383020879812289
extended,0.163,1,0.9973605395692193,0.15740646216898557
extended,0.163,1,0.9983874494157947,0.13143832902287855
extended,0.163,1,0.999347995030544,0.2118557978505271
extended,0.163,1,0.9996906113419002,0.2058046899522314
verification,0.163,0,6.337809649776813e-05,0.039516991788426936
verification,0.163,0,0.0003465433007455845,-0.016659652407684522
verification,0.163,0,0.0007563211262155513,-0.16584235779009515
verification,0.163,0,0.001605175278696491,-0.24538056324961843
verification,0.163,0,0.0025802116623163526,-0.3311360101140295
verification,0.163,0,0.003992831835354091,-0.4242421771574856
verification,0.163,0,0.0055309180061097,-0.43932917811233496
verification,0.163,0,0.007504104160666372,-0.5398744033204979
verification,0.163,0,0.009601755858680694,-0.502303331880438
verification,0.163,0,0.01213103809347193,-0.6057898119429741
verification,0.163,0,0.014783503462972561,-0.5416311316397959
verification,0.163,0,0.017863152140233565,-0.6382415998531146
verification,0.163,0,0.021064422494035624,-0.5736380921614748
verification,0.163,0,0.024687461218992953,-0.6480505894613315
verification,0.163,0,0.028430284650107787,-0.6031289882639357
verification,0.163,0,0.03258850607475668,-0.6434462182595238
verification,0.163,0,0.036864403884293476,-0.6263950419121547
verification,0.163,0,0.041548388299682104,-0.6330046762573147
verification,0.163,0,0.04634767420382842,-0.6401645332836274
verification,0.163,0,0.0515468108787271,-0.6238052115837738
verification,0.163,0,0.05685861295129644,-0.6446815773334997
verification,0.163,0,0.06256112416891774,-0.6180361938151773
verification,0.163,0,0.06837340946975984,-0.6416614404025192
verification,0.163,0,0.07456637720807421,-0.6135253310758704
verification,0.163,0,0.08086597904155393,-0.6336542387344439
verification,0.163,0,0.08753537423676527,-0.6079257909558977
verification,0.163,0,0.09430802197856389,-0.6234633117738231
verification,0.163,0,0.10143873630545087,-0.6007720033162098
verification,0.163,0,0.10866908773011949,-0.6129654087900072
verification,0.163,0,0.11624496782725192,-0.592653345255155
verification,0.163,0,0.12391664386328699,-0.6029126562474041
verification,0.163,0,0.13192052792558404,-0.584271129221682
verification,0.163,0,0.1400161497592921,-0.5934410046655656
verification,0.163,0,0.1484299064150307,-0.5761222261284775
verification,0.163,0,0.15693113485913102,-0.5844952861900787
verification,0.163,0,0.16573570424333858,-0.5684569166103584
verification,0.163,0,0.17462328128112284,-0.57613944113499
verification,0.163,0,0.18379871821229288,-0.5614383929650539
verification,0.163,0,0.19305251062322207,-0.5688838269718233
verification,0.163,0,0.20257802978557393,-0.5554914758108147
verification,0.163,0,0.2121770747535035,-0.5628887371821578
verification,0.163,0,0.22203109778240362,-0.5505862645198771
verification,0.163,0,0.23195365038310228,-0.5569497128676784
verification,0.163,0,0.2421138547470016,-0.5452868785282372
verification,0.163,0,0.2523374372073985,-0.5495865188427453
verification,0.163,0,0.2627808067755459,-0.5379303518713705
verification,0.163,0,0.27328225939311696,-0.5393080396965424
verification,0.163,0,0.28398513657449775,-0.5270347587800077
verification,0.163,0,0.29474067018144023,-0.5239135157663639
verification,0.163,0,0.30567880951683113,-0.5106930612241711
verification,0.163,0,0.31666405937018033,-0.5025197045474536
verification,0.163,0,0.32781268245590556,-0.4885576328522028
verification,0.163,0,0.33900276343151187,-0.47721554966268864
verification,0.163,0,0.3503366150505099,-0.4630872415937417
verification,0.163,0,0.3617061780158559,-0.4502522765928856
verification,0.163,0,0.37319958334885667,-0.43657731030075486
verification,0.163,0,0.384722872586987,-0.42304930423971276
verification,0.163,0,0.39634979537424125,-0.4101663897586201
verification,0.163,0,0.40800070692875007,-0.3966636228665399
verification,0.163,0,0.41973480845053124,-0.3846885182984132
verification,0.163,0,0.4314869492594188,-0.37128213403766597
verification,0.163,0,0.4433016480016945,-0.3601659139374722
verification,0.163,0,0.45512839568614066,-0.34668247937480823
verification,0.163,0,0.4669969275562507,-0.33632686132044376
verification,0.163,0,0.4788714907288661,-0.3227167566535578
verification,0.163,0,0.4907669696848015,-0.3130359344332565
verification,0.163,0,0.5026624486407372,-0.2993084728147968
verification,0.163,0,0.5145579275966727,-0.2902549268809238
verification,0.163,0,0.5264473752501031,-0.27642442135016565
verification,0.163,0,0.538315907120213,-0.2679626843129894
verification,0.163,0,0.5501723900481525,-0.25408404778286764
verification,0.163,0,0.5619870887904284,-0.24618993528578303
verification,0.163,0,0.5737837482455977,-0.23228614756742338
verification,0.163,0,0.5855178497673792,-0.2249387798259299
verification,0.163,0,0.5972279625219057,-0.2110412111408828
verification,0.163,0,0.60885488530916,-0.20422538234815035
verification,0.163,0,0.6204519241912846,-0.1903625120930852
verification,0.163,0,0.631945329524285,-0.1840745025970818
verification,0.163,0,0.6434030235109375,-0.17030438329534237
verification,0.163,0,0.6547368751299357,-0.1645512751480509
verification,0.163,0,0.6660292688590529,-0.15092878928207365
verification,0.163,0,0.6771778919447791,-0.14573775111843834
verification,0.163,0,0.6882794045125469,-0.1324156781216772
verification,0.163,0,0.6992175438479369,-0.1277860897025005
verification,0.163,0,0.7101030267577652,-0.11492014012110663
verification,0.163,0,0.7208059039391446,-0.11080034244283943
verification,0.163,0,0.7314506980711012,-0.0983049551260593
verification,0.163,0,0.7418940676392499,-0.09459443748115648
verification,0.163,0,0.7522740591109017,-0.08233972566189585
verification,0.163,0,0.7624342634748059,-0.0788988829623023
verification,0.163,0,0.7725259382669092,-0.0669004896821268
verification,0.163,0,0.7823799612958048,-0.06354802843940499
verification,0.163,0,0.7921604585191238,-0.05194816700967819
verification,0.163,0,0.8016859776814754,-0.04842587987880176
verification,0.163,0,0.8111331413640681,-0.03746650473690938
verification,0.163,0,0.8203085782952382,-0.033386303550633434
verification,0.163,0,0.8294010075728311,-0.02340735915711134
verification,0.163,0,0.8382055769570377,-0.018195300933878666
verification,0.163,0,0.846922674552883,-0.00974437593508326
verification,0.163,0,0.855336431208623,-0.0025780388449392344
verification,0.163,0,0.8636584500929516,0.0034781978382704137
verification,0.163,0,0.8716623341552482,0.013722299614943867
verification,0.163,0,0.879570422278641,0.016143665915014593
verification,0.163,0,0.8871463023757691,0.030927706101224306
verification,0.163,0,0.8946225453751174,0.027998604944284744
verification,0.163,0,0.9017532597020091,0.04911282463342703
verification,0.163,0,0.9087807214823124,0.03867852076704703
verification,0.163,0,0.9154501166775239,0.0681248645552085
verification,0.163,0,0.9220128777775697,0.04776748613007953
verification,0.163,0,0.9282058455158838,0.08746639336178086
verification,0.163,0,0.9342890391709773,0.0547608082885499
verification,0.163,0,0.9399915503885985,0.10597098652467973
verification,0.163,0,0.9455813962085493,0.05932788931484134
verification,0.163,0,0.9507805328834484,0.12169868000621153
verification,0.163,0,0.9558643680695895,0.06186345187363973
verification,0.163,0,0.9605483524849777,0.13220329515531049
verification,0.163,0,0.9651146605154781,0.06348492309532905
verification,0.163,0,0.969272881940127,0.13539280519032093
verification,0.163,0,0.9733113186586183,0.06535019326953206
verification,0.163,0,0.9769343573835758,0.13228971211418528
verification,0.163,0,0.9804357744319921,0.06834628900725404
verification,0.163,0,0.9835154231092532,0.12915306706452268
verification,0.163,0,0.9864718886518048,0.07342049863532485
verification,0.163,0,0.9890011708865959,0.13166661171028482
verification,0.163,0,0.9914059875779297,0.08196567796493215
verification,0.163,0,0.9933791737324863,0.1403754140111294
verification,0.163,0,0.9952268938893252,0.09625478645907148
verification,0.163,0,0.9966395140623628,0.15181841996636203
verification,0.163,0,0.997925952004262,0.13081752716238648
verification,0.163,0,0.9987748061567426,0.1704935160711072
verification,0.163,0,0.9994970476880014,0.189517291536332
verification,0.163,0,0.9997802128922493,0.20119473641621222
verification,0.163,1,0.00021978710775049428,0.2146330178296192
verification,0.163,1,0.0005029523119983665,0.23988384272743624
verification,0.163,1,0.0012251938432571558,0.3912694177431524
verification,0.163,1,0.0020740479957380396,0.3879494981354997
verification,0.163,1,0.003360485937636857,0.4829645534507514
verification,0.163,1,0.004773106110674595,0.4651177223029671
verification,0.163,1,0.006620826267513511,0.49955324166299353
verification,0.163,1,0.00859401242207024,0.48462287450749664
verification,0.163,1,0.01099882911340388,0.4694810472600256
verification,0.163,1,0.013528111348195116,0.46816509696645514
verification,0.163,1,0.016484576890746835,0.4176365481324298
verification,0.163,1,0.019564225568008003,0.4290047484581606
verification,0.163,1,0.02306564261642427,0.3598712861687763
verification,0.163,1,0.026688681341381488,0.3724607917181064
verification,0.163,1,0.030727118059872823,0.304625922071301
verification,0.163,1,0.03488533948452172,0.3049449839066821
verification,0.163,1,0.0394516475150224,0.2543670533419834
verification,0.163,1,0.04413563193041098,0.23632443270245584
verification,0.163,1,0.04921946711655198,0.20764674150955953
verification,0.163,1,0.054418603791450665,0.17428955126722256
verification,0.163,1,0.06000844961140125,0.16269306287387475
verification,0.163,1,0.06571096082902254,0.12194721880645476
verification,0.163,1,0.07179415448411619,0.12001666036995307
verification,0.163,1,0.07798712222243051,0.07916949100459914
verification,0.163,1,0.08454988332247636,0.08129404354561576
verification,0.163,1,0.09121927851768764,0.04405958643703922
verification,0.163,1,0.0982467402979874,0.04733069372480103
verification,0.163,1,0.10537745462487437,0.01438534555696469
verification,0.163,1,0.11285369762422517,0.017852870910267993
verification,0.163,1,0.12042957772135761,-0.01144615381809122
verification,0.163,1,0.1283376658447516,-0.007856574028094032
verification,0.163,1,0.13634154990704841,-0.03432202795332784
verification,0.163,1,0.14466356879137626,-0.03055343995903237
verification,0.163,1,0.15307732544711508,-0.05471059985106175
verification,0.163,1,0.16179442304296082,-0.05083531704373012
verification,0.163,1,0.17059899242716828,-0.07294678200879012
verification,0.163,1,0.1796914217047616,-0.06916020628443009
verification,0.163,1,0.18886685863593164,-0.08947784113283896
verification,0.163,1,0.19831402231852432,-0.08608498952851873
verification,0.163,1,0.2078395414808762,-0.10508915666080165
verification,0.163,1,0.2176200387041986,-0.10224299992770036
verification,0.163,1,0.22747406173309873,-0.11991959281177977
verification,0.163,1,0.23756573652519958,-0.11728750499009943
verification,0.163,1,0.24772594088909888,-0.13309382804864245
verification,0.163,1,0.2581059323607488,-0.1301465428534021
verification,0.163,1,0.2685493019288963,-0.14390042633844136
verification,0.163,1,0.2791940960608536,-0.1400371891708918
verification,0.163,1,0.28989697324223423,-0.15116976254326087
verification,0.163,1,0.3007824561520639,-0.14556276984701477
verification,0.163,1,0.311720595487455,-0.15315471128111424
verification,0.163,1,0.3228221080552221,-0.14547618509831306
verification,0.163,1,0.3339707311409473,-0.14988777903714512
verification,0.163,1,0.3452631248700643,-0.1409049956738515
verification,0.163,1,0.3565969764890624,-0.14357847608291063
verification,0.163,1,0.368054670475715,-0.13415520359448796
verification,0.163,1,0.3795480758087154,-0.13545629522199865
verification,0.163,1,0.39114511469084007,-0.12613320221997215
verification,0.163,1,0.4027720374780943,-0.12668241748878284
verification,0.163,1,0.41448215023262086,-0.11785521496740503
verification,0.163,1,0.42621625175440214,-0.11788522148036629
verification,0.163,1,0.43801291120957153,-0.10961881643051363
verification,0.163,1,0.4498276099518472,-0.10909508534923718
verification,0.163,1,0.46168409287978684,-0.10130344655757417
verification,0.163,1,0.4735526247498968,-0.10015573371579856
verification,0.163,1,0.48544207240332726,-0.09279024748857512
verification,0.163,1,0.49733755135926266,-0.09108536251285604
verification,0.163,1,0.5092330303151983,-0.08413430359347696
verification,0.163,1,0.5211285092711339,-0.0818633925191441
verification,0.163,1,0.5330030724437492,-0.07533139874863504
verification,0.163,1,0.5448716043138593,-0.0725545935927947
verification,0.163,1,0.5566983519983053,-0.06646970978982769
verification,0.163,1,0.5685130507405809,-0.06320421502026385
verification,0.163,1,0.5802651915494684,-0.05758653165511696
verification,0.163,1,0.5919992930712499,-0.05384507884504486
verification,0.163,1,0.6036502046257589,-0.04872163944568353
verification,0.163,1,0.615277127413013,-0.044512968876850856
verification,0.163,1,0.6268004166511435,-0.03991529398321836
verification,0.163,1,0.6382938219841439,-0.035239349092301975
verification,0.163,1,0.6496633849494898,-0.031218799122016083
verification,0.163,1,0.6609972365684881,-0.026107726685869137
verification,0.163,1,0.6721873175440949,-0.022724539502120278
verification,0.163,1,0.683335940629821,-0.017185823886489038
verification,0.163,1,0.69432119048317,-0.01453998999760242
verification,0.163,1,0.70525932981856,-0.008724172157192012
verification,0.163,1,0.7160148634255014,-0.006888563686601179
verification,0.163,1,0.7267177406068809,-0.0008144515106305317
verification,0.163,1,0.7372191932244523,0.0002914815702901308
verification,0.163,1,0.7476625627926006,0.006741137160596544
verification,0.163,1,0.757886145253002,0.007277416758407873
verification,0.163,1,0.7680463496169069,0.014134572839754611
verification,0.163,1,0.7779689022176024,0.014270372973417045
verification,0.163,1,0.7878229252464971,0.021443498365595337
verification,0.163,1,0.7974219702144254,0.02139813708381999
verification,0.163,1,0.8069474893767775,0.028685726896451103
verification,0.163,1,0.8162012817877065,0.028799481645013447
verification,0.163,1,0.8253767187188763,0.035883947807899275
verification,0.163,1,0.8342642957566598,0.036691873876437464
verification,0.163,1,0.8430688651408668,0.04311216718032196
verification,0.163,1,0.851570093584968,0.045372645387453114
verification,0.163,1,0.8599838502407079,0.050395583583687675
verification,0.163,1,0.8680794720744162,0.0551015471553723
verification,0.163,1,0.8760833561367131,0.05769663238444456
verification,0.163,1,0.8837550321727452,0.06608179377184464
verification,0.163,1,0.8913309122698734,0.0648783270249087
verification,0.163,1,0.8985612636945444,0.07835024797773438
verification,0.163,1,0.9056919780214352,0.07161643588982658
verification,0.163,1,0.9124646257632347,0.09165809509814704
verification,0.163,1,0.919134020958446,0.07745019270419373
verification,0.163,1,0.9254336227919254,0.10542872275445103
verification,0.163,1,0.9316265905302396,0.08181945347096986
verification,0.163,1,0.9374388758310818,0.11853446055707872
verification,0.163,1,0.9431413870487033,0.08410255811827849
verification,0.163,1,0.9484531891212727,0.12913424574238852
verification,0.163,1,0.9536523257961718,0.08411870666912458
verification,0.163,1,0.9584516117003179,0.13494453403464235
verification,0.163,1,0.9631355961157064,0.08264428114617561
verification,0.163,1,0.9674114939252434,0.13386067798713597
verification,0.163,1,0.9715697153498923,0.08114190305006874
verification,0.163,1,0.9753125387810095,0.12591353366735258
verification,0.163,1,0.9789355775059698,0.08106518951830188
verification,0.163,1,0.9821368478597701,0.11618714839518618
verification,0.163,1,0.9852164965370285,0.08368454379293788
verification,0.163,1,0.9878689619065283,0.11146461028095389
verification,0.163,1,0.9903982441413192,0.09009939543178269
verification,0.163,1,0.9924958958393336,0.11432187632105717
verification,0.163,1,0.9944690819938902,0.10057269276194547
verification,0.163,1,0.996007168164646,0.12532288608373998
verification,0.163,1,0.997419788337684,0.11228240368197118
verification,0.163,1,0.9983948247213037,0.15596985999012936
verification,0.163,1,0.9992436788737847,0.130030416587957
verification,0.163,1,0.9996534566992545,0.20905775350146372
verification,0.163,1,0.999936621903502,0.20119473641621222
coarse,0.245,0,0.004571737715953918,-0.1801061566326545
coarse,0.245,0,0.009375417615146271,-0.4145820261996549
coarse,0.245,0,0.023146883629682164,-0.6013792072846369
coarse,0.245,0,0.037373320602668146,-0.6669807830957593
coarse,0.245,0,0.0600472273832133,-0.565091729605246
coarse,0.245,0,0.08314970743539878,-0.5907107606392856
coarse,0.245,0,0.11385470946005011,-0.506041280503426
coarse,0.245,0,0.1449454172390495,-0.5184084359466885
coarse,0.245,0,0.18250153849956335,-0.4822648990906562
coarse,0.245,0,0.22038567554129973,-0.4661125563760766
coarse,0.245,0,0.26334965535934907,-0.45426329678942823
coarse,0.245,0,0.30657135552297615,-0.4201421036611437
coarse,0.245,0,0.3532921122486333,-0.3878877093973063
coarse,0.245,0,0.40019038983587485,-0.3458555105412511
coarse,0.245,0,0.4488724709894725,-0.2941807784595234
coarse,0.245,0,0.4976450514935046,-0.25624888840354454
coarse,0.245,0,0.5464176319975366,-0.20701807369198488
coarse,0.245,0,0.5951902125015687,-0.17434364129133928
coarse,0.245,0,0.6421789894392428,-0.1307756485108056
coarse,0.245,0,0.6890772670264826,-0.10061291441556586
coarse,0.245,0,0.7324764880516956,-0.06725882481282808
coarse,0.245,0,0.7756981882153252,-0.0354086532161042
coarse,0.245,0,0.8138400456026388,-0.01689875161296084
coarse,0.245,0,0.8517241826443747,0.02150596047409392
coarse,0.245,0,0.8831429062045946,0.024203094009993875
coarse,0.245,0,0.9142336139835917,0.06703171206990655
coarse,0.245,0,0.937721799790127,0.06020129841684885
coarse,0.245,0,0.9608242798423147,0.09641542451765017
coarse,0.245,0,0.975479290086941,0.11373577709013893
coarse,0.245,0,0.9897057270599268,0.12105217241643862
coarse,0.245,0,0.9949643779175689,0.19350581923546617
coarse,0.245,0,0.9997680578167609,0.20870076662752463
coarse,0.245,1,0.00023194218323888162,0.29700669613599506
coarse,0.245,1,0.005035622082431124,0.42240590132096767
coarse,0.245,1,0.010294272940073455,0.41729242713765236
coarse,0.245,1,0.024520709913059324,0.3326519540751435
coarse,0.245,1,0.03917572015768552,0.21392794846074414
coarse,0.245,1,0.06227820020987088,0.15533330532988732
coarse,0.245,1,0.0857663860164043,0.07590852613536181
coarse,0.245,1,0.11685709379540356,0.04560137512916429
coarse,0.245,1,0.14827581735562534,-0.009203654739490474
coarse,0.245,1,0.18615995439736174,-0.04112910531137515
coarse,0.245,1,0.22430181178467593,-0.06337394491601489
coarse,0.245,1,0.26752351194830304,-0.0895418509778223
coarse,0.245,1,0.3109227329735143,-0.08146248732690675
coarse,0.245,1,0.3578210105607556,-0.08650087059171341
coarse,0.245,1,0.40480978749843133,-0.06121340312580914
coarse,0.245,1,0.4535823680024634,-0.05818259859279884
coarse,0.245,1,0.5023549485064954,-0.031234236447817976
coarse,0.245,1,0.5511275290105275,-0.02647772268462023
coarse,0.245,1,0.5998096101641252,-0.0001862840525928
coarse,0.245,1,0.6467078877513658,0.0032304854392434246
coarse,0.245,1,0.6934286444770222,0.027077462058294532
coarse,0.245,1,0.7366503446406512,0.027052336079165573
coarse,0.245,1,0.779614324458702,0.04688325086171563
coarse,0.245,1,0.8174984615004375,0.045960552885231154
coarse,0.245,1,0.8550545827609503,0.06035948872028385
coarse,0.245,1,0.8861452905399485,0.06447158965786104
coarse,0.245,1,0.9168502925645993,0.07481660612333096
coarse,0.245,1,0.9399527726167856,0.0811253249654057
coarse,0.245,1,0.9626266793973318,0.12002878552393947
coarse,0.245,1,0.976853116370318,0.10163696197133265
coarse,0.245,1,0.9906245823848544,0.19889383042438735
coarse,0.245,1,0.9954282622840462,0.20870076662752463
medium,0.245,0,0.001988996824028737,-0.11499189459008052
medium,0.245,0,0.004127781480575965,-0.31003347420945704
medium,0.245,0,0.010210527498067522,-0.5271034490055424
medium,0.245,0,0.016590286269252956,-0.647493500927246
medium,0.245,0,0.026812491841911087,-0.6004364791056711
medium,0.245,0,0.03732406528635664,-0.6692750768196325
medium,0.245,0,0.05151082564270215,-0.567510332626294
medium,0.245,0,0.06597435782441423,-0.6216400424992452
medium,0.245,0,0.08388293356143689,-0.5398490263418698
medium,0.245,0,0.10205094943473769,-0.5705346057375298
medium,0.245,0,0.12337491985638223,-0.5331251635680041
medium,0.245,0,0.14493655963255422,-0.5265634959773726
medium,0.245,0,0.1693110656927845,-0.5208808605997464
medium,0.245,0,0.19389740373724124,-0.4949418113695301
medium,0.245,0,0.22090539087947691,-0.5020024417761679
medium,0.245,0,0.24809574813165713,-0.4735471904763706
medium,0.245,0,0.27727510220786494,-0.47361284754296706
medium,0.245,0,0.3066042441165916,-0.4443376188660788
medium,0.245,0,0.3374556982884851,-0.4220057259343779
medium,0.245,0,0.3684217951041283,-0.3905020518428657
medium,0.245,0,0.40041747243718473,-0.354420200340813
medium,0.245,0,0.43249068565780185,-0.32439593617783413
medium,0.245,0,0.4650831312419758,-0.28908374851406204
medium,0.245,0,0.4977146792969888,-0.26226900655797203
medium,0.245,0,0.5303462273520018,-0.22942519466323708
medium,0.245,0,0.5629777754070148,-0.20549916973451965
medium,0.245,0,0.5950900910984711,-0.17463326672153867
medium,0.245,0,0.6271633043190884,-0.15278529873593705
medium,0.245,0,0.6582069370222909,-0.12491047431862334
medium,0.245,0,0.6891730338379324,-0.10402513982480821
medium,0.245,0,0.71861681839041,-0.08136568498849694
medium,0.245,0,0.747945960299138,-0.059723259568670306
medium,0.245,0,0.775286105383837,-0.04436159059835565
medium,0.245,0,0.8024764626360172,-0.018917212061873467
medium,0.245,0,0.8272451707904187,-0.012958789278680882
medium,0.245,0,0.8518315088348755,0.019707950553330966
medium,0.245,0,0.8736049805952736,0.013655334999028268
medium,0.245,0,0.8951666203714452,0.05518591367488035
medium,0.245,0,0.9135723055992735,0.036958254262296264
medium,0.245,0,0.9317403214725745,0.08385896973623608
medium,0.245,0,0.9464632937905647,0.05910670262596052
medium,0.245,0,0.9609268259722771,0.10622798857369398
medium,0.245,0,0.9717151712420916,0.08336598862067213
medium,0.245,0,0.9822267446865396,0.1252936537629945
medium,0.245,0,0.9888958713295097,0.12958258306005488
medium,0.245,0,0.9952756301006923,0.14812669742884643
medium,0.245,0,0.9977114275109334,0.20209584409705816
medium,0.245,0,0.9998502121674806,0.22349981067737007
medium,0.245,1,0.0001497878325189366,0.2520287310977196
medium,0.245,1,0.0022885724890661643,0.358821342460624
medium,0.245,1,0.004724369899307382,0.47273104771525976
medium,0.245,1,0.011104128670492928,0.4338190155917514
medium,0.245,1,0.017773255313465797,0.36206044953307326
medium,0.245,1,0.028284828757911246,0.3091166027139608
medium,0.245,1,0.03907317402772326,0.22392431067833274
medium,0.245,1,0.053536706209435334,0.19878827672602517
medium,0.245,1,0.06825967852742543,0.11917376492369047
medium,0.245,1,0.0864276944007261,0.10221483017461419
medium,0.245,1,0.10483337962855435,0.04523233422848194
medium,0.245,1,0.12639501940472622,0.015850772824777093
medium,0.245,1,0.14816849116512454,-0.00941690365571013
medium,0.245,1,0.1727548292095814,-0.04657433708437164
medium,0.245,1,0.1975235373639828,-0.055391856783088
medium,0.245,1,0.22471389461616276,-0.08981632869217249
medium,0.245,1,0.2520540397008615,-0.09040529664313235
medium,0.245,1,0.28138318160958803,-0.1117918660503665
medium,0.245,1,0.31082696616206434,-0.1011709663920588
medium,0.245,1,0.3417930629777075,-0.10638192420337544
medium,0.245,1,0.3728366956809116,-0.08809793189628978
medium,0.245,1,0.4049099089015289,-0.08680767237923881
medium,0.245,1,0.43702222459298545,-0.0680679876148067
medium,0.245,1,0.46965377264799846,-0.06473397296852168
medium,0.245,1,0.5022853207030112,-0.04676804877975815
medium,0.245,1,0.5349168687580239,-0.042142457957390356
medium,0.245,1,0.5675093143421976,-0.02436899828065653
medium,0.245,1,0.599582527562815,-0.019539817060189035
medium,0.245,1,0.6315782048958716,-0.0015734687149018267
medium,0.245,1,0.662544301711514,0.0019141281735237659
medium,0.245,1,0.6933957558834069,0.02024170603218234
medium,0.245,1,0.7227248977921339,0.020375336758910234
medium,0.245,1,0.7519042518683424,0.03984977138036305
medium,0.245,1,0.7790946091205229,0.035508422210941415
medium,0.245,1,0.8061025962627587,0.05717256525685732
medium,0.245,1,0.8306889343072152,0.047781551896274976
medium,0.245,1,0.8550634403674455,0.070934517729074
medium,0.245,1,0.8766250801436176,0.05858699179891691
medium,0.245,1,0.8979490505652623,0.0791329236976237
medium,0.245,1,0.9161170664385626,0.07053138705706496
medium,0.245,1,0.9340256421755853,0.0841532381191834
medium,0.245,1,0.9484891743572974,0.08566681377159402
medium,0.245,1,0.9626759347136431,0.09736449032716554
medium,0.245,1,0.9731875081580861,0.10135159741341626
medium,0.245,1,0.9834097137307422,0.13969200494442147
medium,0.245,1,0.9897894725019303,0.12290917736242846
medium,0.245,1,0.9958722185194241,0.21031231013057572
medium,0.245,1,0.9980110031759711,0.22349981067737007
fine,0.245,0,0.000853410772827037,-0.06535560425121734
fine,0.245,0,0.001804736249890379,-0.20372956530587438
fine,0.245,0,0.004456388301323194,-0.4040099462510034
fine,0.245,0,0.0073031245712075945,-0.534613161815408
fine,0.245,0,0.011830751932259914,-0.560675205109396
fine,0.245,0,0.016551233613044725,-0.6634307201324168
fine,0.245,0,0.02292037830564316,-0.5924712241484793
fine,0.245,0,0.029478679681432893,-0.6821941435124934
fine,0.245,0,0.0376408686686724,-0.5816748646879901
fine,0.245,0,0.04598707710598736,-0.6593453090442913
fine,0.245,0,0.05588019120120989,-0.5752632593447753
fine,0.245,0,0.06595078701426273,-0.6244380967026062
fine,0.245,0,0.07749953364557832,-0.5819246148802943
fine,0.245,0,0.08921787351944002,-0.5907738050112303
fine,0.245,0,0.10233435975166039,-0.5825336600991009
fine,0.245,0,0.11561126004416389,-0.5634898806595754
fine,0.245,0,0.1301956614971112,-0.5714278727009197
fine,0.245,0,0.14493007698021879,-0.5432773063154872
fine,0.245,0,0.16087139755253338,-0.5535705868249954
fine,0.245,0,0.17695119042753527,-0.5268375735951407
fine,0.245,0,0.19412810704403066,-0.5349073038074734
fine,0.245,0,0.2114309003779051,-0.5124522806185579
fine,0.245,0,0.22971268633142086,-0.518514509027086
fine,0.245,0,0.24810679541918126,-0.4989813540214696
fine,0.245,0,0.2673543152797695,-0.5004773232483606
fine,0.245,0,0.28669974984459456,-0.48087336168618733
fine,0.245,0,0.3067665183641455,-0.4715470239300561
fine,0.245,0,0.3269160479679031,-0.4497267915315908
fine,0.245,0,0.34764934492133664,-0.4292020818119049
fine,0.245,0,0.3684496194771237,-0.4061194374696169
fine,0.245,0,0.3896916519555172,-0.38147373504203697
fine,0.245,0,0.41098436881441497,-0.3592425830960979
fine,0.245,0,0.4325734721243179,-0.3352234457557699
fine,0.245,0,0.4541965808541358,-0.31495253607920515
fine,0.245,0,0.47596844888350304,-0.2919144983631916
fine,0.245,0,0.4977573845704177,-0.2736197236126272
fine,0.245,0,0.5195463202573302,-0.25100449853677365
fine,0.245,0,0.541335255944242,-0.23439995894188548
fine,0.245,0,0.5629754323316096,-0.21228517532837765
fine,0.245,0,0.5845985410614299,-0.19709072054651844
fine,0.245,0,0.6059252633402429,-0.17569687628628006
fine,0.245,0,0.6272179801991404,-0.16165371747852464
fine,0.245,0,0.6480689391354315,-0.14128253723064588
fine,0.245,0,0.6688692136912184,-0.12809691137303147
fine,0.245,0,0.6890857208973296,-0.10945848249576517
fine,0.245,0,0.7092352505010872,-0.09666544158753454
fine,0.245,0,0.7286634461501191,-0.08076212891749801
fine,0.245,0,0.7480088807149441,-0.06747218605659788
fine,0.245,0,0.7665009045069436,-0.054912957060227585
fine,0.245,0,0.7848950135947068,-0.039643580270316114
fine,0.245,0,0.8023101300628243,-0.03135968732288896
fine,0.245,0,0.8196129233966959,-0.012160217404022289
fine,0.245,0,0.8358185929890769,-0.0100902235396223
fine,0.245,0,0.851898385864079,0.015396295831743068
fine,0.245,0,0.866771273649874,0.008683807422988798
fine,0.245,0,0.8815056891329817,0.04277920663096213
fine,0.245,0,0.8949326034556454,0.024534982208465506
fine,0.245,0,0.9082095037481487,0.0684369091404573
fine,0.245,0,0.9200882576822932,0.037632982868036735
fine,0.245,0,0.9318065975561548,0.08958653250992188
fine,0.245,0,0.9420467866117541,0.04945925076119806
fine,0.245,0,0.9521173824248071,0.10399005840890607
fine,0.245,0,0.9606410725799521,0.06178531044466362
fine,0.245,0,0.9689872810172665,0.11481436190903871
fine,0.245,0,0.9757296018431344,0.07626732548946757
fine,0.245,0,0.9822879032189272,0.12865610570021768
fine,0.245,0,0.9871975415829012,0.09552544334442936
fine,0.245,0,0.9919180232636834,0.14409047288959131
fine,0.245,0,0.9949576138533,0.13693535310720473
fine,0.245,0,0.9978043501231844,0.16615444937354762
fine,0.245,0,0.9989507598186992,0.20336687615236415
fine,0.245,0,0.9999020852957626,0.22655304890644878
fine,0.245,1,9.79147042369739e-05,0.2136838536071234
fine,0.245,1,0.0010492401813005387,0.28917696093393164
fine,0.245,1,0.002195649876815801,0.4561580411982571
fine,0.245,1,0.00504238614670009,0.4480215138981709
fine,0.245,1,0.008081976736316757,0.4649548264659853
fine,0.245,1,0.012802458417101679,0.4270971635612282
fine,0.245,1,0.01771209678107801,0.37649735639686166
fine,0.245,1,0.024270398156867858,0.35267644241869767
fine,0.245,1,0.031012718982733268,0.27750930285714326
fine,0.245,1,0.039358927420048116,0.2741885561144727
fine,0.245,1,0.047882617575193256,0.19348016611791674
fine,0.245,1,0.057953213388246085,0.1898421520931417
fine,0.245,1,0.06819340244384502,0.12653670412504903
fine,0.245,1,0.07991174231770662,0.10545379884290584
fine,0.245,1,0.09179049625185123,0.07234834152100544
fine,0.245,1,0.10506739654435462,0.03656025679073849
fine,0.245,1,0.11849431086701849,0.0256306624467022
fine,0.245,1,0.13322872635012595,-0.013909104469340683
fine,0.245,1,0.14810161413592093,-0.015062527678532778
fine,0.245,1,0.1641814070109229,-0.050751555496771905
fine,0.245,1,0.18038707660330408,-0.049709196923314325
fine,0.245,1,0.19768986993717863,-0.08004018617332154
fine,0.245,1,0.21510498640529793,-0.07954242382724308
fine,0.245,1,0.23349909549305833,-0.10478944698301418
fine,0.245,1,0.2519911192850555,-0.10347794077024464
fine,0.245,1,0.2713365538498805,-0.12208554246533754
fine,0.245,1,0.2907647494989122,-0.11616170140449378
fine,0.245,1,0.3109142791026701,-0.12563662161905853
fine,0.245,1,0.33113078630878134,-0.11409466761045794
fine,0.245,1,0.35193106086456827,-0.1169359405146484
fine,0.245,1,0.37278201980085934,-0.10300862727876892
fine,0.245,1,0.39407473665975706,-0.10300210275930399
fine,0.245,1,0.4154014589385696,-0.08950510544156698
fine,0.245,1,0.4370245676683877,-0.08812463037562246
fine,0.245,1,0.458664744055753,-0.07567778266867187
fine,0.245,1,0.48045367974266767,-0.07286535401769201
fine,0.245,1,0.5022426154295823,-0.06126656260235075
fine,0.245,1,0.5240315511164976,-0.057174128118071765
fine,0.245,1,0.5458034191458653,-0.046326887982321985
fine,0.245,1,0.5674265278756828,-0.041272009953113864
fine,0.245,1,0.5890156311855851,-0.031066387145303853
fine,0.245,1,0.6103083480444828,-0.025392802442360196
fine,0.245,1,0.6315503805228762,-0.01563967879805861
fine,0.245,1,0.6523506550786631,-0.009853587682361775
fine,0.245,1,0.6730839520320965,-0.00035239595156810744
fine,0.245,1,0.6932334816358541,0.004668432832280356
fine,0.245,1,0.713300250155405,0.014328524087251715
fine,0.245,1,0.73264568472023,0.017647230955738835
fine,0.245,1,0.7518932045808183,0.028597919687888163
fine,0.245,1,0.7702873136685819,0.029497341360697482
fine,0.245,1,0.7885690996221002,0.043283251789423605
fine,0.245,1,0.8058718929559711,0.04041159041611453
fine,0.245,1,0.8230488095724634,0.058492341572122686
fine,0.245,1,0.8391286024474659,0.05012918189679083
fine,0.245,1,0.855069923019781,0.07366387716643374
fine,0.245,1,0.8698043385028887,0.05816109557748883
fine,0.245,1,0.8843887399558361,0.08717010996732766
fine,0.245,1,0.8976656402483396,0.06414993609004482
fine,0.245,1,0.9107821264805602,0.09637828032694018
fine,0.245,1,0.9225004663544218,0.06904725185021188
fine,0.245,1,0.9340492129857371,0.09914480619765897
fine,0.245,1,0.9441198087987901,0.07519593471969432
fine,0.245,1,0.9540129228940126,0.09780301927467605
fine,0.245,1,0.9623591313313274,0.08476600498835785
fine,0.245,1,0.9705213203185662,0.10096237648427053
fine,0.245,1,0.9770796216943539,0.09853597367079059
fine,0.245,1,0.9834487663869507,0.11436670291339412
fine,0.245,1,0.988169248067738,0.11341581324806838
fine,0.245,1,0.9926968754287928,0.15265460012144116
fine,0.245,1,0.995543611698677,0.1347854755822704
fine,0.245,1,0.9981952637501096,0.21568953032851168
fine,0.245,1,0.9991465892271729,0.22655304890644878
ultra,0.245,0,7.716461318477917e-05,-0.03129210475175537
ultra,0.245,0,0.0005001250453680226,-0.11715866357485405
ultra,0.245,0,0.0010771536032949524,-0.2862855445328194
ultra,0.245,0,0.0023446037356258647,-0.3905693334780105
ultra,0.245,0,0.0037653395753072826,-0.4642804542534056
ultra,0.245,0,0.005872990757741093,-0.5695460735049258
ultra,0.245,0,0.008132626558819439,-0.5545167936914934
ultra,0.245,0,0.01107334716691545,-0.6580688598920446
ultra,0.245,0,0.014164237037110521,-0.5894710656555642
ultra,0.245,0,0.017928076603194187,-0.6918292412533835
ultra,0.245,0,0.021839761949583144,-0.5998038176104494
ultra,0.245,0,0.026413984831978012,-0.6940363748835423
ultra,0.245,0,0.03113322974956358,-0.6057352153883822
ultra,0.245,0,0.03650235822597259,-0.6776041466329381
ultra,0.245,0,0.04201319428379577,-0.615539452514184
ultra,0.245,0,0.04815906092301111,-0.653478892102541
ultra,0.245,0,0.05444284119626582,-0.6254023505672961
ultra,0.245,0,0.061344650331009366,-0.6307156890578656
ultra,0.245,0,0.06838011249633476,-0.6285567065109106
ultra,0.245,0,0.07601451058921035,-0.6127573092140723
ultra,0.245,0,0.08377784886966193,-0.6228140831566762
ultra,0.245,0,0.09211900353413507,-0.5984441531264668
ultra,0.245,0,0.10058394925039872,-0.6106357757537733
ultra,0.245,0,0.10960363665941518,-0.5856637617917719
ultra,0.245,0,0.11874154711470247,-0.5954330940014949
ultra,0.245,0,0.12840924750118482,-0.5730712889218081
ultra,0.245,0,0.13818920289905218,-0.5797166312807773
ultra,0.245,0,0.14847220382513038,-0.5604148326568057
ultra,0.245,0,0.15886111189228325,-0.5648978523851709
ultra,0.245,0,0.1697246189378323,-0.5480763880095489
ultra,0.245,0,0.18068732689790393,-0.5518234553933203
ultra,0.245,0,0.1920945813938423,-0.5368155254064781
ultra,0.245,0,0.2035939949132579,-0.54114615456092
ultra,0.245,0,0.21550639832125285,-0.5274137904149805
ultra,0.245,0,0.2275036070247164,-0.5316430351320027
ultra,0.245,0,0.23988085154241776,-0.5184457480420039
ultra,0.245,0,0.2523352606733037,-0.5206012974763838
ultra,0.245,0,0.26513546562318824,-0.5070801482476468
ultra,0.245,0,0.2780049334033481,-0.5050757833516486
ultra,0.245,0,0.29118478694367406,-0.4904221884101587
ultra,0.245,0,0.30442576716787334,-0.4818269536073949
ultra,0.245,0,0.31794067284624566,-0.4658194176577197
ultra,0.245,0,0.33150836222874003,-0.45177848971786694
ultra,0.245,0,0.34531258988238483,-0.43513610902254807
ultra,0.245,0,0.35916107965705407,-0.41890094587731785
ultra,0.245,0,0.37320792014921655,-0.40253384373278744
ultra,0.245,0,0.38729035141029916,-0.38593698100862284
ultra,0.245,0,0.40153227467917657,-0.3705146132645245
ultra,0.245,0,0.41580099693697364,-0.354434571110543
ultra,0.245,0,0.43018981282239865,-0.3401763215049556
ultra,0.245,0,0.4445965452374478,-0.3244848777547027
ultra,0.245,0,0.4590835665411364,-0.3113312888231361
ultra,0.245,0,0.473579561291288,-0.29575510113118786
ultra,0.245,0,0.48811576851890687,-0.2835840922367947
ultra,0.245,0,0.5026519757465258,-0.2680641328053388
ultra,0.245,0,0.5171881829741447,-0.25677790425370506
ultra,0.245,0,0.5317154167553007,-0.24133615537904518
ultra,0.245,0,0.5462024380589893,-0.23087205117252685
ultra,0.245,0,0.560671542833054,-0.21555587647219765
ultra,0.245,0,0.575060358718479,-0.20586091524812278
ultra,0.245,0,0.5894223756149842,-0.1907001990196111
ultra,0.245,0,0.6036642988838619,-0.1817242218502051
ultra,0.245,0,0.6178706313838193,-0.16676721118240412
ultra,0.245,0,0.6319174718759818,-0.15846289117150203
ultra,0.245,0,0.6459200502471197,-0.1438100411824066
ultra,0.245,0,0.6597242779007644,-0.13613038121201493
ultra,0.245,0,0.6734757218502875,-0.12198320784288885
ultra,0.245,0,0.6869906275286627,-0.11484046521066738
ultra,0.245,0,0.7004444065231635,-0.10158073063224538
ultra,0.245,0,0.7136242600634866,-0.09478003023796999
ultra,0.245,0,0.7267348507735348,-0.08260964129936665
ultra,0.245,0,0.739535055723419,-0.07579716706403161
ultra,0.245,0,0.7522580960601193,-0.06471469148052678
ultra,0.245,0,0.7646353405778227,-0.05737797233776565
ultra,0.245,0,0.7769277798000561,-0.04770026901338853
ultra,0.245,0,0.7888401832080444,-0.039126819056966244
ultra,0.245,0,0.8006604275925576,-0.0315575863945976
ultra,0.245,0,0.8120676820885012,-0.020783501610205368
ultra,0.245,0,0.8233757356699211,-0.01627457128670895
ultra,0.245,0,0.8342392427154699,-0.002042595056356511
ultra,0.245,0,0.844996842619944,-0.0018434659925106178
ultra,0.245,0,0.8552798435460226,0.017393350670010355
ultra,0.245,0,0.8654505894607161,0.011584440859915945
ultra,0.245,0,0.8751182898471985,0.037595158333851186
ultra,0.245,0,0.8846677671874099,0.023622180222704348
ultra,0.245,0,0.8936874545964265,0.058181818413794995
ultra,0.245,0,0.9025833509536525,0.03369144133661184
ultra,0.245,0,0.9109245056181253,0.07813117766013167
ultra,0.245,0,0.9191367200950222,0.04147476308935283
ultra,0.245,0,0.9267711181878977,0.09595031713273561
ultra,0.245,0,0.9342718632501912,0.04735837407496479
ultra,0.245,0,0.9411736723849349,0.10974377756390397
ultra,0.245,0,0.947937567885639,0.05231455132961771
ultra,0.245,0,0.9540834345248546,0.11761843809399664
ultra,0.245,0,0.9600875935826556,0.05738293170943132
ultra,0.245,0,0.9654567220590639,0.11989219687756092
ultra,0.245,0,0.9706808285002818,0.06338587716152788
ultra,0.245,0,0.975255051382677,0.12152057140132111
ultra,0.245,0,0.979681428484767,0.07123269923188924
ultra,0.245,0,0.9834452680508508,0.12780121463447414
ultra,0.245,0,0.9870589383548352,0.08231330833696848
ultra,0.245,0,0.9899996589629312,0.13960885635815257
ultra,0.245,0,0.9927883949523828,0.09901908479391575
ultra,0.245,0,0.9948960461348166,0.15371963654573584
ultra,0.245,0,0.9968504116099003,0.13671975067456676
ultra,0.245,0,0.9981178617422315,0.17560935357430862
ultra,0.245,0,0.9992312437488189,0.1979830238306829
ultra,0.245,0,0.9996542041810015,0.21957618440777776
ultra,0.245,1,0.00034579581899891034,0.17945680466068725
ultra,0.245,1,0.0007687562511822653,0.22506498775245465
ultra,0.245,1,0.0018821382577693796,0.39658474522971765
ultra,0.245,1,0.00314958839010018,0.39766873281923765
ultra,0.245,1,0.0051039538651833725,0.4866804238660214
ultra,0.245,1,0.00721160504761696,0.46290509379075195
ultra,0.245,1,0.010000341037068546,0.47990486486907946
ultra,0.245,1,0.012941061645164668,0.4567217884378695
ultra,0.245,1,0.016554731949149384,0.4261379172364036
ultra,0.245,1,0.02031857151523316,0.41835094602347656
ultra,0.245,1,0.02474494861732285,0.35794252396170434
ultra,0.245,1,0.029319171499717828,0.3660038025117427
ultra,0.245,1,0.03454327794093592,0.29172718908282924
ultra,0.245,1,0.0399124064173446,0.30312472592068185
ultra,0.245,1,0.045916565475145665,0.23371693918257452
ultra,0.245,1,0.05206243211436112,0.23313349025830854
ultra,0.245,1,0.05882632761506539,0.18338857784648488
ultra,0.245,1,0.06572813674980883,0.1648474482064154
ultra,0.245,1,0.07322888181210227,0.13781040575612535
ultra,0.245,1,0.08086327990497776,0.10597006356510597
ultra,0.245,1,0.08907549438187483,0.09558487480294042
ultra,0.245,1,0.09741664904634798,0.05865039180452147
ultra,0.245,1,0.10631254540357393,0.05703132109152598
ultra,0.245,1,0.11533223281259039,0.02121273969726467
ultra,0.245,1,0.12488171015280188,0.02290462572859686
ultra,0.245,1,0.1345494105392841,-0.0090193079101768
ultra,0.245,1,0.14472015645397715,-0.006651033616186464
ultra,0.245,1,0.15500315738005535,-0.03437033791155031
ultra,0.245,1,0.1657607572845297,-0.0321837353729606
ultra,0.245,1,0.17662426433007886,-0.05648196600935229
ultra,0.245,1,0.18793231791149476,-0.054652050550394016
ultra,0.245,1,0.19933957240743302,-0.07664311216608555
ultra,0.245,1,0.21115981679195103,-0.07531121266858709
ultra,0.245,1,0.2230722201999461,-0.09577649870306804
ultra,0.245,1,0.23536465942217913,-0.09459723213641769
ultra,0.245,1,0.24774190393988052,-0.11288601732156378
ultra,0.245,1,0.26046494427658046,-0.11103548971647026
ultra,0.245,1,0.273265149226465,-0.1264972423271069
ultra,0.245,1,0.28637573993651566,-0.12293959966914869
ultra,0.245,1,0.2995555934768415,-0.13437388903377911
ultra,0.245,1,0.31300937247134053,-0.12791460851390912
ultra,0.245,1,0.326524278149713,-0.1344168622325812
ultra,0.245,1,0.3402757220992357,-0.12540663177215605
ultra,0.245,1,0.3540799497528803,-0.12876929282678318
ultra,0.245,1,0.3680825281240185,-0.11867731879617671
ultra,0.245,1,0.38212936861618085,-0.12011549680674394
ultra,0.245,1,0.39633570111613814,-0.11003886364097104
ultra,0.245,1,0.41057762438501555,-0.11044184370276078
ultra,0.245,1,0.42493964128152073,-0.10101430385543453
ultra,0.245,1,0.43932845716694596,-0.10064599166005506
ultra,0.245,1,0.4537975619410107,-0.09193298115027404
ultra,0.245,1,0.4682845832446993,-0.09067021659957519
ultra,0.245,1,0.48281181702585524,-0.08257491831106445
ultra,0.245,1,0.49734802425347396,-0.08042588139985929
ultra,0.245,1,0.5118842314810931,-0.07291138623987647
ultra,0.245,1,0.5264204387087122,-0.06991234765590426
ultra,0.245,1,0.5409164334588641,-0.06298414440370226
ultra,0.245,1,0.5554034547625527,-0.05922067499812145
ultra,0.245,1,0.5698101871776013,-0.0528998220056085
ultra,0.245,1,0.5841990030630264,-0.04842167055418045
ultra,0.245,1,0.5984677253208236,-0.042713848246842545
ultra,0.245,1,0.6127096485897011,-0.03757866159678791
ultra,0.245,1,0.6267920798507839,-0.03248191011262325
ultra,0.245,1,0.6408389203429462,-0.026757135390775177
ultra,0.245,1,0.6546874101176152,-0.022269954178111506
ultra,0.245,1,0.6684916377712598,-0.016091386724919277
ultra,0.245,1,0.6820593271537564,-0.01220965569740673
ultra,0.245,1,0.6955742328321314,-0.005809272202403237
ultra,0.245,1,0.7088152130563291,-0.002513843730861831
ultra,0.245,1,0.7219950665966524,0.003736501639845624
ultra,0.245,1,0.7348645343768115,0.0066984524060561546
ultra,0.245,1,0.7476647393266959,0.012668244552856534
ultra,0.245,1,0.7601191484575838,0.015851566659165428
ultra,0.245,1,0.7724963929752876,0.02128187427526984
ultra,0.245,1,0.7844936016787534,0.025362173543834743
ultra,0.245,1,0.7964060050867506,0.029672897017261612
ultra,0.245,1,0.8079054186061624,0.03546805988303303
ultra,0.245,1,0.8193126731020955,0.037807391921100275
ultra,0.245,1,0.8302753810621664,0.046372372566925835
ultra,0.245,1,0.8411388881077154,0.04569785724080777
ultra,0.245,1,0.8515277961748692,0.05829381283322843
ultra,0.245,1,0.8618107971009479,0.053283541647883514
ultra,0.245,1,0.8715907524988155,0.07123029246444201
ultra,0.245,1,0.8812584528852976,0.060282116739343805
ultra,0.245,1,0.890396363340585,0.08475347857855631
ultra,0.245,1,0.8994160507496016,0.06612877819857987
ultra,0.245,1,0.9078809964658653,0.09781897544196017
ultra,0.245,1,0.9162221511303381,0.0701556452350196
ultra,0.245,1,0.9239854894107898,0.1088844856574257
ultra,0.245,1,0.9316198875036651,0.07223776899699563
ultra,0.245,1,0.9386553496689907,0.11618579455204614
ultra,0.245,1,0.9455571588037338,0.0731086808708501
ultra,0.245,1,0.9518409390769886,0.11794226976094102
ultra,0.245,1,0.9579868057162042,0.07409373906617067
ultra,0.245,1,0.9634976417740272,0.11384329264643955
ultra,0.245,1,0.9688667702504359,0.07655092957436749
ultra,0.245,1,0.9735860151680216,0.10779493869350198
ultra,0.245,1,0.9781602380504165,0.0816941936074651
ultra,0.245,1,0.9820719233968058,0.10588510958076502
ultra,0.245,1,0.9858357629628899,0.09059891113362517
ultra,0.245,1,0.9889266528330847,0.11097373115166698
ultra,0.245,1,0.9918673734411808,0.10352238530359803
ultra,0.245,1,0.9941270092422589,0.1241556211302346
ultra,0.245,1,0.9962346604246922,0.11767819360863085
ultra,0.245,1,0.9976553962643739,0.15818263533390442
ultra,0.245,1,0.9989228463967054,0.13875903881771812
ultra,0.245,1,0.9994998749546322,0.21456091540604605
ultra,0.245,1,0.9999228353868151,0.21957618440777776
extended,0.245,0,0.0002847349959848585,-0.010964158593593343
extended,0.245,0,0.0006273513073412309,-0.08258644141025595
extended,0.245,0,0.0015386571718348648,-0.24253520754127944
extended,0.245,0,0.0025655670184098673,-0.3355887783581377
extended,0.245,0,0.004158827240753847,-0.4164141248851083
extended,0.245,0,0.005867215934037739,-0.5170349831812608
extended,0.245,0,0.008138063498708182,-0.5171018231216569
extended,0.245,0,0.010523248464040885,-0.6204314984961967
extended,0.245,0,0.01346545913570885,-0.5654069247870164
extended,0.245,0,0.01652090274689354,-0.6698690979542987
extended,0.245,0,0.020126412130617832,-0.5875979445554291
extended,0.245,0,0.02384373962909662,-0.6864391098488225
extended,0.245,0,0.028102665274272225,-0.6027040227007561
extended,0.245,0,0.03247168772376014,-0.6820071501333784
extended,0.245,0,0.03737235621122827,-0.6178984617162633
extended,0.245,0,0.04238109842487847,-0.6649331290275924
extended,0.245,0,0.047910077362956126,-0.6318608361051812
extended,0.245,0,0.05354481072651432,-0.6450659610582063
extended,0.245,0,0.05968694556824696,-0.6400422724828567
extended,0.245,0,0.06593222566922928,-0.6288134753180441
extended,0.245,0,0.07267068124995003,-0.639952792590154
extended,0.245,0,0.07950939020970355,-0.6167572209663357
extended,0.245,0,0.08682569689104994,-0.632300638841055
extended,0.245,0,0.09423909028366914,-0.6064060826725812
extended,0.245,0,0.10211319457757796,-0.6200252618419972
extended,0.245,0,0.11008095280707214,-0.595937860101247
extended,0.245,0,0.11849127234099621,-0.6060120880774404
extended,0.245,0,0.12699155633589043,-0.5848608831372011
extended,0.245,0,0.13591503900858137,-0.592071986965981
extended,0.245,0,0.14492455008129304,-0.5734730137613779
extended,0.245,0,0.15433673724700847,-0.5790232869021836
extended,0.245,0,0.16383078095393083,-0.5623177068710603
extended,0.245,0,0.1737058744618828,-0.5670993390313426
extended,0.245,0,0.18365842828913786,-0.5518562245798229
extended,0.245,0,0.19396936119443034,-0.5566669570570923
extended,0.245,0,0.2043531458837714,-0.5426872330971553
extended,0.245,0,0.21507165663601538,-0.5480337693449342
extended,0.245,0,0.22585821095537695,-0.5350936338896486
extended,0.245,0,0.23695492086163464,-0.5399318053303219
extended,0.245,0,0.2481146796153913,-0.5275271934274761
extended,0.245,0,0.25955917336513284,-0.5303574730001186
extended,0.245,0,0.2710615484302461,-0.5177816818156022
extended,0.245,0,0.28282245746160006,-0.5172859979211777
extended,0.245,0,0.29463592162753655,-0.5038380710809978
extended,0.245,0,0.3066810101063394,-0.49797222003219055
extended,0.245,0,0.3187731834889648,-0.48335919981746334
extended,0.245,0,0.3310694366649394,-0.4722502042554104
extended,0.245,0,0.34340717545752736,-0.4568799445182681
extended,0.245,0,0.35592089015542067,-0.4430621115725297
extended,0.245,0,0.36847037747352734,-0.42769311957637934
extended,0.245,0,0.38116725447117,-0.4129479555550468
extended,0.245,0,0.39389409304236034,-0.3982295679672534
extended,0.245,0,0.40673933108245097,-0.38349688301910856
extended,0.245,0,0.41960863752683314,-0.3697550538157943
extended,0.245,0,0.4325670287047656,-0.35540260266072154
extended,0.245,0,0.44554352914790984,-0.342674306961388
extended,0.245,0,0.4585795554141917,-0.3284783795064905
extended,0.245,0,0.47162768217036927,-0.3166730970883376
extended,0.245,0,0.4847056126831279,-0.3024832780620972
extended,0.245,0,0.49778960174386394,-0.2915014655104555
extended,0.245,0,0.5108735908046,-0.27729999438007025
extended,0.245,0,0.5239575798653356,-0.2670743999808003
extended,0.245,0,0.5370117651694903,-0.2528699666697434
extended,0.245,0,0.5500598919256676,-0.2433583596899327
extended,0.245,0,0.5630484928587082,-0.22919339290532137
extended,0.245,0,0.5760249933018533,-0.22036188101921272
extended,0.245,0,0.588912409011447,-0.2062535285219933
extended,0.245,0,0.6017817154558283,-0.19807156799031134
extended,0.245,0,0.6145326224313101,-0.18404797016416174
extended,0.245,0,0.6272594610025004,-0.1764898009730842
extended,0.245,0,0.6398389098941566,-0.16259601944464563
extended,0.245,0,0.6523883972122652,-0.15564603856822679
extended,0.245,0,0.6647619086250651,-0.14195774881755008
extended,0.245,0,0.6770996474176516,-0.13560654092984037
extended,0.245,0,0.6892333064168897,-0.12230354745799721
extended,0.245,0,0.7013254797995148,-0.11650957405396567
extended,0.245,0,0.7131860288692738,-0.1038533691509842
extended,0.245,0,0.7249994930352106,-0.09849279020301016
extended,0.245,0,0.7365544232349062,-0.08651929778728018
extended,0.245,0,0.7480567983000193,-0.08137510842216344
extended,0.245,0,0.75927443836915,-0.07000572701712193
extended,0.245,0,0.7704341971229096,-0.06476615531988927
extended,0.245,0,0.7812838002897684,-0.054163148835342456
extended,0.245,0,0.7920703546091271,-0.048391480375749474
extended,0.245,0,0.8025221828655853,-0.03897222507088416
extended,0.245,0,0.8129059675549264,-0.03205741870184475
extended,0.245,0,0.8229313731662308,-0.024424162963135876
extended,0.245,0,0.8328839269934865,-0.015523022652986107
extended,0.245,0,0.8424554310197118,-0.010483051748413574
extended,0.245,0,0.8519494747266341,0.0015238420626156879
extended,0.245,0,0.8610408423405523,0.0028243558689354797
extended,0.245,0,0.8700503534132638,0.01934820489734712
extended,0.245,0,0.878636665808179,0.015345772302039706
extended,0.245,0,0.8871369498030734,0.038063290235897496
extended,0.245,0,0.8951946724935373,0.02673930621086118
extended,0.245,0,0.903162430723031,0.05746427158954892
extended,0.245,0,0.9106694780512359,0.03648639491133954
extended,0.245,0,0.918082871443855,0.07686950109040713
extended,0.245,0,0.9250186671148813,0.04415454573099198
extended,0.245,0,0.9318573760746348,0.09515077642800207
extended,0.245,0,0.9382029095546499,0.04966552096598631
extended,0.245,0,0.9444481896556324,0.11064441683174586
extended,0.245,0,0.9501860682784403,0.05354106059276553
extended,0.245,0,0.9558208016419985,0.12126229858453696
extended,0.245,0,0.9609352982811223,0.056803828497951736
extended,0.245,0,0.9659440404947645,0.12538855118957892
extended,0.245,0,0.9704211366704396,0.06041416047127268
extended,0.245,0,0.9747901591199356,0.12448008785755793
extended,0.245,0,0.9786175834227305,0.06512979964879428
extended,0.245,0,0.9823349109212127,0.1242772375119372
extended,0.245,0,0.9855021726471511,0.07184391924087208
extended,0.245,0,0.9885576162583343,0.12940720447244602
extended,0.245,0,0.9910560341631837,0.08193151438305712
extended,0.245,0,0.9934412191285167,0.1401886219271189
extended,0.245,0,0.9952639452224612,0.0977107721171987
extended,0.245,0,0.9969723339157436,0.15339942590098532
extended,0.245,0,0.9981143722332585,0.13408210667499287
extended,0.245,0,0.9991412820798334,0.17429882089381776
extended,0.245,0,0.9995995023732712,0.1940281421042941
extended,0.245,0,0.9999421186846275,0.21214787221141806
extended,0.245,1,5.7881315372071364e-05,0.18333971111598601
extended,0.245,1,0.0004004976267285552,0.219452663536988
extended,0.245,1,0.0008587179201665191,0.38477245965509665
extended,0.245,1,0.0018856277667415216,0.3842867081302157
extended,0.245,1,0.003027666084256659,0.4820967740644083
extended,0.245,1,0.004736054777540551,0.46090323898038876
extended,0.245,1,0.006558780871486481,0.4921702455245963
extended,0.245,1,0.008943965836819074,0.47133950114431045
extended,0.245,1,0.011442383741668394,0.4530441178639433
extended,0.245,1,0.014497827352853087,0.4461497427847464
extended,0.245,1,0.017665089078792284,0.3940317358436636
extended,0.245,1,0.021382416577271073,0.40245488669141094
extended,0.245,1,0.025209840880062173,0.33178414971070225
extended,0.245,1,0.02957886332955009,0.34550858650590877
extended,0.245,1,0.03405595950522018,0.2747670992624035
extended,0.245,1,0.03906470171887027,0.27916985990069243
extended,0.245,1,0.04417919835800111,0.22452621427399577
extended,0.245,1,0.049813931721559415,0.21139106411012154
extended,0.245,1,0.05555181034436739,0.17877407268408185
extended,0.245,1,0.06179709044534982,0.14995578720528313
extended,0.245,1,0.06814262392536523,0.13550434455618676
extended,0.245,1,0.07498133288511885,0.09866188258669406
extended,0.245,1,0.08191712855614507,0.09504298725653271
extended,0.245,1,0.08933052194876416,0.05733528895538509
extended,0.245,1,0.09683756927696852,0.0585009611691093
extended,0.245,1,0.1048053275064627,0.023832135082043626
extended,0.245,1,0.11286305019692702,0.02642688343539845
extended,0.245,1,0.12136333419182102,-0.004138921497707226
extended,0.245,1,0.12994964658673597,-0.0013985308460866541
extended,0.245,1,0.13895915765944764,-0.028284868477129965
extended,0.245,1,0.14805052527336618,-0.025650977821297882
extended,0.245,1,0.15754456898028862,-0.049659883272840766
extended,0.245,1,0.1671160730065143,-0.04709839840037744
extended,0.245,1,0.17706862683376937,-0.06891993425697196
extended,0.245,1,0.18709403244507306,-0.06654930548590321
extended,0.245,1,0.197477817134414,-0.08686368682617496
extended,0.245,1,0.2079296453908728,-0.08489750233151727
extended,0.245,1,0.21871619971023426,-0.10391938423616565
extended,0.245,1,0.22956580287709483,-0.10208162720728176
extended,0.245,1,0.2407255616308517,-0.11911155170999144
extended,0.245,1,0.2519432016999803,-0.11678155802713963
extended,0.245,1,0.2634455767650937,-0.13143583185144414
extended,0.245,1,0.27500050696478945,-0.12786081848754094
extended,0.245,1,0.2868139711307257,-0.1393114346721276
extended,0.245,1,0.29867452020048435,-0.13347811777455298
extended,0.245,1,0.31076669358311,-0.1407323680146335
extended,0.245,1,0.32290035258234895,-0.13257373743182788
extended,0.245,1,0.33523809137493704,-0.13666752899204315
extended,0.245,1,0.34761160278773845,-0.12726141499062793
extended,0.245,1,0.36016109010584507,-0.12947658548636531
extended,0.245,1,0.37274053899749937,-0.11980783813148999
extended,0.245,1,0.3854673775686897,-0.1208017937213064
extended,0.245,1,0.39821828454417174,-0.1115075934524985
extended,0.245,1,0.41108759098855385,-0.11178625415288135
extended,0.245,1,0.423975006698148,-0.10314796902143542
extended,0.245,1,0.43695150714129233,-0.10275557951494929
extended,0.245,1,0.449940108074332,-0.09471931367166997
extended,0.245,1,0.46298823483050927,-0.0935464326915787
extended,0.245,1,0.47604242013466397,-0.08604158730177969
extended,0.245,1,0.4891264091954,-0.08413228936538641
extended,0.245,1,0.5022103982561361,-0.07714077625675841
extended,0.245,1,0.5152943873168717,-0.0745048494720324
extended,0.245,1,0.5283723178296303,-0.06803359864542768
extended,0.245,1,0.5414204445858078,-0.06473728205144291
extended,0.245,1,0.5544564708520902,-0.05881384717712779
extended,0.245,1,0.5674329712952368,-0.05488374612397573
extended,0.245,1,0.5803913624731705,-0.04952538589358202
extended,0.245,1,0.5932606689175504,-0.04498907880693204
extended,0.245,1,0.6061059069576392,-0.04021470026535012
extended,0.245,1,0.6188327455288298,-0.03509656345961876
extended,0.245,1,0.6315296225264728,-0.030929591142657475
extended,0.245,1,0.6440791098445816,-0.02527343686690564
extended,0.245,1,0.6565928245424765,-0.02174500531558632
extended,0.245,1,0.6689305633350628,-0.015626855150471686
extended,0.245,1,0.6812268165110361,-0.012788269218310333
extended,0.245,1,0.6933189898936606,-0.006396144238226098
extended,0.245,1,0.7053640783724633,-0.004271955842084063
extended,0.245,1,0.7171775425383996,0.00220384165279941
extended,0.245,1,0.7289384515697537,0.003786031249296218
extended,0.245,1,0.7404408266348668,0.010351748815958128
extended,0.245,1,0.7518853203846084,0.011746699862723031
extended,0.245,1,0.7630450791383688,0.01828520433438663
extended,0.245,1,0.7741417890446288,0.019914612667992326
extended,0.245,1,0.7849283433639871,0.026082842325444333
extended,0.245,1,0.7956468541162282,0.028483744163149027
extended,0.245,1,0.8060306388055695,0.03373026755064057
extended,0.245,1,0.8163415717108619,0.037646814914638616
extended,0.245,1,0.826294125538117,0.041245810417276596
extended,0.245,1,0.836169219046069,0.04766950439196005
extended,0.245,1,0.8456632627529912,0.048663626735208965
extended,0.245,1,0.8550754499187068,0.0587846486449255
extended,0.245,1,0.8640849609914184,0.05591603550094215
extended,0.245,1,0.8730084436641091,0.0710488376827273
extended,0.245,1,0.8815087276590033,0.06277006008822372
extended,0.245,1,0.8899190471929277,0.0842141638183399
extended,0.245,1,0.8978868054224218,0.06873667429351127
extended,0.245,1,0.905760909716331,0.0975462346146071
extended,0.245,1,0.9131743031089503,0.07317441553282378
extended,0.245,1,0.9204906097902966,0.10986274846842936
extended,0.245,1,0.92732931875005,0.07566344302957129
extended,0.245,1,0.9340677743307702,0.11959502009901635
extended,0.245,1,0.9403130544317528,0.07630616201957496
extended,0.245,1,0.9464551892734856,0.12482114441794367
extended,0.245,1,0.9520899226370438,0.07597514865917199
extended,0.245,1,0.9576189015751216,0.12388728996617127
extended,0.245,1,0.9626276437887726,0.07599354071363995
extended,0.245,1,0.9675283122762414,0.11732030959218154
extended,0.245,1,0.9718973347257285,0.07761992374606752
extended,0.245,1,0.9761562603709029,0.11003048785787173
extended,0.245,1,0.9798735878693793,0.08198807153713294
extended,0.245,1,0.983479097253102,0.10767773975069317
extended,0.245,1,0.9865345408642887,0.09012020567842982
extended,0.245,1,0.9894767515359587,0.11232120698941328
extended,0.245,1,0.9918619365012932,0.10224243964114299
extended,0.245,1,0.9941327840659652,0.12478684629211112
extended,0.245,1,0.9958411727592474,0.11559970343368509
extended,0.245,1,0.99743443298159,0.15730020667644717
extended,0.245,1,0.9984613428281653,0.13565289085608145
extended,0.245,1,0.9993726486926588,0.21197482691474012
extended,0.245,1,0.9997152650040149,0.21214787221141806
verification,0.245,0,0.00013524741233089741,-0.005071852560092793
verification,0.245,0,0.00041841261657876955,-0.0674523898117858
verification,0.245,0,0.0009717662665990845,-0.2195798946879819
verification,0.245,0,0.0018206204190800242,-0.30384327708036807
verification,0.245,0,0.0029387445747126304,-0.38888799574426125
verification,0.245,0,0.004351364747750369,-0.4841685409906964
verification,0.245,0,0.006031726498156093,-0.4960723134683551
verification,0.245,0,0.00800491265271271,-0.5967521163434826
verification,0.245,0,0.010243705438065425,-0.5538263185884882
verification,0.245,0,0.012772987672856659,-0.6576791633122769
verification,0.245,0,0.0155651399074256,-0.5837704200310918
verification,0.245,0,0.018644788584686604,-0.6850847535658093
verification,0.245,0,0.021983975145609392,-0.6031295983410987
verification,0.245,0,0.02560701387056672,-0.6902545014478378
verification,0.245,0,0.029485670426287174,-0.6206248445657434
verification,0.245,0,0.03364389185093613,-0.680605564667959
verification,0.245,0,0.038053231996847556,-0.6364630548968353
verification,0.245,0,0.042737216412236136,-0.6637575415853083
verification,0.245,0,0.047667251574714554,-0.6474186454865056
verification,0.245,0,0.052866388249613296,-0.6471095359245147
verification,0.245,0,0.0583059503133489,-0.6515137525010246
verification,0.245,0,0.06400846153097019,-0.6343786057301595
verification,0.245,0,0.06994522813834034,-0.6484232227015718
verification,0.245,0,0.07613819587665467,-0.6245800655411937
verification,0.245,0,0.08255871834182807,-0.6395462154661318
verification,0.245,0,0.08922811353703941,-0.6153346956311452
verification,0.245,0,0.09611784731157409,-0.6274299536537005
verification,0.245,0,0.10324856163846108,-0.6054533608111499
verification,0.245,0,0.11059189925938505,-0.6142940013499407
verification,0.245,0,0.11816777935651748,-0.5948718146886607
verification,0.245,0,0.12594808580225272,-0.6014096986255779
verification,0.245,0,0.13395196986454977,-0.5840020471984457
verification,0.245,0,0.14215162023858513,-0.5892956491249408
verification,0.245,0,0.15056537689432373,-0.5733421661625391
verification,0.245,0,0.15916579635127662,-0.5780343829491468
verification,0.245,0,0.16797036573548393,-0.563249840360895
verification,0.245,0,0.17695207155909742,-0.5676622129789477
verification,0.245,0,0.18612750849026757,-0.553973078745434
verification,0.245,0,0.1954701542280283,-0.5586232654161658
verification,0.245,0,0.20499567339038013,-0.5459967257027143
verification,0.245,0,0.21467809494478,-0.5510402191775967
verification,0.245,0,0.2245321179736801,-0.5392908069233244
verification,0.245,0,0.23453238154570258,-0.5436599142454941
verification,0.245,0,0.24469258590960188,-0.5323604378670925
verification,0.245,0,0.2549880376858321,-0.5349763095632731
verification,0.245,0,0.2654314072539796,-0.523543160339988
verification,0.245,0,0.275998724724777,-0.5235291326930291
verification,0.245,0,0.2867016019061578,-0.51137893919269
verification,0.245,0,0.297516846698643,-0.5070974059543538
verification,0.245,0,0.30845498603403415,-0.49392347966077343
verification,0.245,0,0.3194936581402009,-0.48479460087155823
verification,0.245,0,0.33064228122592615,-0.4708104308422101
verification,0.245,0,0.34187937450304196,-0.45879481801895405
verification,0.245,0,0.35321322612204,-0.4445871358713349
verification,0.245,0,0.3646232849396021,-0.4313949251161209
verification,0.245,0,0.3761166902726027,-0.41755272395728005
verification,0.245,0,0.3876738671775264,-0.403938997099325
verification,0.245,0,0.3993007899647805,-0.3908428499261074
verification,0.245,0,0.41097890423419514,-0.37748537851598796
verification,0.245,0,0.4227130057559763,-0.365267321798322
verification,0.245,0,0.43448560270498293,-0.35219119565698276
verification,0.245,0,0.44630030144725874,-0.3408236513623617
verification,0.245,0,0.4581407123573009,-0.32781076021244004
verification,0.245,0,0.4700092442274111,-0.31720965051501837
verification,0.245,0,0.48189064675949894,-0.3041843150317176
verification,0.245,0,0.49378612571543457,-0.29427471140762385
verification,0.245,0,0.5056816046713702,-0.28122838202647693
verification,0.245,0,0.5175770836273058,-0.2719636244806134
verification,0.245,0,0.5294596919212633,-0.25889170913010284
verification,0.245,0,0.5413282237913735,-0.2502411738920396
verification,0.245,0,0.5531710434937168,-0.23718232144113993
verification,0.245,0,0.5649857422359926,-0.22912175521514344
verification,0.245,0,0.576761945551043,-0.21608302445808558
verification,0.245,0,0.5884960470728241,-0.20859094530597155
verification,0.245,0,0.6001789571124452,-0.19559060828982822
verification,0.245,0,0.6118058798996997,-0.18864871559260554
verification,0.245,0,0.6233690311150307,-0.17570512065848765
verification,0.245,0,0.6348624364480314,-0.16930279922070168
verification,0.245,0,0.6462796345824675,-0.15646728531543364
verification,0.245,0,0.6576134862014658,-0.15060327470224544
verification,0.245,0,0.6688588676290735,-0.13792964457080847
verification,0.245,0,0.6800074907147998,-0.13260839949194625
verification,0.245,0,0.6910555810297494,-0.12026559635473189
verification,0.245,0,0.7019937203651394,-0.11545576954403303
verification,0.245,0,0.712819492089425,-0.10363109592431696
verification,0.245,0,0.7235223692708042,-0.09923995430347032
verification,0.245,0,0.7341012985495351,-0.08787923095581629
verification,0.245,0,0.7445446681176838,-0.08375574523537099
verification,0.245,0,0.7548527902735033,-0.07277513430734217
verification,0.245,0,0.7650129946374072,-0.0687062414580284
verification,0.245,0,0.7750269584581844,-0.05820379024109035
verification,0.245,0,0.7848809814870801,-0.05389675924459092
verification,0.245,0,0.7945781021239299,-0.044139403558956625
verification,0.245,0,0.8041036212862815,-0.039184845796056855
verification,0.245,0,0.8134619316420426,-0.030579249869697955
verification,0.245,0,0.8226373685732129,-0.024400923568959065
verification,0.245,0,0.8316356690649767,-0.0174885495760837
verification,0.245,0,0.840440238449183,-0.009296499566947336
verification,0.245,0,0.8490581450321765,-0.004852519401294941
verification,0.245,0,0.8574719016879163,0.006392989354121359
verification,0.245,0,0.8656898920319172,0.0072691166015328434
verification,0.245,0,0.8736937760942137,0.022875166627928656
verification,0.245,0,0.8814932338079057,0.018730483402721432
verification,0.245,0,0.8890691139050335,0.04025584596115006
verification,0.245,0,0.8964323707081286,0.02922579488023158
verification,0.245,0,0.9035630850350205,0.05839036827023736
verification,0.245,0,0.9104734607825868,0.0383331516337585
verification,0.245,0,0.9171428559777981,0.07679996978596526
verification,0.245,0,0.9235846964461503,0.0456569593665731
verification,0.245,0,0.9297776641844646,0.0946314819001306
verification,0.245,0,0.9357363765330299,0.050933601986475896
verification,0.245,0,0.9414388877506511,0.11050233617159533
verification,0.245,0,0.9469009735794357,0.05431717645285239
verification,0.245,0,0.9521001102543346,0.12255569545861378
verification,0.245,0,0.9570531961821437,0.05656646169357049
verification,0.245,0,0.9617371805975317,0.12887167167789637
verification,0.245,0,0.9661700462916577,0.05865090878028101
verification,0.245,0,0.9703282677163064,0.12881194890225334
verification,0.245,0,0.9742308713101923,0.06134099629964063
verification,0.245,0,0.9778539100351499,0.1255223809781787
verification,0.245,0,0.9812174108764453,0.06529961193781575
verification,0.245,0,0.9842970595537063,0.12479080619589211
verification,0.245,0,0.9871138382311896,0.07139163841327012
verification,0.245,0,0.9896431204659809,0.1297891023513258
verification,0.245,0,0.991906796069976,0.08095430207286203
verification,0.245,0,0.9938799822245327,0.14026510184435448
verification,0.245,0,0.9955854268017217,0.09624947657272453
verification,0.245,0,0.9969980469747595,0.15318769994582904
verification,0.245,0,0.9981413971446457,0.13175019624185857
verification,0.245,0,0.9989902512971264,0.173910565144612
verification,0.245,0,0.9995689170038347,0.19061838475882842
verification,0.245,0,0.9998520822080823,0.20708703634179143
verification,0.245,1,0.00014791779191742073,0.1768177936641966
verification,0.245,1,0.0004310829961652929,0.20771100895593708
verification,0.245,1,0.0010097487028736783,0.3683773300852483
verification,0.245,1,0.0018586028553545064,0.3679333284330708
verification,0.245,1,0.003001953025240579,0.4731578289561673
verification,0.245,1,0.004414573198278318,0.454132901093236
verification,0.245,1,0.006120017775467061,0.49920434363009325
verification,0.245,1,0.008093203930023902,0.479159077591056
verification,0.245,1,0.010356879534019151,0.4751439040394234
verification,0.245,1,0.012886161768810387,0.4667278833761168
verification,0.245,1,0.015702940446293907,0.4266356038167879
verification,0.245,1,0.018782589123554908,0.43318161039454617
verification,0.245,1,0.022146089964850336,0.37020685503713735
verification,0.245,1,0.025769128689807554,0.3849910406318826
verification,0.245,1,0.029671732283693384,0.3151813406346825
verification,0.245,1,0.03382995370834234,0.325637984302798
verification,0.245,1,0.03826281940246843,0.26535166230373053
verification,0.245,1,0.04294680381785701,0.2614797424192722
verification,0.245,1,0.0478998897456659,0.22022620066444054
verification,0.245,1,0.05309902642056464,0.1998840087654925
verification,0.245,1,0.058561112249349075,0.17762960204829759
verification,0.245,1,0.06426362346697026,0.14564466365048856
verification,0.245,1,0.07022233581553562,0.13682445387261666
verification,0.245,1,0.07641530355384996,0.10034585120594741
verification,0.245,1,0.08285714402220222,0.0987920423238019
verification,0.245,1,0.08952653921741355,0.06314409895823725
verification,0.245,1,0.0964369149649773,0.06454796158677789
verification,0.245,1,0.1035676292918644,0.03214035224140044
verification,0.245,1,0.11093088609495962,0.034361859772318426
verification,0.245,1,0.11850676619209205,0.005569958081066528
verification,0.245,1,0.1263062239057862,0.007916626204040766
verification,0.245,1,0.13431010796808301,-0.01780049160826236
verification,0.245,1,0.14252809831208324,-0.015398771142726364
verification,0.245,1,0.15094185496782217,-0.03870208424413879
verification,0.245,1,0.15955976155081558,-0.03620687602031958
verification,0.245,1,0.1683643309350229,-0.05755918660392889
verification,0.245,1,0.1773626314267869,-0.05503437699481051
verification,0.245,1,0.18653806835795717,-0.07479014589793587
verification,0.245,1,0.19589637871371834,-0.07248729426865075
verification,0.245,1,0.2054218978760702,-0.09111003689876163
verification,0.245,1,0.21511901851292223,-0.089198957592864
verification,0.245,1,0.22497304154182235,-0.10663021790994232
verification,0.245,1,0.23498700536259917,-0.1048116818113336
verification,0.245,1,0.24514720972649848,-0.1204856273805468
verification,0.245,1,0.25545533188231506,-0.11826876973795275
verification,0.245,1,0.2658987014504627,-0.13196523915444658
verification,0.245,1,0.2764776307291938,-0.1287872823370999
verification,0.245,1,0.2871805079105744,-0.13992273660515386
verification,0.245,1,0.2980062796348611,-0.1349720154971754
verification,0.245,1,0.30894441897025227,-0.14263664583317648
verification,0.245,1,0.31999250928520173,-0.13558832403473753
verification,0.245,1,0.3311411323709269,-0.14012628128940174
verification,0.245,1,0.3423865137985344,-0.13175698567395222
verification,0.245,1,0.35372036541753243,-0.1345638610623301
verification,0.245,1,0.36513756355196886,-0.12573743411158778
verification,0.245,1,0.3766309688849692,-0.1271821487780498
verification,0.245,1,0.3881941201003006,-0.11844312712796978
verification,0.245,1,0.39982104288755504,-0.11910600537120941
verification,0.245,1,0.4115039529271759,-0.1108686426678076
verification,0.245,1,0.42323805444895707,-0.11096705434263843
verification,0.245,1,0.4350142577640074,-0.10330673125159051
verification,0.245,1,0.4468289565062829,-0.10279559680696027
verification,0.245,1,0.4586717762086265,-0.09563501367491956
verification,0.245,1,0.4705403080787365,-0.0944372475610249
verification,0.245,1,0.4824229163726942,-0.08773416685635871
verification,0.245,1,0.4943183953286298,-0.0859085464170406
verification,0.245,1,0.5062138742845654,-0.07965382573434487
verification,0.245,1,0.518109353240501,-0.07719093860257531
verification,0.245,1,0.5299907557725889,-0.07138893123533618
verification,0.245,1,0.5418592876426991,-0.06834542944345356
verification,0.245,1,0.5536996985527413,-0.06302272501566542
verification,0.245,1,0.5655143972950168,-0.05941695004132175
verification,0.245,1,0.5772869942440237,-0.05458922753677187
verification,0.245,1,0.5890210957658049,-0.05043676932902508
verification,0.245,1,0.6006992100352194,-0.04612431859970556
verification,0.245,1,0.612326132822474,-0.041440162842785844
verification,0.245,1,0.6238833097273975,-0.037663859096290775
verification,0.245,1,0.635376715060398,-0.032459006573662075
verification,0.245,1,0.6467867738779599,-0.029255461735157473
verification,0.245,1,0.6581206254969579,-0.023576865871956842
verification,0.245,1,0.6693577187740741,-0.020983255243570698
verification,0.245,1,0.6805063418598002,-0.014866187691602306
verification,0.245,1,0.6915450139659672,-0.012948385954530739
verification,0.245,1,0.7024831533013572,-0.006580554891172152
verification,0.245,1,0.7132983980938415,-0.005365681520439258
verification,0.245,1,0.7240012752752211,0.0011805399386908277
verification,0.245,1,0.7345685927460184,0.0018359575760380498
verification,0.245,1,0.7450119623141667,0.008607776406709289
verification,0.245,1,0.7553074140904004,0.008947592799476545
verification,0.245,1,0.765467618454305,0.015883510631153563
verification,0.245,1,0.7754678820263274,0.016187890327892362
verification,0.245,1,0.7853219050552219,0.02306869743611073
verification,0.245,1,0.7950043266096193,0.023701527980511172
verification,0.245,1,0.8045298457719714,0.03016091121265796
verification,0.245,1,0.813872491509732,0.03163582100202478
verification,0.245,1,0.823047928440902,0.037160808864846184
verification,0.245,1,0.8320296342645149,0.040201004233158644
verification,0.245,1,0.8408342036487219,0.044118151564251806
verification,0.245,1,0.849434623105675,0.049655995192748104
verification,0.245,1,0.8578483797614148,0.05103180035892352
verification,0.245,1,0.8660480301354506,0.06017930664343607
verification,0.245,1,0.8740519141977475,0.057822679082963124
verification,0.245,1,0.8818322206434808,0.07183454395548994
verification,0.245,1,0.8894081007406089,0.06428364010775034
verification,0.245,1,0.8967514383615333,0.08444053140686514
verification,0.245,1,0.9038821526884241,0.06999851763695542
verification,0.245,1,0.9107718864629605,0.09745211485835203
verification,0.245,1,0.917441281658172,0.07444687939513517
verification,0.245,1,0.9238618041233451,0.10997993159151509
verification,0.245,1,0.9300547718616592,0.07717509821725055
verification,0.245,1,0.9359915384690296,0.12071801665606152
verification,0.245,1,0.9416940496866508,0.07797775778078087
verification,0.245,1,0.9471336117503868,0.12794139104322277
verification,0.245,1,0.9523327484252856,0.0772721802476749
verification,0.245,1,0.957262783587764,0.12984918597610673
verification,0.245,1,0.9619467680031525,0.0761070849441996
verification,0.245,1,0.9663561081490639,0.1254660921284061
verification,0.245,1,0.9705143295737131,0.07567875021827275
verification,0.245,1,0.9743929861294349,0.11683905554923879
verification,0.245,1,0.9780160248543953,0.0770476618599395
verification,0.245,1,0.9813552114153181,0.1095140590355479
verification,0.245,1,0.9844348600925762,0.08122546422370358
verification,0.245,1,0.9872270123271437,0.10774531752610217
verification,0.245,1,0.9897562945619346,0.08913972664072956
verification,0.245,1,0.9919950873472874,0.11259637865877925
verification,0.245,1,0.9939682735018439,0.100973084839721
verification,0.245,1,0.9956486352522497,0.12479666431441983
verification,0.245,1,0.9970612554252876,0.11406696455089482
verification,0.245,1,0.9981793795809203,0.15622657027625464
verification,0.245,1,0.9990282337334013,0.13392182798929508
verification,0.245,1,0.9995815873834212,0.2094926674396801
verification,0.245,1,0.9998647525876688,0.20708703634179143
coarse,0.51,0,0.00037119987806857646,-0.2403328046001889
coarse,0.51,0,0.005174879777261041,-0.49684096152330204
coarse,0.51,0,0.010706694429447388,-0.6762124052337888
coarse,0.51,0,0.024933131402433147,-0.7357312960614788
coarse,0.51,0,0.039845456315055365,-0.6215136409972362
coarse,0.51,0,0.06294793636724084,-0.6328110655699382
coarse,0.51,0,0.08666769925683462,-0.5417648454609771
coarse,0.51,0,0.117758407035834,-0.5429020404566662
coarse,0.51,0,0.14937407071674927,-0.4872785308526537
coarse,0.51,0,0.18725820775848553,-0.4790987931396822
coarse,0.51,0,0.22555480000573241,-0.44343620639861414
coarse,0.51,0,0.2687765001693595,-0.42182118842497496
coarse,0.51,0,0.3122823044198524,-0.3727496300110069
coarse,0.51,0,0.3591805820070937,-0.33855301897340495
coarse,0.51,0,0.40622369460182445,-0.27823986849901106
coarse,0.51,0,0.4549962751058565,-0.24563576197526715
coarse,0.51,0,0.5037688556098885,-0.1925615472991502
coarse,0.51,0,0.5525414361139204,-0.16360135547814325
coarse,0.51,0,0.6011691816104631,-0.11881994089905779
coarse,0.51,0,0.6480674591977026,-0.09145010475794146
coarse,0.51,0,0.694681632698077,-0.05780744545252858
coarse,0.51,0,0.7379033328617065,-0.02882191019488123
coarse,0.51,0,0.7807125778198251,-0.009097606666225388
coarse,0.51,0,0.8185967148615609,0.025433440810935126
coarse,0.51,0,0.8559558960013808,0.03157801573963892
coarse,0.51,0,0.8870466037803785,0.07127196625510557
coarse,0.51,0,0.9175200287219673,0.06840478673273875
coarse,0.51,0,0.940622508774155,0.10586293061120466
coarse,0.51,0,0.963039100886706,0.1240373124504135
coarse,0.51,0,0.9772655378596915,0.14063823694451927
coarse,0.51,0,0.9907638400796834,0.2034081817351876
coarse,0.51,0,0.9955675199788757,0.24387843603612525
coarse,0.51,1,0.004432480021124111,0.26825352340600717
coarse,0.51,1,0.009236159920316353,0.4304980444733456
coarse,0.51,1,0.02273446214030823,0.44227223566281915
coarse,0.51,1,0.03696089911329421,0.3561823528608795
coarse,0.51,1,0.05937749122584346,0.2361190981230541
coarse,0.51,1,0.08247997127802871,0.16237678171930114
coarse,0.51,1,0.11295339621961935,0.09090150513386341
coarse,0.51,1,0.1440441039986185,0.04694257904700416
coarse,0.51,1,0.1814032851384393,-0.0014101631555094585
coarse,0.51,1,0.2192874221801756,-0.0311178719427172
coarse,0.51,1,0.2620966671382923,-0.06030695317656942
coarse,0.51,1,0.30531836730191964,-0.07931468857610335
coarse,0.51,1,0.3519325408022952,-0.08047464070201693
coarse,0.51,1,0.39883081838953655,-0.08242012901445817
coarse,0.51,1,0.4474585638860792,-0.06391881037937441
coarse,0.51,1,0.49623114439011123,-0.059042404304974205
coarse,0.51,1,0.5450037248941433,-0.03722719984644529
coarse,0.51,1,0.5937763053981754,-0.03046600376484432
coarse,0.51,1,0.6408194179929054,-0.008816499618658602
coarse,0.51,1,0.6877176955801463,-0.0019254467173939194
coarse,0.51,1,0.7312234998306403,0.016167442441808788
coarse,0.51,1,0.7744451999942692,0.023388933507605958
coarse,0.51,1,0.8127417922415151,0.03467324742208411
coarse,0.51,1,0.8506259292832505,0.04678868249560353
coarse,0.51,1,0.8822415929641645,0.05012832287906954
coarse,0.51,1,0.913332300743163,0.07153239293550673
coarse,0.51,1,0.9370520636327581,0.07112282162887207
coarse,0.51,1,0.9601545436849445,0.09521364689589318
coarse,0.51,1,0.9750668685975671,0.12194800480457313
coarse,0.51,1,0.9892933055705535,0.12656685054528427
coarse,0.51,1,0.9948251202227394,0.2029546082658764
coarse,0.51,1,0.9996288001219312,0.24387843603612525
medium,0.51,0,0.0002463353989987918,-0.17530855495693798
medium,0.51,0,0.002385120055545908,-0.3902689705242468
medium,0.51,0,0.005012360643116323,-0.6074557585741962
medium,0.51,0,0.011392119414301759,-0.7259065683874801
medium,0.51,0,0.018247761633130796,-0.6702249597076468
medium,0.51,0,0.028759335077576467,-0.7273467688282238
medium,0.51,0,0.03972607698855734,-0.6220007811036157
medium,0.51,0,0.05418960917026953,-0.6624632231993246
medium,0.51,0,0.06907980677874971,-0.569484125950763
medium,0.51,0,0.08724782265205074,-0.5997825691506844
medium,0.51,0,0.10580670054860643,-0.5357583148593346
medium,0.51,0,0.1273683403247781,-0.54629884716146
medium,0.51,0,0.14927835096310632,-0.5109217539139872
medium,0.51,0,0.17386468900756308,-0.5036432384233609
medium,0.51,0,0.19875094603103927,-0.4878974709654511
medium,0.51,0,0.22594130328321946,-0.47282562525152216
medium,0.51,0,0.2533779959343978,-0.4584785489461991
medium,0.51,0,0.28270713784312446,-0.4378551626923919
medium,0.51,0,0.31222481670385493,-0.40645877344668024
medium,0.51,0,0.34319091351949826,-0.38067739724568184
medium,0.51,0,0.37428452292062875,-0.3384288666030568
medium,0.51,0,0.4063577361412461,-0.31301034372051895
medium,0.51,0,0.4384952558051439,-0.2735906637791965
medium,0.51,0,0.47112680386015693,-0.25038755495204845
medium,0.51,0,0.5037583519151697,-0.21522836425324243
medium,0.51,0,0.5363898999701826,-0.19379965705311486
medium,0.51,0,0.5689571415819151,-0.16210294510998757
medium,0.51,0,0.6010303548025324,-0.14157065723227502
medium,0.51,0,0.6329760554376619,-0.11426717873534331
medium,0.51,0,0.6639421522533033,-0.09330154392598544
medium,0.51,0,0.6947197121169415,-0.07279187718088131
medium,0.51,0,0.7240488540256697,-0.04957299563552131
medium,0.51,0,0.7531316605353994,-0.03806498873130382
medium,0.51,0,0.7803220177875794,-0.00983693242074235
medium,0.51,0,0.8072124560607408,-0.008802308940050407
medium,0.51,0,0.8317987941051973,0.026670271127121392
medium,0.51,0,0.8560367612874976,0.016519295528990896
medium,0.51,0,0.8775984010636693,0.05903597278918138
medium,0.51,0,0.8987691788165862,0.03946963970130746
medium,0.51,0,0.9169371946898873,0.0859214667294762
medium,0.51,0,0.9346785451364199,0.06182826932987484
medium,0.51,0,0.9491420773181325,0.11054403247569733
medium,0.51,0,0.9631504410333095,0.08709018686166758
medium,0.51,0,0.9736620144777574,0.1337047366785431
medium,0.51,0,0.9836977044745607,0.13505691196866532
medium,0.51,0,0.9900774632457435,0.16452354253437662
medium,0.51,0,0.9959687660859035,0.20739252311167367
medium,0.51,0,0.998107550742451,0.2491347591148324
medium,0.51,1,0.0018924492575489935,0.2120313299480593
medium,0.51,1,0.004031233914096333,0.3493121464171012
medium,0.51,1,0.009922536754258469,0.48115699687509883
medium,0.51,1,0.016302295525443905,0.45142337479508743
medium,0.51,1,0.02633798552224575,0.38340594788585114
medium,0.51,1,0.036849558966691204,0.3235660902776969
medium,0.51,1,0.050857922681867965,0.2449083225374058
medium,0.51,1,0.06532145486357993,0.20549071074765568
medium,0.51,1,0.0830628053101125,0.1369115960240307
medium,0.51,1,0.1012308211834135,0.11536830104761142
medium,0.51,1,0.12240159893633025,0.058454263098077885
medium,0.51,1,0.14396323871250213,0.038678254267462076
medium,0.51,1,0.16820120589480272,0.0012390382900447916
medium,0.51,1,0.1927875439392597,-0.023191321045640922
medium,0.51,1,0.21967798221242024,-0.044955044256330234
medium,0.51,1,0.2468683394646,-0.07031912161314335
medium,0.51,1,0.2759511459743285,-0.08092157518917387
medium,0.51,1,0.30528028788305517,-0.0976480102877928
medium,0.51,1,0.3360578477466946,-0.09434154322018262
medium,0.51,1,0.36702394456233767,-0.09771295990869189
medium,0.51,1,0.3989696451974676,-0.08487585928000274
medium,0.51,1,0.4310428584180849,-0.0822519651670881
medium,0.51,1,0.46361010002981734,-0.06778215476035876
medium,0.51,1,0.4962416480848301,-0.06330463448421053
medium,0.51,1,0.5288731961398428,-0.048519640359591776
medium,0.51,1,0.5615047441948559,-0.04314941086703228
medium,0.51,1,0.5936422638587536,-0.027460582035336634
medium,0.51,1,0.625715477079371,-0.022343665872404328
medium,0.51,1,0.6568090864805011,-0.005466726110993969
medium,0.51,1,0.6877751832961435,-0.0021916899864704575
medium,0.51,1,0.7172928621568743,0.015751540772838468
medium,0.51,1,0.7466220040656015,0.015313816630144972
medium,0.51,1,0.7740586967167805,0.03446980936175581
medium,0.51,1,0.8012490539689605,0.02982123306296991
medium,0.51,1,0.8261353109924365,0.050118866474276436
medium,0.51,1,0.850721649036893,0.0424867185415575
medium,0.51,1,0.8726316596752217,0.0617422833329756
medium,0.51,1,0.8941932994513938,0.05540643547753121
medium,0.51,1,0.9127521773479494,0.06916678044486113
medium,0.51,1,0.9309201932212501,0.0706539098880885
medium,0.51,1,0.9458103908297303,0.07744920497792185
medium,0.51,1,0.960273923011442,0.08949529343891549
medium,0.51,1,0.9712406649224211,0.09500591409778192
medium,0.51,1,0.9817522383668645,0.1096889572976506
medium,0.51,1,0.9886078805856958,0.14039881634246876
medium,0.51,1,0.9949876393568835,0.13952369254738228
medium,0.51,1,0.9976148799444539,0.2116269394483118
medium,0.51,1,0.999753664601001,0.2491347591148324
fine,0.51,0,0.0006392758224277329,-0.12326694010036521
fine,0.51,0,0.001590601299491298,-0.27894548016116794
fine,0.51,0,0.0038156131463958623,-0.4816605305868138
fine,0.51,0,0.0066623494162804855,-0.6157186049534036
fine,0.51,0,0.010768213258644504,-0.6378787117527556
fine,0.51,0,0.015488694939429535,-0.7337997642781673
fine,0.51,0,0.021444162674224086,-0.6604347249642544
fine,0.51,0,0.028002464050014043,-0.7380955465264298
fine,0.51,0,0.03576221097176827,-0.634712817873329
fine,0.51,0,0.044108419409083346,-0.7031744507139266
fine,0.51,0,0.05361338915825866,-0.6046928354664594
fine,0.51,0,0.06368398497131171,-0.6599777076862108
fine,0.51,0,0.07486183898885931,-0.5887895435744481
fine,0.51,0,0.0865801788627209,-0.618737525132079
fine,0.51,0,0.099345846930195,-0.5779103483232653
fine,0.51,0,0.11262274722269829,-0.5816955954159995
fine,0.51,0,0.12687907489798375,-0.5627018928593992
fine,0.51,0,0.14161349038109133,-0.5513095426225258
fine,0.51,0,0.15725197840237326,-0.5433488798290755
fine,0.51,0,0.17333177127737537,-0.5273516373484508
fine,0.51,0,0.19023340130803543,-0.5235979013166066
fine,0.51,0,0.20753619464190975,-0.5083782292734764
fine,0.51,0,0.22557233507192948,-0.5059012208239437
fine,0.51,0,0.24396644415968977,-0.49205486006044086
fine,0.51,0,0.26299982906987845,-0.48646492640591577
fine,0.51,0,0.28234526363470364,-0.47186796435959755
fine,0.51,0,0.3022310374732231,-0.4563036375856262
fine,0.51,0,0.32238056707698076,-0.4389111838131414
fine,0.51,0,0.34296738709756114,-0.4130251441786499
fine,0.51,0,0.36376766165334823,-0.3939050172320415
fine,0.51,0,0.3848988497249708,-0.36499972268688374
fine,0.51,0,0.40619156658386857,-0.34623108807125513
fine,0.51,0,0.42770630160594864,-0.31912028230915035
fine,0.51,0,0.44932941033576673,-0.301764908378787
fine,0.51,0,0.47106395218383307,-0.27658851529236594
fine,0.51,0,0.4928528878707477,-0.2607214261600719
fine,0.51,0,0.5146418235576605,-0.2366577195536601
fine,0.51,0,0.5364307592445725,-0.22206829431272435
fine,0.51,0,0.5581082618132395,-0.1990666609710139
fine,0.51,0,0.57973137054306,-0.18544768000704592
fine,0.51,0,0.6011324611096965,-0.16372224758383735
fine,0.51,0,0.6224251779685942,-0.15069818475936425
fine,0.51,0,0.6433869813116562,-0.13063101487580075
fine,0.51,0,0.6641872558674431,-0.11770821207713089
fine,0.51,0,0.6845502400064076,-0.10018900648553242
fine,0.51,0,0.7046997696101653,-0.08663985702346033
fine,0.51,0,0.7243089599402281,-0.07293844986874642
fine,0.51,0,0.7436543945050529,-0.057582404005200205
fine,0.51,0,0.7623605532474518,-0.048627406125272055
fine,0.51,0,0.780754662335215,-0.029703458655786052
fine,0.51,0,0.7984154243268294,-0.02674663297294
fine,0.51,0,0.8157182176607011,-0.0022396213471780335
fine,0.51,0,0.8321991738389165,-0.00735496280328074
fine,0.51,0,0.848278966713919,0.024736282687689126
fine,0.51,0,0.8634546870507466,0.009464172069209575
fine,0.51,0,0.878189102533854,0.050433748735884465
fine,0.51,0,0.8919440906341798,0.023827451488732332
fine,0.51,0,0.9052209909266831,0.07305917545776908
fine,0.51,0,0.9174505630255747,0.03638913269957467
fine,0.51,0,0.9291689028994359,0.09039722889279778
fine,0.51,0,0.939779984568803,0.04836894882468268
fine,0.51,0,0.949850580381856,0.10269705668880669
fine,0.51,0,0.9587624148830484,0.06113436182736898
fine,0.51,0,0.9671086233203623,0.1151278163897107
fine,0.51,0,0.9742533862117151,0.07632263576319942
fine,0.51,0,0.9808116875875077,0.1317113920611842
fine,0.51,0,0.9861350029092864,0.09675077438725466
fine,0.51,0,0.9908554845900682,0.15023406541911677
fine,0.51,0,0.9943168386983726,0.13969853905145901
fine,0.51,0,0.9971635749682572,0.17824703354912141
fine,0.51,0,0.9987366248683002,0.206181083207573
fine,0.51,0,0.999687950345364,0.24423738349848545
fine,0.51,1,0.00031204965463627797,0.16737256746431617
fine,0.51,1,0.0012633751316998428,0.2658133944497669
fine,0.51,1,0.002836425031743021,0.44566406339942
fine,0.51,1,0.005683161301627199,0.45085045753100317
fine,0.51,1,0.009144515409931945,0.4752920095605989
fine,0.51,1,0.013864997090716978,0.43761100944994746
fine,0.51,1,0.019188312412496748,0.3946316453061941
fine,0.51,1,0.025746613788286705,0.3609844195955899
fine,0.51,1,0.032891376679637284,0.2976313037919158
fine,0.51,1,0.04123758511695213,0.282374867367718
fine,0.51,1,0.050149419618144266,0.2123958230381654
fine,0.51,1,0.060220015431197316,0.20803766791110334
fine,0.51,1,0.07083109710056391,0.14285597279052265
fine,0.51,1,0.0825494369744255,0.1342361860585829
fine,0.51,1,0.09477900907331671,0.08749821487125886
fine,0.51,1,0.10805590936581999,0.06815507126895293
fine,0.51,1,0.12181089746614583,0.041968047061087255
fine,0.51,1,0.13654531294925318,0.015330745617448738
fine,0.51,1,0.15172103328608094,0.0024074562768710006
fine,0.51,1,0.16780082616108305,-0.025490535931687264
fine,0.51,1,0.18428178233929962,-0.03272997462654326
fine,0.51,1,0.20158457567317395,-0.05849085267508869
fine,0.51,1,0.21924533766478932,-0.06420025158012632
fine,0.51,1,0.2376394467525494,-0.08618964125700734
fine,0.51,1,0.25634560549494617,-0.09016607216897854
fine,0.51,1,0.27569104005977113,-0.10604552311285875
fine,0.51,1,0.2953002303898345,-0.10497776901410938
fine,0.51,1,0.3154497599935923,-0.11229556294088194
fine,0.51,1,0.3358127441325569,-0.10522915177901093
fine,0.51,1,0.3566130186883436,-0.10627187626546508
fine,0.51,1,0.3775748220314055,-0.09642243427297914
fine,0.51,1,0.3988675388903031,-0.09479371837502959
fine,0.51,1,0.4202686294569391,-0.08494432320918088
fine,0.51,1,0.44189173818675725,-0.08209542428157901
fine,0.51,1,0.4635692407554233,-0.07284831715701912
fine,0.51,1,0.4853581764423377,-0.06873615285399914
fine,0.51,1,0.5071471121292523,-0.05987963804135443
fine,0.51,1,0.5289360478161677,-0.054659480610239175
fine,0.51,1,0.5506705896642348,-0.04605287428134486
fine,0.51,1,0.5722936983940521,-0.0401173582831833
fine,0.51,1,0.5938084334161312,-0.031546096240717025
fine,0.51,1,0.615101150275029,-0.025379954600597943
fine,0.51,1,0.6362323383466515,-0.01650735322612107
fine,0.51,1,0.6570326129024384,-0.010799073919258273
fine,0.51,1,0.6776194329230186,-0.001264987771827375
fine,0.51,1,0.6977689625267762,0.0029176750412319707
fine,0.51,1,0.7176547363652956,0.013646717984150292
fine,0.51,1,0.7370001709301208,0.015181741973086194
fine,0.51,1,0.7560335558403104,0.028277003915223364
fine,0.51,1,0.7744276649280737,0.02626555500721861
fine,0.51,1,0.7924638053580945,0.043129168236625826
fine,0.51,1,0.8097665986919652,0.03622145595897652
fine,0.51,1,0.8266682287226236,0.057853355426947584
fine,0.51,1,0.8427480215976261,0.04475586667966813
fine,0.51,1,0.8583865096189085,0.07145731268496691
fine,0.51,1,0.8731209251020162,0.051775930001653925
fine,0.51,1,0.8873772527773015,0.08226133315171658
fine,0.51,1,0.9006541530698052,0.05773255700167956
fine,0.51,1,0.9134198211372794,0.08825335965244585
fine,0.51,1,0.9251381610111404,0.06390369907563798
fine,0.51,1,0.9363160150286886,0.08919905086443702
fine,0.51,1,0.9463866108417411,0.07211237190558639
fine,0.51,1,0.9558915805909166,0.08982822558463754
fine,0.51,1,0.9642377890282311,0.0840002172061255
fine,0.51,1,0.9719975359499848,0.09652211611975758
fine,0.51,1,0.9785558373257721,0.10019953632178613
fine,0.51,1,0.9845113050605667,0.11253889261816119
fine,0.51,1,0.9892317867413539,0.11818885502324827
fine,0.51,1,0.9933376505837193,0.15268829046956867
fine,0.51,1,0.9961843868536039,0.14564463944006711
fine,0.51,1,0.9984093987005085,0.21585153398576962
fine,0.51,1,0.9993607241775723,0.24423738349848545
ultra,0.51,0,0.00010781680014540908,-0.08328790737822378
ultra,0.51,0,0.000530777232328764,-0.18107842143969322
ultra,0.51,0,0.0011690064468789553,-0.35214349292731884
ultra,0.51,0,0.0024364565792097557,-0.4622144933175216
ultra,0.51,0,0.003918082274567237,-0.5346299225009767
ultra,0.51,0,0.0060257334570010465,-0.6389755027590802
ultra,0.51,0,0.00834574228081048,-0.6221416490137079
ultra,0.51,0,0.01128646288890638,-0.7198834537228771
ultra,0.51,0,0.01443700466568975,-0.6501507794749593
ultra,0.51,0,0.018200844231773414,-0.7446605247867748
ultra,0.51,0,0.022171258525438046,-0.6493772524942187
ultra,0.51,0,0.026745481407832804,-0.7388656827775428
ultra,0.51,0,0.03152233359321416,-0.6397931054641626
ultra,0.51,0,0.036891462069623286,-0.7161811716642539
ultra,0.51,0,0.04245858879100314,-0.6336962747259205
ultra,0.51,0,0.048604455430218484,-0.6866269261067282
ultra,0.51,0,0.05494301929300383,-0.6325562640389935
ultra,0.51,0,0.061844828427747266,-0.6575971496949276
ultra,0.51,0,0.06893338173825186,-0.6301969714198545
ultra,0.51,0,0.07656777983112736,-0.6321867837434025
ultra,0.51,0,0.08438233716877673,-0.6220912451607232
ultra,0.51,0,0.09272349183324954,-0.6106920356732293
ultra,0.51,0,0.10123761120965291,-0.608646068427656
ultra,0.51,0,0.11025729861866926,-0.592345188693687
ultra,0.51,0,0.1194421709489379,-0.5921851874765465
ultra,0.51,0,0.12910987133542012,-0.5758847522161845
ultra,0.51,0,0.13893441791899103,-0.5748477692811458
ultra,0.51,0,0.14921741884506923,-0.5604403668535642
ultra,0.51,0,0.15964839652619045,-0.5581278083718644
ultra,0.51,0,0.17051190357173948,-0.5458187848502212
ultra,0.51,0,0.18151401722378713,-0.543152500946368
ultra,0.51,0,0.1929212717197254,-0.5325174105462602
ultra,0.51,0,0.20445729367273718,-0.5308257307166551
ultra,0.51,0,0.21636969708073214,-0.5212854742516013
ultra,0.51,0,0.22840059308806032,-0.5200422091260679
ultra,0.51,0,0.2407778376057619,-0.5106968717864739
ultra,0.51,0,0.25326289892360826,-0.5079908383136069
ultra,0.51,0,0.2660631038734928,-0.4979931344760524
ultra,0.51,0,0.2789600850064112,-0.49166094202840105
ultra,0.51,0,0.29213993854673714,-0.4802499874419697
ultra,0.51,0,0.30540520019301626,-0.46777333525548204
ultra,0.51,0,0.3189201058713888,-0.4547229216394748
ultra,0.51,0,0.33250876258463813,-0.43722894208939755
ultra,0.51,0,0.3463129902382829,-0.42334928077870226
ultra,0.51,0,0.360179062305572,-0.4041371082920573
ultra,0.51,0,0.37422590279773454,-0.39029138593020685
ultra,0.51,0,0.38832247182038937,-0.37120779628886624
ultra,0.51,0,0.4025643950892668,-0.35807168417286905
ultra,0.51,0,0.4168437627398785,-0.3399310033571319
ultra,0.51,0,0.43123257862530356,-0.32775848139160746
ultra,0.51,0,0.44564642804376964,-0.3103389582547229
ultra,0.51,0,0.46013344934745826,-0.2991058644953839
ultra,0.51,0,0.47463300862994273,-0.28205639322930454
ultra,0.51,0,0.4891692158575617,-0.2716742014225828
ultra,0.51,0,0.5037054230851808,-0.25489122484124915
ultra,0.51,0,0.5182416303128,-0.24527269903529425
ultra,0.51,0,0.5327652995616226,-0.2287544705939457
ultra,0.51,0,0.5472523208653112,-0.21983992384577666
ultra,0.51,0,0.561714308635959,-0.20361810564002503
ultra,0.51,0,0.5761031245213837,-0.19534919648675997
ultra,0.51,0,0.5904544960250744,-0.17944358205416622
ultra,0.51,0,0.6046964192939523,-0.17175818829610257
ultra,0.51,0,0.6188886140323374,-0.15621710924056598
ultra,0.51,0,0.6329354545244997,-0.1490407590093923
ultra,0.51,0,0.6469204506030176,-0.13398418008104396
ultra,0.51,0,0.6607246782566624,-0.12721824904689294
ultra,0.51,0,0.6744551548754308,-0.11290066273627586
ultra,0.51,0,0.6879700605538058,-0.10637009730340319
ultra,0.51,0,0.7013995581262261,-0.09326463790297246
ultra,0.51,0,0.7145794116665493,-0.08666290062186621
ultra,0.51,0,0.7276624890238393,-0.07509097139582765
ultra,0.51,0,0.7404626939737239,-0.0679096203641325
ultra,0.51,0,0.7531550821234636,-0.058018305570310735
ultra,0.51,0,0.765532326641167,-0.049556562440704166
ultra,0.51,0,0.777791078559535,-0.04185499188497532
ultra,0.51,0,0.7897034819675233,-0.031182724554070562
ultra,0.51,0,0.8014871179184416,-0.026605941750088347
ultra,0.51,0,0.8128943724143848,-0.012535708128932566
ultra,0.51,0,0.8241630203038278,-0.012283224359745049
ultra,0.51,0,0.8350265273493769,0.0066320379055706535
ultra,0.51,0,0.8457420576398831,0.001077493002451524
ultra,0.51,0,0.8560250585659612,0.026468644748001036
ultra,0.51,0,0.8661512132949517,0.013264904822525514
ultra,0.51,0,0.8758189136814339,0.046774515877688994
ultra,0.51,0,0.8853214291466638,0.02387665606369571
ultra,0.51,0,0.8943411165556806,0.06681600399755327
ultra,0.51,0,0.9031878392527664,0.032480638729365796
ultra,0.51,0,0.9115289939172396,0.08528564825839702
ultra,0.51,0,0.919689989336939,0.039117304411640186
ultra,0.51,0,0.9273243874298147,0.10062380209196442
ultra,0.51,0,0.9347720413469293,0.04449768056803216
ultra,0.51,0,0.9416738504816727,0.11121057238830334
ultra,0.51,0,0.9483829623928466,0.04952241126097923
ultra,0.51,0,0.9545288290320619,0.1162018316488681
ultra,0.51,0,0.9604766974263061,0.05492466120983153
ultra,0.51,0,0.9658458259027143,0.11780227153775436
ultra,0.51,0,0.9710123250761369,0.061352534754234966
ultra,0.51,0,0.9755865479585321,0.12105434867344655
ultra,0.51,0,0.9799541961133463,0.0696959426129461
ultra,0.51,0,0.98371803567943,0.12930380111235507
ultra,0.51,0,0.9872720540768264,0.08139309747869783
ultra,0.51,0,0.9902127746849225,0.14279253583745066
ultra,0.51,0,0.992941137651643,0.09900016108488396
ultra,0.51,0,0.9950487888340765,0.15909141565427742
ultra,0.51,0,0.9969422644534843,0.13784522167844782
ultra,0.51,0,0.9982097145858154,0.18573666636983321
ultra,0.51,0,0.9992618959357799,0.1990871155174394
ultra,0.51,0,0.9996848563679622,0.23198261643308576
ultra,0.51,1,0.00031514363203839193,0.133443427510186
ultra,0.51,1,0.0007381040642217469,0.19315384607623554
ultra,0.51,1,0.0017902854141854884,0.37270716245744206
ultra,0.51,1,0.003057735546516289,0.3844114299920741
ultra,0.51,1,0.004951211165923419,0.48121376350305023
ultra,0.51,1,0.0070588623483570055,0.4612450578353663
ultra,0.51,1,0.00978722531507728,0.4861995685827273
ultra,0.51,1,0.012727945923173403,0.4597093572667994
ultra,0.51,1,0.016281964320570042,0.4390087199942717
ultra,0.51,1,0.020045803886653932,0.4226184560813291
ultra,0.51,1,0.02441345204146772,0.3739993406182083
ultra,0.51,1,0.028987674923862925,0.37294874281629786
ultra,0.51,1,0.034154174097285,0.3085076432110907
ultra,0.51,1,0.039523302573693686,0.3170525172204639
ultra,0.51,1,0.04547117096793829,0.24968545504822914
ultra,0.51,1,0.051617037607153624,0.2555532313489196
ultra,0.51,1,0.05832614951832728,0.19859447024876575
ultra,0.51,1,0.06522795865307093,0.19263566845387536
ultra,0.51,1,0.07267561257018526,0.15360040715156253
ultra,0.51,1,0.08031001066306076,0.13502803110467454
ultra,0.51,1,0.08847100608276014,0.11297445486739521
ultra,0.51,1,0.09681216074723341,0.0864273615624549
ultra,0.51,1,0.10565888344431985,0.07574490228428732
ultra,0.51,1,0.11467857085333642,0.0467847370911707
ultra,0.51,1,0.12418108631856634,0.04193592769558552
ultra,0.51,1,0.1338487867050488,0.014385616405698132
ultra,0.51,1,0.14397494143403852,0.011825630667720022
ultra,0.51,1,0.15425794236011672,-0.012724163164423041
ultra,0.51,1,0.16497347265062273,-0.014694591385262079
ultra,0.51,1,0.17583697969617176,-0.03621292935934339
ultra,0.51,1,0.18710562758561144,-0.03825051435849658
ultra,0.51,1,0.1985128820815497,-0.05754660590775318
ultra,0.51,1,0.21029651803247162,-0.059950741501788585
ultra,0.51,1,0.22220892144046703,-0.07779481146968648
ultra,0.51,1,0.23446767335883498,-0.0802047691148351
ultra,0.51,1,0.24684491787653637,-0.09609595145475014
ultra,0.51,1,0.2595373060262759,-0.09765888178970372
ultra,0.51,1,0.27233751097616044,-0.11096470168703787
ultra,0.51,1,0.28542058833345235,-0.1106735095966338
ultra,0.51,1,0.2986004418737781,-0.1201980922583532
ultra,0.51,1,0.3120299394461972,-0.116867912561879
ultra,0.51,1,0.32554484512456977,-0.12172799276046486
ultra,0.51,1,0.33927532174333747,-0.11571440576397585
ultra,0.51,1,0.35307954939698216,-0.11756058640881473
ultra,0.51,1,0.36706454547550005,-0.11033110449139172
ultra,0.51,1,0.38111138596766236,-0.11036074767206117
ultra,0.51,1,0.3953035807060475,-0.10298793814703089
ultra,0.51,1,0.4095455039749249,-0.10205207945183359
ultra,0.51,1,0.42389687547861565,-0.09517862185297998
ultra,0.51,1,0.4382856913640409,-0.093513375112936
ultra,0.51,1,0.4527476791346886,-0.08722226584256343
ultra,0.51,1,0.4672347004383772,-0.08468899756812354
ultra,0.51,1,0.4817583696871998,-0.07890131324147864
ultra,0.51,1,0.49629457691481893,-0.07549034597871129
ultra,0.51,1,0.5108307841424381,-0.07017927146790814
ultra,0.51,1,0.525366991370057,-0.06592592284880205
ultra,0.51,1,0.539866550652542,-0.06109437055991651
ultra,0.51,1,0.5543535719562306,-0.0560910093905278
ultra,0.51,1,0.5687674213746967,-0.05174779324567513
ultra,0.51,1,0.5831562372601217,-0.04606284751469003
ultra,0.51,1,0.5974356049107332,-0.042190251284285774
ultra,0.51,1,0.6116775281796109,-0.03591015741811043
ultra,0.51,1,0.6257740972022654,-0.03246924401970386
ultra,0.51,1,0.6398209376944277,-0.02570634806587524
ultra,0.51,1,0.6536870097617169,-0.022639062393479126
ultra,0.51,1,0.6674912374153616,-0.015595599041721364
ultra,0.51,1,0.6810798941286129,-0.012814946288363327
ultra,0.51,1,0.6945947998069879,-0.005819319155662361
ultra,0.51,1,0.7078600614532657,-0.003199699138838774
ultra,0.51,1,0.7210399149935891,0.003260025749288853
ultra,0.51,1,0.7339368961265066,0.006098587608376338
ultra,0.51,1,0.7467371010763906,0.011744518224599099
ultra,0.51,1,0.7592221623942397,0.015500126922421198
ultra,0.51,1,0.7715994069119431,0.019915182868832204
ultra,0.51,1,0.7836303029192739,0.02540323548919976
ultra,0.51,1,0.7955427063272711,0.02784694366726126
ultra,0.51,1,0.8070787282802793,0.03599903047604647
ultra,0.51,1,0.8184859827762127,0.03547433379989773
ultra,0.51,1,0.8294880964282592,0.04739929950383481
ultra,0.51,1,0.8403516034738087,0.04275288612139494
ultra,0.51,1,0.8507825811549301,0.05966127909321661
ultra,0.51,1,0.8610655820810088,0.04953868179859944
ultra,0.51,1,0.8708901286645796,0.07253975920459232
ultra,0.51,1,0.8805578290510618,0.0554803435709732
ultra,0.51,1,0.8897427013813309,0.08531883458775003
ultra,0.51,1,0.8987623887903473,0.06007025036845415
ultra,0.51,1,0.9072765081667507,0.09674884918738103
ultra,0.51,1,0.9156176628312235,0.06294652713178539
ultra,0.51,1,0.923432220168873,0.1053071677448928
ultra,0.51,1,0.9310666182617483,0.06446971210764696
ultra,0.51,1,0.9381551715722525,0.10953700567313929
ultra,0.51,1,0.945056980706996,0.06564332464917133
ultra,0.51,1,0.9513955445697813,0.1084870893239187
ultra,0.51,1,0.9575414112089966,0.0676040041294863
ultra,0.51,1,0.9631085379303765,0.1035299458651413
ultra,0.51,1,0.9684776664067851,0.0713767409343049
ultra,0.51,1,0.9732545185921665,0.09931477925163168
ultra,0.51,1,0.9778287414745613,0.07796228305990216
ultra,0.51,1,0.9817991557682264,0.09997976668377906
ultra,0.51,1,0.9855629953343105,0.08834118096770938
ultra,0.51,1,0.9887135371110939,0.10698626357419216
ultra,0.51,1,0.9916542577191899,0.10285491237503375
ultra,0.51,1,0.9939742665429991,0.12160304310251302
ultra,0.51,1,0.9960819177254323,0.11935252102928329
ultra,0.51,1,0.99756354342079,0.15681120524789827
ultra,0.51,1,0.9988309935531219,0.14550099276032757
ultra,0.51,1,0.9994692227676719,0.21298681333778813
ultra,0.51,1,0.9998921831998544,0.23198261643308576
extended,0.51,0,0.0002694804342867507,-0.07168611696846128
extended,0.51,0,0.0006120967456432346,-0.15562362017821996
extended,0.51,0,0.0014929352984336497,-0.31786978337409844
extended,0.51,0,0.0025198451450088753,-0.41794576818901885
extended,0.51,0,0.004082763376126376,-0.49751215295247286
extended,0.51,0,0.005791152069410491,-0.598713108430305
extended,0.51,0,0.008031866128620512,-0.5963331170172785
extended,0.51,0,0.010417051093953217,-0.6951642414281596
extended,0.51,0,0.013329419339770289,-0.6376926852023459
extended,0.51,0,0.01638486295095476,-0.7353967617817936
extended,0.51,0,0.019960902784453314,-0.6481719048179448
extended,0.51,0,0.023678230282931992,-0.7432847978685444
extended,0.51,0,0.02790814002749516,-0.6467348637724697
extended,0.51,0,0.032277162476983076,-0.7316383436202523
extended,0.51,0,0.03714934824401864,-0.6440277870508806
extended,0.51,0,0.04215809045766895,-0.7082315208054
extended,0.51,0,0.04765919792465113,-0.6444968381042497
extended,0.51,0,0.05329393128820943,-0.6813296112151546
extended,0.51,0,0.05940888230194862,-0.6454239008522498
extended,0.51,0,0.06565416240293105,-0.6566299880752309
extended,0.51,0,0.07236619630774319,-0.6423142848158312
extended,0.51,0,0.07920490526749703,-0.635874249623348
extended,0.51,0,0.08649562484499689,-0.6333445887600746
extended,0.51,0,0.0939090182376161,-0.6182908736544417
extended,0.51,0,0.10175844013221394,-0.6198443354841436
extended,0.51,0,0.1097261983617079,-0.6026269974211449
extended,0.51,0,0.11811280785359679,-0.6040487165679611
extended,0.51,0,0.12661309184849123,-0.5878708803748509
extended,0.51,0,0.13551390182400014,-0.5877614840910188
extended,0.51,0,0.1445234128967118,-0.5735802045029723
extended,0.51,0,0.15391402685438557,-0.5721258887863625
extended,0.51,0,0.16340807056130804,-0.5598158577567021
extended,0.51,0,0.17326274948102233,-0.5577460696055636
extended,0.51,0,0.1832153033082774,-0.5468723792187491
extended,0.51,0,0.1935070362001035,-0.5452049587921319
extended,0.51,0,0.2038908208894446,-0.5354066662588473
extended,0.51,0,0.21459139882889586,-0.5348696466970473
extended,0.51,0,0.2253779531482572,-0.5257894567578989
extended,0.51,0,0.2364580465949892,-0.525421067671993
extended,0.51,0,0.24761780534874597,-0.5164701177043258
extended,0.51,0,0.25904704453678906,-0.5147194381298568
extended,0.51,0,0.27054941960190254,-0.5052771826434745
extended,0.51,0,0.2822964777810791,-0.5007078976183486
extended,0.51,0,0.29410994194701545,-0.4901598136593637
extended,0.51,0,0.306142621247385,-0.4806213343205281
extended,0.51,0,0.3182347946300104,-0.46867533057559396
extended,0.51,0,0.3305201143139911,-0.4542719329371656
extended,0.51,0,0.3428578531065791,-0.44139286465263483
extended,0.51,0,0.3553621399668594,-0.4247241709509062
extended,0.51,0,0.3679116272849659,-0.4116472545991503
extended,0.51,0,0.38060060794042433,-0.3945314744280717
extended,0.51,0,0.39332744651161466,-0.3818762490023202
extended,0.51,0,0.40616634134827484,-0.36520859130176886
extended,0.51,0,0.41903564779265695,-0.353339456996697
extended,0.51,0,0.4319892662921918,-0.33740753239746724
extended,0.51,0,0.44496576673533605,-0.326396147155122
extended,0.51,0,0.45799860392983405,-0.31089544399341706
extended,0.51,0,0.47104673068601133,-0.3006809493622693
extended,0.51,0,0.48412306447462305,-0.2854042358922031
extended,0.51,0,0.49720705353535866,-0.2759126117923387
extended,0.51,0,0.5102910425960947,-0.26081040334792926
extended,0.51,0,0.5233750316568307,-0.2519799663006328
extended,0.51,0,0.5364308136851323,-0.2370385748348256
extended,0.51,0,0.5494789404413098,-0.22883382985716083
extended,0.51,0,0.5624707304461346,-0.21407696108171526
extended,0.51,0,0.5754472308892797,-0.20646451534817745
extended,0.51,0,0.5883394192772708,-0.19189378075060426
extended,0.51,0,0.6012087257216521,-0.18484061589518297
extended,0.51,0,0.6139659759005645,-0.17047487568767772
extended,0.51,0,0.6266928144717547,-0.16394469490981156
extended,0.51,0,0.6392801597055949,-0.14982906779587757
extended,0.51,0,0.6518296470237036,-0.14378375479589
extended,0.51,0,0.6642125862741172,-0.13001142412546418
extended,0.51,0,0.6765503250667031,-0.12439433210994522
extended,0.51,0,0.6886949175579354,-0.11119358993074968
extended,0.51,0,0.7007870909405604,-0.10588937686994249
extended,0.51,0,0.7126600491887528,-0.09360164624441958
extended,0.51,0,0.7244735133546898,-0.08838993054295186
extended,0.51,0,0.7360422944065627,-0.07715006906529576
extended,0.51,0,0.7475446694716756,-0.07168037687689122
extended,0.51,0,0.7587775641025044,-0.06153874743840726
extended,0.51,0,0.7699373228562642,-0.05532619664070815
extended,0.51,0,0.7808035424826489,-0.04662958255532246
extended,0.51,0,0.791590096802008,-0.039014730365160455
extended,0.51,0,0.802059857871259,-0.032419150494127136
extended,0.51,0,0.8124436425605993,-0.022535049209430502
extended,0.51,0,0.82248824818537,-0.018910582360817108
extended,0.51,0,0.8324408020126258,-0.005656472274634838
extended,0.51,0,0.842032720627089,-0.006083741589872016
extended,0.51,0,0.851526764334011,0.011876958561073958
extended,0.51,0,0.8606397051559711,0.005995426159044359
extended,0.51,0,0.8696492162286827,0.03019120216462534
extended,0.51,0,0.8782582013207798,0.017106315098324387
extended,0.51,0,0.8867584853156742,0.049136133790983805
extended,0.51,0,0.8948399180481733,0.026854448912948636
extended,0.51,0,0.9028076762776668,0.06812347284972697
extended,0.51,0,0.9103394060051826,0.034785944033912886
extended,0.51,0,0.9177527993978022,0.0860944088997706
extended,0.51,0,0.9247141821726745,0.04077385179905557
extended,0.51,0,0.9315528911324279,0.10172707239105216
extended,0.51,0,0.9379248462883514,0.045226966264613644
extended,0.51,0,0.9441701263893341,0.11347001240287868
extended,0.51,0,0.9499351888401354,0.04890596853274365
extended,0.51,0,0.9555699222036934,0.11986926623923788
extended,0.51,0,0.9607122903139131,0.05258622225309906
extended,0.51,0,0.9657210325275553,0.12102119760427377
extended,0.51,0,0.9702266114236624,0.05686890328123362
extended,0.51,0,0.9745956338731581,0.12038354835392417
extended,0.51,0,0.978452074076566,0.06235003330040301
extended,0.51,0,0.9821694015750484,0.12272674430014874
extended,0.51,0,0.9853661328512132,0.06989267403805699
extended,0.51,0,0.9884215764623959,0.13034687656661215
extended,0.51,0,0.9909498367930958,0.0808920449796352
extended,0.51,0,0.9933350217584288,0.14312219819955818
extended,0.51,0,0.9951878813578338,0.0978112610148486
extended,0.51,0,0.9968962700511157,0.15870067091566642
extended,0.51,0,0.9980686503598564,0.13550827500104823
extended,0.51,0,0.9990955602064314,0.18436245308960897
extended,0.51,0,0.9995842478115726,0.19552712602071443
extended,0.51,0,0.9999268641229292,0.2248405791335118
extended,0.51,1,7.313587707017918e-05,0.1291912122998754
extended,0.51,1,0.000415752188426663,0.1791458441380478
extended,0.51,1,0.0009044397935679573,0.3536411187671613
extended,0.51,1,0.0019313496401429599,0.36355092039278303
extended,0.51,1,0.0031037299488841296,0.4710881296300441
extended,0.51,1,0.004812118642168245,0.4536223087291097
extended,0.51,1,0.006664978241574596,0.49518226775334295
extended,0.51,1,0.009050163206907076,0.47078767875223526
extended,0.51,1,0.011578423537606955,0.4646565312584282
extended,0.51,1,0.014633867148791425,0.4485703177548056
extended,0.51,1,0.017830598424956687,0.41036531401795395
extended,0.51,1,0.02154792592343559,0.40871445795232686
extended,0.51,1,0.025404366126839016,0.350004898869715
extended,0.51,1,0.029773388576327154,0.35971143127745286
extended,0.51,1,0.034278967472429596,0.29287034293812797
extended,0.51,1,0.03928770968607968,0.3035079383086636
extended,0.51,1,0.04443007779630589,0.2420796950801487
extended,0.51,1,0.05006481115986419,0.24317575780244483
extended,0.51,1,0.055829873610665735,0.19697282097693258
extended,0.51,1,0.062075153711648165,0.18451635534571786
extended,0.51,1,0.06844710886757185,0.1557451105643446
extended,0.51,1,0.0752858178273257,0.13249559051100657
extended,0.51,1,0.08224720060219821,0.11743508379939982
extended,0.51,1,0.08966059399481721,0.08886097569786111
extended,0.51,1,0.09719232372233276,0.08201121407436085
extended,0.51,1,0.10516008195182694,0.0528583105622108
extended,0.51,1,0.11324151468432644,0.04987252607302728
extended,0.51,1,0.12174179867922044,0.022844401704077533
extended,0.51,1,0.1303507837713172,0.02124310197074386
extended,0.51,1,0.13936029484402865,-0.0027944107584463307
extended,0.51,1,0.14847323566598875,-0.004078595674794405
extended,0.51,1,0.15796727937291144,-0.02532268317591857
extended,0.51,1,0.1675591979873749,-0.02659053652499921
extended,0.51,1,0.17751175181462975,-0.045653660406394625
extended,0.51,1,0.18755635743939997,-0.04703796432513152
extended,0.51,1,0.19794014212874103,-0.06470388921855075
extended,0.51,1,0.20840990319799263,-0.06633757851234212
extended,0.51,1,0.219196457517354,-0.08292134738023504
extended,0.51,1,0.23006267714374012,-0.08446920381745238
extended,0.51,1,0.24122243589749712,-0.09935383058956537
extended,0.51,1,0.25245533052832386,-0.1002077939432715
extended,0.51,1,0.2639577055934371,-0.11295075059855164
extended,0.51,1,0.2755264866453102,-0.11242767256806441
extended,0.51,1,0.2873399508112465,-0.12216297833688894
extended,0.51,1,0.29921290905943876,-0.1192790079532966
extended,0.51,1,0.3113050824420644,-0.12504025892587678
extended,0.51,1,0.32344967493329707,-0.11973155804671176
extended,0.51,1,0.33578741372588533,-0.12246417750618721
extended,0.51,1,0.3481703529762997,-0.11580615367587432
extended,0.51,1,0.3607198402944062,-0.11674963011677497
extended,0.51,1,0.37330718552824477,-0.10969993297216885
extended,0.51,1,0.3860340240994353,-0.10950003621493609
extended,0.51,1,0.3987912742783481,-0.10269241646547589
extended,0.51,1,0.41166058072273026,-0.1018108117270462
extended,0.51,1,0.4245527691107218,-0.09554670247087227
extended,0.51,1,0.43752926955386584,-0.09400566944372657
extended,0.51,1,0.4505210595586899,-0.08824872909817971
extended,0.51,1,0.46356918631486743,-0.0859246373050182
extended,0.51,1,0.47662496834316903,-0.08062077110566812
extended,0.51,1,0.48970895740390463,-0.07754176810025659
extended,0.51,1,0.5027929464646407,-0.07268196947583117
extended,0.51,1,0.5158769355253767,-0.06885761244532218
extended,0.51,1,0.5289532693139885,-0.06444955246811324
extended,0.51,1,0.5420013960701657,-0.05994629626212222
extended,0.51,1,0.5550342332646642,-0.05601361130138316
extended,0.51,1,0.5680107337078106,-0.05086725429730454
extended,0.51,1,0.5809643522073469,-0.04741560807713152
extended,0.51,1,0.5938336586517268,-0.04166922754623714
extended,0.51,1,0.6066725534883849,-0.03869723241548195
extended,0.51,1,0.6193993920595752,-0.03240130161366839
extended,0.51,1,0.6320883727150344,-0.02989925624671419
extended,0.51,1,0.644637860033143,-0.02313726077663869
extended,0.51,1,0.6571421468934247,-0.021084200385744323
extended,0.51,1,0.6694798856860111,-0.01399442527630379
extended,0.51,1,0.6817652053699905,-0.012364590569231115
extended,0.51,1,0.6938573787526148,-0.00522270153674409
extended,0.51,1,0.7058900580529837,-0.00394017243046374
extended,0.51,1,0.7177035222189204,0.0029513052725302913
extended,0.51,1,0.7294505803980972,0.00418631387909818
extended,0.51,1,0.7409529554632098,0.01068813234791166
extended,0.51,1,0.7523821946512538,0.012385818184014519
extended,0.51,1,0.763541953405014,0.01820906401974387
extended,0.51,1,0.7746220468517484,0.02096842782276953
extended,0.51,1,0.785408601171107,0.02556962294514964
extended,0.51,1,0.7961091791105552,0.030112894029872495
extended,0.51,1,0.806492963799896,0.03273213003253761
extended,0.51,1,0.8167846966917219,0.03996299428508843
extended,0.51,1,0.8267372505189777,0.03968627615840015
extended,0.51,1,0.8365919294386918,0.050688499469195514
extended,0.51,1,0.8460859731456142,0.04641635486116047
extended,0.51,1,0.8554765871032878,0.06236069730959026
extended,0.51,1,0.8644860981759994,0.05277010247011904
extended,0.51,1,0.8733869081515081,0.07478898850122051
extended,0.51,1,0.8818871921464025,0.058416478115942305
extended,0.51,1,0.8902738016382918,0.08739858933832734
extended,0.51,1,0.8982415598677863,0.06284725459983187
extended,0.51,1,0.9060909817623841,0.09915156750508336
extended,0.51,1,0.9135043751550034,0.06561866044406606
extended,0.51,1,0.9207950947325032,0.10874952382275949
extended,0.51,1,0.9276338036922561,0.06680268970226722
extended,0.51,1,0.9343458375970682,0.11480263278766845
extended,0.51,1,0.9405911176980509,0.06705267796035796
extended,0.51,1,0.9467060687117899,0.11596305418904196
extended,0.51,1,0.9523408020753484,0.06735727093579091
extended,0.51,1,0.9578419095423315,0.11193030463469222
extended,0.51,1,0.9628506517559825,0.06869876150459042
extended,0.51,1,0.967722837523018,0.1052942821822409
extended,0.51,1,0.9720918599725048,0.0719696934410754
extended,0.51,1,0.9763217697170671,0.10085690513791523
extended,0.51,1,0.9800390972155434,0.07808312447605859
extended,0.51,1,0.9836151370490406,0.10163305733008032
extended,0.51,1,0.9866705806602273,0.08794585996469684
extended,0.51,1,0.9895829489060466,0.1084602419749815
extended,0.51,1,0.9919681338713813,0.10185215057195807
extended,0.51,1,0.9942088479305928,0.12249714337323903
extended,0.51,1,0.9959172366238748,0.11766390884827371
extended,0.51,1,0.9974801548549909,0.15626917950078945
extended,0.51,1,0.9985070647015664,0.1427851193553099
extended,0.51,1,0.999387903254357,0.21082408472965208
extended,0.51,1,0.999730519565713,0.2248405791335118
verification,0.51,0,9.019361724375317e-05,-0.06399006801733287
verification,0.51,0,0.0003733588214918483,-0.1369599671907824
verification,0.51,0,0.000836706942674697,-0.2913297974044178
verification,0.51,0,0.0016855610951557482,-0.3821649693573901
verification,0.51,0,0.002713985674759261,-0.46635710020073273
verification,0.51,0,0.0041266058477969995,-0.5630137412173448
verification,0.51,0,0.005717777173372009,-0.5727198318916518
verification,0.51,0,0.007690963327928737,-0.6703503451950348
verification,0.51,0,0.00984127688464844,-0.624969729184522
verification,0.51,0,0.012370559119439564,-0.7235049344718376
verification,0.51,0,0.015075143755483453,-0.645367111660184
verification,0.51,0,0.018154792432744454,-0.743033922296503
verification,0.51,0,0.02140752139402605,-0.6510687155331696
verification,0.51,0,0.025030560118983265,-0.741364935512977
verification,0.51,0,0.028824064928217097,-0.6528227125490111
verification,0.51,0,0.03298228635286605,-0.7257376727972067
verification,0.51,0,0.037307973501538465,-0.6552425233070391
verification,0.51,0,0.04199195791692715,-0.7026814466755147
verification,0.51,0,0.04684002833235879,-0.6577471004017332
verification,0.51,0,0.052039165007257526,-0.6787582131588064
verification,0.51,0,0.057398636250653716,-0.6576650440751604
verification,0.51,0,0.06310114746827501,-0.6580992374542198
verification,0.51,0,0.06895987861348074,-0.6527043784040456
verification,0.51,0,0.07515284635179506,-0.6410550646049036
verification,0.51,0,0.08149756548839948,-0.6426013510711115
verification,0.51,0,0.08816696068361093,-0.6261853722739268
verification,0.51,0,0.09498329498209263,-0.6289777327602761
verification,0.51,0,0.10211400930897949,-0.6122504282772081
verification,0.51,0,0.10938651757978736,-0.6137963196753535
verification,0.51,0,0.1169623976769198,-0.5986096248198356
verification,0.51,0,0.12467460534973478,-0.5984842369609435
verification,0.51,0,0.13267848941203184,-0.5851413345856749
verification,0.51,0,0.14081292585596672,-0.583872918336958
verification,0.51,0,0.14922668251170546,-0.5720583641159778
verification,0.51,0,0.15776492061190367,-0.570311782411757
verification,0.51,0,0.16656948999611101,-0.5596455140088579
verification,0.51,0,0.1754921878970893,-0.5579614331017031
verification,0.51,0,0.18466762482825935,-0.5481970918296291
verification,0.51,0,0.19395456974942726,-0.5472676566278456
verification,0.51,0,0.20348008891177913,-0.5382874944356011
verification,0.51,0,0.2131102429358937,-0.5383214044469615
verification,0.51,0,0.22296426596479393,-0.5299069868077406
verification,0.51,0,0.23291581369560574,-0.5298029545863798
verification,0.51,0,0.24307601805950504,-0.521521850643953
verification,0.51,0,0.2533264160406483,-0.5201333171288904
verification,0.51,0,0.2637697856087957,-0.5114756334881283
verification,0.51,0,0.2742958133919663,-0.50785419823857
verification,0.51,0,0.28499869057334715,-0.49829581254313005
verification,0.51,0,0.29577650332008837,-0.4907294768052317
verification,0.51,0,0.3067146426554793,-0.47997301520854374
verification,0.51,0,0.31771982515340896,-0.4678506190704188
verification,0.51,0,0.32886844823913414,-0.4561235178804557
verification,0.51,0,0.34007607021025205,-0.4414536650099523
verification,0.51,0,0.35140992182925,-0.42936446063324385
verification,0.51,0,0.36279459440504197,-0.41389879186481005
verification,0.51,0,0.3742879997380426,-0.40198221063815853
verification,0.51,0,0.38582393297342554,-0.38645096503084164
verification,0.51,0,0.3974508557606798,-0.3751201842224503
verification,0.51,0,0.40911191705652744,-0.3601514374575199
verification,0.51,0,0.4208460185783084,-0.34956044015387744
verification,0.51,0,0.43260579188019227,-0.33512376156947044
verification,0.51,0,0.444420490622468,-0.32526924167377635
verification,0.51,0,0.4562523362615165,-0.3110939833296058
verification,0.51,0,0.46812086813162673,-0.301911150211849
verification,0.51,0,0.4799979831719438,-0.28788804324253103
verification,0.51,0,0.49189346212787943,-0.27931878191670756
verification,0.51,0,0.5037889410838149,-0.2654188206890422
verification,0.51,0,0.5156844200397505,-0.25742010136029614
verification,0.51,0,0.527571315825479,-0.24362079596427821
verification,0.51,0,0.5394398476955892,-0.23617041932063
verification,0.51,0,0.5512912326689262,-0.22249479042377596
verification,0.51,0,0.5631059314112019,-0.21557229584291115
verification,0.51,0,0.5748949583733748,-0.2020131584101983
verification,0.51,0,0.5866290598951562,-0.1955999866421596
verification,0.51,0,0.598329022908344,-0.1821646437619142
verification,0.51,0,0.6099559456955985,-0.17624212700105257
verification,0.51,0,0.6215403405804707,-0.16294228426990776
verification,0.51,0,0.6330337459134711,-0.157493528319965
verification,0.51,0,0.6444763302896778,-0.1443799580549121
verification,0.51,0,0.655810181908676,-0.13939107679808704
verification,0.51,0,0.6670850346422817,-0.12652917743123093
verification,0.51,0,0.678233657728008,-0.12197057003289147
verification,0.51,0,0.6893152376511951,-0.1095635817447298
verification,0.51,0,0.7002533769865851,-0.10535775448561657
verification,0.51,0,0.7111165807566147,-0.09364619984937494
verification,0.51,0,0.721819457937994,-0.08963538011014927
verification,0.51,0,0.732439676904351,-0.07862602419146913
verification,0.51,0,0.7428830464724997,-0.07457233670260943
verification,0.51,0,0.7532362224234054,-0.06426532916989536
verification,0.51,0,0.76339642678731,-0.05983621512775272
verification,0.51,0,0.773459106449299,-0.050459404225532856
verification,0.51,0,0.7833131294781949,-0.04519681330068259
verification,0.51,0,0.793062517645329,-0.037196301161023904
verification,0.51,0,0.8025880368076804,-0.030483806791814727
verification,0.51,0,0.8120020479800346,-0.024483223932407094
verification,0.51,0,0.8211774849112047,-0.01551302396866272
verification,0.51,0,0.8302347933256035,-0.012291653725708063
verification,0.51,0,0.8390393627098102,-3.753361150637957e-05
verification,0.51,0,0.847719450649558,-0.0006162885486646896
verification,0.51,0,0.8561332073052976,0.01617101699267187
verification,0.51,0,0.8644164115793992,0.010452218446071027
verification,0.51,0,0.8724202956416962,0.03322226636416137
verification,0.51,0,0.880287852128309,0.020711391939438495
verification,0.51,0,0.8878637322254367,0.05102502861669045
verification,0.51,0,0.8952978183786463,0.02979512313374999
verification,0.51,0,0.9024285327055381,0.06912508694909325
verification,0.51,0,0.9094123079291583,0.037279183978685015
verification,0.51,0,0.9160817031243698,0.08669477447981144
verification,0.51,0,0.9225993469212911,0.04293179069437514
verification,0.51,0,0.928792314659605,0.10262627067037877
verification,0.51,0,0.9348290624703345,0.04687002657105421
verification,0.51,0,0.9405315736879557,0.11549693368853342
verification,0.51,0,0.9460737503370803,0.049619944779573766
verification,0.51,0,0.951272887011979,0.123727217652157
verification,0.51,0,0.9563079376868343,0.051943670544843834
verification,0.51,0,0.9609919221022224,0.1262846888614687
verification,0.51,0,0.9655084407935876,0.05450312113824429
verification,0.51,0,0.9696666622182365,0.12437101854360078
verification,0.51,0,0.9736544175586096,0.05781579764698774
verification,0.51,0,0.977277456283567,0.12222357226141067
verification,0.51,0,0.9807274147245032,0.06245800013411085
verification,0.51,0,0.9838070634017642,0.12395355838594446
verification,0.51,0,0.9867114096777728,0.06927835993085396
verification,0.51,0,0.989240691912564,0.13105156433587983
verification,0.51,0,0.9915928467451921,0.0796384929230074
verification,0.51,0,0.9935660328997487,0.14323159174013567
verification,0.51,0,0.9953606679017684,0.0959579597562884
verification,0.51,0,0.996773288074806,0.1583289010647374
verification,0.51,0,0.9980063378207213,0.13267307797937566
verification,0.51,0,0.9988551919732024,0.18362479147733757
verification,0.51,0,0.9995238632087478,0.19156526630120285
verification,0.51,0,0.9998070284129954,0.21847407608388786
verification,0.51,1,0.00019297158700434198,0.12381276586121781
verification,0.51,1,0.0004761367912524371,0.1663447131093876
verification,0.51,1,0.001144808026798066,0.33544405725093773
verification,0.51,1,0.001993662179278894,0.3439227700425844
verification,0.51,1,0.0032267119251939485,0.45856033440466715
verification,0.51,1,0.004639332098231688,0.4431035527313576
verification,0.51,1,0.0064339671002511456,0.4983225516798431
verification,0.51,1,0.008407153254807651,0.47570916126954355
verification,0.51,1,0.010759308087436024,0.4833300036393371
verification,0.51,1,0.013288590322227371,0.4672759378489043
verification,0.51,1,0.01619293659823561,0.44030917898831423
verification,0.51,1,0.019272585275497058,0.4375083053022353
verification,0.51,1,0.02272254371643368,0.3866617291796015
verification,0.51,1,0.026345582441390673,0.39584766440386
verification,0.51,1,0.030333337781763458,0.3324111683954867
verification,0.51,1,0.03449155920641241,0.34542655862345484
verification,0.51,1,0.03900807789777742,0.28243150899281355
verification,0.51,1,0.04369206231316588,0.28908148596176486
verification,0.51,1,0.04872711298802144,0.2376223633732093
verification,0.51,1,0.05392624966292018,0.2316815358724974
verification,0.51,1,0.059468426312044034,0.19653800722423675
verification,0.51,1,0.06517093752966532,0.17818520234763358
verification,0.51,1,0.07120768534039523,0.15784726750924238
verification,0.51,1,0.07740065307870955,0.131557731258372
verification,0.51,1,0.0839182968756307,0.12141810501962802
verification,0.51,1,0.09058769207084191,0.09230952973884066
verification,0.51,1,0.09757146729445855,0.08773635596809692
verification,0.51,1,0.10470218162134587,0.05939192768644941
verification,0.51,1,0.1121362677745573,0.05723636820652167
verification,0.51,1,0.11971214787168974,0.03135263466428451
verification,0.51,1,0.1275797043583038,0.03001239125737043
verification,0.51,1,0.13558358842060064,0.006907222143760272
verification,0.51,1,0.1438667926947015,0.00578608031533312
verification,0.51,1,0.15228054935044047,-0.014883186018900041
verification,0.51,1,0.1609606372901883,-0.015906025675407554
verification,0.51,1,0.16976520667439585,-0.03463058761912774
verification,0.51,1,0.17882251508879513,-0.03556729892638266
verification,0.51,1,0.18799795201996516,-0.052831573197512416
verification,0.51,1,0.19741196319231938,-0.053842889288868934
verification,0.51,1,0.20693748235467121,-0.07017079564241757
verification,0.51,1,0.2166868705218085,-0.07138342123299979
verification,0.51,1,0.2265408935507085,-0.08673856765957888
verification,0.51,1,0.236603573212696,-0.08785210844951452
verification,0.51,1,0.24676377757659532,-0.10167698208442677
verification,0.51,1,0.25711695352749897,-0.10223809379713722
verification,0.51,1,0.2675603230956466,-0.11425613825851344
verification,0.51,1,0.27818054206200427,-0.11375930599015649
verification,0.51,1,0.28888341924338484,-0.12335932402038963
verification,0.51,1,0.2997466230134156,-0.12102050132551345
verification,0.51,1,0.31068476234880676,-0.12731001899429661
verification,0.51,1,0.32176634227199347,-0.12280233915397498
verification,0.51,1,0.3329149653577187,-0.12609624185682344
verification,0.51,1,0.34418981809132404,-0.12019381705642451
verification,0.51,1,0.355523669710322,-0.12182014945828334
verification,0.51,1,0.36696625408652916,-0.11536633430423304
verification,0.51,1,0.3784596594195295,-0.11571110220203717
verification,0.51,1,0.39004405430440153,-0.10923451102267645
verification,0.51,1,0.401670977091656,-0.1088345141079714
verification,0.51,1,0.41337094010484376,-0.10276411066536228
verification,0.51,1,0.42510504162662494,-0.10181584126333498
verification,0.51,1,0.4368940685887978,-0.0962399297204184
verification,0.51,1,0.44870876733107334,-0.09468398530694633
verification,0.51,1,0.4605601523044104,-0.08953945893016235
verification,0.51,1,0.4724286841745204,-0.08728818800387717
verification,0.51,1,0.4843155799602491,-0.08254540901097829
verification,0.51,1,0.4962110589161847,-0.07964577214588409
verification,0.51,1,0.5081065378721203,-0.07530314572061991
verification,0.51,1,0.5200020168280557,-0.0717451453150415
verification,0.51,1,0.5318791318683731,-0.06781030298533319
verification,0.51,1,0.5437476637384833,-0.06364692413516626
verification,0.51,1,0.5555795093775318,-0.06014840292197521
verification,0.51,1,0.5673942081198073,-0.05540023365822888
verification,0.51,1,0.5791539814216912,-0.05235138270524553
verification,0.51,1,0.5908880829434727,-0.04703913002462623
verification,0.51,1,0.6025491442393204,-0.044454026476801856
verification,0.51,1,0.6141760670265747,-0.03860282776495949
verification,0.51,1,0.6257120002619576,-0.036489418695885956
verification,0.51,1,0.637205405594958,-0.030127741136287467
verification,0.51,1,0.6485900781707495,-0.028501617684986602
verification,0.51,1,0.6599239297897476,-0.0217015638084066
verification,0.51,1,0.671131551760866,-0.020564079891686404
verification,0.51,1,0.6822801748465924,-0.013405494434762133
verification,0.51,1,0.6932853573445216,-0.012769570340336989
verification,0.51,1,0.7042234966799116,-0.005498590567068362
verification,0.51,1,0.7150013094266517,-0.005321607235048376
verification,0.51,1,0.7257041866080315,0.0019093123997553363
verification,0.51,1,0.7362302143912023,0.0018615954469726192
verification,0.51,1,0.746673583959351,0.008999215834985863
verification,0.51,1,0.7569239819404978,0.009084539759312116
verification,0.51,1,0.767084186304403,0.015940934165860843
verification,0.51,1,0.7770357340352125,0.016581888381752563
verification,0.51,1,0.7868897570641069,0.02277678936652272
verification,0.51,1,0.7965199110882204,0.024504643445652285
verification,0.51,1,0.8060454302505723,0.029485799222038422
verification,0.51,1,0.8153323751717404,0.03298839321944258
verification,0.51,1,0.8245078121029105,0.03605243721575979
verification,0.51,1,0.8334305100038879,0.042207356107231475
verification,0.51,1,0.8422350793880945,0.042506772888806
verification,0.51,1,0.850773317488293,0.05234829413724584
verification,0.51,1,0.8591870741440331,0.0488129299916894
verification,0.51,1,0.8673215105879686,0.06347034023298548
verification,0.51,1,0.8753253946502653,0.0548260184690581
verification,0.51,1,0.8830376023230777,0.07544766868339037
verification,0.51,1,0.890613482420206,0.060252606042143664
verification,0.51,1,0.8978859906910154,0.08783124997977398
verification,0.51,1,0.9050167050179063,0.06462160473600598
verification,0.51,1,0.9118330393163893,0.09978760279742316
verification,0.51,1,0.9185024345116007,0.0674864165946083
verification,0.51,1,0.9248471536482051,0.11023691192068619
verification,0.51,1,0.931040121386519,0.06870522622836261
verification,0.51,1,0.9368988525317248,0.11789873378394966
verification,0.51,1,0.9426013637493466,0.06857629234787088
verification,0.51,1,0.9479608349927424,0.12135299454985737
verification,0.51,1,0.9531599716676412,0.06785772606916785
verification,0.51,1,0.9580080420830731,0.1195268098007568
verification,0.51,1,0.9626920264984615,0.06749037266296842
verification,0.51,1,0.9670177136471337,0.11298683260467846
verification,0.51,1,0.9711759350717831,0.06833214301230339
verification,0.51,1,0.9749694398810187,0.1052866953313859
verification,0.51,1,0.9785924786059789,0.0711842787391076
verification,0.51,1,0.9818452075672593,0.1008647811508645
verification,0.51,1,0.9849248562445176,0.07690499992483701
verification,0.51,1,0.9876294408805607,0.10175696695639158
verification,0.51,1,0.9901587231153514,0.08634464830744537
verification,0.51,1,0.9923090366720713,0.10842330023086844
verification,0.51,1,0.9942822228266283,0.09978536688305417
verification,0.51,1,0.9958733941522028,0.1219898085427008
verification,0.51,1,0.997286014325241,0.11520163664056204
verification,0.51,1,0.998314438904845,0.1545363220740974
verification,0.51,1,0.9991632930573255,0.14001010094392063
verification,0.51,1,0.9996266411785084,0.20759684938046008
verification,0.51,1,0.9999098063827561,0.21847407608388786
