case,eta,surface,x_over_c,Cp
FLOWPanel tutorial,0.041,upper,0.0008366188216073112,0.0866386460192935
FLOWPanel tutorial,0.041,upper,0.0021008709131937965,0.027622224612254942
FLOWPanel tutorial,0.041,upper,0.005322399450215391,0.03897927449417016
FLOWPanel tutorial,0.041,upper,0.009544379453301843,-0.28760657591767114
FLOWPanel tutorial,0.041,upper,0.01699740609173799,-0.312361501491901
FLOWPanel tutorial,0.041,upper,0.026101965067774475,-0.43491316139068764
FLOWPanel tutorial,0.041,upper,0.038000494847922874,-0.396803154751459
FLOWPanel tutorial,0.041,upper,0.051327147974487355,-0.4371601453082852
FLOWPanel tutorial,0.041,upper,0.06726878053333105,-0.41256047732912277
FLOWPanel tutorial,0.041,upper,0.08454704594894598,-0.4294585232652799
FLOWPanel tutorial,0.041,upper,0.1044172261012645,-0.41444866632113153
FLOWPanel tutorial,0.041,upper,0.1256122497136359,-0.39354083665978634
FLOWPanel tutorial,0.041,upper,0.14932519090108434,-0.39308834456099384
FLOWPanel tutorial,0.041,upper,0.17432515229218945,-0.4009102260300623
FLOWPanel tutorial,0.041,upper,0.20183824906547077,-0.3877108881556188
FLOWPanel tutorial,0.041,upper,0.23063592164989097,-0.4290864807680339
FLOWPanel tutorial,0.041,upper,0.26139298072286016,-0.3839149654379572
FLOWPanel tutorial,0.041,upper,0.29315156979923207,-0.41877701495091846
FLOWPanel tutorial,0.041,upper,0.3249149861758551,-0.4189665104748532
FLOWPanel tutorial,0.041,upper,0.3566808700013788,-0.3842272995179765
FLOWPanel tutorial,0.041,upper,0.3884274135501004,-0.36675112404981447
FLOWPanel tutorial,0.041,upper,0.42016407141899054,-0.3356416761294909
FLOWPanel tutorial,0.041,upper,0.4518752175142632,-0.3080006009963341
FLOWPanel tutorial,0.041,upper,0.4835733234018653,-0.28524723471106217
FLOWPanel tutorial,0.041,upper,0.5152467758638178,-0.24958230980596685
FLOWPanel tutorial,0.041,upper,0.5469076268581077,-0.23593488220440648
FLOWPanel tutorial,0.041,upper,0.5785480219491265,-0.19347810221023187
FLOWPanel tutorial,0.041,upper,0.610177961113766,-0.18875083581113805
FLOWPanel tutorial,0.041,upper,0.6417931935300658,-0.1409832296684106
FLOWPanel tutorial,0.041,upper,0.6734009086700133,-0.14388086440796322
FLOWPanel tutorial,0.041,upper,0.704999791839168,-0.07983430786368784
FLOWPanel tutorial,0.041,upper,0.736594160593331,-0.10063986800299407
FLOWPanel tutorial,0.041,upper,0.7662844595485655,-0.07694957867184948
FLOWPanel tutorial,0.041,upper,0.7950015033326819,-0.06782387052806715
FLOWPanel tutorial,0.041,upper,0.8212748924751753,-0.0568049452131707
FLOWPanel tutorial,0.041,upper,0.8462992205182672,-0.03997265949742124
FLOWPanel tutorial,0.041,upper,0.8688808922617269,-0.030002995576892788
FLOWPanel tutorial,0.041,upper,0.8902140132029949,-0.014194918124216471
FLOWPanel tutorial,0.041,upper,0.9091043377269642,-0.005724440260979735
FLOWPanel tutorial,0.041,upper,0.9267460398283399,0.011216370357295169
FLOWPanel tutorial,0.041,upper,0.9419445317030715,0.0185312008753169
FLOWPanel tutorial,0.041,upper,0.955894189638759,0.03787538537689128
FLOWPanel tutorial,0.041,upper,0.9674003429191482,0.045364475390203496
FLOWPanel tutorial,0.041,upper,0.9776575117648495,0.06589361997540999
FLOWPanel tutorial,0.041,upper,0.9854710838992862,0.07882282224084403
FLOWPanel tutorial,0.041,upper,0.9920356245451164,0.10205048966856423
FLOWPanel tutorial,0.041,upper,0.9961565998100745,0.1124446035257905
FLOWPanel tutorial,0.041,upper,0.9990285596007904,0.1124446035257905
FLOWPanel tutorial,0.041,lower,0.0004276332699791185,0.39245966135538657
FLOWPanel tutorial,0.041,lower,0.0016918853615655622,0.49023442934572004
FLOWPanel tutorial,0.041,lower,0.00395658891921689,0.4383749413916729
FLOWPanel tutorial,0.041,lower,0.00817856892230334,0.4810101230787802
FLOWPanel tutorial,0.041,lower,0.014052081262990177,0.3554332076240335
FLOWPanel tutorial,0.041,lower,0.023156640239026638,0.285709120967362
FLOWPanel tutorial,0.041,lower,0.033689322561479246,0.22209363175775876
FLOWPanel tutorial,0.041,lower,0.04701597568804373,0.1384127820817994
FLOWPanel tutorial,0.041,lower,0.061679261671379534,0.13831348377522457
FLOWPanel tutorial,0.041,lower,0.07895752708699452,0.04509881347486544
FLOWPanel tutorial,0.041,lower,0.09756063596266235,0.07989347482855291
FLOWPanel tutorial,0.041,lower,0.1187556595750338,-0.00904492024621839
FLOWPanel tutorial,0.041,lower,0.14123770339106184,0.04166038395209892
FLOWPanel tutorial,0.041,lower,0.1662376647821669,-0.040144434701454124
FLOWPanel tutorial,0.041,lower,0.1925222019844108,-0.013289522629786223
FLOWPanel tutorial,0.041,lower,0.22131987456883095,-0.06353007955735768
FLOWPanel tutorial,0.041,lower,0.25111907715665377,-0.0597601688481717
FLOWPanel tutorial,0.041,lower,0.2828776662330257,-0.06621063877081035
FLOWPanel tutorial,0.041,lower,0.3146387227582982,-0.08094532446942804
FLOWPanel tutorial,0.041,lower,0.3464046065838219,-0.09631198374392813
FLOWPanel tutorial,0.041,lower,0.37816060472951435,-0.07511453446208116
FLOWPanel tutorial,0.041,lower,0.4098972625984045,-0.07598559132627258
FLOWPanel tutorial,0.041,lower,0.441620880259624,-0.05776372622471682
FLOWPanel tutorial,0.041,lower,0.473318986147226,-0.04669802833883807
FLOWPanel tutorial,0.041,lower,0.5050044905671652,-0.03565247878469768
FLOWPanel tutorial,0.041,lower,0.536665341561455,-0.013409435521837043
FLOWPanel tutorial,0.041,lower,0.5683157366293654,-0.011528983565124662
FLOWPanel tutorial,0.041,lower,0.599945675794005,0.0214192593983471
FLOWPanel tutorial,0.041,lower,0.6315680976822926,0.012915379295272535
FLOWPanel tutorial,0.041,lower,0.6631758128222403,0.05638060288799096
FLOWPanel tutorial,0.041,lower,0.6947790135471962,0.03739854062398906
FLOWPanel tutorial,0.041,lower,0.7263733823013592,0.10402556364211035
FLOWPanel tutorial,0.041,lower,0.7569944958844039,0.05060486331573999
FLOWPanel tutorial,0.041,lower,0.7857115396685203,0.11037781836659089
FLOWPanel tutorial,0.041,lower,0.8131795223532351,0.05907505457695406
FLOWPanel tutorial,0.041,lower,0.8382038503963269,0.12000307538987064
FLOWPanel tutorial,0.041,lower,0.8619796276372268,0.06646300925844217
FLOWPanel tutorial,0.041,lower,0.8833127485784946,0.13253346869363491
FLOWPanel tutorial,0.041,lower,0.903397247097169,0.07416316333862216
FLOWPanel tutorial,0.041,lower,0.9210389491985447,0.1454202571425679
FLOWPanel tutorial,0.041,lower,0.9374318173608763,0.08474332187135458
FLOWPanel tutorial,0.041,lower,0.9513814752965639,0.16134509540229813
FLOWPanel tutorial,0.041,lower,0.9640821487975637,0.10199582709938872
FLOWPanel tutorial,0.041,lower,0.974339317643265,0.18156560526637022
FLOWPanel tutorial,0.041,lower,0.9833474550003599,0.13071016534764668
FLOWPanel tutorial,0.041,lower,0.9899119956461903,0.2097313641877403
FLOWPanel tutorial,0.041,lower,0.9952275208177781,0.1124446035257905
FLOWPanel tutorial,0.041,lower,0.9980994806084937,0.1124446035257905
FLOWPanel refined 1,0.041,upper,0.0003901940933828333,0.2250265029991716
FLOWPanel refined 1,0.041,upper,0.0012008185732475345,0.13788514666596408
FLOWPanel refined 1,0.041,upper,0.002504821269661703,0.19224423744071983
FLOWPanel refined 1,0.041,upper,0.004340434253836117,-0.049958594347516705
FLOWPanel refined 1,0.041,upper,0.00705148259468828,-0.07532045243529928
FLOWPanel refined 1,0.041,upper,0.010705804120833743,-0.3085313047648668
FLOWPanel refined 1,0.041,upper,0.015415978248934245,-0.33228980115566964
FLOWPanel refined 1,0.041,upper,0.02126382341059449,-0.3828773108703101
FLOWPanel refined 1,0.041,upper,0.027994269823937167,-0.38817342428076995
FLOWPanel refined 1,0.041,upper,0.03567571060558793,-0.377870939211296
FLOWPanel refined 1,0.041,upper,0.04417957548884936,-0.4044285762961781
FLOWPanel refined 1,0.041,upper,0.05356959443942228,-0.3702294088433784
FLOWPanel refined 1,0.041,upper,0.06376339932226326,-0.4224324630193565
FLOWPanel refined 1,0.041,upper,0.07482327582403196,-0.3826183145468758
FLOWPanel refined 1,0.041,upper,0.08669049049914967,-0.43607665156540953
FLOWPanel refined 1,0.041,upper,0.09942760429882855,-0.3832227299213209
FLOWPanel refined 1,0.041,upper,0.11295449736172172,-0.4195039420910296
FLOWPanel refined 1,0.041,upper,0.12733236999221867,-0.3835275698122176
FLOWPanel refined 1,0.041,upper,0.142485178641418,-0.40189659727045
FLOWPanel refined 1,0.041,upper,0.1584729734048793,-0.4028309931075553
FLOWPanel refined 1,0.041,upper,0.17523453680890544,-0.4068110318221707
FLOWPanel refined 1,0.041,upper,0.1928298284884669,-0.43449142837168425
FLOWPanel refined 1,0.041,upper,0.21120262665793274,-0.4301859325387942
FLOWPanel refined 1,0.041,upper,0.23041318059968255,-0.4542640156865548
FLOWPanel refined 1,0.041,upper,0.2505661672798665,-0.40052126166775626
FLOWPanel refined 1,0.041,upper,0.2717346161804493,-0.44524904292171885
FLOWPanel refined 1,0.041,upper,0.29290892094116455,-0.46786709644822877
FLOWPanel refined 1,0.041,upper,0.3140895353349072,-0.4271508605339582
FLOWPanel refined 1,0.041,upper,0.33526764440482576,-0.4424150708740109
FLOWPanel refined 1,0.041,upper,0.356443054012396,-0.3981242782149943
FLOWPanel refined 1,0.041,upper,0.3776119642676333,-0.4077120712148561
FLOWPanel refined 1,0.041,upper,0.3987738715331803,-0.3657879793662897
FLOWPanel refined 1,0.041,upper,0.419927709044395,-0.3696631796039991
FLOWPanel refined 1,0.041,upper,0.4410728514728543,-0.33244657031154445
FLOWPanel refined 1,0.041,upper,0.46220960475735223,-0.3301329843636245
FLOWPanel refined 1,0.041,upper,0.4833373188198382,-0.29883805947864195
FLOWPanel refined 1,0.041,upper,0.5044570141664514,-0.2897155430367584
FLOWPanel refined 1,0.041,upper,0.5255680694237583,-0.26521671099918964
FLOWPanel refined 1,0.041,upper,0.5466719444660143,-0.2487329969057539
FLOWPanel refined 1,0.041,upper,0.5677680828955429,-0.2318550061283713
FLOWPanel refined 1,0.041,upper,0.5888581842538603,-0.20768104435557921
FLOWPanel refined 1,0.041,upper,0.609941780725954,-0.19905311843128426
FLOWPanel refined 1,0.041,upper,0.6310206218265193,-0.16720189967882804
FLOWPanel refined 1,0.041,upper,0.6520943390599545,-0.16700029798056826
FLOWPanel refined 1,0.041,upper,0.6731645935936948,-0.12780999846538688
FLOWPanel refined 1,0.041,upper,0.6942311171017854,-0.13553932908905164
FLOWPanel refined 1,0.041,upper,0.7152953877207533,-0.07501085201203717
FLOWPanel refined 1,0.041,upper,0.7363572308733383,-0.10367708155663412
FLOWPanel refined 1,0.041,upper,0.7564963641031269,-0.09428208942830119
FLOWPanel refined 1,0.041,upper,0.7756412862568624,-0.08129381971939487
FLOWPanel refined 1,0.041,upper,0.7940319026039557,-0.056927371925574725
FLOWPanel refined 1,0.041,upper,0.8116097616920593,-0.05968275306958826
FLOWPanel refined 1,0.041,upper,0.8284337182935974,-0.03227150728490935
FLOWPanel refined 1,0.041,upper,0.8444453522096523,-0.04119219960067788
FLOWPanel refined 1,0.041,upper,0.8597032219535381,-0.01177737443578164
FLOWPanel refined 1,0.041,upper,0.8741489180443738,-0.02503406423142218
FLOWPanel refined 1,0.041,upper,0.8878408387663159,0.005555105861263621
FLOWPanel refined 1,0.041,upper,0.9007205737708451,-0.010298201969275
FLOWPanel refined 1,0.041,upper,0.9128464572883728,0.020888078807371757
FLOWPanel refined 1,0.041,upper,0.9241600730719569,0.004023626714022233
FLOWPanel refined 1,0.041,upper,0.9347197488146066,0.03542356582533579
FLOWPanel refined 1,0.041,upper,0.9444670614073024,0.018957656337276196
FLOWPanel refined 1,0.041,upper,0.9534603626327721,0.05026051258631481
FLOWPanel refined 1,0.041,upper,0.9616412238548935,0.0354783599525722
FLOWPanel refined 1,0.041,upper,0.969068030811424,0.06653894243002478
FLOWPanel refined 1,0.041,upper,0.9756823515420301,0.0543664532248218
FLOWPanel refined 1,0.041,upper,0.9815426020824727,0.08575515555791813
FLOWPanel refined 1,0.041,upper,0.986590349238417,0.07529645595254131
FLOWPanel refined 1,0.041,upper,0.9908840297120266,0.1094609636051015
FLOWPanel refined 1,0.041,upper,0.9943652105807892,0.09345985293857695
FLOWPanel refined 1,0.041,upper,0.9970923357897628,-2.0786919115614615
FLOWPanel refined 1,0.041,upper,0.9990069732705762,-2.0786919115614615
FLOWPanel refined 1,0.041,lower,0.00042043038648179824,0.41724950817573175
FLOWPanel refined 1,0.041,lower,0.0012310548663464855,0.4797339232697768
FLOWPanel refined 1,0.041,lower,0.0025732896339714186,0.4093161778574266
FLOWPanel refined 1,0.041,lower,0.004408902618145832,0.5448065490334573
FLOWPanel refined 1,0.041,lower,0.007187788787613505,0.4243916387951267
FLOWPanel refined 1,0.041,lower,0.010842110313758997,0.45376778087904757
FLOWPanel refined 1,0.041,lower,0.015634102873464163,0.33900367234389595
FLOWPanel refined 1,0.041,lower,0.021481948035124397,0.29864868463328964
FLOWPanel refined 1,0.041,lower,0.028280787565092735,0.2587566880192498
FLOWPanel refined 1,0.041,lower,0.0359622283467435,0.18900741261301512
FLOWPanel refined 1,0.041,lower,0.04452982319570575,0.20358740849237655
FLOWPanel refined 1,0.041,lower,0.053919842146278665,0.10982860852806153
FLOWPanel refined 1,0.041,lower,0.06417593271577923,0.1565414052403321
FLOWPanel refined 1,0.041,lower,0.07523580921754791,0.045018853537976744
FLOWPanel refined 1,0.041,lower,0.0871655848438777,0.10656629708939291
FLOWPanel refined 1,0.041,lower,0.09990269864355657,0.000408252614775173
FLOWPanel refined 1,0.041,lower,0.11349079201083924,0.06599637524369151
FLOWPanel refined 1,0.041,lower,0.1278686646413362,-0.020310950559271124
FLOWPanel refined 1,0.041,lower,0.14308152338609512,0.027250243515464016
FLOWPanel refined 1,0.041,lower,0.15906931814955644,-0.03913554845291367
FLOWPanel refined 1,0.041,lower,0.17589084118855314,-0.016833077297795818
FLOWPanel refined 1,0.041,lower,0.1934861328681146,-0.06877290378754997
FLOWPanel refined 1,0.041,lower,0.21191918031996,-0.058362110795177946
FLOWPanel refined 1,0.041,lower,0.2311297342617098,-0.10380028085727667
FLOWPanel refined 1,0.041,lower,0.25135575042385827,-0.07749221108951909
FLOWPanel refined 1,0.041,lower,0.27252419932444105,-0.08429113910410457
FLOWPanel refined 1,0.041,lower,0.29369895785805117,-0.09535598481610896
FLOWPanel refined 1,0.041,lower,0.31487957225179375,-0.13331203249957846
FLOWPanel refined 1,0.041,lower,0.3360574871831881,-0.0984147396734183
FLOWPanel refined 1,0.041,lower,0.35723289679075837,-0.13032978067140855
FLOWPanel refined 1,0.041,lower,0.37840130340863826,-0.09225638655487067
FLOWPanel refined 1,0.041,lower,0.39956321067418515,-0.11789527320376149
FLOWPanel refined 1,0.041,lower,0.4207164228569765,-0.08123025866539901
FLOWPanel refined 1,0.041,lower,0.4418615652854358,-0.1001122254645137
FLOWPanel refined 1,0.041,lower,0.462997668491883,-0.06719902647076093
FLOWPanel refined 1,0.041,lower,0.484125382554369,-0.07868864664387254
FLOWPanel refined 1,0.041,lower,0.5052444565275489,-0.05110438813163487
FLOWPanel refined 1,0.041,lower,0.526355511784856,-0.05443515056715587
FLOWPanel refined 1,0.041,lower,0.5474588304294358,-0.033533487369560966
FLOWPanel refined 1,0.041,lower,0.5685549688589643,-0.027939282633342444
FLOWPanel refined 1,0.041,lower,0.5896446024022692,-0.015017339456111944
FLOWPanel refined 1,0.041,lower,0.610728198874363,0.00019428102972285366
FLOWPanel refined 1,0.041,lower,0.6318066714793265,0.003985551866284354
FLOWPanel refined 1,0.041,lower,0.6528803887127616,0.029446089484973625
FLOWPanel refined 1,0.041,lower,0.6739503749205468,0.023189639822733032
FLOWPanel refined 1,0.041,lower,0.6950168984286372,0.05990087483243489
FLOWPanel refined 1,0.041,lower,0.7160809944703447,0.04331650267916898
FLOWPanel refined 1,0.041,lower,0.7371428376229296,0.1069897595117375
FLOWPanel refined 1,0.041,lower,0.7572104696994613,0.050877652510370464
FLOWPanel refined 1,0.041,lower,0.7763553918531967,0.09732154094651746
FLOWPanel refined 1,0.041,lower,0.7946875567479421,0.058225120546982034
FLOWPanel refined 1,0.041,lower,0.8122654158360455,0.11723396840319145
FLOWPanel refined 1,0.041,lower,0.8290309522386661,0.06452812368773642
FLOWPanel refined 1,0.041,lower,0.8450425861547213,0.12970392715240364
FLOWPanel refined 1,0.041,lower,0.8602420464177263,0.06889465006808737
FLOWPanel refined 1,0.041,lower,0.8746877425085621,0.13905961122243582
FLOWPanel refined 1,0.041,lower,0.8883212528819849,0.07183564017077337
FLOWPanel refined 1,0.041,lower,0.9012009878865141,0.14624153289896114
FLOWPanel refined 1,0.041,lower,0.9132684551571001,0.07410906597036016
FLOWPanel refined 1,0.041,lower,0.9245820709406845,0.15253063074694928
FLOWPanel refined 1,0.041,lower,0.9350833235743141,0.07668760654111362
FLOWPanel refined 1,0.041,lower,0.9448306361670099,0.1594888623146007
FLOWPanel refined 1,0.041,lower,0.953765508756357,0.0808724961176076
FLOWPanel refined 1,0.041,lower,0.9619463699784786,0.16886129532688354
FLOWPanel refined 1,0.041,lower,0.9693147449746756,0.08856063739094466
FLOWPanel refined 1,0.041,lower,0.9759290657052817,0.18242123416170852
FLOWPanel refined 1,0.041,lower,0.9817308830513893,0.10272301804307939
FLOWPanel refined 1,0.041,lower,0.9867786302073338,0.20146153507530462
FLOWPanel refined 1,0.041,lower,0.9910138777584313,0.12794849715961243
FLOWPanel refined 1,0.041,lower,0.9944950586271941,0.2269505656589197
FLOWPanel refined 1,0.041,lower,0.9971637517677969,-2.0786919115614615
FLOWPanel refined 1,0.041,lower,0.9990783892486104,-2.0786919115614615
FLOWPanel refined 2,0.041,upper,0.00012294223576808926,0.310747906036013
FLOWPanel refined 2,0.041,upper,0.0006499128134281695,0.21004267394460208
FLOWPanel refined 2,0.041,upper,0.0012675380788045407,0.30573099184008246
FLOWPanel refined 2,0.041,upper,0.002183084257477359,0.12314272959871231
FLOWPanel refined 2,0.041,upper,0.0032322294519691137,0.16429253775844443
FLOWPanel refined 2,0.041,upper,0.004720424648297104,-0.04234348954312206
FLOWPanel refined 2,0.041,upper,0.00640696917283813,-0.05135829702643523
FLOWPanel refined 2,0.041,upper,0.008745354374365712,-0.23554511205122686
FLOWPanel refined 2,0.041,upper,0.011317851114771278,-0.2659591873624563
FLOWPanel refined 2,0.041,upper,0.014659714836993257,-0.3198233146092264
FLOWPanel refined 2,0.041,upper,0.01820562902857939,-0.3519054703703035
FLOWPanel refined 2,0.041,upper,0.02242211970907038,-0.3238774082508251
FLOWPanel refined 2,0.041,upper,0.026819936742365765,-0.3747217295185896
FLOWPanel refined 2,0.041,upper,0.031813651395443183,-0.3173835160829017
FLOWPanel refined 2,0.041,upper,0.03698151643900547,-0.38893334946737523
FLOWPanel refined 2,0.041,upper,0.04272169654636882,-0.31226559847469537
FLOWPanel refined 2,0.041,upper,0.048630770928661006,-0.3981543676757269
FLOWPanel refined 2,0.041,upper,0.05509488706229472,-0.32717866242821314
FLOWPanel refined 2,0.041,upper,0.061726904305412826,-0.4139737696780637
FLOWPanel refined 2,0.041,upper,0.06891069943383622,-0.3608402964657538
FLOWPanel refined 2,0.041,upper,0.07626382755156384,-0.4297898442519976
FLOWPanel refined 2,0.041,upper,0.0841734391793623,-0.3863115630402516
FLOWPanel refined 2,0.041,upper,0.09225111337148943,-0.42901849394549574
FLOWPanel refined 2,0.041,upper,0.10088109604227388,-0.39252316424522915
FLOWPanel refined 2,0.041,upper,0.10967587969197588,-0.414968188327711
FLOWPanel refined 2,0.041,upper,0.11901225318538144,-0.3918953503450662
FLOWPanel refined 2,0.041,upper,0.1285110920126904,-0.40341483938656997
FLOWPanel refined 2,0.041,upper,0.13854384499132258,-0.3956192724248546
FLOWPanel refined 2,0.041,upper,0.14873812768646252,-0.403131325816088
FLOWPanel refined 2,0.041,upper,0.159463249788574,-0.40764698016393036
FLOWPanel refined 2,0.041,upper,0.17035012510138695,-0.41529062216136947
FLOWPanel refined 2,0.041,upper,0.18176857429608936,-0.4256580147771045
FLOWPanel refined 2,0.041,upper,0.19334948816144,-0.43492818125159993
FLOWPanel refined 2,0.041,upper,0.20546431399844073,-0.44305222803715605
FLOWPanel refined 2,0.041,upper,0.2177417886352338,-0.4661142114728418
FLOWPanel refined 2,0.041,upper,0.2305537803521847,-0.4546063597068412
FLOWPanel refined 2,0.041,upper,0.24366853852013406,-0.4082652525673001
FLOWPanel refined 2,0.041,upper,0.2577782861350638,-0.4499022377221673
FLOWPanel refined 2,0.041,upper,0.27189011072619285,-0.49392964218365454
FLOWPanel refined 2,0.041,upper,0.2860087609394909,-0.44522117125184324
FLOWPanel refined 2,0.041,upper,0.30012788131126716,-0.48608868516523085
FLOWPanel refined 2,0.041,upper,0.3142485467773648,-0.43235707181430566
FLOWPanel refined 2,0.041,upper,0.3283686291007424,-0.4708200590714853
FLOWPanel refined 2,0.041,upper,0.3424867950266769,-0.41589591685702926
FLOWPanel refined 2,0.041,upper,0.35660374354537144,-0.4520431181598035
FLOWPanel refined 2,0.041,upper,0.37071669126624857,-0.39743553068895054
FLOWPanel refined 2,0.041,upper,0.3848280654965421,-0.43117389083489677
FLOWPanel refined 2,0.041,upper,0.39893426872284765,-0.37777484632461866
FLOWPanel refined 2,0.041,upper,0.41303872186995233,-0.40887955178681623
FLOWPanel refined 2,0.041,upper,0.4271374236851953,-0.3573684887365287
FLOWPanel refined 2,0.041,upper,0.44123431323517326,-0.3854889484012398
FLOWPanel refined 2,0.041,upper,0.4553252470895723,-0.33645124055522335
FLOWPanel refined 2,0.041,upper,0.46941438149335013,-0.3611355747842482
FLOWPanel refined 2,0.041,upper,0.4834976023146534,-0.31512024749797374
FLOWPanel refined 2,0.041,upper,0.49757909114352605,-0.3358457432055475
FLOWPanel refined 2,0.041,upper,0.5116548880795719,-0.2934176173405292
FLOWPanel refined 2,0.041,upper,0.5257290652026504,-0.309625131666486
FLOWPanel refined 2,0.041,upper,0.5397979190912574,-0.27140925111682535
FLOWPanel refined 2,0.041,upper,0.5538653006173998,-0.2825240924222914
FLOWPanel refined 2,0.041,upper,0.5679278434795827,-0.24918848543906047
FLOWPanel refined 2,0.041,upper,0.5819890845296607,-0.2546354654921261
FLOWPanel refined 2,0.041,upper,0.5960460473999675,-0.22684782404111026
FLOWPanel refined 2,0.041,upper,0.6101018919541799,-0.2260771738552321
FLOWPanel refined 2,0.041,upper,0.6241540613564434,-0.20446187544170513
FLOWPanel refined 2,0.041,upper,0.6382053003654681,-0.19699146717178428
FLOWPanel refined 2,0.041,upper,0.6522534817984263,-0.1820708040082386
FLOWPanel refined 2,0.041,upper,0.6663009181615154,-0.16753096955023095
FLOWPanel refined 2,0.041,upper,0.6803459059816609,-0.1596669645363311
FLOWPanel refined 2,0.041,upper,0.6943903259629481,-0.13771193832262973
FLOWPanel refined 2,0.041,upper,0.7084328798402817,-0.13699327430572605
FLOWPanel refined 2,0.041,upper,0.7224750303619474,-0.09007980029701357
FLOWPanel refined 2,0.041,upper,0.7365158553251439,-0.11229018438937599
FLOWPanel refined 2,0.041,upper,0.7502586617577363,-0.13201830150115135
FLOWPanel refined 2,0.041,upper,0.7630220819605212,-0.09603064795251481
FLOWPanel refined 2,0.041,upper,0.7756277514496325,-0.0771365416514942
FLOWPanel refined 2,0.041,upper,0.7877150005693754,-0.07703745031297915
FLOWPanel refined 2,0.041,upper,0.7996445795239154,-0.05211716412246825
FLOWPanel refined 2,0.041,upper,0.8110560028176707,-0.060355407252691506
FLOWPanel refined 2,0.041,upper,0.8223098036206513,-0.02990676739057041
FLOWPanel refined 2,0.041,upper,0.8330456054365892,-0.04550379730144294
FLOWPanel refined 2,0.041,upper,0.843623808581971,-0.010249533748966533
FLOWPanel refined 2,0.041,upper,0.8536840910213289,-0.032403465352021765
FLOWPanel refined 2,0.041,upper,0.8635867816278773,0.0068836949261960045
FLOWPanel refined 2,0.041,upper,0.8729715739994698,-0.020962457096616482
FLOWPanel refined 2,0.041,upper,0.8821987707053746,0.021623423009146103
FLOWPanel refined 2,0.041,upper,0.8909080565802349,-0.010995884231095543
FLOWPanel refined 2,0.041,upper,0.8994597370091728,0.03424422572112984
FLOWPanel refined 2,0.041,upper,0.90749347446602,-0.002212043806680608
FLOWPanel refined 2,0.041,upper,0.9153695941486688,0.045157121957617674
FLOWPanel refined 2,0.041,upper,0.9227277303444845,0.005777870746702218
FLOWPanel refined 2,0.041,upper,0.9299282363618633,0.05488313234710951
FLOWPanel refined 2,0.041,upper,0.936610718128032,0.013437922573483418
FLOWPanel refined 2,0.041,upper,0.9431355588825836,0.0640011445432388
FLOWPanel refined 2,0.041,upper,0.9491423397845565,0.02127725378430745
FLOWPanel refined 2,0.041,upper,0.9549914712902032,0.07306886521461842
FLOWPanel refined 2,0.041,upper,0.9603225153883758,0.02981970314733784
FLOWPanel refined 2,0.041,upper,0.9654959044294423,0.0825657867398375
FLOWPanel refined 2,0.041,upper,0.9701511874598657,0.039590231137873966
FLOWPanel refined 2,0.041,upper,0.9746488122788849,0.09293799754719434
FLOWPanel refined 2,0.041,upper,0.9786283207212073,0.05112823674622081
FLOWPanel refined 2,0.041,upper,0.9824501701647952,0.10479516567789726
FLOWPanel refined 2,0.041,upper,0.9857539006442617,0.0649537265340564
FLOWPanel refined 2,0.041,upper,0.9888999726701457,0.11920437458506317
FLOWPanel refined 2,0.041,upper,0.9915279275234554,0.08085802138528775
FLOWPanel refined 2,0.041,upper,0.9939982254570654,0.13647031143143296
FLOWPanel refined 2,0.041,upper,0.9959504112589407,0.09099279540192395
FLOWPanel refined 2,0.041,upper,0.9977449418192295,-10.109078137518116
FLOWPanel refined 2,0.041,upper,0.9990213657626101,-10.109078137518116
FLOWPanel refined 2,0.041,lower,0.0004040283418919771,0.44174534313981445
FLOWPanel refined 2,0.041,lower,0.0009309989195520714,0.4845287523391445
FLOWPanel refined 2,0.041,lower,0.001755890410508613,0.38444560816194384
FLOWPanel refined 2,0.041,lower,0.002671436589181445,0.5688982434246292
FLOWPanel refined 2,0.041,lower,0.004026032769690471,0.4345206863302932
FLOWPanel refined 2,0.041,lower,0.005514227966018434,0.5599558146561892
FLOWPanel refined 2,0.041,lower,0.007654263839332937,0.42789235990639074
FLOWPanel refined 2,0.041,lower,0.009992649040860505,0.4851314190781578
FLOWPanel refined 2,0.041,lower,0.013100401224204488,0.37510408778746973
FLOWPanel refined 2,0.041,lower,0.016442264946426453,0.3704339540833449
FLOWPanel refined 2,0.041,lower,0.02045470515755329,0.3193641414843904
FLOWPanel refined 2,0.041,lower,0.024671195838044255,0.27552017882578095
FLOWPanel refined 2,0.041,lower,0.029483584138317254,0.2795965104703655
FLOWPanel refined 2,0.041,lower,0.03447729879139465,0.20580974209699354
FLOWPanel refined 2,0.041,lower,0.04004332850827308,0.246125891643473
FLOWPanel refined 2,0.041,lower,0.04578350861563643,0.1503150314408097
FLOWPanel refined 2,0.041,lower,0.05207873047434122,0.2118064962163647
FLOWPanel refined 2,0.041,lower,0.05854284660797491,0.10440286334299566
FLOWPanel refined 2,0.041,lower,0.06555874062691386,0.1671933872058189
FLOWPanel refined 2,0.041,lower,0.07274253575533728,0.06196618097037065
FLOWPanel refined 2,0.041,lower,0.08048281439383155,0.1175059035163527
FLOWPanel refined 2,0.041,lower,0.08839242602163001,0.026817202039440827
FLOWPanel refined 2,0.041,lower,0.09685434612808588,0.07739767413440579
FLOWPanel refined 2,0.041,lower,0.10548432879887035,0.005002582913880338
FLOWPanel refined 2,0.041,lower,0.1146559013133584,0.049386162538192946
FLOWPanel refined 2,0.041,lower,0.12399227480676399,-0.008418695605026283
FLOWPanel refined 2,0.041,lower,0.1338625624514928,0.025775797305313212
FLOWPanel refined 2,0.041,lower,0.14389531543012504,-0.022893409655076802
FLOWPanel refined 2,0.041,lower,0.1544589078157288,0.0012825376314801185
FLOWPanel refined 2,0.041,lower,0.16518402991784029,-0.043459286188701984
FLOWPanel refined 2,0.041,lower,0.17644072590184118,-0.025430175206675006
FLOWPanel refined 2,0.041,lower,0.18785917509654362,-0.07035472632245598
FLOWPanel refined 2,0.041,lower,0.19981153626289616,-0.052447551711786396
FLOWPanel refined 2,0.041,lower,0.2119263620998969,-0.09993740086634006
FLOWPanel refined 2,0.041,lower,0.22457570501705548,-0.07668349543521313
FLOWPanel refined 2,0.041,lower,0.2373876967340064,-0.13846801975276857
FLOWPanel refined 2,0.041,lower,0.2511946778979376,-0.08046049177423398
FLOWPanel refined 2,0.041,lower,0.2653044255128673,-0.09357520939408581
FLOWPanel refined 2,0.041,lower,0.279420998749966,-0.09726519313569337
FLOWPanel refined 2,0.041,lower,0.2935396489632641,-0.15213965056740353
FLOWPanel refined 2,0.041,lower,0.30765984427088366,-0.10693768757680822
FLOWPanel refined 2,0.041,lower,0.3217805097369813,-0.16002556446094718
FLOWPanel refined 2,0.041,lower,0.33589925880563587,-0.10956504169102765
FLOWPanel refined 2,0.041,lower,0.3500174247315703,-0.16072620569639784
FLOWPanel refined 2,0.041,lower,0.3641315898596873,-0.10803780985852152
FLOWPanel refined 2,0.041,lower,0.3782445375805643,-0.15707308705451228
FLOWPanel refined 2,0.041,lower,0.39235231429745354,-0.10365033447380867
FLOWPanel refined 2,0.041,lower,0.40645851752375917,-0.1503380235600391
FLOWPanel refined 2,0.041,lower,0.4205589694182029,-0.09720175592024427
FLOWPanel refined 2,0.041,lower,0.43465767123344573,-0.14121825210819638
FLOWPanel refined 2,0.041,lower,0.4487504173531098,-0.08918780862627873
FLOWPanel refined 2,0.041,lower,0.46284135120750886,-0.13010448067693048
FLOWPanel refined 2,0.041,lower,0.47692637147943334,-0.07989850985455194
FLOWPanel refined 2,0.041,lower,0.4910095923007366,-0.11719839573399592
FLOWPanel refined 2,0.041,lower,0.505087121229213,-0.06950168608907359
FLOWPanel refined 2,0.041,lower,0.5191629181652588,-0.10259455019561958
FLOWPanel refined 2,0.041,lower,0.5332333918668334,-0.05811782320358505
FLOWPanel refined 2,0.041,lower,0.5473022457554404,-0.08635742964468474
FLOWPanel refined 2,0.041,lower,0.5613662609800881,-0.0458679519594265
FLOWPanel refined 2,0.041,lower,0.5754288038422709,-0.06855841824117115
FLOWPanel refined 2,0.041,lower,0.5894870685246824,-0.032866862375362293
FLOWPanel refined 2,0.041,lower,0.6035440313949892,-0.049265165210230055
FLOWPanel refined 2,0.041,lower,0.6175973191133473,-0.019207315648484657
FLOWPanel refined 2,0.041,lower,0.6316494885156109,-0.028521514927672516
FLOWPanel refined 2,0.041,lower,0.6456986003418079,-0.004952736071032859
FLOWPanel refined 2,0.041,lower,0.6597467817747664,-0.006317735601844454
FLOWPanel refined 2,0.041,lower,0.6737925146647811,0.009885025770764333
FLOWPanel refined 2,0.041,lower,0.6878375024849264,0.01749841914042316
FLOWPanel refined 2,0.041,lower,0.7018806242011179,0.025461779921878144
FLOWPanel refined 2,0.041,lower,0.7159231780784516,0.04376035762526764
FLOWPanel refined 2,0.041,lower,0.7299644063973163,0.04338104207278759
FLOWPanel refined 2,0.041,lower,0.7440052313605128,0.0920647480895056
FLOWPanel refined 2,0.041,lower,0.7570666700939017,0.046756807062840355
FLOWPanel refined 2,0.041,lower,0.7698300902966867,0.06412578875621411
FLOWPanel refined 2,0.041,lower,0.7820750901301033,0.05454018242856573
FLOWPanel refined 2,0.041,lower,0.7941623392498462,0.09641697489749035
FLOWPanel refined 2,0.041,lower,0.8057314327088045,0.06296194283779355
FLOWPanel refined 2,0.041,lower,0.8171428560025598,0.11301305627355307
FLOWPanel refined 2,0.041,lower,0.8280362803092727,0.06969562012670394
FLOWPanel refined 2,0.041,lower,0.8387720821252105,0.12724809142477933
FLOWPanel refined 2,0.041,lower,0.8489899632351245,0.07488019975517846
FLOWPanel refined 2,0.041,lower,0.8590502456744826,0.13909980819509193
FLOWPanel refined 2,0.041,lower,0.8685926298788847,0.0785715404743823
FLOWPanel refined 2,0.041,lower,0.8779774222504771,0.14856303013704364
FLOWPanel refined 2,0.041,lower,0.8868443037910251,0.08088380270724149
FLOWPanel refined 2,0.041,lower,0.8955535896658855,0.1557995314714502
FLOWPanel refined 2,0.041,lower,0.9037449325686552,0.08201878423570086
FLOWPanel refined 2,0.041,lower,0.9117786700255024,0.1611415447657012
FLOWPanel refined 2,0.041,lower,0.9192944239955169,0.08226956004623043
FLOWPanel refined 2,0.041,lower,0.9266525601913326,0.16506946495063624
FLOWPanel refined 2,0.041,lower,0.9334926721359377,0.08200678852044418
FLOWPanel refined 2,0.041,lower,0.9401751539021062,0.16818482409525626
FLOWPanel refined 2,0.041,lower,0.9463395758156959,0.08166442635925353
FLOWPanel refined 2,0.041,lower,0.9523463567176691,0.17118842311754345
FLOWPanel refined 2,0.041,lower,0.9578350502121684,0.08174367528072923
FLOWPanel refined 2,0.041,lower,0.9631660943103412,0.17486752080079426
FLOWPanel refined 2,0.041,lower,0.9679790323978702,0.08284822967326189
FLOWPanel refined 2,0.041,lower,0.9726343154282934,0.1801057640009721
FLOWPanel refined 2,0.041,lower,0.9767714820820197,0.0857880587538753
FLOWPanel refined 2,0.041,lower,0.9807509905243419,0.1879707484033024
FLOWPanel refined 2,0.041,lower,0.9842123800025427,0.09187645830300839
FLOWPanel refined 2,0.041,lower,0.987516110482009,0.19990850499051993
FLOWPanel refined 2,0.041,lower,0.9903017237889012,0.10365888249609845
FLOWPanel refined 2,0.041,lower,0.9929296786422109,0.21780171704468743
FLOWPanel refined 2,0.041,lower,0.9950395213637858,0.1261379306400423
FLOWPanel refined 2,0.041,lower,0.9969917071656611,0.24272504100408568
FLOWPanel refined 2,0.041,lower,0.9984257863506286,-10.109078137518116
FLOWPanel refined 2,0.041,lower,0.9997022102940093,-10.109078137518116
WingCAD coarse,0.041,upper,0.00048118465090914685,0.14869545595688516
WingCAD coarse,0.041,upper,0.0015496014049228182,0.09754428154068595
WingCAD coarse,0.041,upper,0.00269005562647162,-0.17653883274664128
WingCAD coarse,0.041,upper,0.003918423528315704,-0.13418598966338924
WingCAD coarse,0.041,upper,0.0052896337841874235,-0.2682818336059294
WingCAD coarse,0.041,upper,0.006835167173204858,-0.25954696859896687
WingCAD coarse,0.041,upper,0.008591903730461864,-0.3248326027081605
WingCAD coarse,0.041,upper,0.010606390156575746,-0.3210511681804158
WingCAD coarse,0.041,upper,0.012896826820377405,-0.37099284848802827
WingCAD coarse,0.041,upper,0.015524029917030911,-0.3629659882461669
WingCAD coarse,0.041,upper,0.01848720873574291,-0.40559809358762067
WingCAD coarse,0.041,upper,0.021860408384262946,-0.3980523448534188
WingCAD coarse,0.041,upper,0.02562386060145986,-0.42851079727250707
WingCAD coarse,0.041,upper,0.029863572475346302,-0.4360039631215826
WingCAD coarse,0.041,upper,0.03454113643487875,-0.43795629792856133
WingCAD coarse,0.041,upper,0.03975304994321132,-0.4816438708440447
WingCAD coarse,0.041,upper,0.0454429232835782,-0.43877776768633314
WingCAD coarse,0.041,upper,0.051716093195926224,-0.5270985887134152
WingCAD coarse,0.041,upper,0.0584991526614552,-0.4386609144146518
WingCAD coarse,0.041,upper,0.06590447535607928,-0.5586410037319454
WingCAD coarse,0.041,upper,0.07384289297340799,-0.4424818967601698
WingCAD coarse,0.041,upper,0.08243189338057205,-0.5699583944963971
WingCAD coarse,0.041,upper,0.0915680726780352,-0.4485721273350307
WingCAD coarse,0.041,upper,0.10137202267416444,-0.565077386683871
WingCAD coarse,0.041,upper,0.11172787314566725,-0.45351994664324
WingCAD coarse,0.041,upper,0.12275725648287138,-0.5514326411100807
WingCAD coarse,0.041,upper,0.13433381871037453,-0.45578745005217813
WingCAD coarse,0.041,upper,0.14657815163654367,-0.5349764874070879
WingCAD coarse,0.041,upper,0.15935557948541748,-0.4559677147370933
WingCAD coarse,0.041,upper,0.1727835901241267,-0.519634855919723
WingCAD coarse,0.041,upper,0.1867214903160169,-0.4558660301026263
WingCAD coarse,0.041,upper,0.20128165373700224,-0.5085415980502961
WingCAD coarse,0.041,upper,0.216319776990022,-0.457547127550618
WingCAD coarse,0.041,upper,0.2319411968150229,-0.5019650859505482
WingCAD coarse,0.041,upper,0.24800046872566975,-0.45975647463489744
WingCAD coarse,0.041,upper,0.26459409018511665,-0.494856505551335
WingCAD coarse,0.041,upper,0.28157796421324005,-0.4565758393849569
WingCAD coarse,0.041,upper,0.29903809789805247,-0.47942573659048104
WingCAD coarse,0.041,upper,0.31683420730492456,-0.44161707066175687
WingCAD coarse,0.041,upper,0.3350403375416063,-0.4509726264416954
WingCAD coarse,0.041,upper,0.35352241801597445,-0.41475201670805123
WingCAD coarse,0.041,upper,0.37234126492319286,-0.415695464944249
WingCAD coarse,0.041,upper,0.3913713149986512,-0.38386823895585387
WingCAD coarse,0.041,upper,0.4106591149429669,-0.3797184982072712
WingCAD coarse,0.041,upper,0.4300897572413104,-0.35308221027211895
WingCAD coarse,0.041,upper,0.4496947226727998,-0.34523064152937555
WingCAD coarse,0.041,upper,0.4693717255718243,-0.3229462264261882
WingCAD coarse,0.041,upper,0.48913664215114394,-0.3117855091876296
WingCAD coarse,0.041,upper,0.5089015587304634,-0.29272668424440873
WingCAD coarse,0.041,upper,0.528666475309783,-0.27891562068689013
WingCAD coarse,0.041,upper,0.5483593544215678,-0.2622633469292659
WingCAD coarse,0.041,upper,0.567964319853058,-0.246477280251161
WingCAD coarse,0.041,upper,0.5874264429305198,-0.23157863129682243
WingCAD coarse,0.041,upper,0.6067142428748349,-0.2144183985436634
WingCAD coarse,0.041,upper,0.6257908396509104,-0.2007054911619892
WingCAD coarse,0.041,upper,0.6446096865581292,-0.18281193071638335
WingCAD coarse,0.041,upper,0.6631525832276604,-0.1698220363921119
WingCAD coarse,0.041,upper,0.68135871346434,-0.1520265507630587
WingCAD coarse,0.041,upper,0.6992288679789616,-0.13943619954606978
WingCAD coarse,0.041,upper,0.7166890016637757,-0.1228508376051276
WingCAD coarse,0.041,upper,0.7337588827799126,-0.11006802972728469
WingCAD coarse,0.041,upper,0.7503525042393596,-0.09519733180742951
WingCAD coarse,0.041,upper,0.7665082736131604,-0.08132271610923114
WingCAD coarse,0.041,upper,0.7821296934381609,-0.0686259264617044
WingCAD coarse,0.041,upper,0.7972731534311278,-0.05302446282302343
WingCAD coarse,0.041,upper,0.8118333168521147,-0.043153770472060815
WingCAD coarse,0.041,upper,0.8258835907199191,-0.025614450778339792
WingCAD coarse,0.041,upper,0.8393116013586267,-0.018897617749716433
WingCAD coarse,0.041,upper,0.8522065170746307,0.00044668501523592585
WingCAD coarse,0.041,upper,0.8644508500008001,0.003993328199078383
WingCAD coarse,0.041,upper,0.8761480040366688,0.024778105621524604
WingCAD coarse,0.041,upper,0.887177387373869,0.02513567930726668
WingCAD coarse,0.041,upper,0.8976548702356991,0.04706729643120344
WingCAD coarse,0.041,upper,0.9074588202318321,0.04388466755471032
WingCAD coarse,0.041,upper,0.9167155913376644,0.06711725009377478
WingCAD coarse,0.041,upper,0.925304591744829,0.05985531766807628
WingCAD coarse,0.041,upper,0.9333604972292886,0.08486552939728298
WingCAD coarse,0.041,upper,0.9407658199239126,0.0732658065697881
WingCAD coarse,0.041,upper,0.9476612530653556,0.09995170233646544
WingCAD coarse,0.041,upper,0.9539344229777034,0.08482051125811263
WingCAD coarse,0.041,upper,0.959729633058017,0.11182859716593253
WingCAD coarse,0.041,upper,0.9649415465663495,0.09528239338270572
WingCAD coarse,0.041,upper,0.9697156079890361,0.1209566522661114
WingCAD coarse,0.041,upper,0.9739553198629224,0.10515745470806302
WingCAD coarse,0.041,upper,0.977804779168133,0.12913059870875876
WingCAD coarse,0.041,upper,0.981177978816655,0.11463648184219966
WingCAD coarse,0.041,upper,0.9842152027431164,0.13752219132937404
WingCAD coarse,0.041,upper,0.9868424058397669,0.12353596519154554
WingCAD coarse,0.041,upper,0.9891936586987315,0.14587557757138025
WingCAD coarse,0.041,upper,0.9912081451248465,0.13082294894070867
WingCAD coarse,0.041,upper,0.9930114283827214,0.15220175586766205
WingCAD coarse,0.041,upper,0.9945569617717391,0.13100100690152283
WingCAD coarse,0.041,upper,0.9959596528067287,0.14103737081666257
WingCAD coarse,0.041,upper,0.9971880207085727,0.05286876704201048
WingCAD coarse,0.041,upper,0.9983443511428813,0.0979917336348165
WingCAD coarse,0.041,upper,0.999412767896895,-0.1464068008355328
WingCAD coarse,0.041,lower,0.00048118465090914685,0.4126872327815402
WingCAD coarse,0.041,lower,0.0015496014049228182,0.4586232600020178
WingCAD coarse,0.041,lower,0.00269005562647169,0.4928528975977651
WingCAD coarse,0.041,lower,0.003918423528315872,0.49882976207334573
WingCAD coarse,0.041,lower,0.005289633784187605,0.4810284756820316
WingCAD coarse,0.041,lower,0.006835167173204914,0.49141619868517256
WingCAD coarse,0.041,lower,0.00859190373046192,0.4434459563745199
WingCAD coarse,0.041,lower,0.010606390156575914,0.46207116348831645
WingCAD coarse,0.041,lower,0.012896826820377546,0.3929201007742067
WingCAD coarse,0.041,lower,0.015524029917030798,0.42235546009102976
WingCAD coarse,0.041,lower,0.018487208735742795,0.33649469191044157
WingCAD coarse,0.041,lower,0.021860408384263057,0.3737569285434512
WingCAD coarse,0.041,lower,0.02562386060146008,0.279947634679361
WingCAD coarse,0.041,lower,0.029863572475346496,0.3127563198580091
WingCAD coarse,0.041,lower,0.034541136434878945,0.2288354244091733
WingCAD coarse,0.041,lower,0.039753049943211376,0.23663640983837478
WingCAD coarse,0.041,lower,0.04544292328357814,0.18432627889787712
WingCAD coarse,0.041,lower,0.05171609319592603,0.153478945257017
WingCAD coarse,0.041,lower,0.05849915266145498,0.14312577758863687
WingCAD coarse,0.041,lower,0.06590447535607923,0.07829754289891622
WingCAD coarse,0.041,lower,0.07384289297340799,0.10152751157936069
WingCAD coarse,0.041,lower,0.08243189338057205,0.0204521837359134
WingCAD coarse,0.041,lower,0.09156807267803525,0.0602996111479266
WingCAD coarse,0.041,lower,0.1013720226741646,-0.0203025878489822
WingCAD coarse,0.041,lower,0.1117278731456675,0.022558699857556097
WingCAD coarse,0.041,lower,0.1227572564828716,-0.048714862704987816
WingCAD coarse,0.041,lower,0.13433381871037475,-0.009869663251085292
WingCAD coarse,0.041,lower,0.1465781516365439,-0.0696458430155451
WingCAD coarse,0.041,lower,0.15935557948541765,-0.03730286355498924
WingCAD coarse,0.041,lower,0.1727835901241268,-0.08692707328551208
WingCAD coarse,0.041,lower,0.1867214903160169,-0.061415108972669996
WingCAD coarse,0.041,lower,0.20128165373700224,-0.10383191456942242
WingCAD coarse,0.041,lower,0.216319776990022,-0.08433087107818449
WingCAD coarse,0.041,lower,0.2319411968150229,-0.12149580328486409
WingCAD coarse,0.041,lower,0.24800046872566975,-0.1058415239474082
WingCAD coarse,0.041,lower,0.26459409018511665,-0.13693991225767888
WingCAD coarse,0.041,lower,0.28157796421324,-0.12198987026762965
WingCAD coarse,0.041,lower,0.2990380978980523,-0.1445979566704403
WingCAD coarse,0.041,lower,0.31683420730492434,-0.1278721419725508
WingCAD coarse,0.041,lower,0.33504033754160617,-0.1406186110935923
WingCAD coarse,0.041,lower,0.3535224180159745,-0.1229465056634762
WingCAD coarse,0.041,lower,0.372341264923193,-0.12927847267130144
WingCAD coarse,0.041,lower,0.39137131499865147,-0.11303147286347737
WingCAD coarse,0.041,lower,0.41065911494296714,-0.1153028665516569
WingCAD coarse,0.041,lower,0.4300897572413105,-0.10148931166286856
WingCAD coarse,0.041,lower,0.4496947226727998,-0.10071381288342418
WingCAD coarse,0.041,lower,0.4693717255718243,-0.08902455398435638
WingCAD coarse,0.041,lower,0.48913664215114405,-0.08548262762402636
WingCAD coarse,0.041,lower,0.5089015587304636,-0.0752725237310563
WingCAD coarse,0.041,lower,0.5286664753097831,-0.06947290943025775
WingCAD coarse,0.041,lower,0.5483593544215681,-0.06025881529561671
WingCAD coarse,0.041,lower,0.5679643198530588,-0.05274877537857958
WingCAD coarse,0.041,lower,0.5874264429305208,-0.044123174436880186
WingCAD coarse,0.041,lower,0.6067142428748352,-0.035418700126147895
WingCAD coarse,0.041,lower,0.6257908396509105,-0.026995489931399774
WingCAD coarse,0.041,lower,0.6446096865581294,-0.017677504039046887
WingCAD coarse,0.041,lower,0.663152583227661,-0.009118395230047982
WingCAD coarse,0.041,lower,0.6813587134643413,3.7878386400902464e-05
WingCAD coarse,0.041,lower,0.6992288679789629,0.008981412185679716
WingCAD coarse,0.041,lower,0.7166890016637761,0.0169278567917156
WingCAD coarse,0.041,lower,0.7337588827799125,0.026757897365023986
WingCAD coarse,0.041,lower,0.7503525042393594,0.03292918053728289
WingCAD coarse,0.041,lower,0.7665082736131595,0.04444399970038593
WingCAD coarse,0.041,lower,0.7821296934381589,0.048310088132930695
WingCAD coarse,0.041,lower,0.7972731534311254,0.06209658788758498
WingCAD coarse,0.041,lower,0.8118333168521132,0.06298034846491274
WingCAD coarse,0.041,lower,0.8258835907199186,0.07925274599081844
WingCAD coarse,0.041,lower,0.8393116013586271,0.07679300869629102
WingCAD coarse,0.041,lower,0.8522065170746315,0.09545628789529259
WingCAD coarse,0.041,lower,0.8644508500008006,0.089608506289931
WingCAD coarse,0.041,lower,0.8761480040366691,0.11036702688008038
WingCAD coarse,0.041,lower,0.8871773873738699,0.10110304231097311
WingCAD coarse,0.041,lower,0.8976548702356999,0.12375365828194618
WingCAD coarse,0.041,lower,0.9074588202318321,0.1107171154155273
WingCAD coarse,0.041,lower,0.9167155913376644,0.13551079982885816
WingCAD coarse,0.041,lower,0.9253045917448286,0.1181105737764706
WingCAD coarse,0.041,lower,0.9333604972292884,0.14562647218854174
WingCAD coarse,0.041,lower,0.9407658199239126,0.12350942152546629
WingCAD coarse,0.041,lower,0.9476612530653556,0.15376257346119138
WingCAD coarse,0.041,lower,0.9539344229777034,0.12763050296188494
WingCAD coarse,0.041,lower,0.959729633058017,0.159377836545752
WingCAD coarse,0.041,lower,0.9649415465663495,0.13127196128671936
WingCAD coarse,0.041,lower,0.9697156079890359,0.1629028993637438
WingCAD coarse,0.041,lower,0.9739553198629226,0.13499112432961768
WingCAD coarse,0.041,lower,0.9778047791681304,0.16607648993689506
WingCAD coarse,0.041,lower,0.9811779788166468,0.1390276526557157
WingCAD coarse,0.041,lower,0.9842152027431075,0.17003413005815815
WingCAD coarse,0.041,lower,0.9868424058397636,0.14322819230037687
WingCAD coarse,0.041,lower,0.9891936586987313,0.17450273227107305
WingCAD coarse,0.041,lower,0.9912081451248462,0.14656122522881243
WingCAD coarse,0.041,lower,0.9930114283827214,0.17753615970666103
WingCAD coarse,0.041,lower,0.9945569617717391,0.1434717022445805
WingCAD coarse,0.041,lower,0.9959596528067287,0.16380588835238274
WingCAD coarse,0.041,lower,0.9971880207085727,0.06306392043440545
WingCAD coarse,0.041,lower,0.9983443511428813,0.11655466473187558
WingCAD coarse,0.041,lower,0.999412767896895,-0.1464068008355328
WingCAD medium,0.041,upper,6.0106394590345875e-05,0.20477420064555008
WingCAD medium,0.041,upper,0.000762480564323757,0.22366483684460706
WingCAD medium,0.041,upper,0.0014689201025283964,-0.06434563358650314
WingCAD medium,0.041,upper,0.0022188001961175883,0.009744577322899572
WingCAD medium,0.041,upper,0.002976780086740445,-0.13740390792452373
WingCAD medium,0.041,upper,0.0038213104792755976,-0.10721140358166803
WingCAD medium,0.041,upper,0.0046779134530605575,-0.19418168014928416
WingCAD medium,0.041,upper,0.005663518173705085,-0.17446062735531354
WingCAD medium,0.041,upper,0.006665076380182741,-0.243829771424239
WingCAD medium,0.041,upper,0.007837105797281049,-0.228355950103704
WingCAD medium,0.041,upper,0.009028848189135477,-0.28722709278311087
WingCAD medium,0.041,upper,0.010431233866523944,-0.27521431756886305
WingCAD medium,0.041,upper,0.011856941979951,-0.32385095595025026
WingCAD medium,0.041,upper,0.013531862331236598,-0.31899329100068097
WingCAD medium,0.041,upper,0.01523353708202198,-0.3530447183792713
WingCAD medium,0.041,upper,0.01722109636737633,-0.3635128590898169
WingCAD medium,0.041,upper,0.019238638398557037,-0.37595099588539616
WingCAD medium,0.041,upper,0.021576561507090617,-0.4093755250062401
WingCAD medium,0.041,upper,0.023947467520977282,-0.392603046037056
WingCAD medium,0.041,upper,0.026670812861550434,-0.45204328401972965
WingCAD medium,0.041,upper,0.029429890247177997,-0.4035014501230032
WingCAD medium,0.041,upper,0.03257078293274012,-0.4877955074683238
WingCAD medium,0.041,upper,0.035749884860619564,-0.41222179997836267
WingCAD medium,0.041,upper,0.0393372722167033,-0.5135434581688978
WingCAD medium,0.041,upper,0.04296505521696179,-0.4205796928784473
WingCAD medium,0.041,upper,0.04702448647505605,-0.5291022953282223
WingCAD medium,0.041,upper,0.05112619234393883,-0.42966497542775084
WingCAD medium,0.041,upper,0.05567962419641018,-0.5361898608028315
WingCAD medium,0.041,upper,0.060276887890969626,-0.43870836100408983
WingCAD medium,0.041,upper,0.06534251738737609,-0.5368489734055688
WingCAD medium,0.041,upper,0.07045320237038545,-0.44613653520080176
WingCAD medium,0.041,upper,0.07604532842694091,-0.5331676157297098
WingCAD medium,0.041,upper,0.08168339071515585,-0.45107421975658996
WingCAD medium,0.041,upper,0.08781230529134439,-0.5273737984319766
WingCAD medium,0.041,upper,0.09398768724178905,-0.4538711070953443
WingCAD medium,0.041,upper,0.10065959701233833,-0.5211939682908437
WingCAD medium,0.041,upper,0.10737815165496441,-0.4553417517055561
WingCAD medium,0.041,upper,0.11459513077330384,-0.5155120301123854
WingCAD medium,0.041,upper,0.12185857726589934,-0.45623809661231385
WingCAD medium,0.041,upper,0.12961855157859992,-0.5105509953714396
WingCAD medium,0.041,upper,0.1374244621229599,-0.4570840236378131
WingCAD medium,0.041,upper,0.1457212249552932,-0.506180117977451
WingCAD medium,0.041,upper,0.15406304327422934,-0.4581416223287118
WingCAD medium,0.041,upper,0.16288630266671167,-0.5022372438647247
WingCAD medium,0.041,upper,0.17175339390128203,-0.4595351445795038
WingCAD medium,0.041,upper,0.18108885093769977,-0.49885440614563376
WingCAD medium,0.041,upper,0.19046658258490598,-0.4616082507262844
WingCAD medium,0.041,upper,0.20029604021570058,-0.4968494116720659
WingCAD medium,0.041,upper,0.21016589349066994,-0.4649112098553121
WingCAD medium,0.041,upper,0.22046739502347515,-0.4962080722909768
WingCAD medium,0.041,upper,0.23080710579859776,-0.4686498994584589
WingCAD medium,0.041,upper,0.24155510200192443,-0.4953064602289381
WingCAD medium,0.041,upper,0.2523388302503056,-0.4709165427454536
WingCAD medium,0.041,upper,0.2635043737986214,-0.4927544905870638
WingCAD medium,0.041,upper,0.27470290025229027,-0.4701839951258846
WingCAD medium,0.041,upper,0.2862538660326451,-0.48622577290070024
WingCAD medium,0.041,upper,0.2978348145588264,-0.46394323228468815
WingCAD medium,0.041,upper,0.30973614416236145,-0.47289551172949196
WingCAD medium,0.041,upper,0.3216642281653963,-0.4506571855633213
WingCAD medium,0.041,upper,0.3338781967030005,-0.4540163255290035
WingCAD medium,0.041,upper,0.34611548767664313,-0.4328900143925247
WingCAD medium,0.041,upper,0.35860199088814243,-0.4324574975882988
WingCAD medium,0.041,upper,0.371108207074398,-0.4133330136302775
WingCAD medium,0.041,upper,0.38382506654618853,-0.41013456471634036
WingCAD medium,0.041,upper,0.39655787950381216,-0.3934290307127353
WingCAD medium,0.041,upper,0.40946116367205637,-0.3884000570938071
WingCAD medium,0.041,upper,0.4223765204215504,-0.3740873141445027
WingCAD medium,0.041,upper,0.4354208789179044,-0.3674767477147618
WingCAD medium,0.041,upper,0.448473337211292,-0.35516859288323155
WingCAD medium,0.041,upper,0.46161234600659157,-0.34697917380019083
WingCAD medium,0.041,upper,0.47475542017036226,-0.33630971960906964
WingCAD medium,0.041,upper,0.48794193488951787,-0.3267270748432638
WingCAD medium,0.041,upper,0.5011284496086734,-0.31743391798297327
WingCAD medium,0.041,upper,0.5143149643278289,-0.3065670148123676
WingCAD medium,0.041,upper,0.5274974136785129,-0.29845672763032915
WingCAD medium,0.041,upper,0.5406364224738128,-0.28649208858786746
WingCAD medium,0.041,upper,0.5537673314720791,-0.27941658992242524
WingCAD medium,0.041,upper,0.5668116899684336,-0.26647723430685266
WingCAD medium,0.041,upper,0.5798439758835381,-0.2602990544240604
WingCAD medium,0.041,upper,0.5927472600517815,-0.24650891224727656
WingCAD medium,0.041,upper,0.605634590734192,-0.24110969419736117
WingCAD medium,0.041,upper,0.6183514502059826,-0.22657922436366687
WingCAD medium,0.041,upper,0.6310485967030172,-0.2218623319404982
WingCAD medium,0.041,upper,0.6435350999145167,-0.20672203550017842
WingCAD medium,0.041,upper,0.6559982806899781,-0.20261354594664027
WingCAD medium,0.041,upper,0.6682122492275825,-0.1870121799247868
WingCAD medium,0.041,upper,0.6803994633656869,-0.18347866333793128
WingCAD medium,0.041,upper,0.692300792969221,-0.16768561489400757
WingCAD medium,0.041,upper,0.7041721398269286,-0.16468044493577416
WingCAD medium,0.041,upper,0.715723105607284,-0.148941750687543
WingCAD medium,0.041,upper,0.7272410884822862,-0.14623100311267367
WingCAD medium,0.041,upper,0.7384066320306021,-0.13051708633095083
WingCAD medium,0.041,upper,0.749536443533864,-0.1277265663999565
WingCAD medium,0.041,upper,0.7602844397371971,-0.11211364847991856
WingCAD medium,0.041,upper,0.7709942266982119,-0.10889420029451125
WingCAD medium,0.041,upper,0.7812957282310103,-0.09362371825461357
WingCAD medium,0.041,upper,0.7915568341196345,-0.08966343110769204
WingCAD medium,0.041,upper,0.8013862917504293,-0.07507065055222673
WingCAD medium,0.041,upper,0.8111734747704356,-0.070064808579277
WingCAD medium,0.041,upper,0.8205089318068524,-0.05650866660975207
WingCAD medium,0.041,upper,0.8298005570011814,-0.050159515104654995
WingCAD medium,0.041,upper,0.8386238163936641,-0.037974749296963095
WingCAD medium,0.041,upper,0.8474020202995443,-0.030053519928338494
WingCAD medium,0.041,upper,0.8556987831318779,-0.01958967321677152
WingCAD medium,0.041,upper,0.8639496097325521,-0.009977811822744709
WingCAD medium,0.041,upper,0.8717095840452526,-0.0015350185521370019
WingCAD medium,0.041,upper,0.8794230909836964,0.009799826229855868
WingCAD medium,0.041,upper,0.886640070102032,0.015947319838040652
WingCAD medium,0.041,upper,0.8938104043482916,0.029003409294148127
WingCAD medium,0.041,upper,0.9004823141188447,0.032540617396444094
WingCAD medium,0.041,upper,0.9071077565151413,0.04739768102030473
WingCAD medium,0.041,upper,0.9132366710913303,0.04796851780567568
WingCAD medium,0.041,upper,0.9193196494358595,0.06490141504262092
WingCAD medium,0.041,upper,0.9249117754924154,0.06205552348803778
WingCAD medium,0.041,upper,0.930458846062368,0.08150183057980576
WingCAD medium,0.041,upper,0.935524475558774,0.07458509600634178
WingCAD medium,0.041,upper,0.9405462732130917,0.09706315695482937
WingCAD medium,0.041,upper,0.9450997050655636,0.0853303337906941
WingCAD medium,0.041,upper,0.949610862307247,0.11132429093850682
WingCAD medium,0.041,upper,0.9536702935653408,0.0941923447260562
WingCAD medium,0.041,upper,0.9576893291792603,0.1238758748374338
WingCAD medium,0.041,upper,0.9612767165353446,0.10135305657669147
WingCAD medium,0.041,upper,0.9648258946491115,0.13419070131883226
WingCAD medium,0.041,upper,0.9679667873346732,0.10728781905424857
WingCAD medium,0.041,upper,0.9710719479751805,0.1417961187180311
WingCAD medium,0.041,upper,0.9737952933157534,0.11255374128152207
WingCAD medium,0.041,upper,0.976485655750973,0.14668420771018986
WingCAD medium,0.041,upper,0.978823578859507,0.11756748238490876
WingCAD medium,0.041,upper,0.9811315192222146,0.14978535832886453
WingCAD medium,0.041,upper,0.9831190785075726,0.12260313977130566
WingCAD medium,0.041,upper,0.9850798833934303,0.1526237030890656
WingCAD medium,0.041,upper,0.9867548037447115,0.12781035357708026
WingCAD medium,0.041,upper,0.9884064016599543,0.1562381927924409
WingCAD medium,0.041,upper,0.9898087873373436,0.13326631220348273
WingCAD medium,0.041,upper,0.9911914600399766,0.16090637171572397
WingCAD medium,0.041,upper,0.9923634894570758,0.13896315179434482
WingCAD medium,0.041,upper,0.9935195653883413,0.16640360308891045
WingCAD medium,0.041,upper,0.9945051701089856,0.14440814949166758
WingCAD medium,0.041,upper,0.99547870224838,0.17114794085640694
WingCAD medium,0.041,upper,0.996323232640915,0.14497725738131306
WingCAD medium,0.041,upper,0.9971596632364164,0.15997960854779547
WingCAD medium,0.041,upper,0.9979095433300057,0.0716779162182063
WingCAD medium,0.041,upper,0.9986553580551235,0.11283068389223927
WingCAD medium,0.041,upper,0.9993577322248565,-0.12949077484491367
WingCAD medium,0.041,lower,6.0106394590345875e-05,0.44460571878889604
WingCAD medium,0.041,lower,0.000762480564323757,0.460798911262464
WingCAD medium,0.041,lower,0.0014689201025283964,0.5234006908386827
WingCAD medium,0.041,lower,0.0022188001961176026,0.5208772276537843
WingCAD medium,0.041,lower,0.002976780086740459,0.5247033649078687
WingCAD medium,0.041,lower,0.003821310479275723,0.5342871692517122
WingCAD medium,0.041,lower,0.0046779134530607665,0.5104913859050183
WingCAD medium,0.041,lower,0.005663518173705196,0.5287434903302437
WingCAD medium,0.041,lower,0.006665076380182741,0.4858785057422319
WingCAD medium,0.041,lower,0.007837105797281049,0.5122512737817131
WingCAD medium,0.041,lower,0.009028848189135491,0.45431219215864826
WingCAD medium,0.041,lower,0.01043123386652407,0.4871471418867981
WingCAD medium,0.041,lower,0.011856941979951222,0.41837753290296287
WingCAD medium,0.041,lower,0.01353186233123682,0.45350267067166644
WingCAD medium,0.041,lower,0.01523353708202219,0.3804456846531187
WingCAD medium,0.041,lower,0.017221096367376315,0.4102917748678769
WingCAD medium,0.041,lower,0.019238638398556843,0.3420847877128316
WingCAD medium,0.041,lower,0.021576561507090634,0.35776350386083444
WingCAD medium,0.041,lower,0.023947467520977504,0.3046174704931318
WingCAD medium,0.041,lower,0.026670812861550517,0.29946998242920364
WingCAD medium,0.041,lower,0.029429890247177997,0.2687397100401564
WingCAD medium,0.041,lower,0.03257078293274012,0.24029021543471704
WingCAD medium,0.041,lower,0.035749884860619564,0.23333791293937434
WingCAD medium,0.041,lower,0.03933727221670327,0.18527435418507698
WingCAD medium,0.041,lower,0.04296505521696179,0.19778602596139194
WingCAD medium,0.041,lower,0.047024486475056075,0.1372589716222442
WingCAD medium,0.041,lower,0.05112619234393883,0.16199788697069772
WingCAD medium,0.041,lower,0.055679624196410316,0.09693445135998346
WingCAD medium,0.041,lower,0.06027688789096982,0.1270625653337838
WingCAD medium,0.041,lower,0.0653425173873762,0.06373013206204958
WingCAD medium,0.041,lower,0.07045320237038545,0.09454514076061038
WingCAD medium,0.041,lower,0.07604532842694091,0.03636037267998782
WingCAD medium,0.041,lower,0.08168339071515585,0.06543960941997762
WingCAD medium,0.041,lower,0.0878123052913443,0.013129541321483031
WingCAD medium,0.041,lower,0.09398768724178883,0.03972334918994258
WingCAD medium,0.041,lower,0.10065959701233836,-0.007454662721751103
WingCAD medium,0.041,lower,0.10737815165496466,0.01681957269231593
WingCAD medium,0.041,lower,0.11459513077330395,-0.026334026201328742
WingCAD medium,0.041,lower,0.12185857726589934,-0.00395885648959915
WingCAD medium,0.041,lower,0.12961855157859975,-0.043932132318853734
WingCAD medium,0.041,lower,0.13742446212295967,-0.023187482707037965
WingCAD medium,0.041,lower,0.1457212249552932,-0.060342181451352506
WingCAD medium,0.041,lower,0.15406304327422957,-0.04124120715515356
WingCAD medium,0.041,lower,0.1628863026667119,-0.07558484369061857
WingCAD medium,0.041,lower,0.1717533939012822,-0.058359537716214493
WingCAD medium,0.041,lower,0.18108885093769977,-0.08988056996275451
WingCAD medium,0.041,lower,0.19046658258490576,-0.07491031553145255
WingCAD medium,0.041,lower,0.20029604021570047,-0.10395612334804503
WingCAD medium,0.041,lower,0.21016589349066994,-0.09143399694389154
WingCAD medium,0.041,lower,0.22046739502347515,-0.11799914790677589
WingCAD medium,0.041,lower,0.2308071057985977,-0.10753615433631025
WingCAD medium,0.041,lower,0.24155510200192448,-0.131039557663283
WingCAD medium,0.041,lower,0.2523388302503056,-0.1219451196998651
WingCAD medium,0.041,lower,0.2635043737986214,-0.14217324895698802
WingCAD medium,0.041,lower,0.27470290025229027,-0.13356654099511456
WingCAD medium,0.041,lower,0.28625386603264524,-0.14969025600735453
WingCAD medium,0.041,lower,0.29783481455882654,-0.14047710685624426
WingCAD medium,0.041,lower,0.3097361441623615,-0.15138558704295546
WingCAD medium,0.041,lower,0.3216642281653963,-0.1413559035135985
WingCAD medium,0.041,lower,0.3338781967030005,-0.1480316829361079
WingCAD medium,0.041,lower,0.34611548767664313,-0.13799504722219447
WingCAD medium,0.041,lower,0.3586019908881426,-0.1417083673122126
WingCAD medium,0.041,lower,0.37110820707439823,-0.13242271315249066
WingCAD medium,0.041,lower,0.38382506654618864,-0.13390591859586531
WingCAD medium,0.041,lower,0.39655787950381216,-0.1258055555576496
WingCAD medium,0.041,lower,0.4094611636720566,-0.1257594066631249
WingCAD medium,0.041,lower,0.4223765204215508,-0.11894060255964399
WingCAD medium,0.041,lower,0.4354208789179046,-0.11754689056225986
WingCAD medium,0.041,lower,0.448473337211292,-0.11180536531202145
WingCAD medium,0.041,lower,0.4616123460065917,-0.10905401137115844
WingCAD medium,0.041,lower,0.4747554201703626,-0.10417795741300796
WingCAD medium,0.041,lower,0.4879419348895181,-0.1002057319281564
WingCAD medium,0.041,lower,0.5011284496086736,-0.09604754222122236
WingCAD medium,0.041,lower,0.5143149643278289,-0.0909327706767844
WingCAD medium,0.041,lower,0.5274974136785129,-0.08738703813061433
WingCAD medium,0.041,lower,0.5406364224738128,-0.08127494018592607
WingCAD medium,0.041,lower,0.5537673314720791,-0.07826299199133246
WingCAD medium,0.041,lower,0.5668116899684342,-0.07125151702661991
WingCAD medium,0.041,lower,0.5798439758835393,-0.06869459985617854
WingCAD medium,0.041,lower,0.5927472600517821,-0.06088640426170011
WingCAD medium,0.041,lower,0.6056345907341922,-0.05871386197208173
WingCAD medium,0.041,lower,0.6183514502059827,-0.05020493591181241
WingCAD medium,0.041,lower,0.6310485967030172,-0.04835735255731777
WingCAD medium,0.041,lower,0.643535099914517,-0.03926457192491606
WingCAD medium,0.041,lower,0.6559982806899786,-0.03769577904892518
WingCAD medium,0.041,lower,0.6682122492275832,-0.028157349254162245
WingCAD medium,0.041,lower,0.6803994633656878,-0.02685088945051506
WingCAD medium,0.041,lower,0.6923007929692215,-0.017113816452879016
WingCAD medium,0.041,lower,0.7041721398269288,-0.016038645407046026
WingCAD medium,0.041,lower,0.7157231056072841,-0.006338636333177661
WingCAD medium,0.041,lower,0.7272410884822862,-0.005296893087376242
WingCAD medium,0.041,lower,0.7384066320306021,0.004360786117051707
WingCAD medium,0.041,lower,0.749536443533863,0.005698658046505378
WingCAD medium,0.041,lower,0.7602844397371846,0.0152152961360027
WingCAD medium,0.041,lower,0.7709942266981898,0.01716703263231434
WingCAD medium,0.041,lower,0.7812957282309982,0.026297164761820868
WingCAD medium,0.041,lower,0.791556834119632,0.02915524711644557
WingCAD medium,0.041,lower,0.8013862917504275,0.03756718835534267
WingCAD medium,0.041,lower,0.8111734747704344,0.041623076832001615
WingCAD medium,0.041,lower,0.8205089318068505,0.048962517624693946
WingCAD medium,0.041,lower,0.8298005570011788,0.054505846794271284
WingCAD medium,0.041,lower,0.8386238163936635,0.06044151072312687
WingCAD medium,0.041,lower,0.8474020202995451,0.06770414587163565
WingCAD medium,0.041,lower,0.8556987831318787,0.07189753518162101
WingCAD medium,0.041,lower,0.8639496097325529,0.08101674696786998
WingCAD medium,0.041,lower,0.8717095840452532,0.08317806838240016
WingCAD medium,0.041,lower,0.8794230909836971,0.09422117049815049
WingCAD medium,0.041,lower,0.8866400701020329,0.0940826860690046
WingCAD medium,0.041,lower,0.8938104043482925,0.10709973957398822
WingCAD medium,0.041,lower,0.9004823141188454,0.1043433535270597
WingCAD medium,0.041,lower,0.9071077565151417,0.11947967493625444
WingCAD medium,0.041,lower,0.9132366710913303,0.11372047883911741
WingCAD medium,0.041,lower,0.9193196494358595,0.13132551370721168
WingCAD medium,0.041,lower,0.924911775492415,0.12205437185365951
WingCAD medium,0.041,lower,0.9304588460623677,0.14264659869222296
WingCAD medium,0.041,lower,0.935524475558774,0.12913608744311944
WingCAD medium,0.041,lower,0.9405462732130921,0.15331296790535598
WingCAD medium,0.041,lower,0.9450997050655638,0.13473683872239306
WingCAD medium,0.041,lower,0.949610862307247,0.1630496216319074
WingCAD medium,0.041,lower,0.9536702935653408,0.13874644109745515
WingCAD medium,0.041,lower,0.9576893291792603,0.17142117785168454
WingCAD medium,0.041,lower,0.9612767165353442,0.14133092708727268
WingCAD medium,0.041,lower,0.9648258946491108,0.17787347760066174
WingCAD medium,0.041,lower,0.967966787334673,0.14295387100781443
WingCAD medium,0.041,lower,0.9710719479751809,0.18191201474520735
WingCAD medium,0.041,lower,0.9737952933157534,0.14417267393579247
WingCAD medium,0.041,lower,0.976485655750973,0.1835086848426899
WingCAD medium,0.041,lower,0.978823578859507,0.14541876183462754
WingCAD medium,0.041,lower,0.9811315192222144,0.18356712400297426
WingCAD medium,0.041,lower,0.9831190785075715,0.14698572306382562
WingCAD medium,0.041,lower,0.9850798833934281,0.18357947822899978
WingCAD medium,0.041,lower,0.9867548037447101,0.14904469492053518
WingCAD medium,0.041,lower,0.9884064016599539,0.18456859790333735
WingCAD medium,0.041,lower,0.9898087873373433,0.15168966880313994
WingCAD medium,0.041,lower,0.9911914600399766,0.1868135176679594
WingCAD medium,0.041,lower,0.9923634894570758,0.15492049151874487
WingCAD medium,0.041,lower,0.9935195653883413,0.19013309437773518
WingCAD medium,0.041,lower,0.9945051701089856,0.1582130502347714
WingCAD medium,0.041,lower,0.99547870224838,0.19313999890695088
WingCAD medium,0.041,lower,0.996323232640915,0.1567634147761221
WingCAD medium,0.041,lower,0.9971596632364164,0.18089664632845381
WingCAD medium,0.041,lower,0.9979095433300053,0.0817957853428839
WingCAD medium,0.041,lower,0.9986553580551231,0.13044818278527426
WingCAD medium,0.041,lower,0.9993577322248565,-0.12949077484491367
WingCAD fine,0.041,upper,5.5937078602379166e-05,0.22203045848071476
WingCAD fine,0.041,upper,0.0005212500868810686,0.2838336143017197
WingCAD fine,0.041,upper,0.0009882569962894338,-0.0008023783689206089
WingCAD fine,0.041,upper,0.001467660733831845,0.088511030088128
WingCAD fine,0.041,upper,0.0019504465420083108,-0.05495811900462066
WingCAD fine,0.041,upper,0.0024579840595098414,-0.014210501151538326
WingCAD fine,0.041,upper,0.002970580373293382,-0.10642842635347138
WingCAD fine,0.041,upper,0.0035201995256438196,-0.07554234214563249
WingCAD fine,0.041,upper,0.004076537082558917,-0.1524598542481539
WingCAD fine,0.041,upper,0.004682043333716463,-0.12596794200981432
WingCAD fine,0.041,upper,0.005295904864767017,-0.1931936376223944
WingCAD fine,0.041,upper,0.0059709145744387135,-0.16984252689205692
WingCAD fine,0.041,upper,0.006655888167709287,-0.22972738318889616
WingCAD fine,0.041,upper,0.007413782517898443,-0.20985858760144427
WingCAD fine,0.041,upper,0.008183215640764305,-0.2626125118645608
WingCAD fine,0.041,upper,0.009037095358087527,-0.24779462964432208
WingCAD fine,0.041,upper,0.009904049693610972,-0.29201081966680764
WingCAD fine,0.041,upper,0.010866690720585371,-0.2845361787505085
WingCAD fine,0.041,upper,0.011843897970914521,-0.3176006288197979
WingCAD fine,0.041,upper,0.012927708236216135,-0.3202939655276109
WingCAD fine,0.041,upper,0.014027527042537567,-0.33919520821108073
WingCAD fine,0.041,upper,0.015244504476490698,-0.35505691638491443
WingCAD fine,0.041,upper,0.01647887860129349,-0.3575389863897409
WingCAD fine,0.041,upper,0.017840570538678706,-0.38899609057210127
WingCAD fine,0.041,upper,0.01922098845184841,-0.37412956893370053
WingCAD fine,0.041,upper,0.02073845255937513,-0.4210008113075978
WingCAD fine,0.041,upper,0.022275908564846673,-0.3886758586991712
WingCAD fine,0.041,upper,0.02395967542550917,-0.4478488383910346
WingCAD fine,0.041,upper,0.02566463246002244,-0.40016091866212133
WingCAD fine,0.041,upper,0.02752466994093997,-0.4697993349346181
WingCAD fine,0.041,upper,0.029407024170773528,-0.41066285195222596
WingCAD fine,0.041,upper,0.03145270369508345,-0.4866849065139225
WingCAD fine,0.041,upper,0.033521751030560515,-0.41999300027675845
WingCAD fine,0.041,upper,0.035761815867489284,-0.49847490729980376
WingCAD fine,0.041,upper,0.0380262205085602,-0.4280821195752982
WingCAD fine,0.041,upper,0.040468756188967316,-0.5060179258975406
WingCAD fine,0.041,upper,0.042936521308299024,-0.43513977091948375
WingCAD fine,0.041,upper,0.04558892826580048,-0.5104962610587551
WingCAD fine,0.041,upper,0.04826736892857373,-0.44135442530782587
WingCAD fine,0.041,upper,0.051136337458816836,-0.5130098760700126
WingCAD fine,0.041,upper,0.05403205587086111,-0.44683143103224743
WingCAD fine,0.041,upper,0.057123543493682157,-0.5143784596042575
WingCAD fine,0.041,upper,0.06024240666170126,-0.4515730385132486
WingCAD fine,0.041,upper,0.06356161796276386,-0.5151018653670683
WingCAD fine,0.041,upper,0.06690873784224194,-0.45553177534134276
WingCAD fine,0.041,upper,0.07046010686236684,-0.5154173724091993
WingCAD fine,0.041,upper,0.07403982306032948,-0.4587053608714602
WingCAD fine,0.041,upper,0.07782699829210395,-0.5154249579916461
WingCAD fine,0.041,upper,0.08164286338326175,-0.4612258874247435
WingCAD fine,0.041,upper,0.08566869542569527,-0.5151947754552517
WingCAD fine,0.041,upper,0.08972346293165524,-0.46333385477213906
WingCAD fine,0.041,upper,0.0939899948446555,-0.5147500883446823
WingCAD fine,0.041,upper,0.09828560991687595,-0.46520256832846996
WingCAD fine,0.041,upper,0.10279407030817998,-0.5140158257047145
WingCAD fine,0.041,upper,0.10733166314619323,-0.46686764893971594
WingCAD fine,0.041,upper,0.11208246201414832,-0.5130149596660472
WingCAD fine,0.041,upper,0.1168623440413236,-0.46839139925078
WingCAD fine,0.041,upper,0.1218550713875826,-0.5118074686538057
WingCAD fine,0.041,upper,0.12687673419736803,-0.46979803263687536
WingCAD fine,0.041,upper,0.1321101614141939,-0.5104745310132792
WingCAD fine,0.041,upper,0.13737227849040312,-0.4711196017912631
WingCAD fine,0.041,upper,0.14284436251788798,-0.5091147217657765
WingCAD fine,0.041,upper,0.14834479372321066,-0.472407529670009
WingCAD fine,0.041,upper,0.15405268396234573,-0.5078135709782494
WingCAD fine,0.041,upper,0.15978848277989607,-0.4737150280620998
WingCAD fine,0.041,upper,0.16572853073809174,-0.5066365579424978
WingCAD fine,0.041,upper,0.17169595424148565,-0.4751023437813413
WingCAD fine,0.041,upper,0.17786372587792404,-0.5056738795649625
WingCAD fine,0.041,upper,0.18405824739616367,-0.4766922518928996
WingCAD fine,0.041,upper,0.19044853812517984,-0.5051474868448367
WingCAD fine,0.041,upper,0.1968648625594678,-0.478754925131095
WingCAD fine,0.041,upper,0.20347171486122553,-0.5054332705263993
WingCAD fine,0.041,upper,0.21010379660190773,-0.4815366953143674
WingCAD fine,0.041,upper,0.21692052018076,-0.5063955625017889
WingCAD fine,0.041,upper,0.22376158356375442,-0.48462852782929655
WingCAD fine,0.041,upper,0.23078077798608487,-0.5073164972731641
WingCAD fine,0.041,upper,0.23782334021958246,-0.48726020236346085
WingCAD fine,0.041,upper,0.24503691995453172,-0.5077026440355612
WingCAD fine,0.041,upper,0.25227281643839694,-0.4890337916423833
WingCAD fine,0.041,upper,0.2596720382167387,-0.5072079898011106
WingCAD fine,0.041,upper,0.26709245016893124,-0.48957021548884877
WingCAD fine,0.041,upper,0.274667942567528,-0.5052516040862327
WingCAD fine,0.041,upper,0.28226342686406963,-0.4881463290950454
WingCAD fine,0.041,upper,0.29000522201580176,-0.5008538608003261
WingCAD fine,0.041,upper,0.2977657431433183,-0.4837579872276014
WingCAD fine,0.041,upper,0.3056633104651915,-0.49303921098842696
WingCAD fine,0.041,upper,0.3135782744779148,-0.4757851147431216
WingCAD fine,0.041,upper,0.3216205563032225,-0.4818466153822289
WingCAD fine,0.041,upper,0.32967884666954994,-0.46490907749582533
WingCAD fine,0.041,upper,0.3378542956635082,-0.46887562778321357
WingCAD fine,0.041,upper,0.34604431088082105,-0.45274020943662197
WingCAD fine,0.041,upper,0.35434092911310483,-0.4548215354396577
WingCAD fine,0.041,upper,0.362650621963589,-0.4396651990871445
WingCAD fine,0.041,upper,0.3710560015055249,-0.4401421549728873
WingCAD fine,0.041,upper,0.37947291982013753,-0.42614517706479127
WingCAD fine,0.041,upper,0.38797428472920764,-0.4254635669631033
WingCAD fine,0.041,upper,0.39648561352187667,-0.41274726910128684
WingCAD fine,0.041,upper,0.40506986307146436,-0.411128157779421
WingCAD fine,0.041,upper,0.4136624679009451,-0.39966948349942255
WingCAD fine,0.041,upper,0.42231622090904647,-0.39720928531564126
WingCAD fine,0.041,upper,0.4309766923217128,-0.38688956769209226
WingCAD fine,0.041,upper,0.43968633242862176,-0.38359969510121306
WingCAD fine,0.041,upper,0.4484010313318127,-0.37426480216159774
WingCAD fine,0.041,upper,0.4571527530735706,-0.3701365691796763
WingCAD fine,0.041,upper,0.4659078568859624,-0.3616628876063417
WingCAD fine,0.041,upper,0.4746877124076794,-0.35674609067600827
WingCAD fine,0.041,upper,0.4834692618305259,-0.34906556595991667
WingCAD fine,0.041,upper,0.4922632080815063,-0.34346239700149295
WingCAD fine,0.041,upper,0.5010571543324867,-0.33649696389485517
WingCAD fine,0.041,upper,0.5098511005834669,-0.3301834162265973
WingCAD fine,0.041,upper,0.5186433529333175,-0.32386616683103564
WingCAD fine,0.041,upper,0.5274232084550345,-0.3169326925982403
WingCAD fine,0.041,upper,0.5361996819061174,-0.3112271164882183
WingCAD fine,0.041,upper,0.5449514036478755,-0.30371976843323667
WingCAD fine,0.041,upper,0.5536980665933513,-0.2985796419227691
WingCAD fine,0.041,upper,0.5624077067002602,-0.29052852032207155
WingCAD fine,0.041,upper,0.5711106284026042,-0.2859108784040618
WingCAD fine,0.041,upper,0.5797643814107059,-0.27735445473195264
WingCAD fine,0.041,upper,0.5884097791389143,-0.2732240319849737
WingCAD fine,0.041,upper,0.596994028688502,-0.2641979453494492
WingCAD fine,0.041,upper,0.6055683143544907,-0.2605219170145119
WingCAD fine,0.041,upper,0.6140696792635608,-0.25105406270838415
WingCAD fine,0.041,upper,0.6225595053999542,-0.24780212961162731
WingCAD fine,0.041,upper,0.63096488494189,-0.23791868993622822
WingCAD fine,0.041,upper,0.6393571898656255,-0.23507211531242686
WingCAD fine,0.041,upper,0.6476538080979101,-0.22482258704307959
WingCAD fine,0.041,upper,0.6559358601068398,-0.22236748555998442
WingCAD fine,0.041,upper,0.6641113091007976,-0.21178534573946206
WingCAD fine,0.041,upper,0.6722707495537354,-0.2097045103312376
WingCAD fine,0.041,upper,0.6803130313790395,-0.1988188240080171
WingCAD fine,0.041,upper,0.6883379165134946,-0.19712758708638978
WingCAD fine,0.041,upper,0.696235483835371,-0.18608253106549522
WingCAD fine,0.041,upper,0.7041143251814626,-0.18478202077389705
WingCAD fine,0.041,upper,0.7118561203331948,-0.17361189041142566
WingCAD fine,0.041,upper,0.7195779235869822,-0.17262630285034342
WingCAD fine,0.041,upper,0.7271534159855794,-0.161298167206805
WingCAD fine,0.041,upper,0.7347077182103254,-0.16051300987450223
WingCAD fine,0.041,upper,0.7421069399886673,-0.1490031850445941
WingCAD fine,0.041,upper,0.7494838450180932,-0.14830858367645172
WingCAD fine,0.041,upper,0.7566974247530426,-0.1366344884254933
WingCAD fine,0.041,upper,0.7638876366768249,-0.13593860022743764
WingCAD fine,0.041,upper,0.7709068310991566,-0.12415292669036003
WingCAD fine,0.041,upper,0.777901685717346,-0.1233729485784749
WingCAD fine,0.041,upper,0.7847184092961965,-0.11154172381425176
WingCAD fine,0.041,upper,0.7915099034361227,-0.11059774305624526
WingCAD fine,0.041,upper,0.7981167557378812,-0.09880827869570186
WingCAD fine,0.041,upper,0.8046975743343677,-0.09762370485059502
WingCAD fine,0.041,upper,0.8110878650633836,-0.0859793117183445
WingCAD fine,0.041,upper,0.8174514059105983,-0.08447006612390684
WingCAD fine,0.041,upper,0.8236191775470355,-0.07304422868532678
WingCAD fine,0.041,upper,0.829759573638275,-0.07112528047720024
WingCAD fine,0.041,upper,0.8356996215964724,-0.06000798200377355
WingCAD fine,0.041,upper,0.8416117609762543,-0.057614680564350707
WingCAD fine,0.041,upper,0.8473196512153888,-0.04690679204567627
WingCAD fine,0.041,upper,0.8529991942766852,-0.04399265072290204
WingCAD fine,0.041,upper,0.85847127830417,-0.033791960493973816
WingCAD fine,0.041,upper,0.8639146724722715,-0.03032208353443155
WingCAD fine,0.041,upper,0.8691480996890972,-0.02072357557556881
WingCAD fine,0.041,upper,0.8743525914423966,-0.016666384781641508
WingCAD fine,0.041,upper,0.8793453187886557,-0.007774312756752221
WingCAD fine,0.041,upper,0.8843089629756943,-0.003088127023763043
WingCAD fine,0.041,upper,0.8890597618436453,0.004965120332641293
WingCAD fine,0.041,upper,0.8937814282648882,0.01035217477558159
WingCAD fine,0.041,upper,0.8982898886561963,0.017386034387516514
WingCAD fine,0.041,upper,0.9027692658882837,0.023604132070118022
WingCAD fine,0.041,upper,0.9070357978012841,0.02937829700353034
WingCAD fine,0.041,upper,0.9112733942507577,0.036656287328242665
WingCAD fine,0.041,upper,0.9152992262931914,0.04090199087658375
WingCAD fine,0.041,upper,0.9192963684762414,0.04957275088520319
WingCAD fine,0.041,upper,0.9230835437080159,0.051912114334101034
WingCAD fine,0.041,upper,0.9268423717619523,0.06239489722143199
WingCAD fine,0.041,upper,0.9303937407820771,0.062331413180655715
WingCAD fine,0.041,upper,0.9339172012237866,0.07511812217026081
WingCAD fine,0.041,upper,0.9372364125248491,0.07207262937142156
WingCAD fine,0.041,upper,0.9405282482807135,0.08771731565375696
WingCAD fine,0.041,upper,0.943619735903535,0.08103843246949849
WingCAD fine,0.041,upper,0.9466844736445551,0.10010013235124016
WingCAD fine,0.041,upper,0.9495534421747981,0.0891107603712834
WingCAD fine,0.041,upper,0.9523963769997694,0.11211317444189163
WingCAD fine,0.041,upper,0.9550487839572708,0.09615997620965056
WingCAD fine,0.041,upper,0.9576759614758479,0.123543068374101
WingCAD fine,0.041,upper,0.9601184971562551,0.10206740350050547
WingCAD fine,0.041,upper,0.9625366930325199,0.13411148868404144
WingCAD fine,0.041,upper,0.9647767578694472,0.10677077634098364
WingCAD fine,0.041,upper,0.9669934548952075,0.14349111435361694
WingCAD fine,0.041,upper,0.9690391344195192,0.11032183279859718
WingCAD fine,0.041,upper,0.9710624971949144,0.15133402622930014
WingCAD fine,0.041,upper,0.9729225346758318,0.1129133179479279
WingCAD fine,0.041,upper,0.9747613819828982,0.15731145282608416
WingCAD fine,0.041,upper,0.9764451488435607,0.11483568817407697
WingCAD fine,0.041,upper,0.9781089238062785,0.1611744862075124
WingCAD fine,0.041,upper,0.9796263879138054,0.11638909462055713
WingCAD fine,0.041,upper,0.9811251260455475,0.16288315101356843
WingCAD fine,0.041,upper,0.9824868179829328,0.1178361813525566
WingCAD fine,0.041,upper,0.9838311132294686,0.16276891912853197
WingCAD fine,0.041,upper,0.9850480906634214,0.11935236401467543
WingCAD fine,0.041,upper,0.9862490595563541,0.16157725489066377
WingCAD fine,0.041,upper,0.9873328698216551,0.12105331475840386
WingCAD fine,0.041,upper,0.9884021138636017,0.16027666227883053
WingCAD fine,0.041,upper,0.9893647548905768,0.12304150564957139
WingCAD fine,0.041,upper,0.9903143212993519,0.15966273610504655
WingCAD fine,0.041,upper,0.9911682010166755,0.12541583743978835
WingCAD fine,0.041,upper,0.9920105419613223,0.16014889229023554
WingCAD fine,0.041,upper,0.9927684363115116,0.1282794332266166
WingCAD fine,0.041,upper,0.9935163667781021,0.16185767969247633
WingCAD fine,0.041,upper,0.994191376487773,0.13175544235443615
WingCAD fine,0.041,upper,0.9948580309175509,0.16479768241181236
WingCAD fine,0.041,upper,0.995463537168709,0.13597271812973777
WingCAD fine,0.041,upper,0.9960623250153025,0.16885145463787687
WingCAD fine,0.041,upper,0.9966119441676526,0.1406850985545769
WingCAD fine,0.041,upper,0.997156504523721,0.1726251468120148
WingCAD fine,0.041,upper,0.997664042041222,0.14163670642936477
WingCAD fine,0.041,upper,0.9981681974880893,0.16186192194870996
WingCAD fine,0.041,upper,0.9986476012256317,0.07310791696347108
WingCAD fine,0.041,upper,0.9991253110620446,0.11678526283648137
WingCAD fine,0.041,upper,0.9995906240703231,-0.12183856775258017
WingCAD fine,0.041,lower,5.5937078602379166e-05,0.45109775259505025
WingCAD fine,0.041,lower,0.0005212500868810686,0.44255786795355606
WingCAD fine,0.041,lower,0.0009882569962894338,0.5345486353244762
WingCAD fine,0.041,lower,0.001467660733831845,0.5159975086570467
WingCAD fine,0.041,lower,0.0019504465420083108,0.5409075097138638
WingCAD fine,0.041,lower,0.0024579840595098414,0.5408668217430135
WingCAD fine,0.041,lower,0.002970580373293382,0.5419986634338879
WingCAD fine,0.041,lower,0.0035201995256438196,0.5504640710739701
WingCAD fine,0.041,lower,0.004076537082558917,0.5347864267750388
WingCAD fine,0.041,lower,0.004682043333716351,0.550694836150528
WingCAD fine,0.041,lower,0.005295904864766822,0.521947123609465
WingCAD fine,0.041,lower,0.00597091457443863,0.5442855039517179
WingCAD fine,0.041,lower,0.006655888167709273,0.5049435507085671
WingCAD fine,0.041,lower,0.007413782517898317,0.5322966708200833
WingCAD fine,0.041,lower,0.008183215640764081,0.48476091494551765
WingCAD fine,0.041,lower,0.009037095358087442,0.5150522199001171
WingCAD fine,0.041,lower,0.009904049693610986,0.4621864830536275
WingCAD fine,0.041,lower,0.010866690720585482,0.49263832391779094
WingCAD fine,0.041,lower,0.011843897970914745,0.4379830607966324
WingCAD fine,0.041,lower,0.012927708236216246,0.46520924383505746
WingCAD fine,0.041,lower,0.014027527042537595,0.41282285334815005
WingCAD fine,0.041,lower,0.015244504476490825,0.4331502206327156
WingCAD fine,0.041,lower,0.016478878601293687,0.3870384494215985
WingCAD fine,0.041,lower,0.017840570538678678,0.3971134804699994
WingCAD fine,0.041,lower,0.019220988451848216,0.36050775205028396
WingCAD fine,0.041,lower,0.020738452559375172,0.3584887247927485
WingCAD fine,0.041,lower,0.022275908564846923,0.3334620552871167
WingCAD fine,0.041,lower,0.02395967542550928,0.3195966336414535
WingCAD fine,0.041,lower,0.02566463246002244,0.3065393037746691
WingCAD fine,0.041,lower,0.02752466994093997,0.28153173095432604
WingCAD fine,0.041,lower,0.029407024170773528,0.2791982397367001
WingCAD fine,0.041,lower,0.03145270369508345,0.2455283846027483
WingCAD fine,0.041,lower,0.03352175103056049,0.25180181486273157
WingCAD fine,0.041,lower,0.03576181586748917,0.21240166919902717
WingCAD fine,0.041,lower,0.03802622050855998,0.22476128472044943
WingCAD fine,0.041,lower,0.04046875618896723,0.1823263929445348
WingCAD fine,0.041,lower,0.042936521308299024,0.19839062642819905
WingCAD fine,0.041,lower,0.04558892826580045,0.15506006491511037
WingCAD fine,0.041,lower,0.04826736892857376,0.1729538212399262
WingCAD fine,0.041,lower,0.05113633745881695,0.13016837385230995
WingCAD fine,0.041,lower,0.05403205587086134,0.14865133117170437
WingCAD fine,0.041,lower,0.05712354349368238,0.10719626187810416
WingCAD fine,0.041,lower,0.060242406661701484,0.12562796867001325
WingCAD fine,0.041,lower,0.06356161796276408,0.08576599841620969
WingCAD fine,0.041,lower,0.06690873784224216,0.10396888554079242
WingCAD fine,0.041,lower,0.07046010686236692,0.06562018164750583
WingCAD fine,0.041,lower,0.07403982306032948,0.08367955166587826
WingCAD fine,0.041,lower,0.07782699829210395,0.04660579718502811
WingCAD fine,0.041,lower,0.08164286338326175,0.06465989651668469
WingCAD fine,0.041,lower,0.08566869542569541,0.02863328962812983
WingCAD fine,0.041,lower,0.08972346293165546,0.04673105401463784
WingCAD fine,0.041,lower,0.09398999484465559,0.01167560186841643
WingCAD fine,0.041,lower,0.09828560991687595,0.029748078749069817
WingCAD fine,0.041,lower,0.10279407030818012,-0.004225632876207808
WingCAD fine,0.041,lower,0.10733166314619343,0.013656183507262276
WingCAD fine,0.041,lower,0.11208246201414854,-0.019098399380650166
WingCAD fine,0.041,lower,0.11686234404132383,-0.0016121890791356286
WingCAD fine,0.041,lower,0.12185507138758284,-0.033007983204547564
WingCAD fine,0.041,lower,0.12687673419736825,-0.016103120235443358
WingCAD fine,0.041,lower,0.13211016141419385,-0.046048998616561754
WingCAD fine,0.041,lower,0.1373722784904029,-0.029872645840625323
WingCAD fine,0.041,lower,0.14284436251788787,-0.058337137029125685
WingCAD fine,0.041,lower,0.14834479372321066,-0.042995274499970204
WingCAD fine,0.041,lower,0.15405268396234573,-0.0699832409912775
WingCAD fine,0.041,lower,0.15978848277989613,-0.05555084573816372
WingCAD fine,0.041,lower,0.16572853073809185,-0.08108460960859465
WingCAD fine,0.041,lower,0.17169595424148582,-0.0676247324714987
WingCAD fine,0.041,lower,0.17786372587792415,-0.09175344121546325
WingCAD fine,0.041,lower,0.18405824739616367,-0.0793435844081305
WingCAD fine,0.041,lower,0.19044853812517984,-0.10219244033715569
WingCAD fine,0.041,lower,0.1968648625594678,-0.09093860631829909
WingCAD fine,0.041,lower,0.20347171486122553,-0.11271742037915877
WingCAD fine,0.041,lower,0.21010379660190773,-0.10264099157607796
WingCAD fine,0.041,lower,0.21692052018075988,-0.12329429750841371
WingCAD fine,0.041,lower,0.2237615835637542,-0.11422382932181341
WingCAD fine,0.041,lower,0.23078077798608465,-0.1334736647685375
WingCAD fine,0.041,lower,0.2378233402195823,-0.12517483856605294
WingCAD fine,0.041,lower,0.2450369199545316,-0.1429409765404861
WingCAD fine,0.041,lower,0.25227281643839694,-0.13522202555971452
WingCAD fine,0.041,lower,0.2596720382167387,-0.1514590234946689
WingCAD fine,0.041,lower,0.2670924501689313,-0.1440931068789404
WingCAD fine,0.041,lower,0.274667942567528,-0.15860291513348201
WingCAD fine,0.041,lower,0.28226342686406963,-0.1512478334299352
WingCAD fine,0.041,lower,0.29000522201580187,-0.16363318729533405
WingCAD fine,0.041,lower,0.29776574314331844,-0.1559087609505143
WingCAD fine,0.041,lower,0.30566331046519163,-0.16578053053078579
WingCAD fine,0.041,lower,0.3135782744779148,-0.1575493320985677
WingCAD fine,0.041,lower,0.3216205563032225,-0.16500976807947576
WingCAD fine,0.041,lower,0.32967884666954994,-0.15661283744718224
WingCAD fine,0.041,lower,0.3378542956635082,-0.16247737762032521
WingCAD fine,0.041,lower,0.34604431088082105,-0.1542939127044176
WingCAD fine,0.041,lower,0.35434092911310483,-0.15869227004052644
WingCAD fine,0.041,lower,0.362650621963589,-0.1508879975863351
WingCAD fine,0.041,lower,0.3710560015055249,-0.1540160501324228
WingCAD fine,0.041,lower,0.37947291982013753,-0.1467618080128128
WingCAD fine,0.041,lower,0.38797428472920764,-0.1489531600277738
WingCAD fine,0.041,lower,0.39648561352187667,-0.14237960697059027
WingCAD fine,0.041,lower,0.40506986307146436,-0.14379934207917278
WingCAD fine,0.041,lower,0.4136624679009451,-0.1379270840696869
WingCAD fine,0.041,lower,0.42231622090904647,-0.13864623977754298
WingCAD fine,0.041,lower,0.4309766923217128,-0.1334174465447966
WingCAD fine,0.041,lower,0.43968633242862176,-0.13344085397086425
WingCAD fine,0.041,lower,0.4484010313318127,-0.12876385263628687
WingCAD fine,0.041,lower,0.4571527530735706,-0.12807991635581661
WingCAD fine,0.041,lower,0.4659078568859624,-0.12388134381787141
WingCAD fine,0.041,lower,0.47468771240767926,-0.12252525215912581
WingCAD fine,0.041,lower,0.4834692618305257,-0.11877200706044898
WingCAD fine,0.041,lower,0.4922632080815063,-0.11682226485346292
WingCAD fine,0.041,lower,0.5010571543324868,-0.113470772854541
WingCAD fine,0.041,lower,0.5098511005834668,-0.11090409761338772
WingCAD fine,0.041,lower,0.5186433529333173,-0.10791681896797269
WingCAD fine,0.041,lower,0.5274232084550344,-0.10480390813545815
WingCAD fine,0.041,lower,0.5361996819061174,-0.1021658416109883
WingCAD fine,0.041,lower,0.5449514036478755,-0.09854219241771367
WingCAD fine,0.041,lower,0.5536980665933513,-0.09622880803015543
WingCAD fine,0.041,lower,0.56240770670026,-0.09211753653731547
WingCAD fine,0.041,lower,0.571110628402604,-0.09010511797403975
WingCAD fine,0.041,lower,0.5797643814107057,-0.08553694675995449
WingCAD fine,0.041,lower,0.5884097791389143,-0.08380660096744941
WingCAD fine,0.041,lower,0.596994028688502,-0.07881095549235373
WingCAD fine,0.041,lower,0.6055683143544909,-0.0773443978236028
WingCAD fine,0.041,lower,0.614069679263561,-0.07194467193853149
WingCAD fine,0.041,lower,0.6225595053999544,-0.07072433828120817
WingCAD fine,0.041,lower,0.6309648849418902,-0.06494332126237334
WingCAD fine,0.041,lower,0.6393571898656257,-0.06396021541284247
WingCAD fine,0.041,lower,0.6476538080979104,-0.057841247867999705
WingCAD fine,0.041,lower,0.6559358601068401,-0.0570895860840357
WingCAD fine,0.041,lower,0.6641113091007979,-0.050663429863562426
WingCAD fine,0.041,lower,0.672270749553736,-0.05013368912305505
WingCAD fine,0.041,lower,0.680313031379045,-0.04342818757816369
WingCAD fine,0.041,lower,0.6883379165135037,-0.04313797374514983
WingCAD fine,0.041,lower,0.6962354838353754,-0.0362810308549093
WingCAD fine,0.041,lower,0.7041143251814628,-0.03623582837602446
WingCAD fine,0.041,lower,0.7118561203331952,-0.029262813378524433
WingCAD fine,0.041,lower,0.7195779235869827,-0.029401019520001844
WingCAD fine,0.041,lower,0.7271534159855796,-0.022289930133100322
WingCAD fine,0.041,lower,0.7347077182103257,-0.02251436923685679
WingCAD fine,0.041,lower,0.7421069399886675,-0.015250477734614522
WingCAD fine,0.041,lower,0.7494838450180932,-0.015465816697225021
WingCAD fine,0.041,lower,0.7566974247530426,-0.008070290100030464
WingCAD fine,0.041,lower,0.7638876366768248,-0.008195239834867696
WingCAD fine,0.041,lower,0.7709068310991558,-0.0007195836008653256
WingCAD fine,0.041,lower,0.7779016857173442,-0.0006796291690851497
WingCAD fine,0.041,lower,0.7847184092961943,0.006812487293316737
WingCAD fine,0.041,lower,0.79150990343612,0.0070900664474754516
WingCAD fine,0.041,lower,0.7981167557378794,0.01451675043704459
WingCAD fine,0.041,lower,0.804697574334367,0.015102229543593082
WingCAD fine,0.041,lower,0.8110878650633832,0.02236789556428298
WingCAD fine,0.041,lower,0.8174514059105982,0.023338471626812685
WingCAD fine,0.041,lower,0.8236191775470341,0.030374771212921977
WingCAD fine,0.041,lower,0.8297595736382725,0.031809035738797786
WingCAD fine,0.041,lower,0.8356996215964713,0.038534961656954914
WingCAD fine,0.041,lower,0.8416117609762543,0.04049383559316844
WingCAD fine,0.041,lower,0.8473196512153888,0.046820256469782606
WingCAD fine,0.041,lower,0.8529991942766852,0.049349222788494074
WingCAD fine,0.041,lower,0.8584712783041706,0.05519101469657018
WingCAD fine,0.041,lower,0.8639146724722724,0.05832687917823976
WingCAD fine,0.041,lower,0.8691480996890976,0.06360133190622252
WingCAD fine,0.041,lower,0.8743525914423966,0.06738115214105911
WingCAD fine,0.041,lower,0.8793453187886557,0.0719952660183596
WingCAD fine,0.041,lower,0.8843089629756944,0.07647039632171226
WingCAD fine,0.041,lower,0.8890597618436459,0.08030036293913467
WingCAD fine,0.041,lower,0.893781428264889,0.08555699090921132
WingCAD fine,0.041,lower,0.8982898886561964,0.08842650784327477
WingCAD fine,0.041,lower,0.9027692658882832,0.09461392394680845
WingCAD fine,0.041,lower,0.9070357978012836,0.09627953602704697
WingCAD fine,0.041,lower,0.9112733942507577,0.10365027481988644
WingCAD fine,0.041,lower,0.9152992262931914,0.10382660591519156
WingCAD fine,0.041,lower,0.9192963684762414,0.11274321635038688
WingCAD fine,0.041,lower,0.9230835437080159,0.11102746381879593
WingCAD fine,0.041,lower,0.9268423717619523,0.12194580007670985
WingCAD fine,0.041,lower,0.9303937407820771,0.1178086461302531
WingCAD fine,0.041,lower,0.9339172012237866,0.13126327092768375
WingCAD fine,0.041,lower,0.9372364125248493,0.1240830604901173
WingCAD fine,0.041,lower,0.9405282482807139,0.14067331464907296
WingCAD fine,0.041,lower,0.9436197359035352,0.12975061688697864
WingCAD fine,0.041,lower,0.9466844736445551,0.1500819468740392
WingCAD fine,0.041,lower,0.9495534421747981,0.13468829539761207
WingCAD fine,0.041,lower,0.9523963769997694,0.15932717985539624
WingCAD fine,0.041,lower,0.9550487839572708,0.1387591348701962
WingCAD fine,0.041,lower,0.9576759614758479,0.16818033169248436
WingCAD fine,0.041,lower,0.9601184971562551,0.14183521825924061
WingCAD fine,0.041,lower,0.9625366930325203,0.176343451576065
WingCAD fine,0.041,lower,0.9647767578694514,0.14384314815092236
WingCAD fine,0.041,lower,0.9669934548952148,0.18346773691839113
WingCAD fine,0.041,lower,0.9690391344195227,0.1448225310441713
WingCAD fine,0.041,lower,0.9710624971949149,0.18918512692769607
WingCAD fine,0.041,lower,0.9729225346758322,0.14495427414342044
WingCAD fine,0.041,lower,0.9747613819828986,0.19315051853219578
WingCAD fine,0.041,lower,0.9764451488435612,0.1445207991573194
WingCAD fine,0.041,lower,0.9781089238062789,0.19510412039273628
WingCAD fine,0.041,lower,0.9796263879138054,0.14381922202227992
WingCAD fine,0.041,lower,0.9811251260455475,0.1949983319896723
WingCAD fine,0.041,lower,0.9824868179829332,0.14311352794989762
WingCAD fine,0.041,lower,0.983831113229469,0.19315577501373127
WingCAD fine,0.041,lower,0.9850480906634218,0.14258596058457562
WingCAD fine,0.041,lower,0.9862490595563546,0.19031157429769296
WingCAD fine,0.041,lower,0.9873328698216551,0.14236048649805477
WingCAD fine,0.041,lower,0.9884021138636012,0.1874227069177541
WingCAD fine,0.041,lower,0.9893647548905768,0.1425474438380948
WingCAD fine,0.041,lower,0.9903143212993522,0.18527789220485724
WingCAD fine,0.041,lower,0.9911682010166755,0.14325492304685483
WingCAD fine,0.041,lower,0.9920105419613223,0.18429076296509317
WingCAD fine,0.041,lower,0.9927684363115116,0.144594251314641
WingCAD fine,0.041,lower,0.9935163667781023,0.1845918326809699
WingCAD fine,0.041,lower,0.9941913764877732,0.14669781325749376
WingCAD fine,0.041,lower,0.9948580309175513,0.18621501075410396
WingCAD fine,0.041,lower,0.995463537168709,0.1496933539044213
WingCAD fine,0.041,lower,0.9960623250153016,0.18911948232697662
WingCAD fine,0.041,lower,0.9966119441676522,0.15327425979296538
WingCAD fine,0.041,lower,0.997156504523721,0.1921546713380985
WingCAD fine,0.041,lower,0.9976640420412225,0.15293195044682062
WingCAD fine,0.041,lower,0.9981681974880897,0.18127217561547304
WingCAD fine,0.041,lower,0.9986476012256319,0.08312148332964386
WingCAD fine,0.041,lower,0.9991253110620446,0.13360248389854124
WingCAD fine,0.041,lower,0.9995906240703231,-0.12183856775258017
FLOWPanel tutorial,0.163,upper,0.0007984572274609845,-0.04769446929976451
FLOWPanel tutorial,0.163,upper,0.002062709319047428,-0.12028682593113225
FLOWPanel tutorial,0.163,upper,0.005194958500389265,-0.18143847417553816
FLOWPanel tutorial,0.163,upper,0.00941693850347573,-0.43631113110484304
FLOWPanel tutorial,0.163,upper,0.016722583936539498,-0.583008583985021
FLOWPanel tutorial,0.163,upper,0.025827142912575946,-0.5517757488121311
FLOWPanel tutorial,0.163,upper,0.03759822829734478,-0.6094831308405371
FLOWPanel tutorial,0.163,upper,0.05092488142390925,-0.5223507774186527
FLOWPanel tutorial,0.163,upper,0.06674723411333326,-0.5751413805133689
FLOWPanel tutorial,0.163,upper,0.08402549952894825,-0.4937674325917205
FLOWPanel tutorial,0.163,upper,0.10377745188661387,-0.5511925995796358
FLOWPanel tutorial,0.163,upper,0.12497247549898531,-0.4428182108694332
FLOWPanel tutorial,0.163,upper,0.14857056420390283,-0.4975277927664947
FLOWPanel tutorial,0.163,upper,0.1735705255950079,-0.4394060116343816
FLOWPanel tutorial,0.163,upper,0.20096898802106658,-0.4740162205883141
FLOWPanel tutorial,0.163,upper,0.22976666060548667,-0.45410749636643694
FLOWPanel tutorial,0.163,upper,0.26043434407511007,-0.45258724012539536
FLOWPanel tutorial,0.163,upper,0.292192933151482,-0.42900493911248855
FLOWPanel tutorial,0.163,upper,0.3239561293352667,-0.40633881108370945
FLOWPanel tutorial,0.163,upper,0.3557220131607904,-0.3826381131570018
FLOWPanel tutorial,0.163,upper,0.3874694388983594,-0.3431080340865398
FLOWPanel tutorial,0.163,upper,0.4192060967672495,-0.32597488365308847
FLOWPanel tutorial,0.163,upper,0.4509184065584918,-0.2800851041948369
FLOWPanel tutorial,0.163,upper,0.48261651244609377,-0.27078027961656304
FLOWPanel tutorial,0.163,upper,0.5142910894512669,-0.2202084232363677
FLOWPanel tutorial,0.163,upper,0.5459519404455565,-0.21924445212603372
FLOWPanel tutorial,0.163,upper,0.5775932686136928,-0.1633072397464861
FLOWPanel tutorial,0.163,upper,0.6092232077783325,-0.17177753259355444
FLOWPanel tutorial,0.163,upper,0.6408391110293621,-0.10953291130426977
FLOWPanel tutorial,0.163,upper,0.6724468261693098,-0.12813028858835418
FLOWPanel tutorial,0.163,upper,0.7040461122006476,-0.058559230326181044
FLOWPanel tutorial,0.163,upper,0.7356404809548106,-0.087559085024276
FLOWPanel tutorial,0.163,upper,0.7654176322937308,-0.01960755110846457
FLOWPanel tutorial,0.163,upper,0.7941346760778473,-0.058274647730243385
FLOWPanel tutorial,0.163,upper,0.8205195302678135,0.006907153978454761
FLOWPanel tutorial,0.163,upper,0.8455438583109053,-0.034445631810861466
FLOWPanel tutorial,0.163,upper,0.8682369495633909,0.023018445312512292
FLOWPanel tutorial,0.163,upper,0.8895700705046589,-0.012754891641987065
FLOWPanel tutorial,0.163,upper,0.9085718209289919,0.03440529516090174
FLOWPanel tutorial,0.163,upper,0.9262135230303676,0.008734814019615733
FLOWPanel tutorial,0.163,upper,0.9415234596809935,0.05001207944110031
FLOWPanel tutorial,0.163,upper,0.9554731176166809,0.03185603951706428
FLOWPanel tutorial,0.163,upper,0.9670907291030554,0.07509454817104355
FLOWPanel tutorial,0.163,upper,0.9773478979487569,0.05675877538625829
FLOWPanel tutorial,0.163,upper,0.9852729324882266,0.11219175660604684
FLOWPanel tutorial,0.163,upper,0.9918374731340569,0.08965455036479497
FLOWPanel tutorial,0.163,upper,0.9960699093749412,0.3038259823913527
FLOWPanel tutorial,0.163,upper,0.9989418691656571,0.3038259823913527
FLOWPanel tutorial,0.163,lower,0.00046579486412523605,0.2135108651943476
FLOWPanel tutorial,0.163,lower,0.0017300469557116798,0.354756212118976
FLOWPanel tutorial,0.163,lower,0.004084029869042751,0.4121382627121339
FLOWPanel tutorial,0.163,lower,0.008306009872129271,0.44854310087083693
FLOWPanel tutorial,0.163,lower,0.01432690341818847,0.382884909765947
FLOWPanel tutorial,0.163,lower,0.023431462394224972,0.31269170800540624
FLOWPanel tutorial,0.163,lower,0.034091589112057126,0.2601736653821195
FLOWPanel tutorial,0.163,lower,0.047418242238621656,0.1801880241737468
FLOWPanel tutorial,0.163,lower,0.062200808091377124,0.17295359487445805
FLOWPanel tutorial,0.163,lower,0.07947907350699211,0.08121640694774679
FLOWPanel tutorial,0.163,lower,0.09820041017731275,0.1085632447226278
FLOWPanel tutorial,0.163,lower,0.11939543378968417,0.024778850569064592
FLOWPanel tutorial,0.163,lower,0.1419923300882432,0.06087226096785914
FLOWPanel tutorial,0.163,lower,0.1669922914793483,-0.015318931347542364
FLOWPanel tutorial,0.163,lower,0.19339146302881494,0.0010412740983883895
FLOWPanel tutorial,0.163,lower,0.22218913561323503,-0.04999514140599537
FLOWPanel tutorial,0.163,lower,0.25207771380440364,-0.046529639423141145
FLOWPanel tutorial,0.163,lower,0.2838363028807756,-0.06435303729646047
FLOWPanel tutorial,0.163,lower,0.3155975795988864,-0.0692047772316502
FLOWPanel tutorial,0.163,lower,0.3473634634244101,-0.06674441471806203
FLOWPanel tutorial,0.163,lower,0.37911857938125515,-0.06622438776450479
FLOWPanel tutorial,0.163,lower,0.4108552372501453,-0.05269621318442663
FLOWPanel tutorial,0.163,lower,0.4425776912153953,-0.05252290876983134
FLOWPanel tutorial,0.163,lower,0.47427579710299717,-0.03165878046058701
FLOWPanel tutorial,0.163,lower,0.505960176979716,-0.0347050213781146
FLOWPanel tutorial,0.163,lower,0.5376210279740056,-0.006716530959773204
FLOWPanel tutorial,0.163,lower,0.5692704899647987,-0.015282532965560147
FLOWPanel tutorial,0.163,lower,0.6009004291294382,0.020881459802985503
FLOWPanel tutorial,0.163,lower,0.6325221801829958,0.004423152449856915
FLOWPanel tutorial,0.163,lower,0.6641298953229433,0.05093076025328047
FLOWPanel tutorial,0.163,lower,0.6957326931857162,0.024660127758034167
FLOWPanel tutorial,0.163,lower,0.7273270619398792,0.0827169102616887
FLOWPanel tutorial,0.163,lower,0.7578613231392384,0.03422982841564559
FLOWPanel tutorial,0.163,lower,0.786578366923355,0.10081198885993647
FLOWPanel tutorial,0.163,lower,0.8139348845605968,0.04057892145338582
FLOWPanel tutorial,0.163,lower,0.8389592126036884,0.11067690025836985
FLOWPanel tutorial,0.163,lower,0.8626235703355627,0.047789977890194124
FLOWPanel tutorial,0.163,lower,0.8839566912768306,0.11446042941904365
FLOWPanel tutorial,0.163,lower,0.9039297638951412,0.05650558276946849
FLOWPanel tutorial,0.163,lower,0.921571465996517,0.11642540640902864
FLOWPanel tutorial,0.163,lower,0.9378528893829541,0.06829395393335902
FLOWPanel tutorial,0.163,lower,0.9518025473186414,0.122425847154223
FLOWPanel tutorial,0.163,lower,0.9643917626136559,0.08646086442881151
FLOWPanel tutorial,0.163,lower,0.9746489314593574,0.13318922143759626
FLOWPanel tutorial,0.163,lower,0.9835456064114193,0.11560655294119261
FLOWPanel tutorial,0.163,lower,0.9901101470572493,0.15499270886106087
FLOWPanel tutorial,0.163,lower,0.995314211252911,0.3038259823913527
FLOWPanel tutorial,0.163,lower,0.9981861710436266,0.3038259823913527
FLOWPanel refined 1,0.163,upper,0.0007198144731574183,-0.012052119136191974
FLOWPanel refined 1,0.163,upper,0.0015304389530221196,-0.05979713418392162
FLOWPanel refined 1,0.163,upper,0.003251227853711244,-0.09981388161397087
FLOWPanel refined 1,0.163,upper,0.005086840837885602,-0.2564970955598398
FLOWPanel refined 1,0.163,upper,0.008537421989792161,-0.38634210625680954
FLOWPanel refined 1,0.163,upper,0.012191743515937596,-0.5259392197706454
FLOWPanel refined 1,0.163,upper,0.017793859735280724,-0.6438546852867333
FLOWPanel refined 1,0.163,upper,0.023641704896940927,-0.5633945843492829
FLOWPanel refined 1,0.163,upper,0.03111773758312258,-0.6400065180188232
FLOWPanel refined 1,0.163,upper,0.038799178364773375,-0.5233512490372771
FLOWPanel refined 1,0.163,upper,0.04799779426888812,-0.6109896638438526
FLOWPanel refined 1,0.163,upper,0.05738781321946101,-0.4929806200211091
FLOWPanel refined 1,0.163,upper,0.06826062434238803,-0.5971221105801638
FLOWPanel refined 1,0.163,upper,0.07932050084415673,-0.49367714208416325
FLOWPanel refined 1,0.163,upper,0.09186972255069498,-0.5876606147143171
FLOWPanel refined 1,0.163,upper,0.1046068363503739,-0.48344764544376634
FLOWPanel refined 1,0.163,upper,0.11880090337897693,-0.5433688554881342
FLOWPanel refined 1,0.163,upper,0.13317877600947378,-0.46964911883183963
FLOWPanel refined 1,0.163,upper,0.14898621964448527,-0.4994872959016791
FLOWPanel refined 1,0.163,upper,0.1649740144079466,-0.47278904381581777
FLOWPanel refined 1,0.163,upper,0.1823892266433774,-0.48402374566874884
FLOWPanel refined 1,0.163,upper,0.19998451832293873,-0.4869786834570846
FLOWPanel refined 1,0.163,upper,0.2190141229095843,-0.4855291308709544
FLOWPanel refined 1,0.163,upper,0.23822467685133397,-0.4883795788711544
FLOWPanel refined 1,0.163,upper,0.2591737930537809,-0.4714677090156881
FLOWPanel refined 1,0.163,upper,0.2803422419543638,-0.4615446551261797
FLOWPanel refined 1,0.163,upper,0.3015214935117465,-0.44644340295427676
FLOWPanel refined 1,0.163,upper,0.3227021079054891,-0.4284391887860226
FLOWPanel refined 1,0.163,upper,0.343878100577942,-0.4062847943930464
FLOWPanel refined 1,0.163,upper,0.365053510185512,-0.38736180781619867
FLOWPanel refined 1,0.163,upper,0.38621693004758206,-0.36311727873621713
FLOWPanel refined 1,0.163,upper,0.407378837313129,-0.34580394829434513
FLOWPanel refined 1,0.163,upper,0.4285258578183132,-0.32067697644816984
FLOWPanel refined 1,0.163,upper,0.4496710002467726,-0.30582331222015835
FLOWPanel refined 1,0.163,upper,0.4708006667176428,-0.2798597431284142
FLOWPanel refined 1,0.163,upper,0.4919283807801288,-0.2679322003139979
FLOWPanel refined 1,0.163,upper,0.5130413022359624,-0.24058060786057991
FLOWPanel refined 1,0.163,upper,0.5341523574932695,-0.23216409055560946
FLOWPanel refined 1,0.163,upper,0.5552501669767376,-0.20247258331285845
FLOWPanel refined 1,0.163,upper,0.5763463054062663,-0.1985582920012785
FLOWPanel refined 1,0.163,upper,0.5974313068880371,-0.1652585390334751
FLOWPanel refined 1,0.163,upper,0.6185149033601309,-0.1671771059024314
FLOWPanel refined 1,0.163,upper,0.6395897273128316,-0.12870551763956306
FLOWPanel refined 1,0.163,upper,0.6606634445462665,-0.13799678370580692
FLOWPanel refined 1,0.163,upper,0.6817307739296582,-0.09244177809610044
FLOWPanel refined 1,0.163,upper,0.7027972974377489,-0.11070717467534917
FLOWPanel refined 1,0.163,upper,0.7238596649060008,-0.05501483573288813
FLOWPanel refined 1,0.163,upper,0.7449215080585856,-0.08389814270461038
FLOWPanel refined 1,0.163,upper,0.7642811728127318,-0.024135492861844687
FLOWPanel refined 1,0.163,upper,0.7834260949664671,-0.06566171551091382
FLOWPanel refined 1,0.163,upper,0.8011795039066109,0.003509919062102296
FLOWPanel refined 1,0.163,upper,0.8187573629947144,-0.04866564549810293
FLOWPanel refined 1,0.163,upper,0.8349444528979888,0.025930541600379442
FLOWPanel refined 1,0.163,upper,0.8509560868140438,-0.03504792346351282
FLOWPanel refined 1,0.163,upper,0.8655772067021413,0.041960096899032795
FLOWPanel refined 1,0.163,upper,0.8800229027929769,-0.023981715580752683
FLOWPanel refined 1,0.163,upper,0.8930780642005857,0.05078822493944978
FLOWPanel refined 1,0.163,upper,0.9059577992051151,-0.014295418194034015
FLOWPanel refined 1,0.163,upper,0.9174468591067724,0.052688791584260986
FLOWPanel refined 1,0.163,upper,0.9287604748903567,-0.004846862084843195
FLOWPanel refined 1,0.163,upper,0.9386832522103126,0.05111828159802523
FLOWPanel refined 1,0.163,upper,0.9484305648030084,0.005389299939864367
FLOWPanel refined 1,0.163,upper,0.9567869073521826,0.05222581651602087
FLOWPanel refined 1,0.163,upper,0.9649677685743041,0.01746337054401892
FLOWPanel refined 1,0.163,upper,0.9717575806157147,0.06006569133654549
FLOWPanel refined 1,0.163,upper,0.9783719013463206,0.03224844239674418
FLOWPanel refined 1,0.163,upper,0.9835951435192007,0.07642816565017285
FLOWPanel refined 1,0.163,upper,0.9886428906751452,0.049354493430313284
FLOWPanel refined 1,0.163,upper,0.9922995657444654,0.10364155161268573
FLOWPanel refined 1,0.163,upper,0.9957807466132284,0.06334598776873424
FLOWPanel refined 1,0.163,upper,0.9978708757293185,0.29007451345415286
FLOWPanel refined 1,0.163,upper,0.999785513210132,0.29007451345415286
FLOWPanel refined 1,0.163,lower,9.081000670717143e-05,0.15098883051696133
FLOWPanel refined 1,0.163,lower,0.0009014344865718726,0.2789205053976651
FLOWPanel refined 1,0.163,lower,0.0018268830499218083,0.3286949546205591
FLOWPanel refined 1,0.163,lower,0.0036624960340962223,0.43199195746990515
FLOWPanel refined 1,0.163,lower,0.005701849392509514,0.4097483962270429
FLOWPanel refined 1,0.163,lower,0.00935617091865495,0.42364082067978825
FLOWPanel refined 1,0.163,lower,0.013256221387117574,0.3718574800057163
FLOWPanel refined 1,0.163,lower,0.019104066548777835,0.3265645577283117
FLOWPanel refined 1,0.163,lower,0.025157319805907238,0.30366443856452296
FLOWPanel refined 1,0.163,lower,0.03283876058755803,0.2337617129879587
FLOWPanel refined 1,0.163,lower,0.040711604415666916,0.24833727116277893
FLOWPanel refined 1,0.163,lower,0.050101623366239745,0.15678843670205123
FLOWPanel refined 1,0.163,lower,0.059678707695654254,0.19667076532485805
FLOWPanel refined 1,0.163,lower,0.07073858419742296,0.09007684443824404
FLOWPanel refined 1,0.163,lower,0.08198635279233231,0.13914561228262712
FLOWPanel refined 1,0.163,lower,0.09472346659201118,0.04721719379598577
FLOWPanel refined 1,0.163,lower,0.107644385993584,0.08960583247941556
FLOWPanel refined 1,0.163,lower,0.12202225862408096,0.024868884178353312
FLOWPanel refined 1,0.163,lower,0.13658048238302775,0.04505346468921889
FLOWPanel refined 1,0.163,lower,0.15256827714648907,0.002419559366558355
FLOWPanel refined 1,0.163,lower,0.16873615135408107,-0.0004761390325411785
FLOWPanel refined 1,0.163,lower,0.18633144303364255,-0.028633003568229617
FLOWPanel refined 1,0.163,lower,0.20410768406830834,-0.04066408777304975
FLOWPanel refined 1,0.163,lower,0.22331823801005812,-0.05623878555395235
FLOWPanel refined 1,0.163,lower,0.24274812464994366,-0.05847547683808441
FLOWPanel refined 1,0.163,lower,0.26391657355052645,-0.06815326099677099
FLOWPanel refined 1,0.163,lower,0.2850863852874692,-0.07543506872014705
FLOWPanel refined 1,0.163,lower,0.3062669996812119,-0.0800576853285846
FLOWPanel refined 1,0.163,lower,0.32744703101007194,-0.07885304449302244
FLOWPanel refined 1,0.163,lower,0.3486224406176421,-0.07782421274569029
FLOWPanel refined 1,0.163,lower,0.36979633762868924,-0.07375346172525665
FLOWPanel refined 1,0.163,lower,0.39095824489423614,-0.06915576002794976
FLOWPanel refined 1,0.163,lower,0.4121182740830581,-0.0644472336219788
FLOWPanel refined 1,0.163,lower,0.4332634165115174,-0.05713663570606431
FLOWPanel refined 1,0.163,lower,0.4544066065315923,-0.0528811670609417
FLOWPanel refined 1,0.163,lower,0.4755343205940784,-0.04306990319311166
FLOWPanel refined 1,0.163,lower,0.49666016845803784,-0.04006378274172562
FLOWPanel refined 1,0.163,lower,0.5177712237153447,-0.027474349072835302
FLOWPanel refined 1,0.163,lower,0.5388806079187121,-0.026579583295354366
FLOWPanel refined 1,0.163,lower,0.5599767463482407,-0.010580483433476173
FLOWPanel refined 1,0.163,lower,0.581071479768092,-0.012853845938709306
FLOWPanel refined 1,0.163,lower,0.6021550762401858,0.007570933611184438
FLOWPanel refined 1,0.163,lower,0.6232375659930143,0.0008600505771491074
FLOWPanel refined 1,0.163,lower,0.6443112832264493,0.027307493872916533
FLOWPanel refined 1,0.163,lower,0.6653841945845834,0.014575376552815933
FLOWPanel refined 1,0.163,lower,0.6864507180926738,0.04994456055370955
FLOWPanel refined 1,0.163,lower,0.7075167172850976,0.029513236420356637
FLOWPanel refined 1,0.163,lower,0.7285785604376823,0.07497509232764632
FLOWPanel refined 1,0.163,lower,0.7494256609898566,0.03185139331607012
FLOWPanel refined 1,0.163,lower,0.7685705831435918,0.0873114547617434
FLOWPanel refined 1,0.163,lower,0.7875399554452867,0.03461969680529875
FLOWPanel refined 1,0.163,lower,0.8051178145333899,0.10237030476179476
FLOWPanel refined 1,0.163,lower,0.8225202176342744,0.03734682920054666
FLOWPanel refined 1,0.163,lower,0.8385318515503294,0.11451735546643504
FLOWPanel refined 1,0.163,lower,0.8543680616691227,0.03896995675410708
FLOWPanel refined 1,0.163,lower,0.8688137577599585,0.12214699365783975
FLOWPanel refined 1,0.163,lower,0.8830840274477147,0.04023139361245287
FLOWPanel refined 1,0.163,lower,0.895963762452244,0.12389022622571909
FLOWPanel refined 1,0.163,lower,0.9086680533387005,0.041913432103077186
FLOWPanel refined 1,0.163,lower,0.9199816691222845,0.11998909415699176
FLOWPanel refined 1,0.163,lower,0.9311198201786082,0.04456984160770028
FLOWPanel refined 1,0.163,lower,0.940867132771304,0.11433132579713422
FLOWPanel refined 1,0.163,lower,0.9504389640369463,0.048975004744314155
FLOWPanel refined 1,0.163,lower,0.9586198252590679,0.11222870461542399
FLOWPanel refined 1,0.163,lower,0.9666251951703848,0.05674724145106469
FLOWPanel refined 1,0.163,lower,0.9732395159009907,0.11586882806631782
FLOWPanel refined 1,0.163,lower,0.9796783416146613,0.07073591115738931
FLOWPanel refined 1,0.163,lower,0.9847260887706056,0.12442187883354117
FLOWPanel refined 1,0.163,lower,0.9895983417259921,0.0953096754431475
FLOWPanel refined 1,0.163,lower,0.993079522594755,0.13321410011402268
FLOWPanel refined 1,0.163,lower,0.9963852118282411,0.29007451345415286
FLOWPanel refined 1,0.163,lower,0.9982998493090546,0.29007451345415286
FLOWPanel refined 2,0.163,upper,0.00045240684968638503,0.004038498960233339
FLOWPanel refined 2,0.163,upper,0.0009793774273465072,-0.01752824919734075
FLOWPanel refined 2,0.163,upper,0.0018399420821176326,-0.033601603185681395
FLOWPanel refined 2,0.163,upper,0.0027554882607903675,-0.10071615463279726
FLOWPanel refined 2,0.163,upper,0.004162656456016275,-0.17560935255210852
FLOWPanel refined 2,0.163,upper,0.005650851652344238,-0.2920094687955317
FLOWPanel refined 2,0.163,upper,0.00786893917699745,-0.4048498228976165
FLOWPanel refined 2,0.163,upper,0.010207324378525047,-0.5037710557017121
FLOWPanel refined 2,0.163,upper,0.013407200857784175,-0.6153721412569373
FLOWPanel refined 2,0.163,upper,0.016749064580006183,-0.5651064506049699
FLOWPanel refined 2,0.163,upper,0.020841799875738476,-0.6601806294525694
FLOWPanel refined 2,0.163,upper,0.025058290556229493,-0.5352111010827769
FLOWPanel refined 2,0.163,upper,0.02994203186482933,-0.63974117473685
FLOWPanel refined 2,0.163,upper,0.03493574651790678,-0.5041545002558558
FLOWPanel refined 2,0.163,upper,0.04057030545886223,-0.621919155918472
FLOWPanel refined 2,0.163,upper,0.04631048556622557,-0.4831832986439877
FLOWPanel refined 2,0.163,upper,0.05267216833598376,-0.6026432976983336
FLOWPanel refined 2,0.163,upper,0.05913628446961739,-0.4906296480793944
FLOWPanel refined 2,0.163,upper,0.06621824858304536,-0.5935576178396955
FLOWPanel refined 2,0.163,upper,0.07340204371146866,-0.5191971881857982
FLOWPanel refined 2,0.163,upper,0.08120895589775666,-0.587942090324556
FLOWPanel refined 2,0.163,upper,0.08911856752555515,-0.5349109923751942
FLOWPanel refined 2,0.163,upper,0.09764662125995044,-0.5666782151969596
FLOWPanel refined 2,0.163,upper,0.10627660393073482,-0.5266116664035769
FLOWPanel refined 2,0.163,upper,0.1155130266197238,-0.5332525196664375
FLOWPanel refined 2,0.163,upper,0.12484940011312937,-0.5101402623594837
FLOWPanel refined 2,0.163,upper,0.13478361884202528,-0.5051192277638097
FLOWPanel refined 2,0.163,upper,0.14481637182065735,-0.49846320736940397
FLOWPanel refined 2,0.163,upper,0.15544352711936651,-0.49024338253217303
FLOWPanel refined 2,0.163,upper,0.16616864922147795,-0.4957907445445125
FLOWPanel refined 2,0.163,upper,0.17748899606489105,-0.48830589884676767
FLOWPanel refined 2,0.163,upper,0.1889074452595934,-0.4994485159733593
FLOWPanel refined 2,0.163,upper,0.2009237372491181,-0.4931779742022324
FLOWPanel refined 2,0.163,upper,0.2130385630861189,-0.5022921926248365
FLOWPanel refined 2,0.163,upper,0.22575190928237307,-0.49629753398805465
FLOWPanel refined 2,0.163,upper,0.23856390099932384,-0.49872349891749
FLOWPanel refined 2,0.163,upper,0.25249002257922376,-0.48298672479755056
FLOWPanel refined 2,0.163,upper,0.2665997701941536,-0.4781657151172176
FLOWPanel refined 2,0.163,upper,0.2807171607338548,-0.46918452635167607
FLOWPanel refined 2,0.163,upper,0.29483581094715294,-0.458773549815438
FLOWPanel refined 2,0.163,upper,0.30895619126495594,-0.44465970658773135
FLOWPanel refined 2,0.163,upper,0.3230768567310534,-0.43245712480970866
FLOWPanel refined 2,0.163,upper,0.33719537632954694,-0.4168420335876102
FLOWPanel refined 2,0.163,upper,0.3513135422554815,-0.40414271648324185
FLOWPanel refined 2,0.163,upper,0.36542722832654145,-0.3882001788541791
FLOWPanel refined 2,0.163,upper,0.3795401760474185,-0.37548030665418874
FLOWPanel refined 2,0.163,upper,0.3936473335863174,-0.3597240865853655
FLOWPanel refined 2,0.163,upper,0.40775353681262305,-0.3472356466033075
FLOWPanel refined 2,0.163,upper,0.4218533000403958,-0.3319023051029326
FLOWPanel refined 2,0.163,upper,0.4359520018556386,-0.31978808524903535
FLOWPanel refined 2,0.163,upper,0.4500440348380419,-0.30493281562869146
FLOWPanel refined 2,0.163,upper,0.4641349686924409,-0.2932857868153633
FLOWPanel refined 2,0.163,upper,0.47821928086974386,-0.27883711577270454
FLOWPanel refined 2,0.163,upper,0.492302501691047,-0.26774415403499763
FLOWPanel refined 2,0.163,upper,0.506379349070105,-0.2535392256037865
FLOWPanel refined 2,0.163,upper,0.5204551460061508,-0.24313176265958525
FLOWPanel refined 2,0.163,upper,0.534524982301599,-0.2289341820562982
FLOWPanel refined 2,0.163,upper,0.5485938361902061,-0.21944498204538498
FLOWPanel refined 2,0.163,upper,0.5626572720313852,-0.20493921162994355
FLOWPanel refined 2,0.163,upper,0.5767198148935678,-0.1967099298201873
FLOWPanel refined 2,0.163,upper,0.5907775673051016,-0.18147518457731593
FLOWPanel refined 2,0.163,upper,0.6048345301754084,-0.17495777178349825
FLOWPanel refined 2,0.163,upper,0.6188873778296701,-0.1584374322213602
FLOWPanel refined 2,0.163,upper,0.6329395472319337,-0.1542173621937568
FLOWPanel refined 2,0.163,upper,0.6469882929428061,-0.13569013700575927
FLOWPanel refined 2,0.163,upper,0.6610364743757644,-0.13452047756933716
FLOWPanel refined 2,0.163,upper,0.6750819140763129,-0.11305510148089783
FLOWPanel refined 2,0.163,upper,0.6891269018964581,-0.11593699712122452
FLOWPanel refined 2,0.163,upper,0.7031698001646502,-0.09018632161822993
FLOWPanel refined 2,0.163,upper,0.7172123540419839,-0.09847233356481833
FLOWPanel refined 2,0.163,upper,0.7312534236379722,-0.06561469432656741
FLOWPanel refined 2,0.163,upper,0.7452942486011687,-0.08007583533836304
FLOWPanel refined 2,0.163,upper,0.7582384152537658,-0.045280847126803137
FLOWPanel refined 2,0.163,upper,0.7710018354565504,-0.0682973082999423
FLOWPanel refined 2,0.163,upper,0.7831847594371625,-0.023131697648701266
FLOWPanel refined 2,0.163,upper,0.7952720085569054,-0.05514186866141801
FLOWPanel refined 2,0.163,upper,0.8067790578593654,-0.002315205850201396
FLOWPanel refined 2,0.163,upper,0.8181904811531209,-0.043938055604568316
FLOWPanel refined 2,0.163,upper,0.8290218800635092,0.017453243586500577
FLOWPanel refined 2,0.163,upper,0.8397576818794469,-0.03422760006424275
FLOWPanel refined 2,0.163,upper,0.8499135469664356,0.0356572824762158
FLOWPanel refined 2,0.163,upper,0.8599738294057937,-0.026055347915887147
FLOWPanel refined 2,0.163,upper,0.8694542002779647,0.051474393820185586
FLOWPanel refined 2,0.163,upper,0.8788389926495572,-0.01955921894201551
FLOWPanel refined 2,0.163,upper,0.8876438593496138,0.063973953215684
FLOWPanel refined 2,0.163,upper,0.8963531452244742,-0.014744213659893202
FLOWPanel refined 2,0.163,upper,0.9044824694381712,0.07222514696877813
FLOWPanel refined 2,0.163,upper,0.9125162068950184,-0.011308763629676033
FLOWPanel refined 2,0.163,upper,0.9199699373247093,0.07542569040239566
FLOWPanel refined 2,0.163,upper,0.9273280735205248,-0.008678740114379302
FLOWPanel refined 2,0.163,upper,0.9341061570436647,0.07319842179189007
FLOWPanel refined 2,0.163,upper,0.9407886388098332,-0.006235030365461247
FLOWPanel refined 2,0.163,upper,0.946891028039036,0.06640995867983124
FLOWPanel refined 2,0.163,upper,0.952897808941009,-0.00345399217783382
FLOWPanel refined 2,0.163,upper,0.9583244664516876,0.05807742759649281
FLOWPanel refined 2,0.163,upper,0.9636555105498603,0.00016427306591293434
FLOWPanel refined 2,0.163,upper,0.9684064104260184,0.052201165325733156
FLOWPanel refined 2,0.163,upper,0.9730616934564418,0.005189359249225922
FLOWPanel refined 2,0.163,upper,0.9771368206575615,0.051165583345524346
FLOWPanel refined 2,0.163,upper,0.9811163290998837,0.012237689030632937
FLOWPanel refined 2,0.163,upper,0.9845156788156589,0.05568373521515013
FLOWPanel refined 2,0.163,upper,0.9878194092951252,0.021850596812731826
FLOWPanel refined 2,0.163,upper,0.9905429830541121,0.06679016287250739
FLOWPanel refined 2,0.163,upper,0.9931709379074218,0.033733875207823005
FLOWPanel refined 2,0.163,upper,0.9952187416846839,0.0874566441596426
FLOWPanel refined 2,0.163,upper,0.9971709274865592,0.039817948251792745
FLOWPanel refined 2,0.163,upper,0.9985429683875611,0.27778966529828175
FLOWPanel refined 2,0.163,upper,0.9998193923309417,0.27778966529828175
FLOWPanel refined 2,0.163,lower,7.456372797362556e-05,0.10199918753024817
FLOWPanel refined 2,0.163,lower,0.0006015343056337476,0.2191686889501722
FLOWPanel refined 2,0.163,lower,0.001183486407195535,0.24162887999827254
FLOWPanel refined 2,0.163,lower,0.0020990325858683254,0.37502338307804695
FLOWPanel refined 2,0.163,lower,0.0030956057656431704,0.3552968146054307
FLOWPanel refined 2,0.163,lower,0.004583800961971188,0.43721111528432577
FLOWPanel refined 2,0.163,lower,0.006192293835173478,0.3997868930502422
FLOWPanel refined 2,0.163,lower,0.008530679036701018,0.4286011468013661
FLOWPanel refined 2,0.163,lower,0.011011051481191383,0.3892971193630943
FLOWPanel refined 2,0.163,lower,0.01435291520341339,0.3683890361614607
FLOWPanel refined 2,0.163,lower,0.01781853431039401,0.3540461781237839
FLOWPanel refined 2,0.163,lower,0.02203502499088497,0.3003071290776672
FLOWPanel refined 2,0.163,lower,0.026361489015853494,0.3202549065399779
FLOWPanel refined 2,0.163,lower,0.03135520366893089,0.239691880143862
FLOWPanel refined 2,0.163,lower,0.03645453948841624,0.2870141547665297
FLOWPanel refined 2,0.163,lower,0.042194719595779646,0.18891631547013954
FLOWPanel refined 2,0.163,lower,0.04803733306701855,0.24796738543163235
FLOWPanel refined 2,0.163,lower,0.05450144920065218,0.14546782423450977
FLOWPanel refined 2,0.163,lower,0.06106739634928132,0.1967931906279713
FLOWPanel refined 2,0.163,lower,0.0682511914777047,0.10586299987476554
FLOWPanel refined 2,0.163,lower,0.07553768604763868,0.14128811222487947
FLOWPanel refined 2,0.163,lower,0.08344729767543722,0.07397856526344071
FLOWPanel refined 2,0.163,lower,0.09145883823962496,0.09592495750601782
FLOWPanel refined 2,0.163,lower,0.10008882091040944,0.052646443811569354
FLOWPanel refined 2,0.163,lower,0.1088187543856104,0.0631736133104075
FLOWPanel refined 2,0.163,lower,0.11815512787901607,0.0365474148273256
FLOWPanel refined 2,0.163,lower,0.1275900356221581,0.03621886852617029
FLOWPanel refined 2,0.163,lower,0.13762278860079016,0.019239578504364974
FLOWPanel refined 2,0.163,lower,0.14775350838282475,0.010232088967881525
FLOWPanel refined 2,0.163,lower,0.15847863048493627,-0.002378520044953314
FLOWPanel refined 2,0.163,lower,0.16930185493833708,-0.016199234491952375
FLOWPanel refined 2,0.163,lower,0.1807203041330394,-0.02769339750167066
FLOWPanel refined 2,0.163,lower,0.19223728717521785,-0.04169458584378538
FLOWPanel refined 2,0.163,lower,0.20435211301221867,-0.05303854261510188
FLOWPanel refined 2,0.163,lower,0.2165655843699161,-0.06387931996043572
FLOWPanel refined 2,0.163,lower,0.229377576086867,-0.07026479061183322
FLOWPanel refined 2,0.163,lower,0.24237319383884767,-0.06589831166984284
FLOWPanel refined 2,0.163,lower,0.25648294145377754,-0.07300454751023189
FLOWPanel refined 2,0.163,lower,0.2705939487423041,-0.08009645269545396
FLOWPanel refined 2,0.163,lower,0.28471259895560214,-0.08658286734161158
FLOWPanel refined 2,0.163,lower,0.29883153431719495,-0.08750882321125042
FLOWPanel refined 2,0.163,lower,0.3129521997832925,-0.08981567859712225
FLOWPanel refined 2,0.163,lower,0.32707251157683087,-0.08811727467340558
FLOWPanel refined 2,0.163,lower,0.34119067750276544,-0.0880039761152338
FLOWPanel refined 2,0.163,lower,0.355308105078517,-0.08490998847292497
FLOWPanel refined 2,0.163,lower,0.3694210527993941,-0.08324099601066348
FLOWPanel refined 2,0.163,lower,0.3835330462076778,-0.07929044153475684
FLOWPanel refined 2,0.163,lower,0.39763924943398343,-0.07660877190351445
FLOWPanel refined 2,0.163,lower,0.4117443912477594,-0.07213091237795388
FLOWPanel refined 2,0.163,lower,0.4258430930630022,-0.06873744100323886
FLOWPanel refined 2,0.163,lower,0.4399406957502411,-0.06397545746045763
FLOWPanel refined 2,0.163,lower,0.4540316296046401,-0.06000618238380406
FLOWPanel refined 2,0.163,lower,0.46812147210303945,-0.05515292081715329
FLOWPanel refined 2,0.163,lower,0.4822046929243427,-0.05063386059117958
FLOWPanel refined 2,0.163,lower,0.49628686330263383,-0.04586547669563834
FLOWPanel refined 2,0.163,lower,0.5103626602386797,-0.040740888044363155
FLOWPanel refined 2,0.163,lower,0.5244374747678846,-0.03626062201680691
FLOWPanel refined 2,0.163,lower,0.5385063286564917,-0.030405983146130522
FLOWPanel refined 2,0.163,lower,0.5525742895661025,-0.02647293585157962
FLOWPanel refined 2,0.163,lower,0.5666368324282851,-0.019681607303329685
FLOWPanel refined 2,0.163,lower,0.5806985857492412,-0.016614529714468862
FLOWPanel refined 2,0.163,lower,0.5947555486195482,-0.008576043361548269
FLOWPanel refined 2,0.163,lower,0.6088118332378569,-0.006753407980609083
FLOWPanel refined 2,0.163,lower,0.6228640026401204,0.0029740691810019593
FLOWPanel refined 2,0.163,lower,0.6369156077644699,0.00310421725218768
FLOWPanel refined 2,0.163,lower,0.650963789197428,0.015163246035441946
FLOWPanel refined 2,0.163,lower,0.6650115187499832,0.01303728124075021
FLOWPanel refined 2,0.163,lower,0.6790565065701286,0.028494120394313538
FLOWPanel refined 2,0.163,lower,0.6931011499994152,0.02334013049509942
FLOWPanel refined 2,0.163,lower,0.7071437038767486,0.04444830811693434
FLOWPanel refined 2,0.163,lower,0.7211860131212912,0.035945884760472
FLOWPanel refined 2,0.163,lower,0.7352268380844876,0.06149757605586825
FLOWPanel refined 2,0.163,lower,0.749086916597872,0.033797783528257574
FLOWPanel refined 2,0.163,lower,0.761850336800657,0.06425016348962154
FLOWPanel refined 2,0.163,lower,0.7745180821425727,0.03595444655587754
FLOWPanel refined 2,0.163,lower,0.7866053312623158,0.07734370329607831
FLOWPanel refined 2,0.163,lower,0.798596954373354,0.039619068178044725
FLOWPanel refined 2,0.163,lower,0.8100083776671094,0.09002316747071537
FLOWPanel refined 2,0.163,lower,0.821324203866414,0.04203421810349872
FLOWPanel refined 2,0.163,lower,0.8320600056823519,0.10256600481427038
FLOWPanel refined 2,0.163,lower,0.8427002248506591,0.04337385533823079
FLOWPanel refined 2,0.163,lower,0.8527605072900172,0.1143513204312464
FLOWPanel refined 2,0.163,lower,0.8627252112287966,0.04360214743692137
FLOWPanel refined 2,0.163,lower,0.8721100036003891,0.12448720790940204
FLOWPanel refined 2,0.163,lower,0.8813992151467855,0.04272026235545623
FLOWPanel refined 2,0.163,lower,0.890108501021646,0.13194175545547848
FLOWPanel refined 2,0.163,lower,0.8987222001396565,0.040941671919865974
FLOWPanel refined 2,0.163,lower,0.9067559375965037,0.13565208724925726
FLOWPanel refined 2,0.163,lower,0.914694080819476,0.0387271185743121
FLOWPanel refined 2,0.163,lower,0.9220522170152915,0.13468540438207388
FLOWPanel refined 2,0.163,lower,0.929314751454136,0.036595448479052495
FLOWPanel refined 2,0.163,lower,0.9359972332203046,0.1286795997752299
FLOWPanel refined 2,0.163,lower,0.9425841066592431,0.03492059007873438
FLOWPanel refined 2,0.163,lower,0.948590887561216,0.11885558155265108
FLOWPanel refined 2,0.163,lower,0.9545020550506831,0.03396573439741701
FLOWPanel refined 2,0.163,lower,0.959833099148856,0.10856774598896868
FLOWPanel refined 2,0.163,lower,0.9650685264012937,0.034109697488273194
FLOWPanel refined 2,0.163,lower,0.9697238094317171,0.101397549118173
FLOWPanel refined 2,0.163,lower,0.9742834737033427,0.03606747654359643
FLOWPanel refined 2,0.163,lower,0.9782629821456651,0.09899215911262638
FLOWPanel refined 2,0.163,lower,0.9821468713516786,0.04113020404705647
FLOWPanel refined 2,0.163,lower,0.9854506018311451,0.10150737997504002
FLOWPanel refined 2,0.163,lower,0.9886587134049344,0.05175376712189395
FLOWPanel refined 2,0.163,lower,0.9912866682582441,0.10830606307931123
FLOWPanel refined 2,0.163,lower,0.9938190051361668,0.0726207854435339
FLOWPanel refined 2,0.163,lower,0.9957711909380421,0.11282466899493715
FLOWPanel refined 2,0.163,lower,0.9976277597822961,0.27778966529828175
FLOWPanel refined 2,0.163,lower,0.998904183725677,0.27778966529828175
WingCAD coarse,0.163,upper,0.00024982898733673603,-0.010912173341053766
WingCAD coarse,0.163,upper,0.0013182457413504355,-0.16203413424181856
WingCAD coarse,0.163,upper,0.002424064036603292,-0.39040277921196664
WingCAD coarse,0.163,upper,0.0036524319384473062,-0.39069297450896223
WingCAD coarse,0.163,upper,0.0049549629720289845,-0.5220204733681624
WingCAD coarse,0.163,upper,0.006500496361046419,-0.5153093354338345
WingCAD coarse,0.163,upper,0.008155685520554257,-0.5654766967885332
WingCAD coarse,0.163,upper,0.010170171946668154,-0.5591703497202716
WingCAD coarse,0.163,upper,0.012327930541390511,-0.5932333485722654
WingCAD coarse,0.163,upper,0.014955133638044016,-0.5783337715795236
WingCAD coarse,0.163,upper,0.01775677387489508,-0.6070826091518537
WingCAD coarse,0.163,upper,0.021129973523415172,-0.5812960406718379
WingCAD coarse,0.163,upper,0.024705790615891225,-0.6096422655711071
WingCAD coarse,0.163,upper,0.028945502489777723,-0.5717426945715707
WingCAD coarse,0.163,upper,0.03341254527073595,-0.6021018455990013
WingCAD coarse,0.163,upper,0.0386244587790685,-0.5548471825533625
WingCAD coarse,0.163,upper,0.04408452696274063,-0.5897124291794804
WingCAD coarse,0.163,upper,0.05035769687508863,-0.538316273533535
WingCAD coarse,0.163,upper,0.05689559923574745,-0.576172292518041
WingCAD coarse,0.163,upper,0.06430092193037153,-0.5288662362590286
WingCAD coarse,0.163,upper,0.07198302520068933,-0.5616540792253675
WingCAD coarse,0.163,upper,0.0805720256078534,-0.5289903308173769
WingCAD coarse,0.163,upper,0.08944511892570604,-0.5448867921453071
WingCAD coarse,0.163,upper,0.09924906892183522,-0.5359559593835161
WingCAD coarse,0.163,upper,0.10933956325518038,-0.5267766302794785
WingCAD coarse,0.163,upper,0.12036894659238448,-0.5434844828316101
WingCAD coarse,0.163,upper,0.1316824228402771,-0.5095281256390458
WingCAD coarse,0.163,upper,0.1439267557664463,-0.5465968746141094
WingCAD coarse,0.163,upper,0.1564478692683092,-0.49513831972583383
WingCAD coarse,0.163,upper,0.16987587990701847,-0.5441273096907242
WingCAD coarse,0.163,upper,0.18356862299403856,-0.4847646440222586
WingCAD coarse,0.163,upper,0.1981287864150239,-0.5381854779129047
WingCAD coarse,0.163,upper,0.21293710451134884,-0.47850956179976656
WingCAD coarse,0.163,upper,0.2285585243363497,-0.5300856465504353
WingCAD coarse,0.163,upper,0.24440727506842244,-0.47289650142859596
WingCAD coarse,0.163,upper,0.2610008965278694,-0.5164221242323108
WingCAD coarse,0.163,upper,0.277797135431272,-0.46045452955532756
WingCAD coarse,0.163,upper,0.2952572691160844,-0.49117161360130485
WingCAD coarse,0.163,upper,0.3128918399410952,-0.43439651340598684
WingCAD coarse,0.163,upper,0.3310979701777768,-0.45177666832356506
WingCAD coarse,0.163,upper,0.3494473725830663,-0.3960040201442172
WingCAD coarse,0.163,upper,0.36826621949028465,-0.4059286442076766
WingCAD coarse,0.163,upper,0.3871947221679936,-0.35444621321215153
WingCAD coarse,0.163,upper,0.40648252211230934,-0.3610466782153148
WingCAD coarse,0.163,upper,0.4258444851883628,-0.3146050782237484
WingCAD coarse,0.163,upper,0.44544945061985247,-0.3192256880936992
WingCAD coarse,0.163,upper,0.46509181759258095,-0.27713358748545547
WingCAD coarse,0.163,upper,0.48485673417190045,-0.2798193817915058
WingCAD coarse,0.163,upper,0.50462165075122,-0.24125051352409918
WingCAD coarse,0.163,upper,0.5243865673305395,-0.24231010535594755
WingCAD coarse,0.163,upper,0.54411408236862,-0.20675734119836853
WingCAD coarse,0.163,upper,0.5637190478001101,-0.20668393674379137
WingCAD coarse,0.163,upper,0.5832498500998621,-0.17370623518163386
WingCAD coarse,0.163,upper,0.6025376500441775,-0.17298874174639
WingCAD coarse,0.163,upper,0.6217157942180023,-0.1421673845406648
WingCAD coarse,0.163,upper,0.640534641125221,-0.14134646940017492
WingCAD coarse,0.163,upper,0.6592102158638312,-0.11232917242244554
WingCAD coarse,0.163,upper,0.6774163461005108,-0.11212492661709939
WingCAD coarse,0.163,upper,0.6954480391969929,-0.08469573161644539
WingCAD coarse,0.163,upper,0.7129081728818071,-0.08599412517300631
WingCAD coarse,0.163,upper,0.7301656891226651,-0.059614255986349285
WingCAD coarse,0.163,upper,0.746759310582112,-0.06286973714159139
WingCAD coarse,0.163,upper,0.7631256011344871,-0.03656983832474858
WingCAD coarse,0.163,upper,0.7787470209594879,-0.04221281975960589
WingCAD coarse,0.163,upper,0.7941202861091492,-0.015173366013198077
WingCAD coarse,0.163,upper,0.8086804495301362,-0.023833820760686075
WingCAD coarse,0.163,upper,0.8229758805028112,0.0045268781872888075
WingCAD coarse,0.163,upper,0.8364038911415189,-0.0075687111683864225
WingCAD coarse,0.163,upper,0.8495551212045331,0.02240362041894195
WingCAD coarse,0.163,upper,0.8617994541307028,0.0069471792166554405
WingCAD coarse,0.163,upper,0.873759694146183,0.03815983055399441
WingCAD coarse,0.163,upper,0.8847890774833831,0.02009224353562311
WingCAD coarse,0.163,upper,0.8955319164833692,0.05133388404694683
WingCAD coarse,0.163,upper,0.905335866479502,0.03209279024681777
WingCAD coarse,0.163,upper,0.9148557235649457,0.06182930336456138
WingCAD coarse,0.163,upper,0.9234447239721105,0.04323748359006807
WingCAD coarse,0.163,upper,0.9317569438035812,0.0705307250442404
WingCAD coarse,0.163,upper,0.9391622664982051,0.0539135811742637
WingCAD coarse,0.163,upper,0.9463028567445182,0.07877691711976553
WingCAD coarse,0.163,upper,0.9525760266568659,0.06439252092379932
WingCAD coarse,0.163,upper,0.9586010418938744,0.08739275549032832
WingCAD coarse,0.163,upper,0.9638129554022067,0.07479268293077368
WingCAD coarse,0.163,upper,0.9687975380034675,0.09654251724493113
WingCAD coarse,0.163,upper,0.9730372498773537,0.08511753955818457
WingCAD coarse,0.163,upper,0.9770743443072847,0.10605426328548506
WingCAD coarse,0.163,upper,0.9804475439558069,0.09522554769393266
WingCAD coarse,0.163,upper,0.9836463064641302,0.11561596582748213
WingCAD coarse,0.163,upper,0.986273509560781,0.10474188770529712
WingCAD coarse,0.163,upper,0.9887574404888242,0.12469424920095973
WingCAD coarse,0.163,upper,0.9907719269149389,0.11259573055552619
WingCAD coarse,0.163,upper,0.9926767575705628,0.13148725158521657
WingCAD coarse,0.163,upper,0.9942222909595808,0.11354908716446332
WingCAD coarse,0.163,upper,0.9956936612168605,0.12112919197459769
WingCAD coarse,0.163,upper,0.9969220291187043,0.039696637660719625
WingCAD coarse,0.163,upper,0.9981129954793089,0.08092381547211458
WingCAD coarse,0.163,upper,0.9991814122333226,-0.15580872975410187
WingCAD coarse,0.163,lower,0.00024982898733679176,0.29748538629343324
WingCAD coarse,0.163,lower,0.0013182457413504355,0.37605877030182766
WingCAD coarse,0.163,lower,0.002424064036603292,0.4511607142059758
WingCAD coarse,0.163,lower,0.0036524319384474177,0.42873576299882044
WingCAD coarse,0.163,lower,0.004954962972029207,0.4605047555519952
WingCAD coarse,0.163,lower,0.00650049636104653,0.4415365296659383
WingCAD coarse,0.163,lower,0.008155685520554257,0.4396541724895706
WingCAD coarse,0.163,lower,0.01017017194666832,0.42216271368667446
WingCAD coarse,0.163,lower,0.012327930541390678,0.3990047906473049
WingCAD coarse,0.163,lower,0.01495513363804396,0.38653219836243824
WingCAD coarse,0.163,lower,0.01775677387489497,0.34769579355986535
WingCAD coarse,0.163,lower,0.021129973523415228,0.34323128989317053
WingCAD coarse,0.163,lower,0.024705790615891392,0.2921477397584067
WingCAD coarse,0.163,lower,0.028945502489777834,0.2985237113109618
WingCAD coarse,0.163,lower,0.033412545270736116,0.23745688294903847
WingCAD coarse,0.163,lower,0.03862445877906861,0.2559847844317259
WingCAD coarse,0.163,lower,0.044084526962740574,0.18604687399568898
WingCAD coarse,0.163,lower,0.050357696875088453,0.2155146893635932
WingCAD coarse,0.163,lower,0.05689559923574728,0.13885697355662374
WingCAD coarse,0.163,lower,0.06430092193037142,0.17382616636342496
WingCAD coarse,0.163,lower,0.07198302520068933,0.09685131978506722
WingCAD coarse,0.163,lower,0.0805720256078534,0.12746578333312675
WingCAD coarse,0.163,lower,0.08944511892570604,0.06106639449532237
WingCAD coarse,0.163,lower,0.09924906892183533,0.07674707724059371
WingCAD coarse,0.163,lower,0.1093395632551806,0.031025073221924937
WingCAD coarse,0.163,lower,0.12036894659238481,0.026451846941423218
WingCAD coarse,0.163,lower,0.1316824228402773,0.004891122524600666
WingCAD coarse,0.163,lower,0.14392675576644653,-0.01839658791523391
WingCAD coarse,0.163,lower,0.15644786926830942,-0.019455458089484567
WingCAD coarse,0.163,lower,0.16987587990701858,-0.055730020415707175
WingCAD coarse,0.163,lower,0.18356862299403856,-0.043528622833096886
WingCAD coarse,0.163,lower,0.1981287864150239,-0.08652320993719598
WingCAD coarse,0.163,lower,0.21293710451134884,-0.06790626199353333
WingCAD coarse,0.163,lower,0.2285585243363497,-0.1119655218965101
WingCAD coarse,0.163,lower,0.24440727506842244,-0.0906220213746145
WingCAD coarse,0.163,lower,0.2610008965278694,-0.13033009228767578
WingCAD coarse,0.163,lower,0.277797135431272,-0.10660526395683845
WingCAD coarse,0.163,lower,0.2952572691160844,-0.13774003046219474
WingCAD coarse,0.163,lower,0.312891839941095,-0.11065158488416049
WingCAD coarse,0.163,lower,0.3310979701777768,-0.13218672398559939
WingCAD coarse,0.163,lower,0.3494473725830663,-0.10300034153566462
WingCAD coarse,0.163,lower,0.368266219490285,-0.11886280089860257
WingCAD coarse,0.163,lower,0.38719472216799405,-0.09009793043617376
WingCAD coarse,0.163,lower,0.4064825221123097,-0.10327864976625079
WingCAD coarse,0.163,lower,0.42584448518836326,-0.07588923653780255
WingCAD coarse,0.163,lower,0.4454494506198526,-0.08741641689523072
WingCAD coarse,0.163,lower,0.46509181759258095,-0.06131966925401056
WingCAD coarse,0.163,lower,0.48485673417190056,-0.07123925290920696
WingCAD coarse,0.163,lower,0.5046216507512201,-0.04615612124490687
WingCAD coarse,0.163,lower,0.5243865673305395,-0.05470767808792388
WingCAD coarse,0.163,lower,0.5441140823686202,-0.030513375747468707
WingCAD coarse,0.163,lower,0.563719047800111,-0.03808767767202914
WingCAD coarse,0.163,lower,0.5832498500998634,-0.014643420202052448
WingCAD coarse,0.163,lower,0.6025376500441779,-0.021641067449514217
WingCAD coarse,0.163,lower,0.6217157942180023,0.0012293996253988082
WingCAD coarse,0.163,lower,0.6405346411252212,-0.0056547768687083
WingCAD coarse,0.163,lower,0.6592102158638321,0.016811829802121037
WingCAD coarse,0.163,lower,0.6774163461005122,0.009399954481159156
WingCAD coarse,0.163,lower,0.6954480391969947,0.03155556487061839
WingCAD coarse,0.163,lower,0.7129081728818077,0.022797789166392746
WingCAD coarse,0.163,lower,0.7301656891226651,0.04504486820962583
WingCAD coarse,0.163,lower,0.746759310582112,0.0344413616232635
WingCAD coarse,0.163,lower,0.7631256011344869,0.05760249850491749
WingCAD coarse,0.163,lower,0.7787470209594861,0.044651868322281074
WingCAD coarse,0.163,lower,0.7941202861091465,0.06946054683394431
WingCAD coarse,0.163,lower,0.8086804495301344,0.053487560291009095
WingCAD coarse,0.163,lower,0.8229758805028106,0.08047977172508447
WingCAD coarse,0.163,lower,0.8364038911415189,0.0610093086970599
WingCAD coarse,0.163,lower,0.849555121204534,0.09044733966965934
WingCAD coarse,0.163,lower,0.8617994541307032,0.06748719648899792
WingCAD coarse,0.163,lower,0.873759694146183,0.09899910149656088
WingCAD coarse,0.163,lower,0.8847890774833838,0.07323476689240604
WingCAD coarse,0.163,lower,0.89553191648337,0.10563420267081612
WingCAD coarse,0.163,lower,0.9053358664795025,0.07844474413827462
WingCAD coarse,0.163,lower,0.9148557235649457,0.11022116218251121
WingCAD coarse,0.163,lower,0.9234447239721101,0.08336849759850318
WingCAD coarse,0.163,lower,0.9317569438035808,0.11357935972996767
WingCAD coarse,0.163,lower,0.9391622664982049,0.08835757292136281
WingCAD coarse,0.163,lower,0.9463028567445182,0.11698129270516167
WingCAD coarse,0.163,lower,0.9525760266568659,0.0936680058319811
WingCAD coarse,0.163,lower,0.9586010418938744,0.1212185445508779
WingCAD coarse,0.163,lower,0.9638129554022067,0.09941466041045921
WingCAD coarse,0.163,lower,0.9687975380034675,0.126446893129897
WingCAD coarse,0.163,lower,0.9730372498773537,0.10559993939930634
WingCAD coarse,0.163,lower,0.9770743443072833,0.1324891089545056
WingCAD coarse,0.163,lower,0.9804475439557998,0.11208072486251541
WingCAD coarse,0.163,lower,0.9836463064641201,0.13901562088146102
WingCAD coarse,0.163,lower,0.9862735095607763,0.11847790130741154
WingCAD coarse,0.163,lower,0.9887574404888237,0.14546331298420645
WingCAD coarse,0.163,lower,0.9907719269149386,0.1237108688480243
WingCAD coarse,0.163,lower,0.9926767575705628,0.15004947439080785
WingCAD coarse,0.163,lower,0.9942222909595808,0.12250438027124298
WingCAD coarse,0.163,lower,0.9956936612168605,0.13801753553812013
WingCAD coarse,0.163,lower,0.9969220291187043,0.0471936190172737
WingCAD coarse,0.163,lower,0.9981129954793089,0.09478913558081237
WingCAD coarse,0.163,lower,0.9991814122333226,-0.15580872975410187
WingCAD medium,0.163,upper,0.0005807617012621174,-0.0007905160714136716
WingCAD medium,0.163,upper,0.0012831358709954727,-0.10739221832257684
WingCAD medium,0.163,upper,0.0020247905586456647,-0.345163001246491
WingCAD medium,0.163,upper,0.002774670652234885,-0.32032994076821497
WingCAD medium,0.163,upper,0.003602812833197941,-0.47578742736852236
WingCAD medium,0.163,upper,0.004447343225733079,-0.4489309516022111
WingCAD medium,0.163,upper,0.005408521653357948,-0.5287278922092629
WingCAD medium,0.163,upper,0.0063941263740024895,-0.5051076660347749
WingCAD medium,0.163,upper,0.007533877315472296,-0.5686391273067639
WingCAD medium,0.163,upper,0.008705906732570604,-0.542087611225317
WingCAD medium,0.163,upper,0.010068407410411926,-0.5990257004605384
WingCAD medium,0.163,upper,0.011470793087800352,-0.5658853000979722
WingCAD medium,0.163,upper,0.013098525464549125,-0.6207782247740572
WingCAD medium,0.163,upper,0.014773445815834722,-0.5790108603148727
WingCAD medium,0.163,upper,0.016706873280642725,-0.634634521566148
WingCAD medium,0.163,upper,0.01869443256599706,-0.5842754374627415
WingCAD medium,0.163,upper,0.020971691983814145,-0.6427692042034332
WingCAD medium,0.163,upper,0.0233096150923477,-0.583782578798423
WingCAD medium,0.163,upper,0.025966226559350405,-0.6452057667731912
WingCAD medium,0.163,upper,0.028689571899923584,-0.5777464396497676
WingCAD medium,0.163,upper,0.031758168414134244,-0.6417962566676472
WingCAD medium,0.163,upper,0.03489906109969637,-0.5687989148363164
WingCAD medium,0.163,upper,0.0384091402041653,-0.634759684805078
WingCAD medium,0.163,upper,0.04199652756024898,-0.5600173872886196
WingCAD medium,0.163,upper,0.04597422684893979,-0.6251356928772922
WingCAD medium,0.163,upper,0.050033658107034085,-0.5546266474659816
WingCAD medium,0.163,upper,0.05450155630195162,-0.6142981324125119
WingCAD medium,0.163,upper,0.05905498815442294,-0.5548558519065809
WingCAD medium,0.163,upper,0.06403193326790586,-0.6026075670160473
WingCAD medium,0.163,upper,0.06909756276431232,-0.5602592378978593
WingCAD medium,0.163,upper,0.07459852865427766,-0.5897560012304608
WingCAD medium,0.163,upper,0.08019065471083303,-0.5681466628534417
WingCAD medium,0.163,upper,0.08622662712067666,-0.5758511315626402
WingCAD medium,0.163,upper,0.09235554169686525,-0.5754861007493548
WingCAD medium,0.163,upper,0.09893343464732064,-0.5618526226895773
WingCAD medium,0.163,upper,0.10560534441786998,-0.5801250422173014
WingCAD medium,0.163,upper,0.11272794758713645,-0.5488436882911689
WingCAD medium,0.163,upper,0.11994492670547588,-0.5810605435489591
WingCAD medium,0.163,upper,0.12761088419808253,-0.5374830252374339
WingCAD medium,0.163,upper,0.13537085851078307,-0.5782751543440638
WingCAD medium,0.163,upper,0.14357467917677144,-0.5278581331553414
WingCAD medium,0.163,upper,0.15187144200910468,-0.5723584184551638
WingCAD medium,0.163,upper,0.1606035412349969,-0.5196060956177242
WingCAD medium,0.163,upper,0.16942680062747922,-0.564185483964307
WingCAD medium,0.163,upper,0.1786735732809733,-0.5122752207360199
WingCAD medium,0.163,upper,0.188009030317391,-0.5548528479121466
WingCAD medium,0.163,upper,0.19775295429063186,-0.5059223707910907
WingCAD medium,0.163,upper,0.20758241192142649,-0.5458683112926854
WingCAD medium,0.163,upper,0.21780218148482822,-0.5009110349120018
WingCAD medium,0.163,upper,0.22810368301763342,-0.5376181164164238
WingCAD medium,0.163,upper,0.23877437096934534,-0.4961424555692435
WingCAD medium,0.163,upper,0.2495223671726721,-0.5285265428103321
WingCAD medium,0.163,upper,0.26061561454963633,-0.48956087422598576
WingCAD medium,0.163,upper,0.2717811580979523,-0.5170766103818829
WingCAD medium,0.163,upper,0.2832653900047367,-0.47945965902974136
WingCAD medium,0.163,upper,0.2948163557850916,-0.5010667894487133
WingCAD medium,0.163,upper,0.30665702169791,-0.46308225507939443
WingCAD medium,0.163,upper,0.318558351301445,-0.47790155772776693
WingCAD medium,0.163,upper,0.3307181880185028,-0.43926272144899925
WingCAD medium,0.163,upper,0.3429321565561069,-0.44914896694365125
WingCAD medium,0.163,upper,0.35537147179306977,-0.4111637184383889
WingCAD medium,0.163,upper,0.36785797500456907,-0.41834194407394915
WingCAD medium,0.163,upper,0.3805349494768123,-0.3819624970634845
WingCAD medium,0.163,upper,0.3932518089486028,-0.38761800765914267
WingCAD medium,0.163,upper,0.40612281464121863,-0.3533971120851751
WingCAD medium,0.163,upper,0.41902609880946284,-0.3582027010806428
WingCAD medium,0.163,upper,0.43204603101279704,-0.326365796691348
WingCAD medium,0.163,upper,0.445090389509151,-0.33028145659116737
WingCAD medium,0.163,upper,0.4582130100928785,-0.3006277120081631
WingCAD medium,0.163,upper,0.47135201888817807,-0.3034216361831701
WingCAD medium,0.163,upper,0.4845303082013946,-0.2757484416521008
WingCAD medium,0.163,upper,0.4977168229205502,-0.2774465618911852
WingCAD medium,0.163,upper,0.5109033376397055,-0.2515914149404954
WingCAD medium,0.163,upper,0.5240898523588609,-0.25228446063437326
WingCAD medium,0.163,upper,0.5372370865600996,-0.22807644586232123
WingCAD medium,0.163,upper,0.5503760953553993,-0.22795998621343116
WingCAD medium,0.163,upper,0.5634368420633259,-0.20523736721658214
WingCAD medium,0.163,upper,0.5764812005596803,-0.20448779796199124
WingCAD medium,0.163,upper,0.5894089110209437,-0.18306399547924168
WingCAD medium,0.163,upper,0.6023121951891874,-0.18187047742277151
WingCAD medium,0.163,upper,0.6150613331366064,-0.16155337715775397
WingCAD medium,0.163,upper,0.627778192608397,-0.16012285960773132
WingCAD medium,0.163,upper,0.6403045808194441,-0.1407086424551134
WingCAD medium,0.163,upper,0.6527910840309437,-0.139303271705155
WingCAD medium,0.163,upper,0.6650522405430844,-0.1205683173699732
WingCAD medium,0.163,upper,0.6772662090806889,-0.1195262341194947
WingCAD medium,0.163,upper,0.6892216705047697,-0.10125601325808109
WingCAD medium,0.163,upper,0.7011230001083038,-0.10104374126010152
WingCAD medium,0.163,upper,0.7127346295793754,-0.08300678190850763
WingCAD medium,0.163,upper,0.7242855953597307,-0.08406421115083829
WingCAD medium,0.163,upper,0.7355178727816168,-0.06582449692467374
WingCAD medium,0.163,upper,0.7466834163299328,-0.0683833103386533
WingCAD medium,0.163,upper,0.7575037087046161,-0.04936720191628452
WingCAD medium,0.163,upper,0.7682517049079494,-0.05372730476908871
WingCAD medium,0.163,upper,0.778630514692365,-0.03341836459798464
WingCAD medium,0.163,upper,0.7889320162251634,-0.04002358847626364
WingCAD medium,0.163,upper,0.7988432058253605,-0.017950012212931687
WingCAD medium,0.163,upper,0.8086726634561553,-0.02731236252514546
WingCAD medium,0.163,upper,0.818093654150126,-0.0030141395435199225
WingCAD medium,0.163,upper,0.8274291111865428,-0.015625111296678318
WingCAD medium,0.163,upper,0.8363410549619491,0.011337054130721502
WingCAD medium,0.163,upper,0.8451643143544321,-0.00493307125355158
WingCAD medium,0.163,upper,0.853552237353356,0.02502435636455691
WingCAD medium,0.163,upper,0.8618490001856899,0.004783619567914732
WingCAD medium,0.163,upper,0.8697019166647353,0.037867085759318075
WingCAD medium,0.163,upper,0.8774618909774355,0.013555996565749906
WingCAD medium,0.163,upper,0.8847728869158656,0.04961390906028751
WingCAD medium,0.163,upper,0.8919898660342015,0.021456239518181208
WingCAD medium,0.163,upper,0.8987561517538264,0.05994255886014033
WingCAD medium,0.163,upper,0.9054280615243795,0.028575263239510873
WingCAD medium,0.163,upper,0.9116509929206627,0.06853991157658623
WingCAD medium,0.163,upper,0.9177799074968512,0.03507511572622146
WingCAD medium,0.163,upper,0.9234649757197521,0.07528720341461848
WingCAD medium,0.163,upper,0.9290571017763076,0.0412090886248101
WingCAD medium,0.163,upper,0.934213891439304,0.08034379180258033
WingCAD medium,0.163,upper,0.9392795209357097,0.047181079625905675
WingCAD medium,0.163,upper,0.943921637171105,0.08416179498346887
WingCAD medium,0.163,upper,0.9484750690235767,0.05311878671697101
WingCAD medium,0.163,upper,0.9526200339392247,0.08744819660986092
WingCAD medium,0.163,upper,0.9566794651973185,0.05911266146432647
WingCAD medium,0.163,upper,0.9603485845228064,0.09088263762615267
WingCAD medium,0.163,upper,0.9639359718788908,0.06522636758003142
WingCAD medium,0.163,upper,0.9671541728160675,0.0948720462839836
WingCAD medium,0.163,upper,0.9702950655016291,0.07150248108077428
WingCAD medium,0.163,upper,0.9730907070135534,0.09953788931393204
WingCAD medium,0.163,upper,0.9758140523541263,0.07796544350831014
WingCAD medium,0.163,upper,0.9782187093362306,0.10482950541169145
WingCAD medium,0.163,upper,0.9805566324447643,0.08460758515399625
WingCAD medium,0.163,upper,0.9826048554208383,0.1106410429616429
WingCAD medium,0.163,upper,0.9845924147061961,0.0914172852701498
WingCAD medium,0.163,upper,0.9863214668780249,0.11687671482618057
WingCAD medium,0.163,upper,0.9879963872293058,0.09835848963876159
WingCAD medium,0.163,upper,0.9894459608812312,0.12345964913146577
WingCAD medium,0.163,upper,0.9908483465586202,0.10539367424144741
WingCAD medium,0.163,upper,0.9920602609752667,0.13036954244439014
WingCAD medium,0.163,upper,0.9932322903923656,0.11246941646293306
WingCAD medium,0.163,upper,0.9942501735886385,0.13750189739067942
WingCAD medium,0.163,upper,0.9952357783092827,0.1191348410018257
WingCAD medium,0.163,upper,0.9961047349948372,0.1435320294122845
WingCAD medium,0.163,upper,0.9969492653873722,0.12109126329424069
WingCAD medium,0.163,upper,0.9977155336925335,0.13393965642337713
WingCAD medium,0.163,upper,0.9984654137861227,0.0534673030314029
WingCAD medium,0.163,upper,0.999176013361795,0.09066254343295288
WingCAD medium,0.163,upper,0.9998783875315281,-0.14371228051281948
WingCAD medium,0.163,lower,0.0005807617012620616,0.28574614354720584
WingCAD medium,0.163,lower,0.0012831358709955287,0.32605407828364175
WingCAD medium,0.163,lower,0.0020247905586456647,0.43922662624249276
WingCAD medium,0.163,lower,0.002774670652234885,0.3921589506090508
WingCAD medium,0.163,lower,0.003602812833197997,0.46365792896901425
WingCAD medium,0.163,lower,0.004447343225733247,0.43035043348107666
WingCAD medium,0.163,lower,0.00540852165335806,0.4739869125038626
WingCAD medium,0.163,lower,0.0063941263740024895,0.44373538202469875
WingCAD medium,0.163,lower,0.007533877315472296,0.466731617289371
WingCAD medium,0.163,lower,0.008705906732570604,0.44136465291414084
WingCAD medium,0.163,lower,0.010068407410411984,0.447683451035919
WingCAD medium,0.163,lower,0.011470793087800576,0.42871546424992946
WingCAD medium,0.163,lower,0.013098525464549348,0.42028172032104283
WingCAD medium,0.163,lower,0.014773445815834944,0.40916120089602825
WingCAD medium,0.163,lower,0.01670687328064278,0.3871694724115682
WingCAD medium,0.163,lower,0.018694432565996837,0.38514890872352703
WingCAD medium,0.163,lower,0.02097169198381409,0.3503620355796664
WingCAD medium,0.163,lower,0.023309615092347923,0.3586325210940744
WingCAD medium,0.163,lower,0.025966226559350516,0.31179809744495424
WingCAD medium,0.163,lower,0.028689571899923584,0.33128240552985955
WingCAD medium,0.163,lower,0.031758168414134244,0.27332226584231323
WingCAD medium,0.163,lower,0.03489906109969637,0.30370109323551453
WingCAD medium,0.163,lower,0.0384091402041653,0.2359274587428759
WingCAD medium,0.163,lower,0.04199652756024898,0.2755372081599202
WingCAD medium,0.163,lower,0.04597422684893979,0.2004749306092415
WingCAD medium,0.163,lower,0.050033658107034085,0.24542369732200595
WingCAD medium,0.163,lower,0.054501556301951734,0.16732328574414923
WingCAD medium,0.163,lower,0.05905498815442322,0.21180299647862655
WingCAD medium,0.163,lower,0.06403193326790603,0.13679192093293013
WingCAD medium,0.163,lower,0.06909756276431238,0.17429600552248237
WingCAD medium,0.163,lower,0.07459852865427766,0.10919454763750445
WingCAD medium,0.163,lower,0.08019065471083303,0.13430047487257102
WingCAD medium,0.163,lower,0.08622662712067661,0.08448123199514646
WingCAD medium,0.163,lower,0.09235554169686508,0.09422641603251714
WingCAD medium,0.163,lower,0.09893343464732064,0.06200984542846832
WingCAD medium,0.163,lower,0.10560534441787009,0.056379682680633654
WingCAD medium,0.163,lower,0.11272794758713656,0.040905530418542724
WingCAD medium,0.163,lower,0.11994492670547599,0.022285668546380033
WingCAD medium,0.163,lower,0.12761088419808242,0.020478997491603423
WingCAD medium,0.163,lower,0.13537085851078284,-0.007441897621121241
WingCAD medium,0.163,lower,0.14357467917677144,0.0004535749395617739
WingCAD medium,0.163,lower,0.1518714420091049,-0.03288285434250504
WingCAD medium,0.163,lower,0.16060354123499712,-0.01904466846586028
WingCAD medium,0.163,lower,0.16942680062747945,-0.05454060301050089
WingCAD medium,0.163,lower,0.1786735732809733,-0.0377357084660912
WingCAD medium,0.163,lower,0.18800903031739089,-0.07321940912200775
WingCAD medium,0.163,lower,0.19775295429063164,-0.05563393016766604
WingCAD medium,0.163,lower,0.20758241192142637,-0.09008758354189395
WingCAD medium,0.163,lower,0.21780218148482822,-0.07303849646030192
WingCAD medium,0.163,lower,0.22810368301763342,-0.10567565453471306
WingCAD medium,0.163,lower,0.23877437096934534,-0.08938956852831925
WingCAD medium,0.163,lower,0.2495223671726721,-0.11923167124011491
WingCAD medium,0.163,lower,0.26061561454963633,-0.10342426311496045
WingCAD medium,0.163,lower,0.2717811580979523,-0.12992093412495054
WingCAD medium,0.163,lower,0.28326539000473683,-0.11400301210850716
WingCAD medium,0.163,lower,0.2948163557850918,-0.13628721524781917
WingCAD medium,0.163,lower,0.3066570216979101,-0.1191295784758557
WingCAD medium,0.163,lower,0.318558351301445,-0.13643828775119715
WingCAD medium,0.163,lower,0.3307181880185028,-0.11772590050851361
WingCAD medium,0.163,lower,0.3429321565561069,-0.1312901776508011
WingCAD medium,0.163,lower,0.3553714717930699,-0.1118209054177417
WingCAD medium,0.163,lower,0.3678579750045693,-0.12322635366578427
WingCAD medium,0.163,lower,0.38053494947681243,-0.10367896987366998
WingCAD medium,0.163,lower,0.3932518089486029,-0.11379189623265495
WingCAD medium,0.163,lower,0.40612281464121874,-0.09466857328220879
WingCAD medium,0.163,lower,0.41902609880946307,-0.1039856828722583
WingCAD medium,0.163,lower,0.43204603101279715,-0.08560711435756874
WingCAD medium,0.163,lower,0.445090389509151,-0.09408756103137872
WingCAD medium,0.163,lower,0.4582130100928785,-0.07646084748351578
WingCAD medium,0.163,lower,0.4713520188881783,-0.0839133092818658
WingCAD medium,0.163,lower,0.4845303082013948,-0.0670138701866354
WingCAD medium,0.163,lower,0.4977168229205503,-0.07345015040372127
WingCAD medium,0.163,lower,0.5109033376397055,-0.05725358198656938
WingCAD medium,0.163,lower,0.5240898523588609,-0.06274366733589276
WingCAD medium,0.163,lower,0.5372370865600996,-0.047195722602400236
WingCAD medium,0.163,lower,0.5503760953553993,-0.051899537655839545
WingCAD medium,0.163,lower,0.5634368420633266,-0.03693580474269553
WingCAD medium,0.163,lower,0.5764812005596817,-0.041004399730069974
WingCAD medium,0.163,lower,0.5894089110209446,-0.026525775927565443
WingCAD medium,0.163,lower,0.6023121951891877,-0.03012689651332101
WingCAD medium,0.163,lower,0.6150613331366064,-0.016015334335113707
WingCAD medium,0.163,lower,0.627778192608397,-0.01933937192517421
WingCAD medium,0.163,lower,0.6403045808194443,-0.005452788654342289
WingCAD medium,0.163,lower,0.6527910840309441,-0.008745357054500635
WingCAD medium,0.163,lower,0.6650522405430853,0.005088565946295587
WingCAD medium,0.163,lower,0.6772662090806898,0.001506236492316848
WingCAD medium,0.163,lower,0.6892216705047701,0.015463977249184802
WingCAD medium,0.163,lower,0.701123000108304,0.011149493050407577
WingCAD medium,0.163,lower,0.7127346295793754,0.025430774263676233
WingCAD medium,0.163,lower,0.7242855953597307,0.019950564459877418
WingCAD medium,0.163,lower,0.7355178727816168,0.034941177495000364
WingCAD medium,0.163,lower,0.7466834163299328,0.028028760767225824
WingCAD medium,0.163,lower,0.7575037087046066,0.04425050008428333
WingCAD medium,0.163,lower,0.7682517049079285,0.03557397199451884
WingCAD medium,0.163,lower,0.7786305146923506,0.05351450737218721
WingCAD medium,0.163,lower,0.788932016225159,0.04261069618329538
WingCAD medium,0.163,lower,0.7988432058253585,0.06272741690566985
WingCAD medium,0.163,lower,0.8086726634561542,0.049067918033449676
WingCAD medium,0.163,lower,0.8180936541501245,0.07181114326651361
WingCAD medium,0.163,lower,0.8274291111865404,0.05488383484834925
WingCAD medium,0.163,lower,0.836341054961948,0.08068439866099875
WingCAD medium,0.163,lower,0.8451643143544327,0.060053288648965746
WingCAD medium,0.163,lower,0.8535522373533568,0.08923840177830022
WingCAD medium,0.163,lower,0.8618490001856908,0.06456972419089535
WingCAD medium,0.163,lower,0.8697019166647357,0.09727131013475665
WingCAD medium,0.163,lower,0.877461890977436,0.06844358641624626
WingCAD medium,0.163,lower,0.8847728869158665,0.1045154908582223
WingCAD medium,0.163,lower,0.8919898660342024,0.0717302872333494
WingCAD medium,0.163,lower,0.8987561517538268,0.11063888270870982
WingCAD medium,0.163,lower,0.9054280615243799,0.07450852603888736
WingCAD medium,0.163,lower,0.9116509929206627,0.11532199495722295
WingCAD medium,0.163,lower,0.9177799074968512,0.07692456044915108
WingCAD medium,0.163,lower,0.9234649757197518,0.11843260749189921
WingCAD medium,0.163,lower,0.9290571017763072,0.07921101666733288
WingCAD medium,0.163,lower,0.9342138914393038,0.12010985106998685
WingCAD medium,0.163,lower,0.9392795209357101,0.08155933153930262
WingCAD medium,0.163,lower,0.943921637171105,0.1207859994420588
WingCAD medium,0.163,lower,0.9484750690235767,0.08409198154234343
WingCAD medium,0.163,lower,0.9526200339392247,0.12114598812962007
WingCAD medium,0.163,lower,0.9566794651973185,0.08689761651188321
WingCAD medium,0.163,lower,0.9603485845228059,0.12185038812191362
WingCAD medium,0.163,lower,0.9639359718788899,0.0900398291734742
WingCAD medium,0.163,lower,0.9671541728160673,0.12329524815441428
WingCAD medium,0.163,lower,0.9702950655016294,0.09356189535172466
WingCAD medium,0.163,lower,0.9730907070135538,0.12559833476402538
WingCAD medium,0.163,lower,0.9758140523541263,0.09748835048188698
WingCAD medium,0.163,lower,0.9782187093362306,0.12870819014610924
WingCAD medium,0.163,lower,0.9805566324447643,0.1018119790291845
WingCAD medium,0.163,lower,0.9826048554208374,0.13251768363310767
WingCAD medium,0.163,lower,0.9845924147061943,0.10651972069376447
WingCAD medium,0.163,lower,0.9863214668780236,0.136924476867882
WingCAD medium,0.163,lower,0.9879963872293054,0.1115752582531241
WingCAD medium,0.163,lower,0.9894459608812307,0.14184284376349954
WingCAD medium,0.163,lower,0.9908483465586202,0.11694079816776481
WingCAD medium,0.163,lower,0.9920602609752667,0.14724380868590647
WingCAD medium,0.163,lower,0.9932322903923656,0.12256136283369932
WingCAD medium,0.163,lower,0.9942501735886385,0.15304134267306047
WingCAD medium,0.163,lower,0.9952357783092827,0.1279658711230819
WingCAD medium,0.163,lower,0.9961047349948372,0.1580390809263067
WingCAD medium,0.163,lower,0.9969492653873722,0.12874717516647705
WingCAD medium,0.163,lower,0.9977155336925333,0.14788650187505514
WingCAD medium,0.163,lower,0.9984654137861223,0.060204582189107514
WingCAD medium,0.163,lower,0.9991760133617947,0.10249148916909101
WingCAD medium,0.163,lower,0.9998783875315281,-0.14371228051281948
WingCAD fine,0.163,upper,0.00010809955304188912,0.03578104293606643
WingCAD fine,0.163,upper,0.0005734125613205786,0.002086991736417132
WingCAD fine,0.163,upper,0.001041999068315914,-0.25389365337980085
WingCAD fine,0.163,upper,0.0015214028058582695,-0.19316856920554737
WingCAD fine,0.163,upper,0.0020073424643503343,-0.3494449950518974
WingCAD fine,0.163,upper,0.002514879981851865,-0.30881098869110746
WingCAD fine,0.163,upper,0.0030321937270485076,-0.4029565892793281
WingCAD fine,0.163,upper,0.0035818128793989735,-0.3664889091897805
WingCAD fine,0.163,upper,0.004144415486530113,-0.44759056339746994
WingCAD fine,0.163,upper,0.00474992173768763,-0.40946279430174704
WingCAD fine,0.163,upper,0.005371574738810308,-0.4847420816201022
WingCAD fine,0.163,upper,0.006046584448482004,-0.4425064047640437
WingCAD fine,0.163,upper,0.006740849567812426,-0.5162909208324198
WingCAD fine,0.163,upper,0.0074987439180016924,-0.4683688084342368
WingCAD fine,0.163,upper,0.00827893718333216,-0.5433317496229266
WingCAD fine,0.163,upper,0.009132816900655327,-0.48869942392307264
WingCAD fine,0.163,upper,0.010011963586131878,-0.5664091940674201
WingCAD fine,0.163,upper,0.010974604613106233,-0.5043440612932153
WingCAD fine,0.163,upper,0.0119653951658247,-0.5854495978982124
WingCAD fine,0.163,upper,0.013049205431126283,-0.5158247578801298
WingCAD fine,0.163,upper,0.014163952530677053,-0.6004185836607527
WingCAD fine,0.163,upper,0.01538092996463017,-0.524046074942522
WingCAD fine,0.163,upper,0.016631526860883553,-0.6121175861124959
WingCAD fine,0.163,upper,0.017993218798268727,-0.5307812597385797
WingCAD fine,0.163,upper,0.01939109906838702,-0.6217853789703425
WingCAD fine,0.163,upper,0.02090856317591378,-0.5371035179792165
WingCAD fine,0.163,upper,0.022464662036743598,-0.628444232395708
WingCAD fine,0.163,upper,0.024148428897406125,-0.5420484286856349
WingCAD fine,0.163,upper,0.02587314620416597,-0.6306963245148358
WingCAD fine,0.163,upper,0.02773318368508353,-0.5474698220226448
WingCAD fine,0.163,upper,0.029636348741545724,-0.6303468519432778
WingCAD fine,0.163,upper,0.03168202826585568,-0.554481842675788
WingCAD fine,0.163,upper,0.03377286656509372,-0.6272194683202088
WingCAD fine,0.163,upper,0.03601293140202252,-0.563164291021484
WingCAD fine,0.163,upper,0.03830003341026301,-0.6216134042724446
WingCAD fine,0.163,upper,0.040742569090670123,-0.573483837612901
WingCAD fine,0.163,upper,0.043233861179874204,-0.6143759618010332
WingCAD fine,0.163,upper,0.04588626813737569,-0.5849799815554353
WingCAD fine,0.163,upper,0.048588985764905404,-0.6064422990309135
WingCAD fine,0.163,upper,0.05145795429514854,-0.5967130056441834
WingCAD fine,0.163,upper,0.05437861752126931,-0.5986141589576472
WingCAD fine,0.163,upper,0.057470105144090414,-0.6074816750462875
WingCAD fine,0.163,upper,0.06061449657015131,-0.5914074322183192
WingCAD fine,0.163,upper,0.06393370787121391,-0.6161270011494289
WingCAD fine,0.163,upper,0.06730685307315461,-0.5850188351176522
WingCAD fine,0.163,upper,0.07085822209327951,-0.6218143450666842
WingCAD fine,0.163,upper,0.07446437261667258,-0.5794055747719586
WingCAD fine,0.163,upper,0.07825154784844697,-0.6242271840752047
WingCAD fine,0.163,upper,0.08209416682261332,-0.574436583308821
WingCAD fine,0.163,upper,0.08611999886504683,-0.6235813228242855
WingCAD fine,0.163,upper,0.09020174928492213,-0.56996925760826
WingCAD fine,0.163,upper,0.0944682811979223,-0.620391908182188
WingCAD fine,0.163,upper,0.09879101691332523,-0.5657737786285095
WingCAD fine,0.163,upper,0.10329947730462935,-0.6151804078398615
WingCAD fine,0.163,upper,0.1078642367474207,-0.5615577177625961
WingCAD fine,0.163,upper,0.11261503561537584,-0.6085212821564605
WingCAD fine,0.163,upper,0.11742203828573358,-0.5571652789088508
WingCAD fine,0.163,upper,0.12241476563199266,-0.6009421048551224
WingCAD fine,0.163,upper,0.12746341135569333,-0.552504429506151
WingCAD fine,0.163,upper,0.1326968385725192,-0.592883435390217
WingCAD fine,0.163,upper,0.13798570953173692,-0.5475725589115683
WingCAD fine,0.163,upper,0.14345779355922178,-0.5847093226902087
WingCAD fine,0.163,upper,0.14898465908997502,-0.5424397263113676
WingCAD fine,0.163,upper,0.1546925493291101,-0.5766920334002912
WingCAD fine,0.163,upper,0.16045437346912286,-0.5372032594952703
WingCAD fine,0.163,upper,0.16639442142731858,-0.5690172486048686
WingCAD fine,0.163,upper,0.17238737318875433,-0.5319768849116089
WingCAD fine,0.163,upper,0.17855514482519283,-0.5618492524702574
WingCAD fine,0.163,upper,0.18477461115750884,-0.5269620082085231
WingCAD fine,0.163,upper,0.19116490188652507,-0.5554532604166442
WingCAD fine,0.163,upper,0.19760550328556956,-0.522567103895442
WingCAD fine,0.163,upper,0.2042123555873272,-0.5501938138528726
WingCAD fine,0.163,upper,0.2108679642978819,-0.5191233501413988
WingCAD fine,0.163,upper,0.21768468787673415,-0.5458288246392866
WingCAD fine,0.163,upper,0.22454844862689805,-0.5161484367056548
WingCAD fine,0.163,upper,0.23156764304922853,-0.5414477846998349
WingCAD fine,0.163,upper,0.2386319962464872,-0.512758880427981
WingCAD fine,0.163,upper,0.24584557598143633,-0.5364375927515428
WingCAD fine,0.163,upper,0.25310228329193035,-0.5085017348480698
WingCAD fine,0.163,upper,0.2605015050702721,-0.5304505053298723
WingCAD fine,0.163,upper,0.2679416772947113,-0.5029860324803164
WingCAD fine,0.163,upper,0.27551716969330803,-0.522845134354937
WingCAD fine,0.163,upper,0.2831312968452078,-0.4954355233335306
WingCAD fine,0.163,upper,0.29087309199693995,-0.5125226388268966
WingCAD fine,0.163,upper,0.29865107548140507,-0.4847167764340105
WingCAD fine,0.163,upper,0.30654864280327837,-0.49847363673778533
WingCAD fine,0.163,upper,0.31447982958745246,-0.4701396967991622
WingCAD fine,0.163,upper,0.3225221114127601,-0.48090291577563504
WingCAD fine,0.163,upper,0.33059533007231673,-0.4526184583006238
WingCAD fine,0.163,upper,0.33877077906627495,-0.4616529533814362
WingCAD fine,0.163,upper,0.34697437758597693,-0.43395771114835086
WingCAD fine,0.163,upper,0.35527099581826077,-0.4415910421727956
WingCAD fine,0.163,upper,0.3635928810186982,-0.414659535652117
WingCAD fine,0.163,upper,0.3719982605606341,-0.42110299560889075
WingCAD fine,0.163,upper,0.3804259390177113,-0.3952324721367715
WingCAD fine,0.163,upper,0.38892730392678143,-0.40085296142765325
WingCAD fine,0.163,upper,0.3974479242455103,-0.3762626089103476
WingCAD fine,0.163,upper,0.40603217379509804,-0.38123239621770266
WingCAD fine,0.163,upper,0.41463257009465093,-0.35795387113245924
WingCAD fine,0.163,upper,0.4232863231027525,-0.36229460651407086
WingCAD fine,0.163,upper,0.43195305956563457,-0.34026248750268717
WingCAD fine,0.163,upper,0.4406626996725435,-0.3439131655788774
WingCAD fine,0.163,upper,0.44938211600714745,-0.3230151566899506
WingCAD fine,0.163,upper,0.4581338377489053,-0.32592125528461824
WingCAD fine,0.163,upper,0.46689209541161286,-0.30606200289578656
WingCAD fine,0.163,upper,0.47567195093332976,-0.3082562052624285
WingCAD fine,0.163,upper,0.4844550799537633,-0.28939412088419814
WingCAD fine,0.163,upper,0.4932490262047437,-0.29096293618358726
WingCAD fine,0.163,upper,0.5020429724557239,-0.27303172959751243
WingCAD fine,0.163,upper,0.5108369187067042,-0.2739557558463406
WingCAD fine,0.163,upper,0.519627591458968,-0.2569000640348884
WingCAD fine,0.163,upper,0.528407446980685,-0.25725216288193065
WingCAD fine,0.163,upper,0.5371807665814522,-0.24105600966330834
WingCAD fine,0.163,upper,0.5459324883232103,-0.24088149795919309
WingCAD fine,0.163,upper,0.5546744338372731,-0.2255081659491245
WingCAD fine,0.163,upper,0.5633840739441819,-0.22483345362817686
WingCAD fine,0.163,upper,0.5720807305963099,-0.21025067683275767
WingCAD fine,0.163,upper,0.5807344836044114,-0.2091108760460136
WingCAD fine,0.163,upper,0.5893720898625477,-0.19529239110780083
WingCAD fine,0.163,upper,0.5979563394121354,-0.1937247456001321
WingCAD fine,0.163,upper,0.6065213335520644,-0.18064192524176526
WingCAD fine,0.163,upper,0.6150226984611346,-0.17868038939424546
WingCAD fine,0.163,upper,0.6235017644550632,-0.1663015250555797
WingCAD fine,0.163,upper,0.631907143996999,-0.1639853631579744
WingCAD fine,0.163,upper,0.6402872565707813,-0.15228670537355793
WingCAD fine,0.163,upper,0.6485838748030661,-0.14968068624605002
WingCAD fine,0.163,upper,0.6568523435096065,-0.13863585717908355
WingCAD fine,0.163,upper,0.6650277925035644,-0.13580215341419533
WingCAD fine,0.163,upper,0.6731723046632727,-0.12536054817136333
WingCAD fine,0.163,upper,0.6812145864885767,-0.12238386062612984
WingCAD fine,0.163,upper,0.6892232488515816,-0.11251893836867975
WingCAD fine,0.163,upper,0.697120816173458,-0.10959032995625684
WingCAD fine,0.163,upper,0.7049821951626006,-0.10025296380257687
WingCAD fine,0.163,upper,0.712723990314333,-0.09747792016031642
WingCAD fine,0.163,upper,0.7204271507127622,-0.0885276026394497
WingCAD fine,0.163,upper,0.7280026431113592,-0.08594407391641967
WingCAD fine,0.163,upper,0.7355371850638588,-0.07719874383951297
WingCAD fine,0.163,upper,0.7429364068422006,-0.07486415027487592
WingCAD fine,0.163,upper,0.7502925010449977,-0.06612899216285162
WingCAD fine,0.163,upper,0.757506080779947,-0.06416890252573415
WingCAD fine,0.163,upper,0.7646745017399686,-0.05523648832294281
WingCAD fine,0.163,upper,0.7716936961623004,-0.05384214078402239
WingCAD fine,0.163,upper,0.77866585341332,-0.04447638031918433
WingCAD fine,0.163,upper,0.7854825769921704,-0.04388342367590736
WingCAD fine,0.163,upper,0.7922505441622247,-0.033815212481460355
WingCAD fine,0.163,upper,0.7988573964639829,-0.0343030884175195
WingCAD fine,0.163,upper,0.8054139380957127,-0.023236871856608943
WingCAD fine,0.163,upper,0.8118042288247285,-0.025118897363118453
WingCAD fine,0.163,upper,0.8181428248578669,-0.012718013365156322
WingCAD fine,0.163,upper,0.8243105964943042,-0.016308020716039984
WingCAD fine,0.163,upper,0.830425464327502,-0.0022043806798683896
WingCAD fine,0.163,upper,0.8363655122856994,-0.007850473616900722
WingCAD fine,0.163,upper,0.8422516263430186,0.008328086441579119
WingCAD fine,0.163,upper,0.8479595165821531,0.0002443773786611203
WingCAD fine,0.163,upper,0.8536126253180191,0.018871675691764622
WingCAD fine,0.163,upper,0.8590847093455038,0.007951205598071165
WingCAD fine,0.163,upper,0.8645013496305968,0.02939638891247276
WingCAD fine,0.163,upper,0.8697347768474226,0.01523378483077198
WingCAD fine,0.163,upper,0.8749122856868065,0.03984548777334895
WingCAD fine,0.163,upper,0.8799050130330658,0.022038790259467866
WingCAD fine,0.163,upper,0.8848415365769214,0.05012413492605816
WingCAD fine,0.163,upper,0.8895923354448725,0.028293840532463862
WingCAD fine,0.163,upper,0.894286835261338,0.06009179218164906
WingCAD fine,0.163,upper,0.8987952956526463,0.033915835126433924
WingCAD fine,0.163,upper,0.903247552241551,0.06956993137809853
WingCAD fine,0.163,upper,0.9075140841545509,0.038840618955924944
WingCAD fine,0.163,upper,0.9117246976901094,0.07838877360043306
WingCAD fine,0.163,upper,0.9157505297325431,0.04309273090950139
WingCAD fine,0.163,upper,0.9197209180325848,0.08641517577168256
WingCAD fine,0.163,upper,0.9235080932643589,0.04674905575270649
WingCAD fine,0.163,upper,0.9272404869928651,0.09349459202304256
WingCAD fine,0.163,upper,0.9307918560129901,0.04990612448956122
WingCAD fine,0.163,upper,0.9342892911322367,0.09946389663881061
WingCAD fine,0.163,upper,0.9376085024332993,0.05268518487769236
WingCAD fine,0.163,upper,0.9408748099311218,0.1041814533051766
WingCAD fine,0.163,upper,0.9439662975539431,0.05521784700441156
WingCAD fine,0.163,upper,0.9470060904808868,0.10755526083736523
WingCAD fine,0.163,upper,0.9498750590111298,0.05762350907466818
WingCAD fine,0.163,upper,0.9526937168713446,0.10958863985456901
WingCAD fine,0.163,upper,0.955346123828846,0.05999777975969622
WingCAD fine,0.163,upper,0.9579497743775506,0.11043499140168833
WingCAD fine,0.163,upper,0.9603923100579578,0.062411443039561254
WingCAD fine,0.163,upper,0.9627878085670529,0.1104251056090093
WingCAD fine,0.163,upper,0.9650278734039799,0.06491665364272803
WingCAD fine,0.163,upper,0.9672227794659797,0.11002074568606801
WingCAD fine,0.163,upper,0.9692684589902913,0.06755408593318124
WingCAD fine,0.163,upper,0.9712710109390577,0.10969335628663524
WingCAD fine,0.163,upper,0.9731310484199751,0.0703574952394369
WingCAD fine,0.163,upper,0.9749501354547949,0.10979878449573745
WingCAD fine,0.163,upper,0.9766339023154575,0.07335095608608289
WingCAD fine,0.163,upper,0.978279034422817,0.11052181892916714
WingCAD fine,0.163,upper,0.979796498530344,0.07654687948147643
WingCAD fine,0.163,upper,0.9812777743051375,0.11191381787033784
WingCAD fine,0.163,upper,0.9826394662425229,0.0799676114278367
WingCAD fine,0.163,upper,0.9839675387176077,0.11394954946304027
WingCAD fine,0.163,upper,0.9851845161515604,0.08361955889056061
WingCAD fine,0.163,upper,0.9863705567512643,0.11655666511214913
WingCAD fine,0.163,upper,0.9874543670165653,0.08750048527993015
WingCAD fine,0.163,upper,0.9885100277561225,0.11967407011970412
WingCAD fine,0.163,upper,0.9894726687830979,0.09162597125389482
WingCAD fine,0.163,upper,0.9904100428419195,0.12327228318095752
WingCAD fine,0.163,upper,0.9912639225592431,0.09603042959945529
WingCAD fine,0.163,upper,0.9920955033614253,0.1273574611965368
WingCAD fine,0.163,upper,0.9928533977116151,0.10077303721161213
WingCAD fine,0.163,upper,0.9935920366521453,0.13198098445940898
WingCAD fine,0.163,upper,0.9942670463618161,0.10595379168372643
WingCAD fine,0.163,upper,0.9949259093215221,0.137241227223589
WingCAD fine,0.163,upper,0.9955314155726802,0.11170071349055599
WingCAD fine,0.163,upper,0.9961239383690575,0.14315774284183114
WingCAD fine,0.163,upper,0.9966735575214077,0.11781029388856457
WingCAD fine,0.163,upper,0.9972134004460627,0.1485088997182743
WingCAD fine,0.163,upper,0.997720937963564,0.12029455828875847
WingCAD fine,0.163,upper,0.9982219395601157,0.1394883920273049
WingCAD fine,0.163,upper,0.9987013432976581,0.05693333638380105
WingCAD fine,0.163,upper,0.9991774735364838,0.09806082851952158
WingCAD fine,0.163,upper,0.9996427865447625,-0.1352305048608311
WingCAD fine,0.163,lower,0.00010809955304188912,0.30748958614930266
WingCAD fine,0.163,lower,0.0005734125613205786,0.29797156258065116
WingCAD fine,0.163,lower,0.001041999068315914,0.4414717172801441
WingCAD fine,0.163,lower,0.0015214028058582695,0.3682766573581364
WingCAD fine,0.163,lower,0.0020073424643503343,0.45891138074293625
WingCAD fine,0.163,lower,0.002514879981851865,0.4113741403691432
WingCAD fine,0.163,lower,0.0030321937270485076,0.47981285601322177
WingCAD fine,0.163,lower,0.0035818128793989735,0.4382111778735286
WingCAD fine,0.163,lower,0.004144415486530058,0.48775878394621935
WingCAD fine,0.163,lower,0.004749921737687464,0.45273895033362177
WingCAD fine,0.163,lower,0.00537157473881014,0.4869052091210087
WingCAD fine,0.163,lower,0.006046584448481892,0.4592101697282265
WingCAD fine,0.163,lower,0.006740849567812426,0.4794792222909999
WingCAD fine,0.163,lower,0.0074987439180014695,0.4598467930859162
WingCAD fine,0.163,lower,0.008278937183331881,0.4668496352612813
WingCAD fine,0.163,lower,0.009132816900655214,0.45602280242597565
WingCAD fine,0.163,lower,0.010011963586131933,0.4500010009110414
WingCAD fine,0.163,lower,0.010974604613106457,0.44870700670648794
WingCAD fine,0.163,lower,0.011965395165824922,0.4297864506082929
WingCAD fine,0.163,lower,0.013049205431126394,0.4386289905678752
WingCAD fine,0.163,lower,0.014163952530677053,0.4070030622032397
WingCAD fine,0.163,lower,0.015380929964630282,0.4262788688203037
WingCAD fine,0.163,lower,0.016631526860883664,0.38230916869247433
WingCAD fine,0.163,lower,0.01799321879826867,0.41182333727420684
WingCAD fine,0.163,lower,0.01939109906838691,0.3561729963805301
WingCAD fine,0.163,lower,0.020908563175913837,0.3952890721728467
WingCAD fine,0.163,lower,0.022464662036743823,0.3293540925606063
WingCAD fine,0.163,lower,0.02414842889740618,0.37682422436552265
WingCAD fine,0.163,lower,0.02587314620416597,0.30287440754650574
WingCAD fine,0.163,lower,0.02773318368508353,0.3558511543035755
WingCAD fine,0.163,lower,0.029636348741545724,0.2769302367363706
WingCAD fine,0.163,lower,0.03168202826585568,0.33196632937387216
WingCAD fine,0.163,lower,0.033772866565093665,0.25207905109751827
WingCAD fine,0.163,lower,0.036012931402022295,0.3050092844372293
WingCAD fine,0.163,lower,0.03830003341026273,0.2286437202341841
WingCAD fine,0.163,lower,0.04074256909067007,0.2751069517931177
WingCAD fine,0.163,lower,0.043233861179874204,0.2066153450374525
WingCAD fine,0.163,lower,0.04588626813737569,0.24282624018520158
WingCAD fine,0.163,lower,0.048588985764905404,0.18575489322295857
WingCAD fine,0.163,lower,0.05145795429514865,0.20914975099756128
WingCAD fine,0.163,lower,0.05437861752126953,0.16569393005792354
WingCAD fine,0.163,lower,0.057470105144090636,0.1752974582016661
WingCAD fine,0.163,lower,0.06061449657015154,0.14606415508911497
WingCAD fine,0.163,lower,0.06393370787121419,0.14248445627632056
WingCAD fine,0.163,lower,0.06730685307315483,0.12660444074833843
WingCAD fine,0.163,lower,0.07085822209327956,0.1117012803263785
WingCAD fine,0.163,lower,0.07446437261667258,0.10720974969829322
WingCAD fine,0.163,lower,0.07825154784844697,0.08356415010513729
WingCAD fine,0.163,lower,0.08209416682261332,0.08790623549568999
WingCAD fine,0.163,lower,0.086119998865047,0.058280136210107185
WingCAD fine,0.163,lower,0.09020174928492229,0.06880978120822567
WingCAD fine,0.163,lower,0.09446828119792242,0.035760951579936084
WingCAD fine,0.163,lower,0.09879101691332534,0.05013298003507771
WingCAD fine,0.163,lower,0.10329947730462957,0.0157935505967719
WingCAD fine,0.163,lower,0.10786423674742092,0.032148056040692485
WingCAD fine,0.163,lower,0.11261503561537606,-0.0019510895445371546
WingCAD fine,0.163,lower,0.1174220382857338,0.015047815897609396
WingCAD fine,0.163,lower,0.12241476563199288,-0.017831512213597467
WingCAD fine,0.163,lower,0.12746341135569356,-0.0010390508190647463
WingCAD fine,0.163,lower,0.1326968385725192,-0.03219449536144259
WingCAD fine,0.163,lower,0.1379857095317367,-0.01607048754843521
WingCAD fine,0.163,lower,0.14345779355922167,-0.045360923897157734
WingCAD fine,0.163,lower,0.14898465908997502,-0.03008181641379459
WingCAD fine,0.163,lower,0.1546925493291101,-0.05760241445859826
WingCAD fine,0.163,lower,0.16045437346912286,-0.04315286039864574
WingCAD fine,0.163,lower,0.1663944214273187,-0.06913415785905053
WingCAD fine,0.163,lower,0.17238737318875455,-0.055392096420337815
WingCAD fine,0.163,lower,0.17855514482519283,-0.08014887009851845
WingCAD fine,0.163,lower,0.18477461115750884,-0.06697524431257373
WingCAD fine,0.163,lower,0.19116490188652507,-0.09089351451209304
WingCAD fine,0.163,lower,0.19760550328556956,-0.07822641032378419
WingCAD fine,0.163,lower,0.2042123555873272,-0.10167465717262258
WingCAD fine,0.163,lower,0.2108679642978819,-0.08945260110215858
WingCAD fine,0.163,lower,0.21768468787673403,-0.1124042201222617
WingCAD fine,0.163,lower,0.22454844862689782,-0.10043399762377758
WingCAD fine,0.163,lower,0.2315676430492283,-0.12254759114066438
WingCAD fine,0.163,lower,0.23863199624648698,-0.11063826011357512
WingCAD fine,0.163,lower,0.24584557598143633,-0.13174459051624177
WingCAD fine,0.163,lower,0.25310228329193035,-0.11978386813081364
WingCAD fine,0.163,lower,0.2605015050702721,-0.13978139047039462
WingCAD fine,0.163,lower,0.2679416772947113,-0.12761834616145884
WingCAD fine,0.163,lower,0.27551716969330803,-0.14621627920483782
WingCAD fine,0.163,lower,0.2831312968452078,-0.13360345278146912
WingCAD fine,0.163,lower,0.29087309199694017,-0.15025935223130382
WingCAD fine,0.163,lower,0.2986510754814053,-0.13690045841455412
WingCAD fine,0.163,lower,0.3065486428032785,-0.1511469748662302
WingCAD fine,0.163,lower,0.31447982958745246,-0.1369198975950212
WingCAD fine,0.163,lower,0.3225221114127601,-0.14895225339742146
WingCAD fine,0.163,lower,0.33059533007231673,-0.13420742593179025
WingCAD fine,0.163,lower,0.33877077906627495,-0.1449355653380624
WingCAD fine,0.163,lower,0.34697437758597693,-0.1300333963875664
WingCAD fine,0.163,lower,0.35527099581826077,-0.13968105327922253
WingCAD fine,0.163,lower,0.3635928810186982,-0.1247648282263847
WingCAD fine,0.163,lower,0.3719982605606341,-0.1334700884930229
WingCAD fine,0.163,lower,0.3804259390177113,-0.11879072501615949
WingCAD fine,0.163,lower,0.38892730392678143,-0.12681943744083002
WingCAD fine,0.163,lower,0.3974479242455103,-0.11258320345941163
WingCAD fine,0.163,lower,0.40603217379509804,-0.1200610230863499
WingCAD fine,0.163,lower,0.41463257009465093,-0.10634341089107434
WingCAD fine,0.163,lower,0.4232863231027525,-0.11328269538829193
WingCAD fine,0.163,lower,0.43195305956563457,-0.10008668996981496
WingCAD fine,0.163,lower,0.4406626996725435,-0.10643552395645339
WingCAD fine,0.163,lower,0.44938211600714745,-0.09372236475602058
WingCAD fine,0.163,lower,0.4581338377489053,-0.09943340956919333
WingCAD fine,0.163,lower,0.46689209541161286,-0.08716837954479661
WingCAD fine,0.163,lower,0.47567195093332976,-0.09226349997573458
WingCAD fine,0.163,lower,0.4844550799537632,-0.08044697134037726
WingCAD fine,0.163,lower,0.4932490262047437,-0.08499158176221111
WingCAD fine,0.163,lower,0.5020429724557242,-0.0736019034288089
WingCAD fine,0.163,lower,0.5108369187067042,-0.07757559920207857
WingCAD fine,0.163,lower,0.5196275914589678,-0.06659668337681368
WingCAD fine,0.163,lower,0.5284074469806849,-0.07005327067867873
WingCAD fine,0.163,lower,0.5371807665814522,-0.05949775426077952
WingCAD fine,0.163,lower,0.5459324883232103,-0.06246923108834124
WingCAD fine,0.163,lower,0.5546744338372731,-0.05233155805101619
WingCAD fine,0.163,lower,0.5633840739441817,-0.05483457796810631
WingCAD fine,0.163,lower,0.5720807305963096,-0.045110575264392105
WingCAD fine,0.163,lower,0.5807344836044113,-0.047169424753653155
WingCAD fine,0.163,lower,0.5893720898625479,-0.03785754782001005
WingCAD fine,0.163,lower,0.5979563394121354,-0.0394994100292263
WingCAD fine,0.163,lower,0.6065213335520644,-0.030593819450992266
WingCAD fine,0.163,lower,0.6150226984611346,-0.03184402294517219
WingCAD fine,0.163,lower,0.6235017644550632,-0.023333728584841618
WingCAD fine,0.163,lower,0.631907143996999,-0.024223578817713642
WingCAD fine,0.163,lower,0.6402872565707816,-0.01610159875122985
WingCAD fine,0.163,lower,0.6485838748030661,-0.016685983430988482
WingCAD fine,0.163,lower,0.656852343509607,-0.008940521185853534
WingCAD fine,0.163,lower,0.6650277925035646,-0.00927473315427818
WingCAD fine,0.163,lower,0.6731723046632738,-0.0018704308570058892
WingCAD fine,0.163,lower,0.6812145864885828,-0.0020320317350215333
WingCAD fine,0.163,lower,0.6892232488515903,0.005049091087213076
WingCAD fine,0.163,lower,0.6971208161734618,0.004887085275112502
WingCAD fine,0.163,lower,0.7049821951626011,0.011684317561058477
WingCAD fine,0.163,lower,0.7127239903143332,0.011418476953686252
WingCAD fine,0.163,lower,0.7204271507127626,0.018052921072122752
WingCAD fine,0.163,lower,0.7280026431113596,0.01763519952178727
WingCAD fine,0.163,lower,0.7355371850638592,0.02426978751919784
WingCAD fine,0.163,lower,0.7429364068422009,0.023632340454116774
WingCAD fine,0.163,lower,0.7502925010449977,0.030448012968643967
WingCAD fine,0.163,lower,0.757506080779947,0.02945894483536526
WingCAD fine,0.163,lower,0.7646745017399686,0.036654536267214266
WingCAD fine,0.163,lower,0.7716936961622995,0.03511943858171829
WingCAD fine,0.163,lower,0.7786658534133182,0.042925466246031
WingCAD fine,0.163,lower,0.7854825769921682,0.04060484105301865
WingCAD fine,0.163,lower,0.7922505441622221,0.04928711773363503
WingCAD fine,0.163,lower,0.7988573964639815,0.04589710868364649
WingCAD fine,0.163,lower,0.8054139380957123,0.05575082484215044
WingCAD fine,0.163,lower,0.8118042288247285,0.05097169549856251
WingCAD fine,0.163,lower,0.8181428248578665,0.062334191793260274
WingCAD fine,0.163,lower,0.8243105964943024,0.055840228095931255
WingCAD fine,0.163,lower,0.8304254643274995,0.06908223659014845
WingCAD fine,0.163,lower,0.8363655122856983,0.060512685373125145
WingCAD fine,0.163,lower,0.8422516263430186,0.07601255715465283
WingCAD fine,0.163,lower,0.8479595165821531,0.06497288049677652
WingCAD fine,0.163,lower,0.8536126253180193,0.0831127280404459
WingCAD fine,0.163,lower,0.8590847093455045,0.069189983759536
WingCAD fine,0.163,lower,0.8645013496305974,0.09034816989404082
WingCAD fine,0.163,lower,0.8697347768474228,0.07312275261010281
WingCAD fine,0.163,lower,0.8749122856868065,0.09765739613949376
WingCAD fine,0.163,lower,0.8799050130330658,0.07671400810095119
WingCAD fine,0.163,lower,0.8848415365769214,0.10494126302355256
WingCAD fine,0.163,lower,0.8895923354448732,0.07988855326656918
WingCAD fine,0.163,lower,0.8942868352613389,0.11205552277878127
WingCAD fine,0.163,lower,0.8987952956526463,0.08256115061484492
WingCAD fine,0.163,lower,0.9032475522415503,0.11881847742182405
WingCAD fine,0.163,lower,0.9075140841545507,0.08466435559645724
WingCAD fine,0.163,lower,0.9117246976901094,0.1250552670831534
WingCAD fine,0.163,lower,0.9157505297325431,0.08621418030053962
WingCAD fine,0.163,lower,0.9197209180325848,0.13062389079451409
WingCAD fine,0.163,lower,0.9235080932643589,0.08727882436489598
WingCAD fine,0.163,lower,0.9272404869928651,0.1353629271998138
WingCAD fine,0.163,lower,0.9307918560129901,0.08794825244621363
WingCAD fine,0.163,lower,0.9342892911322367,0.13910461936447682
WingCAD fine,0.163,lower,0.9376085024332993,0.08833789821805538
WingCAD fine,0.163,lower,0.9408748099311223,0.14170372979851342
WingCAD fine,0.163,lower,0.9439662975539433,0.08857486790881719
WingCAD fine,0.163,lower,0.9470060904808868,0.1430656469378918
WingCAD fine,0.163,lower,0.9498750590111298,0.08877567612955783
WingCAD fine,0.163,lower,0.9526937168713446,0.14319085752265892
WingCAD fine,0.163,lower,0.955346123828846,0.08903455423917728
WingCAD fine,0.163,lower,0.9579497743775506,0.14222869515376546
WingCAD fine,0.163,lower,0.9603923100579578,0.08942237381128848
WingCAD fine,0.163,lower,0.9627878085670538,0.14050383495966678
WingCAD fine,0.163,lower,0.9650278734039849,0.08999221784422862
WingCAD fine,0.163,lower,0.9672227794659868,0.13847030922589276
WingCAD fine,0.163,lower,0.9692684589902945,0.09078633131182223
WingCAD fine,0.163,lower,0.9712710109390581,0.1365920850528488
WingCAD fine,0.163,lower,0.9731310484199756,0.09183999008436106
WingCAD fine,0.163,lower,0.9749501354547954,0.1352196733394515
WingCAD fine,0.163,lower,0.976633902315458,0.09317920395516988
WingCAD fine,0.163,lower,0.9782790344228175,0.13453570316150876
WingCAD fine,0.163,lower,0.9797964985303442,0.09481792515238752
WingCAD fine,0.163,lower,0.9812777743051375,0.13459121963422194
WingCAD fine,0.163,lower,0.9826394662425231,0.09677890795306254
WingCAD fine,0.163,lower,0.9839675387176081,0.1353606456236539
WingCAD fine,0.163,lower,0.9851845161515609,0.09906998171262293
WingCAD fine,0.163,lower,0.9863705567512647,0.13677197296431176
WingCAD fine,0.163,lower,0.9874543670165653,0.10168986456471264
WingCAD fine,0.163,lower,0.9885100277561223,0.13876297619822608
WingCAD fine,0.163,lower,0.9894726687830979,0.10465441218165672
WingCAD fine,0.163,lower,0.9904100428419199,0.14130178992284403
WingCAD fine,0.163,lower,0.9912639225592433,0.10800005022703851
WingCAD fine,0.163,lower,0.9920955033614253,0.14439214116696875
WingCAD fine,0.163,lower,0.9928533977116151,0.11178826212317693
WingCAD fine,0.163,lower,0.9935920366521453,0.14808613680827698
WingCAD fine,0.163,lower,0.9942670463618165,0.11612418877619457
WingCAD fine,0.163,lower,0.9949259093215224,0.15249652539644942
WingCAD fine,0.163,lower,0.99553141557268,0.12113579027688505
WingCAD fine,0.163,lower,0.9961239383690567,0.15769835694646117
WingCAD fine,0.163,lower,0.9966735575214073,0.12658019606061177
WingCAD fine,0.163,lower,0.9972134004460629,0.16265842519816753
WingCAD fine,0.163,lower,0.9977209379635644,0.1282962116937335
WingCAD fine,0.163,lower,0.9982219395601162,0.15375395364444844
WingCAD fine,0.163,lower,0.9987013432976581,0.06421647742244652
WingCAD fine,0.163,lower,0.9991774735364838,0.11054614682084096
WingCAD fine,0.163,lower,0.9996427865447625,-0.1352305048608311
FLOWPanel tutorial,0.245,upper,0.001140158494891513,-0.20212358460841084
FLOWPanel tutorial,0.245,upper,0.0024044105864780125,-0.18902248848841197
FLOWPanel tutorial,0.245,upper,0.00633607262448084,-0.25060232712034414
FLOWPanel tutorial,0.245,upper,0.010558052627567361,-0.5023340633679061
FLOWPanel tutorial,0.245,upper,0.019183358462611298,-0.6546235322618319
FLOWPanel tutorial,0.245,upper,0.0282879174386478,-0.6018847607152094
FLOWPanel tutorial,0.245,upper,0.04120014779920764,-0.6623561433141925
FLOWPanel tutorial,0.245,upper,0.05452680092577211,-0.5569960021993365
FLOWPanel tutorial,0.245,upper,0.07141719292203166,-0.6146077671935191
FLOWPanel tutorial,0.245,upper,0.08869545833764661,-0.5190834408867624
FLOWPanel tutorial,0.245,upper,0.10950602965980362,-0.5811961124172809
FLOWPanel tutorial,0.245,upper,0.13070105327217493,-0.4640084848860408
FLOWPanel tutorial,0.245,upper,0.15532753818868708,-0.5180754120987383
FLOWPanel tutorial,0.245,upper,0.18032749957979216,-0.45807329062097724
FLOWPanel tutorial,0.245,upper,0.2087524050204423,-0.4881170821014824
FLOWPanel tutorial,0.245,upper,0.23755007760486235,-0.46732459331919496
FLOWPanel tutorial,0.245,upper,0.2690180357386841,-0.4625830674458724
FLOWPanel tutorial,0.245,upper,0.30077662481505607,-0.4359066500114736
FLOWPanel tutorial,0.245,upper,0.33254179261909533,-0.4126785312525527
FLOWPanel tutorial,0.245,upper,0.36430767644461903,-0.3847642884538547
FLOWPanel tutorial,0.245,upper,0.3960472030088429,-0.3464817684685624
FLOWPanel tutorial,0.245,upper,0.4277838608777329,-0.32519501299465814
FLOWPanel tutorial,0.245,upper,0.4594857508634984,-0.28131163631976386
FLOWPanel tutorial,0.245,upper,0.4911838567511003,-0.2684831794524234
FLOWPanel tutorial,0.245,upper,0.5228483645269262,-0.21998570626336567
FLOWPanel tutorial,0.245,upper,0.5545092155212158,-0.2163475306851321
FLOWPanel tutorial,0.245,upper,0.5861421888592985,-0.16210234644091637
FLOWPanel tutorial,0.245,upper,0.6177721280239382,-0.16882949781578116
FLOWPanel tutorial,0.245,upper,0.6493820245794242,-0.10750800727153666
FLOWPanel tutorial,0.245,upper,0.6809897397193718,-0.12542866885034765
FLOWPanel tutorial,0.245,upper,0.7125854184978773,-0.05562057140530063
FLOWPanel tutorial,0.245,upper,0.7441797872520405,-0.08532509111146802
FLOWPanel tutorial,0.245,upper,0.7731792569912084,-0.015567763293605541
FLOWPanel tutorial,0.245,upper,0.8018963007753249,-0.056633509683508665
FLOWPanel tutorial,0.245,upper,0.8272830900561116,0.011647049424460487
FLOWPanel tutorial,0.245,upper,0.8523074180992032,-0.03377026584340248
FLOWPanel tutorial,0.245,upper,0.8740028521965725,0.02741913941648066
FLOWPanel tutorial,0.245,upper,0.8953359731378403,-0.013317211264843865
FLOWPanel tutorial,0.245,upper,0.9133400091786233,0.03672184678310897
FLOWPanel tutorial,0.245,upper,0.9309817112799993,0.006789310229371904
FLOWPanel tutorial,0.245,upper,0.9452937645344089,0.04956406053966511
FLOWPanel tutorial,0.245,upper,0.9592434224700962,0.028442426686209887
FLOWPanel tutorial,0.245,upper,0.9698630303063928,0.0724673007522395
FLOWPanel tutorial,0.245,upper,0.9801201991520943,0.05166720123495805
FLOWPanel tutorial,0.245,upper,0.9870471924429528,0.10766911083439479
FLOWPanel tutorial,0.245,upper,0.9936117330887828,0.08171635405756883
FLOWPanel tutorial,0.245,upper,0.9968461408773673,0.2972621276026174
FLOWPanel tutorial,0.245,upper,0.9997181006680832,0.2972621276026174
FLOWPanel tutorial,0.245,lower,0.00012409359669442893,0.1558746378542779
FLOWPanel tutorial,0.245,lower,0.0013883456882808167,0.31792092481013634
FLOWPanel tutorial,0.245,lower,0.002942915744951009,0.39903561123489084
FLOWPanel tutorial,0.245,lower,0.00716489574803753,0.4511073696636622
FLOWPanel tutorial,0.245,lower,0.011866128892116504,0.3947264120000541
FLOWPanel tutorial,0.245,lower,0.020970687868152895,0.3312746201570447
FLOWPanel tutorial,0.245,lower,0.030489669610194045,0.27878867464203827
FLOWPanel tutorial,0.245,lower,0.04381632273675863,0.19982348129510286
FLOWPanel tutorial,0.245,lower,0.057530849282678716,0.19149650886638092
FLOWPanel tutorial,0.245,lower,0.07480911469829377,0.09872153856762844
FLOWPanel tutorial,0.245,lower,0.09247183240412311,0.12386112713881137
FLOWPanel tutorial,0.245,lower,0.11366685601649444,0.0396171593865412
FLOWPanel tutorial,0.245,lower,0.13523535610345883,0.0700912698538867
FLOWPanel tutorial,0.245,lower,0.16023531749456382,-0.0021873590471839233
FLOWPanel tutorial,0.245,lower,0.1856080460294389,0.007458505615479006
FLOWPanel tutorial,0.245,lower,0.2144057186138591,-0.039453860048092704
FLOWPanel tutorial,0.245,lower,0.24349402214082946,-0.040569186034915994
FLOWPanel tutorial,0.245,lower,0.2752526112172013,-0.057713652770968966
FLOWPanel tutorial,0.245,lower,0.30701191631505764,-0.06411957681038238
FLOWPanel tutorial,0.245,lower,0.33877780014058134,-0.06360739650212022
FLOWPanel tutorial,0.245,lower,0.37054081527077154,-0.06259339215659199
FLOWPanel tutorial,0.245,lower,0.40227747313966167,-0.05228607192955015
FLOWPanel tutorial,0.245,lower,0.43401034691038876,-0.05041590627792658
FLOWPanel tutorial,0.245,lower,0.46570845279799067,-0.033390619427101864
FLOWPanel tutorial,0.245,lower,0.49740290190405645,-0.03399905169276107
FLOWPanel tutorial,0.245,lower,0.5290637528983461,-0.010103294408362329
FLOWPanel tutorial,0.245,lower,0.5607215697191928,-0.015721059450423125
FLOWPanel tutorial,0.245,lower,0.5923515088838323,0.01639877747977292
FLOWPanel tutorial,0.245,lower,0.6239792666329333,0.003188264970717669
FLOWPanel tutorial,0.245,lower,0.6555869817728812,0.04614223660554051
FLOWPanel tutorial,0.245,lower,0.6871933868884863,0.0230041219073992
FLOWPanel tutorial,0.245,lower,0.7187877556426495,0.07858774472788799
FLOWPanel tutorial,0.245,lower,0.7500996984417609,0.032036852627337686
FLOWPanel tutorial,0.245,lower,0.7788167422258773,0.09776512415946714
FLOWPanel tutorial,0.245,lower,0.8071713247722988,0.037758415183295146
FLOWPanel tutorial,0.245,lower,0.8321956528153907,0.1087782575326588
FLOWPanel tutorial,0.245,lower,0.856857667702381,0.04444505751391559
FLOWPanel tutorial,0.245,lower,0.878190788643649,0.11283462947111655
FLOWPanel tutorial,0.245,lower,0.8991615756455096,0.05277353125566597
FLOWPanel tutorial,0.245,lower,0.9168032777468853,0.11345144588707379
FLOWPanel tutorial,0.245,lower,0.9340825845295387,0.06411629608413727
FLOWPanel tutorial,0.245,lower,0.9480322424652263,0.11766681687470493
FLOWPanel tutorial,0.245,lower,0.9616194614103187,0.08161545917202939
FLOWPanel tutorial,0.245,lower,0.97187663025602,0.12672562664500486
FLOWPanel tutorial,0.245,lower,0.9817713464566934,0.10970787494668298
FLOWPanel tutorial,0.245,lower,0.9883358871025234,0.14573918186099044
FLOWPanel tutorial,0.245,lower,0.9945379797504849,0.2972621276026174
FLOWPanel tutorial,0.245,lower,0.9974099395412007,0.2972621276026174
FLOWPanel refined 1,0.245,upper,0.0006055112856978025,-0.09171658837861929
FLOWPanel refined 1,0.245,upper,0.0014161357655625038,-0.10279796931641337
FLOWPanel refined 1,0.245,upper,0.002992394793218881,-0.14330526392491016
FLOWPanel refined 1,0.245,upper,0.00482800777739324,-0.2993592152157545
FLOWPanel refined 1,0.245,upper,0.008022139502258102,-0.4342052980744193
FLOWPanel refined 1,0.245,upper,0.011676461028403537,-0.5699325425579436
FLOWPanel refined 1,0.245,upper,0.0169692765178339,-0.6916725898566864
FLOWPanel refined 1,0.245,upper,0.022817121679494158,-0.5986713277961626
FLOWPanel refined 1,0.245,upper,0.030034605766314684,-0.6786211289511488
FLOWPanel refined 1,0.245,upper,0.03771604654796548,-0.550421535097761
FLOWPanel refined 1,0.245,upper,0.046673742105381416,-0.6425190856836511
FLOWPanel refined 1,0.245,upper,0.056063761055954356,-0.515466174196695
FLOWPanel refined 1,0.245,upper,0.06670111168460043,-0.6231210414787951
FLOWPanel refined 1,0.245,upper,0.07776098818636908,-0.51538677693385
FLOWPanel refined 1,0.245,upper,0.09007370880758456,-0.6085007960756794
FLOWPanel refined 1,0.245,upper,0.10281082260726343,-0.5040985418086816
FLOWPanel refined 1,0.245,upper,0.1167735322455168,-0.559237341826109
FLOWPanel refined 1,0.245,upper,0.13115140487601376,-0.48707131039274354
FLOWPanel refined 1,0.245,upper,0.1467318392904423,-0.512089233920547
FLOWPanel refined 1,0.245,upper,0.16271963405390372,-0.48608295797210643
FLOWPanel refined 1,0.245,upper,0.17990817903969442,-0.4947815577646398
FLOWPanel refined 1,0.245,upper,0.1975034707192559,-0.4962228765498722
FLOWPanel refined 1,0.245,upper,0.21630531309326492,-0.4945771011268294
FLOWPanel refined 1,0.245,upper,0.2355158670350147,-0.49411535509317983
FLOWPanel refined 1,0.245,upper,0.25618890764381197,-0.47836665615738827
FLOWPanel refined 1,0.245,upper,0.27735735654439475,-0.46461965508938957
FLOWPanel refined 1,0.245,upper,0.29853489269016614,-0.45101012867565843
FLOWPanel refined 1,0.245,upper,0.3197155070839086,-0.42951930495105817
FLOWPanel refined 1,0.245,upper,0.3408922336641873,-0.4090084568155418
FLOWPanel refined 1,0.245,upper,0.36206764327175756,-0.38703749331128945
FLOWPanel refined 1,0.245,upper,0.3832329670495983,-0.3644922578446952
FLOWPanel refined 1,0.245,upper,0.4043948743151453,-0.34448663179980477
FLOWPanel refined 1,0.245,upper,0.4255442587685743,-0.32109625150000953
FLOWPanel refined 1,0.245,upper,0.4466894011970337,-0.30383227940691526
FLOWPanel refined 1,0.245,upper,0.4678215251779254,-0.27965687711912746
FLOWPanel refined 1,0.245,upper,0.4889492392404114,-0.2655375680003438
FLOWPanel refined 1,0.245,upper,0.5100645096933188,-0.24003666234651777
FLOWPanel refined 1,0.245,upper,0.5311755649506258,-0.22959220328184737
FLOWPanel refined 1,0.245,upper,0.5522754778013178,-0.2018126301434402
FLOWPanel refined 1,0.245,upper,0.5733716162308465,-0.19599218122278583
FLOWPanel refined 1,0.245,upper,0.5944583862080768,-0.1646414462504946
FLOWPanel refined 1,0.245,upper,0.6155419826801706,-0.1647610894865401
FLOWPanel refined 1,0.245,upper,0.6366181996681128,-0.12821130058471408
FLOWPanel refined 1,0.245,upper,0.6576919169015483,-0.13584578263369607
FLOWPanel refined 1,0.245,upper,0.6787602606457899,-0.09206048470290362
FLOWPanel refined 1,0.245,upper,0.6998267841538802,-0.10894760438249664
FLOWPanel refined 1,0.245,upper,0.7208898115819112,-0.05462782648184161
FLOWPanel refined 1,0.245,upper,0.7419516547344962,-0.082606904751098
FLOWPanel refined 1,0.245,upper,0.7615816174943397,-0.023274232367090475
FLOWPanel refined 1,0.245,upper,0.7807265396480749,-0.0645699725666915
FLOWPanel refined 1,0.245,upper,0.79870091440877,0.005055673153134155
FLOWPanel refined 1,0.245,upper,0.8162787734968733,-0.04780360106637005
FLOWPanel refined 1,0.245,upper,0.8326867110723947,0.028272000123508497
FLOWPanel refined 1,0.245,upper,0.8486983449884499,-0.03448504870060898
FLOWPanel refined 1,0.245,upper,0.8635402720310711,0.04502369865852007
FLOWPanel refined 1,0.245,upper,0.8779859681219067,-0.023932736302952673
FLOWPanel refined 1,0.245,upper,0.8912619399639994,0.05422038219141589
FLOWPanel refined 1,0.245,upper,0.9041416749685288,-0.014993487933987248
FLOWPanel refined 1,0.245,upper,0.9158515676026564,0.05573775482173016
FLOWPanel refined 1,0.245,upper,0.9271651833862403,-0.006438495437576019
FLOWPanel refined 1,0.245,upper,0.9373088193795943,0.05265896531504277
FLOWPanel refined 1,0.245,upper,0.9470561319722899,0.002815136703997023
FLOWPanel refined 1,0.245,upper,0.9556333540891367,0.051674185470994116
FLOWPanel refined 1,0.245,upper,0.9638142153112582,0.013861947218944069
FLOWPanel refined 1,0.245,upper,0.9708249194869581,0.057730848425292414
FLOWPanel refined 1,0.245,upper,0.9774392402175642,0.027609346804237437
FLOWPanel refined 1,0.245,upper,0.9828833791896671,0.07273527269628866
FLOWPanel refined 1,0.245,upper,0.9879311263456116,0.04359232015042669
FLOWPanel refined 1,0.245,upper,0.991808697186574,0.0986930568588349
FLOWPanel refined 1,0.245,upper,0.995289878055337,0.055720813754835403
FLOWPanel refined 1,0.245,upper,0.997600899714132,0.28459100356387845
FLOWPanel refined 1,0.245,upper,0.9995155371949452,0.28459100356387845
FLOWPanel refined 1,0.245,lower,0.00020511319416667572,0.11026834960947716
FLOWPanel refined 1,0.245,lower,0.001015737674031377,0.25099942769524486
FLOWPanel refined 1,0.245,lower,0.0020857161104140595,0.311392995826015
FLOWPanel refined 1,0.245,lower,0.003921329094588418,0.4242760718380756
FLOWPanel refined 1,0.245,lower,0.006217131880043349,0.4069155324392482
FLOWPanel refined 1,0.245,lower,0.009871453406188785,0.4297784702717274
FLOWPanel refined 1,0.245,lower,0.01408080460456412,0.37969212843389055
FLOWPanel refined 1,0.245,lower,0.019928649766224382,0.33882049843774986
FLOWPanel refined 1,0.245,lower,0.0262404516227148,0.31552060299135953
FLOWPanel refined 1,0.245,lower,0.03392189240436571,0.2468254213205955
FLOWPanel refined 1,0.245,lower,0.04203565657917351,0.2611861207689161
FLOWPanel refined 1,0.245,lower,0.05142567552974645,0.1693567566739037
FLOWPanel refined 1,0.245,lower,0.061238220353441966,0.20821680280226385
FLOWPanel refined 1,0.245,lower,0.07229809685521062,0.10237181506754346
FLOWPanel refined 1,0.245,lower,0.08378236653544267,0.14780507422393485
FLOWPanel refined 1,0.245,lower,0.09651948033512155,0.05890189889823738
FLOWPanel refined 1,0.245,lower,0.10967175712704391,0.09590234463619995
FLOWPanel refined 1,0.245,lower,0.12404962975754087,0.03522077173645555
FLOWPanel refined 1,0.245,lower,0.13883486273707052,0.05048767309398883
FLOWPanel refined 1,0.245,lower,0.15482265750053184,0.010994849219642
FLOWPanel refined 1,0.245,lower,0.17121719895776405,0.005152251642369321
FLOWPanel refined 1,0.245,lower,0.1888124906373254,-0.021729831036910507
FLOWPanel refined 1,0.245,lower,0.2068164938846275,-0.034574701936399777
FLOWPanel refined 1,0.245,lower,0.22602704782637728,-0.05060967539751737
FLOWPanel refined 1,0.245,lower,0.2457330100599126,-0.05241589713425565
FLOWPanel refined 1,0.245,lower,0.2669014589604955,-0.06361083210547758
FLOWPanel refined 1,0.245,lower,0.2880729861090497,-0.07000023900455687
FLOWPanel refined 1,0.245,lower,0.30925360050279227,-0.07648028716568711
FLOWPanel refined 1,0.245,lower,0.3304328979238264,-0.07435193773524862
FLOWPanel refined 1,0.245,lower,0.3516083075313966,-0.07520828895254428
FLOWPanel refined 1,0.245,lower,0.372780300626673,-0.07015259878436919
FLOWPanel refined 1,0.245,lower,0.39394220789222,-0.06747472014694877
FLOWPanel refined 1,0.245,lower,0.4150998731327971,-0.061649154715969434
FLOWPanel refined 1,0.245,lower,0.4362450155612565,-0.05632639032197794
FLOWPanel refined 1,0.245,lower,0.45738574807130994,-0.05079388538168917
FLOWPanel refined 1,0.245,lower,0.47851346213379614,-0.043052713066234594
FLOWPanel refined 1,0.245,lower,0.4996369610006813,-0.03860455733547252
FLOWPanel refined 1,0.245,lower,0.5207480162579883,-0.02817395066041173
FLOWPanel refined 1,0.245,lower,0.5418552970941316,-0.025669240084967182
FLOWPanel refined 1,0.245,lower,0.5629514355236603,-0.011920778995786474
FLOWPanel refined 1,0.245,lower,0.5840444004480526,-0.012410286229582956
FLOWPanel refined 1,0.245,lower,0.6051279969201462,0.005673878504943386
FLOWPanel refined 1,0.245,lower,0.6262090936377328,0.0009301894460662652
FLOWPanel refined 1,0.245,lower,0.647282810871168,0.024963131109439374
FLOWPanel refined 1,0.245,lower,0.6683547078684517,0.014380553719541722
FLOWPanel refined 1,0.245,lower,0.6894212313765422,0.04736441949879644
FLOWPanel refined 1,0.245,lower,0.7104865706091863,0.029177687710312147
FLOWPanel refined 1,0.245,lower,0.7315484137617713,0.07243077319309821
FLOWPanel refined 1,0.245,lower,0.7521252163082485,0.031155143932174556
FLOWPanel refined 1,0.245,lower,0.7712701384619838,0.0848799295698166
FLOWPanel refined 1,0.245,lower,0.790018544943128,0.033581788674487134
FLOWPanel refined 1,0.245,lower,0.8075964040312315,0.10048725145078274
FLOWPanel refined 1,0.245,lower,0.8247779594598685,0.0359877795724608
FLOWPanel refined 1,0.245,lower,0.8407895933759237,0.11339145348805069
FLOWPanel refined 1,0.245,lower,0.8564049963401935,0.03714585369911905
FLOWPanel refined 1,0.245,lower,0.8708506924310292,0.12175752056349752
FLOWPanel refined 1,0.245,lower,0.8849001516843015,0.03779791319922887
FLOWPanel refined 1,0.245,lower,0.8977798866888309,0.12391289029869645
FLOWPanel refined 1,0.245,lower,0.9102633448428166,0.038835849237109255
FLOWPanel refined 1,0.245,lower,0.9215769606264007,0.11962628588632886
FLOWPanel refined 1,0.245,lower,0.9324942530093266,0.04088027454994869
FLOWPanel refined 1,0.245,lower,0.942241565602022,0.11255264442282466
FLOWPanel refined 1,0.245,lower,0.9515925172999924,0.04467487283961247
FLOWPanel refined 1,0.245,lower,0.959773378522114,0.10873190912176278
FLOWPanel refined 1,0.245,lower,0.9675578562991414,0.05180390091416608
FLOWPanel refined 1,0.245,lower,0.9741721770297472,0.11096870768678846
FLOWPanel refined 1,0.245,lower,0.9803901059441947,0.06509330644229949
FLOWPanel refined 1,0.245,lower,0.9854378531001391,0.11831932665037659
FLOWPanel refined 1,0.245,lower,0.9900892102838842,0.088800291836171
FLOWPanel refined 1,0.245,lower,0.9935703911526469,0.12540298688454266
FLOWPanel refined 1,0.245,lower,0.9966551878434277,0.28459100356387845
FLOWPanel refined 1,0.245,lower,0.9985698253242411,0.28459100356387845
FLOWPanel refined 2,0.245,upper,8.622421645679484e-05,-0.05113637268072569
FLOWPanel refined 2,0.245,upper,0.0006131947941169169,-0.049797496304230915
FLOWPanel refined 2,0.245,upper,0.0012037450632285444,-0.06633154576254885
FLOWPanel refined 2,0.245,upper,0.0021192912419012236,-0.13078628382411028
FLOWPanel refined 2,0.245,upper,0.003128535655248589,-0.2093085764181719
FLOWPanel refined 2,0.245,upper,0.00461673085157644,-0.32514130298433686
FLOWPanel refined 2,0.245,upper,0.006244036218653214,-0.4423366178269537
FLOWPanel refined 2,0.245,upper,0.008582421420180866,-0.5394540875549532
FLOWPanel refined 2,0.245,upper,0.01108499823476287,-0.6545122838894104
FLOWPanel refined 2,0.245,upper,0.014426861956984876,-0.5977629977224574
FLOWPanel refined 2,0.245,upper,0.01791183428406245,-0.6953348578954872
FLOWPanel refined 2,0.245,upper,0.022128324964553414,-0.5630257005629808
FLOWPanel refined 2,0.245,upper,0.026471986934844576,-0.6700659372642239
FLOWPanel refined 2,0.245,upper,0.03146570158792197,-0.5286367718970197
FLOWPanel refined 2,0.245,upper,0.03658155474670842,-0.6482188156224191
FLOWPanel refined 2,0.245,upper,0.042321734854071716,-0.506056896666236
FLOWPanel refined 2,0.245,upper,0.048180367146957934,-0.6251275784807273
FLOWPanel refined 2,0.245,upper,0.05464448328059151,-0.5130541028386655
FLOWPanel refined 2,0.245,upper,0.06122635505383181,-0.6128371441947442
FLOWPanel refined 2,0.245,upper,0.06841015018225523,-0.5407327603034038
FLOWPanel refined 2,0.245,upper,0.07571270518381616,-0.6048112032905661
FLOWPanel refined 2,0.245,upper,0.08362231681161471,-0.5541321354572839
FLOWPanel refined 2,0.245,upper,0.09164979731364052,-0.5816022900094853
FLOWPanel refined 2,0.245,upper,0.100279779984425,-0.5426375324815518
FLOWPanel refined 2,0.245,upper,0.10902534405154356,-0.5465128404713271
FLOWPanel refined 2,0.245,upper,0.11836171754494901,-0.5229813703222255
FLOWPanel refined 2,0.245,upper,0.1278120343551466,-0.5169125394571772
FLOWPanel refined 2,0.245,upper,0.13784478733377867,-0.5085283623840657
FLOWPanel refined 2,0.245,upper,0.1479908274439925,-0.500637529012242
FLOWPanel refined 2,0.245,upper,0.15871594954610393,-0.5035714440679866
FLOWPanel refined 2,0.245,upper,0.16955451552504908,-0.49730162575381703
FLOWPanel refined 2,0.245,upper,0.1809729647197514,-0.5054039273073179
FLOWPanel refined 2,0.245,upper,0.19250535676607888,-0.5007464509265704
FLOWPanel refined 2,0.245,upper,0.20462018260307968,-0.5067489755998271
FLOWPanel refined 2,0.245,upper,0.21684908042870288,-0.502424698959264
FLOWPanel refined 2,0.245,upper,0.22966107214565368,-0.5018551469758301
FLOWPanel refined 2,0.245,upper,0.24268540586080958,-0.4876976152347207
FLOWPanel refined 2,0.245,upper,0.2567951534757392,-0.4801393837090215
FLOWPanel refined 2,0.245,upper,0.27090635775561633,-0.4725002999782406
FLOWPanel refined 2,0.245,upper,0.2850250079689144,-0.4596069923789736
FLOWPanel refined 2,0.245,upper,0.29914398792281094,-0.4468276139199028
FLOWPanel refined 2,0.245,upper,0.31326465338890847,-0.43229963575788166
FLOWPanel refined 2,0.245,upper,0.3273849098741233,-0.41803796872863347
FLOWPanel refined 2,0.245,upper,0.34150307580005784,-0.4031621901045963
FLOWPanel refined 2,0.245,upper,0.3556203879105016,-0.3885563696056651
FLOWPanel refined 2,0.245,upper,0.3697333356313787,-0.3738368512138375
FLOWPanel refined 2,0.245,upper,0.3838451798015369,-0.3593748327746107
FLOWPanel refined 2,0.245,upper,0.39795138302784244,-0.34507983570044565
FLOWPanel refined 2,0.245,upper,0.41205635885489916,-0.3309839449402976
FLOWPanel refined 2,0.245,upper,0.42615506067014225,-0.3172573489358177
FLOWPanel refined 2,0.245,upper,0.44025249147260803,-0.3035783940220851
FLOWPanel refined 2,0.245,upper,0.45434342532700706,-0.29050240552701223
FLOWPanel refined 2,0.245,upper,0.46843309715604187,-0.2771727216207911
FLOWPanel refined 2,0.245,upper,0.48251631797734534,-0.26481490413465103
FLOWPanel refined 2,0.245,upper,0.4965983240843619,-0.25168230050441553
FLOWPanel refined 2,0.245,upper,0.5106741210204075,-0.2401481940374237
FLOWPanel refined 2,0.245,upper,0.5247487819180282,-0.22699279631381322
FLOWPanel refined 2,0.245,upper,0.5388176358066352,-0.21648380438744663
FLOWPanel refined 2,0.245,upper,0.5528854570696432,-0.20301140151236652
FLOWPanel refined 2,0.245,upper,0.566947999931826,-0.19383336544591123
FLOWPanel refined 2,0.245,upper,0.5810096297820726,-0.17964778885947918
FLOWPanel refined 2,0.245,upper,0.5950665926523795,-0.17221410388829073
FLOWPanel refined 2,0.245,upper,0.6091227712037061,-0.15678441837920865
FLOWPanel refined 2,0.245,upper,0.6231749406059698,-0.1516419746358899
FLOWPanel refined 2,0.245,upper,0.6372264574869291,-0.13427138944513373
FLOWPanel refined 2,0.245,upper,0.6512746389198875,-0.13213794494524556
FLOWPanel refined 2,0.245,upper,0.6653222978060962,-0.11191800672541463
FLOWPanel refined 2,0.245,upper,0.6793672856262414,-0.11376891609362194
FLOWPanel refined 2,0.245,upper,0.6934118751987034,-0.08937318597470911
FLOWPanel refined 2,0.245,upper,0.7074544290760371,-0.09658208905965027
FLOWPanel refined 2,0.245,upper,0.7214967000642052,-0.06516858567994399
FLOWPanel refined 2,0.245,upper,0.735537525027402,-0.07851402346337677
FLOWPanel refined 2,0.245,upper,0.7493693378953616,-0.044933792600301725
FLOWPanel refined 2,0.245,upper,0.7621327580981466,-0.0668493932168337
FLOWPanel refined 2,0.245,upper,0.774785541532395,-0.02286645209364102
FLOWPanel refined 2,0.245,upper,0.7868727906521379,-0.05394393577202373
FLOWPanel refined 2,0.245,upper,0.7988494594951492,-0.002036813336672161
FLOWPanel refined 2,0.245,upper,0.8102608827889046,-0.04295471098730608
FLOWPanel refined 2,0.245,upper,0.8215617592418762,0.017913954176169367
FLOWPanel refined 2,0.245,upper,0.8322975610578142,-0.03341185572791194
FLOWPanel refined 2,0.245,upper,0.8429228327390228,0.0364502541657149
FLOWPanel refined 2,0.245,upper,0.8529831151783807,-0.025368126600364912
FLOWPanel refined 2,0.245,upper,0.8629328722785894,0.05270833062942515
FLOWPanel refined 2,0.245,upper,0.8723176646501819,-0.01900089471045452
FLOWPanel refined 2,0.245,upper,0.8815919289944775,0.06568130196369304
FLOWPanel refined 2,0.245,upper,0.890301214869338,-0.014386629341229808
FLOWPanel refined 2,0.245,upper,0.8988999658576385,0.0743373214535844
FLOWPanel refined 2,0.245,upper,0.9069337033144859,-0.011290605803547127
FLOWPanel refined 2,0.245,upper,0.9148568972384696,0.07776009780051729
FLOWPanel refined 2,0.245,upper,0.9222150334342853,-0.009149002898528158
FLOWPanel refined 2,0.245,upper,0.9294626173976581,0.07542496966234091
FLOWPanel refined 2,0.245,upper,0.9361450991638266,-0.007299922732961761
FLOWPanel refined 2,0.245,upper,0.9427170210998177,0.06799483235669335
FLOWPanel refined 2,0.245,upper,0.9487238020017909,-0.005176343151994889
FLOWPanel refined 2,0.245,upper,0.9546200171930606,0.05841965814152716
FLOWPanel refined 2,0.245,upper,0.9599510612912333,-0.0022551889197834907
FLOWPanel refined 2,0.245,upper,0.9651715357085755,0.05104834236351752
FLOWPanel refined 2,0.245,upper,0.9698268187389989,0.002054386513142381
FLOWPanel refined 2,0.245,upper,0.9743715298763587,0.04870065680543001
FLOWPanel refined 2,0.245,upper,0.9783510383186809,0.00839463620309222
FLOWPanel refined 2,0.245,upper,0.9822199743157543,0.05220573109032923
FLOWPanel refined 2,0.245,upper,0.985523704795221,0.017314092532177416
FLOWPanel refined 2,0.245,upper,0.9887168632117749,0.062490379386008876
FLOWPanel refined 2,0.245,upper,0.9913448180650846,0.028459750480730798
FLOWPanel refined 2,0.245,upper,0.9938622019312537,0.08232206203401882
FLOWPanel refined 2,0.245,upper,0.995814387733129,0.033354169320364946
FLOWPanel refined 2,0.245,upper,0.9976560037247905,0.27312681853509324
FLOWPanel refined 2,0.245,upper,0.9989324276681714,0.27312681853509324
FLOWPanel refined 2,0.245,lower,0.00044074636120310426,0.0685634482959423
FLOWPanel refined 2,0.245,lower,0.0009677169388631148,0.1945023204740094
FLOWPanel refined 2,0.245,lower,0.001819683426084623,0.2240371108836421
FLOWPanel refined 2,0.245,lower,0.002735229604757302,0.36354125806737947
FLOWPanel refined 2,0.245,lower,0.004129726566410801,0.34713848264956737
FLOWPanel refined 2,0.245,lower,0.005617921762738763,0.43407022822948593
FLOWPanel refined 2,0.245,lower,0.007817196793517714,0.39878237751118595
FLOWPanel refined 2,0.245,lower,0.010155581995045255,0.43253495215909377
FLOWPanel refined 2,0.245,lower,0.013333254104212799,0.39412217792972426
FLOWPanel refined 2,0.245,lower,0.016675117826434806,0.3766735672001129
FLOWPanel refined 2,0.245,lower,0.020748499902070203,0.3620927192056408
FLOWPanel refined 2,0.245,lower,0.024964990582561165,0.3100509369427843
FLOWPanel refined 2,0.245,lower,0.02983153394583836,0.3294589932094063
FLOWPanel refined 2,0.245,lower,0.034825248598915864,0.2497173978653069
FLOWPanel refined 2,0.245,lower,0.04044329020057021,0.2960637036801502
FLOWPanel refined 2,0.245,lower,0.0461834703079335,0.19893175911808603
FLOWPanel refined 2,0.245,lower,0.05252913425604427,0.25572048868238595
FLOWPanel refined 2,0.245,lower,0.05899325038967795,0.1555416979331048
FLOWPanel refined 2,0.245,lower,0.06605928987849465,0.20309165610779611
FLOWPanel refined 2,0.245,lower,0.07324308500691797,0.11585765820812088
FLOWPanel refined 2,0.245,lower,0.08103393676157888,0.14681378067612338
FLOWPanel refined 2,0.245,lower,0.08894354838937743,0.08334885799591796
FLOWPanel refined 2,0.245,lower,0.09745566218593466,0.10123886179284802
FLOWPanel refined 2,0.245,lower,0.10608564485671915,0.06084886523222922
FLOWPanel refined 2,0.245,lower,0.11530643695379064,0.06848445238211764
FLOWPanel refined 2,0.245,lower,0.1246428104471962,0.04344082704898733
FLOWPanel refined 2,0.245,lower,0.13456162010903658,0.04161335878328054
FLOWPanel refined 2,0.245,lower,0.14459437308766887,0.025052654121019424
FLOWPanel refined 2,0.245,lower,0.15520620805819874,0.015756232895155486
FLOWPanel refined 2,0.245,lower,0.16593133016031017,0.0027220507164679164
FLOWPanel refined 2,0.245,lower,0.17723633547817894,-0.010571969787743551
FLOWPanel refined 2,0.245,lower,0.18865478467288138,-0.02299478420278178
FLOWPanel refined 2,0.245,lower,0.20065566765825707,-0.03608082063753293
FLOWPanel refined 2,0.245,lower,0.21277049349525787,-0.04858293298549765
FLOWPanel refined 2,0.245,lower,0.22546841322358627,-0.05843988537780764
FLOWPanel refined 2,0.245,lower,0.23828040494053707,-0.066031995294217
FLOWPanel refined 2,0.245,lower,0.25217781055726185,-0.06083967283056512
FLOWPanel refined 2,0.245,lower,0.26628755817219146,-0.06915336525148064
FLOWPanel refined 2,0.245,lower,0.28040475172054224,-0.07539816009440159
FLOWPanel refined 2,0.245,lower,0.2945234019338404,-0.08312172602147117
FLOWPanel refined 2,0.245,lower,0.3086437376593396,-0.08322274713505551
FLOWPanel refined 2,0.245,lower,0.3227644031254373,-0.08679702749963236
FLOWPanel refined 2,0.245,lower,0.33688297803225464,-0.08423669373716036
FLOWPanel refined 2,0.245,lower,0.3510011439581891,-0.08542438242562733
FLOWPanel refined 2,0.245,lower,0.36511494549455703,-0.08142471253865313
FLOWPanel refined 2,0.245,lower,0.3792278932154341,-0.08107655123566548
FLOWPanel refined 2,0.245,lower,0.39333519999245864,-0.07619509320161177
FLOWPanel refined 2,0.245,lower,0.40744140321876426,-0.07483246965413959
FLOWPanel refined 2,0.245,lower,0.421541332433256,-0.06941934003565131
FLOWPanel refined 2,0.245,lower,0.43564003424849884,-0.06732591481130035
FLOWPanel refined 2,0.245,lower,0.4497322391156747,-0.061637694722494585
FLOWPanel refined 2,0.245,lower,0.46382317297007375,-0.058940570422661535
FLOWPanel refined 2,0.245,lower,0.47790765581674144,-0.05317522752696303
FLOWPanel refined 2,0.245,lower,0.4919908766380447,-0.049898780672806176
FLOWPanel refined 2,0.245,lower,0.5060678882883773,-0.04423088572839151
FLOWPanel refined 2,0.245,lower,0.520143685224423,-0.040323356284246215
FLOWPanel refined 2,0.245,lower,0.5342136751514553,-0.03494903780658665
FLOWPanel refined 2,0.245,lower,0.5482825290400624,-0.030294308862533592
FLOWPanel refined 2,0.245,lower,0.5623461045278443,-0.02546094936752641
FLOWPanel refined 2,0.245,lower,0.5764086473900272,-0.019864621783071357
FLOWPanel refined 2,0.245,lower,0.59046652327227,-0.015875558997897388
FLOWPanel refined 2,0.245,lower,0.6045234861425769,-0.009042880732359926
FLOWPanel refined 2,0.245,lower,0.6185764398638209,-0.006257655643202131
FLOWPanel refined 2,0.245,lower,0.6326286092660844,0.0022335894750968865
FLOWPanel refined 2,0.245,lower,0.6466774432203468,0.003391850247590034
FLOWPanel refined 2,0.245,lower,0.6607256246533052,0.014158185161402992
FLOWPanel refined 2,0.245,lower,0.6747711350202001,0.01316179330078504
FLOWPanel refined 2,0.245,lower,0.6888161228403457,0.02723780676181053
FLOWPanel refined 2,0.245,lower,0.7028590749653626,0.023357168330104372
FLOWPanel refined 2,0.245,lower,0.7169016288426963,0.042993721229500625
FLOWPanel refined 2,0.245,lower,0.7309427366950578,0.035933422296006934
FLOWPanel refined 2,0.245,lower,0.7449835616582545,0.059842212730313205
FLOWPanel refined 2,0.245,lower,0.7579559939562761,0.03357206646199584
FLOWPanel refined 2,0.245,lower,0.770719414159061,0.06228057015278887
FLOWPanel refined 2,0.245,lower,0.7829173000473406,0.035536239645838186
FLOWPanel refined 2,0.245,lower,0.7950045491670835,0.07530039083632056
FLOWPanel refined 2,0.245,lower,0.8065265527375703,0.03909020507419125
FLOWPanel refined 2,0.245,lower,0.8179379760313258,0.0880159161097962
FLOWPanel refined 2,0.245,lower,0.8287843246880476,0.041384721373005195
FLOWPanel refined 2,0.245,lower,0.8395201265039854,0.1007319237582408
FLOWPanel refined 2,0.245,lower,0.8496909390780725,0.042604623092515115
FLOWPanel refined 2,0.245,lower,0.8597512215174303,0.11282544044207898
FLOWPanel refined 2,0.245,lower,0.8692465392281721,0.04269862184566153
FLOWPanel refined 2,0.245,lower,0.8786313315997646,0.12337252224231665
FLOWPanel refined 2,0.245,lower,0.8874511455019218,0.041624766049115025
FLOWPanel refined 2,0.245,lower,0.8961604313767823,0.13127373108859874
FLOWPanel refined 2,0.245,lower,0.9043047037201893,0.039546567549190614
FLOWPanel refined 2,0.245,lower,0.9123384411770367,0.13537231082451018
FLOWPanel refined 2,0.245,lower,0.9198071209057157,0.036913830834288675
FLOWPanel refined 2,0.245,lower,0.9271652571015314,0.13461866764808883
FLOWPanel refined 2,0.245,lower,0.9339582911001426,0.03428925173431274
FLOWPanel refined 2,0.245,lower,0.9406407728663114,0.12848044543280823
FLOWPanel refined 2,0.245,lower,0.9467581135984617,0.032100888981683395
FLOWPanel refined 2,0.245,lower,0.9527648945004347,0.11797320427055481
FLOWPanel refined 2,0.245,lower,0.9582065043093109,0.030633364582095646
FLOWPanel refined 2,0.245,lower,0.9635375484074834,0.10648648417262785
FLOWPanel refined 2,0.245,lower,0.9683034011187368,0.03026163329407039
FLOWPanel refined 2,0.245,lower,0.97295868414916,0.09801141490114385
FLOWPanel refined 2,0.245,lower,0.9770487644845457,0.031701194948997036
FLOWPanel refined 2,0.245,lower,0.9810282729268679,0.09452237941042185
FLOWPanel refined 2,0.245,lower,0.984442575851583,0.03625057422147038
FLOWPanel refined 2,0.245,lower,0.9877463063310498,0.0961925807422146
FLOWPanel refined 2,0.245,lower,0.9904848332472719,0.04635013014178113
FLOWPanel refined 2,0.245,lower,0.9931127881005815,0.10224163847764511
FLOWPanel refined 2,0.245,lower,0.995175544889597,0.06658744997491095
FLOWPanel refined 2,0.245,lower,0.9971277306914723,0.10574647689069037
FLOWPanel refined 2,0.245,lower,0.998514724445067,0.27312681853509324
FLOWPanel refined 2,0.245,lower,0.9997911483884478,0.27312681853509324
WingCAD coarse,0.245,upper,0.0003279404297042116,-0.043424930769481174
WingCAD coarse,0.245,upper,0.0013963571837179109,-0.24043258338110496
WingCAD coarse,0.245,upper,0.00251386943155844,-0.4459474466634197
WingCAD coarse,0.245,upper,0.003742237333402566,-0.4726168952742727
WingCAD coarse,0.245,upper,0.005067956185388659,-0.5998421242109713
WingCAD coarse,0.245,upper,0.006613489574406038,-0.6000424085124956
WingCAD coarse,0.245,upper,0.00830296366813337,-0.6393022424070887
WingCAD coarse,0.245,upper,0.01031745009424721,-0.6393340342099425
WingCAD coarse,0.245,upper,0.01252000411427396,-0.6611016210503806
WingCAD coarse,0.245,upper,0.015147207210927353,-0.6534561289573766
WingCAD coarse,0.245,upper,0.01800338690202103,-0.668161525165542
WingCAD coarse,0.245,upper,0.021376586550541067,-0.6511915343893289
WingCAD coarse,0.245,upper,0.02501575394101469,-0.6634026168454634
WingCAD coarse,0.245,upper,0.02925546581490119,-0.6362753721700634
WingCAD coarse,0.245,upper,0.033793585796449366,-0.6483566757595762
WingCAD coarse,0.245,upper,0.03900549930478196,-0.6132168460651366
WingCAD coarse,0.245,upper,0.04454315544102777,-0.6287340663469771
WingCAD coarse,0.245,upper,0.05081632535337576,-0.5881518903262362
WingCAD coarse,0.245,upper,0.05743699886721204,-0.6088302170370243
WingCAD coarse,0.245,upper,0.06484232156183611,-0.5654131131358326
WingCAD coarse,0.245,upper,0.07261096294855608,-0.5893607032003989
WingCAD coarse,0.245,upper,0.08119996335572009,-0.5470427646644356
WingCAD coarse,0.245,upper,0.09016188106203478,-0.5691498656023064
WingCAD coarse,0.245,upper,0.09996583105816391,-0.5346762098970466
WingCAD coarse,0.245,upper,0.11014591624211774,-0.5482176289163381
WingCAD coarse,0.245,upper,0.12117529957932173,-0.5281395789307044
WingCAD coarse,0.245,upper,0.1325776002156764,-0.5273111932435699
WingCAD coarse,0.245,upper,0.1448219331418456,-0.5244639446128363
WingCAD coarse,0.245,upper,0.15742958476011049,-0.5076255660788194
WingCAD coarse,0.245,upper,0.17085759539881976,-0.5205445507179347
WingCAD coarse,0.245,upper,0.1846331096390174,-0.49097707711818095
WingCAD coarse,0.245,upper,0.19919327306000276,-0.5157901097252375
WingCAD coarse,0.245,upper,0.21407917910890142,-0.4788423729308531
WingCAD coarse,0.245,upper,0.2297005989339023,-0.5097309238273737
WingCAD coarse,0.245,upper,0.2456204268665646,-0.4686644246074674
WingCAD coarse,0.245,upper,0.26221404832601164,-0.4981453664076181
WingCAD coarse,0.245,upper,0.2790736375274121,-0.4531315782285891
WingCAD coarse,0.245,upper,0.2965337712122244,-0.4746609576995964
WingCAD coarse,0.245,upper,0.31422288149147776,-0.4252364708192329
WingCAD coarse,0.245,upper,0.33242901172815936,-0.4365919777620381
WingCAD coarse,0.245,upper,0.3508232095587531,-0.38604116102944386
WingCAD coarse,0.245,upper,0.3696420564659716,-0.3914656654158779
WingCAD coarse,0.245,upper,0.38860484407790014,-0.34418578724454596
WingCAD coarse,0.245,upper,0.40789264402221576,-0.34707433184801006
WingCAD coarse,0.245,upper,0.4272777949166735,-0.3042973506083957
WingCAD coarse,0.245,upper,0.44688276034816315,-0.30582779979370445
WingCAD coarse,0.245,upper,0.4665368212734792,-0.26697367253264814
WingCAD coarse,0.245,upper,0.48630173785279884,-0.2671872612399415
WingCAD coarse,0.245,upper,0.5060666544321185,-0.2314439547755398
WingCAD coarse,0.245,upper,0.5258315710114378,-0.2306281561882317
WingCAD coarse,0.245,upper,0.5455473920969307,-0.1974542018835781
WingCAD coarse,0.245,upper,0.5651523575284207,-0.1961393142678325
WingCAD coarse,0.245,upper,0.5846599720097686,-0.1649771942562872
WingCAD coarse,0.245,upper,0.6039477719540836,-0.1637731557817932
WingCAD coarse,0.245,upper,0.6230916311936892,-0.13402553033249776
WingCAD coarse,0.245,upper,0.6419104781009078,-0.13363808832189084
WingCAD coarse,0.245,upper,0.660541257414214,-0.10477371137174796
WingCAD coarse,0.245,upper,0.6787473876508934,-0.10607212147027223
WingCAD coarse,0.245,upper,0.696724541293133,-0.0777534376086948
WingCAD coarse,0.245,upper,0.7141846749779475,-0.08169880757946335
WingCAD coarse,0.245,upper,0.7313788409208076,-0.05335789325304052
WingCAD coarse,0.245,upper,0.7479724623802544,-0.06040646851233533
WingCAD coarse,0.245,upper,0.7642676757320398,-0.031195683691965126
WingCAD coarse,0.245,upper,0.7798890955570406,-0.04155919769071259
WingCAD coarse,0.245,upper,0.7951847727541281,-0.011023698379978963
WingCAD coarse,0.245,upper,0.8097449361751148,-0.02477940156315106
WingCAD coarse,0.245,upper,0.8239575959946123,0.007012972946399132
WingCAD coarse,0.245,upper,0.83738560663332,-0.009712143867627754
WingCAD coarse,0.245,upper,0.8504502985799325,0.022777387560624862
WingCAD coarse,0.245,upper,0.8626946315061021,0.004094583161857068
WingCAD coarse,0.245,upper,0.87456604713312,0.03616201481907666
WingCAD coarse,0.245,upper,0.8855954304703202,0.016955623611985438
WingCAD coarse,0.245,upper,0.8962486786196981,0.04724632844763188
WingCAD coarse,0.245,upper,0.906052628615831,0.028957973879709775
WingCAD coarse,0.245,upper,0.9154836613128123,0.05665914346069268
WingCAD coarse,0.245,upper,0.9240726617199769,0.04026498236698717
WingCAD coarse,0.245,upper,0.9322983434350456,0.06547841160881118
WingCAD coarse,0.245,upper,0.9397036661296697,0.05118265732968963
WingCAD coarse,0.245,upper,0.946761485222805,0.07448306029538154
WingCAD coarse,0.245,upper,0.9530346551351531,0.06193007379467974
WingCAD coarse,0.245,upper,0.9589820824195878,0.08390190466615122
WingCAD coarse,0.245,upper,0.9641939959279202,0.07258749736487013
WingCAD coarse,0.245,upper,0.9691075013285909,0.09367250176167308
WingCAD coarse,0.245,upper,0.9733472132024774,0.08313377987074377
WingCAD coarse,0.245,upper,0.9773209573344107,0.10361893714738779
WingCAD coarse,0.245,upper,0.980694156982933,0.09341878481674148
WingCAD coarse,0.245,upper,0.9838383800370135,0.11347942762811737
WingCAD coarse,0.245,upper,0.9864655831336642,0.10307421140791119
WingCAD coarse,0.245,upper,0.9889047186364033,0.12276568155761713
WingCAD coarse,0.245,upper,0.990919205062518,0.11105124109176479
WingCAD coarse,0.245,upper,0.9927897507839227,0.12972100494900252
WingCAD coarse,0.245,upper,0.9943352841729404,0.11217444315908409
WingCAD coarse,0.245,upper,0.9957834666118158,0.11954729710916112
WingCAD coarse,0.245,upper,0.9970118345136595,0.03920946233728917
WingCAD coarse,0.245,upper,0.9981911069216763,0.0794804006550065
WingCAD coarse,0.245,upper,0.99925952367569,-0.1558448504963158
WingCAD coarse,0.245,lower,0.0003279404297042116,0.2748047785818859
WingCAD coarse,0.245,lower,0.0013963571837179109,0.36998179467860226
WingCAD coarse,0.245,lower,0.00251386943155844,0.44670367951096845
WingCAD coarse,0.245,lower,0.0037422373334026777,0.4296456423831371
WingCAD coarse,0.245,lower,0.0050679561853888815,0.4677829259740005
WingCAD coarse,0.245,lower,0.006613489574406261,0.449330080817676
WingCAD coarse,0.245,lower,0.00830296366813337,0.45385464003551407
WingCAD coarse,0.245,lower,0.01031745009424732,0.4330160951346937
WingCAD coarse,0.245,lower,0.01252000411427407,0.4169886389052201
WingCAD coarse,0.245,lower,0.015147207210927353,0.3974890610161034
WingCAD coarse,0.245,lower,0.018003386902020805,0.3674594891115416
WingCAD coarse,0.245,lower,0.021376586550541067,0.3520214409422887
WingCAD coarse,0.245,lower,0.025015753941014914,0.3124158400114304
WingCAD coarse,0.245,lower,0.02925546581490141,0.3034612519621541
WingCAD coarse,0.245,lower,0.03379358579644948,0.2573974454903656
WingCAD coarse,0.245,lower,0.03900549930478196,0.2564225158932285
WingCAD coarse,0.245,lower,0.04454315544102777,0.2051801699984802
WingCAD coarse,0.245,lower,0.05081632535337565,0.2128291293109066
WingCAD coarse,0.245,lower,0.05743699886721193,0.15672491194105365
WingCAD coarse,0.245,lower,0.06484232156183611,0.17248969845262585
WingCAD coarse,0.245,lower,0.07261096294855608,0.11272811126046489
WingCAD coarse,0.245,lower,0.08119996335572009,0.13391946962320267
WingCAD coarse,0.245,lower,0.09016188106203478,0.0740985809217084
WingCAD coarse,0.245,lower,0.09996583105816413,0.09485245448806079
WingCAD coarse,0.245,lower,0.11014591624211796,0.04101130838519096
WingCAD coarse,0.245,lower,0.12117529957932195,0.05435185633132989
WingCAD coarse,0.245,lower,0.13257760021567663,0.012896251280099968
WingCAD coarse,0.245,lower,0.14482193314184583,0.014193027063270303
WingCAD coarse,0.245,lower,0.1574295847601107,-0.011471355785291015
WingCAD coarse,0.245,lower,0.17085759539881987,-0.023004500751686807
WingCAD coarse,0.245,lower,0.1846331096390174,-0.0339537125490359
WingCAD coarse,0.245,lower,0.19919327306000276,-0.056255461889451304
WingCAD coarse,0.245,lower,0.21407917910890142,-0.056338673265587946
WingCAD coarse,0.245,lower,0.22970059893390218,-0.08520278919000979
WingCAD coarse,0.245,lower,0.24562042686656482,-0.07775228847899296
WingCAD coarse,0.245,lower,0.26221404832601164,-0.10736089039400289
WingCAD coarse,0.245,lower,0.2790736375274121,-0.09360497682279001
WingCAD coarse,0.245,lower,0.2965337712122243,-0.1185075666895159
WingCAD coarse,0.245,lower,0.31422288149147753,-0.0986552889636616
WingCAD coarse,0.245,lower,0.33242901172815936,-0.11640726311367988
WingCAD coarse,0.245,lower,0.3508232095587531,-0.0928203315679752
WingCAD coarse,0.245,lower,0.3696420564659717,-0.10589613525878129
WingCAD coarse,0.245,lower,0.38860484407790025,-0.08189484566975613
WingCAD coarse,0.245,lower,0.407892644022216,-0.09261457019809738
WingCAD coarse,0.245,lower,0.4272777949166737,-0.06951985444112307
WingCAD coarse,0.245,lower,0.44688276034816315,-0.07876821850063731
WingCAD coarse,0.245,lower,0.4665368212734792,-0.056588645615426314
WingCAD coarse,0.245,lower,0.48630173785279907,-0.06443438089613429
WingCAD coarse,0.245,lower,0.5060666544321185,-0.042894557847129144
WingCAD coarse,0.245,lower,0.5258315710114378,-0.04960610752317329
WingCAD coarse,0.245,lower,0.5455473920969309,-0.02852730398992565
WingCAD coarse,0.245,lower,0.5651523575284216,-0.0345902863090759
WingCAD coarse,0.245,lower,0.5846599720097695,-0.013701517280191089
WingCAD coarse,0.245,lower,0.603947771954084,-0.01969357919445147
WingCAD coarse,0.245,lower,0.6230916311936892,0.0013680290195389189
WingCAD coarse,0.245,lower,0.6419104781009083,-0.005233028238246451
WingCAD coarse,0.245,lower,0.6605412574142144,0.01635275140627812
WingCAD coarse,0.245,lower,0.6787473876508947,0.008305896539123947
WingCAD coarse,0.245,lower,0.6967245412931345,0.030627961673577394
WingCAD coarse,0.245,lower,0.7141846749779479,0.020202602664732505
WingCAD coarse,0.245,lower,0.7313788409208076,0.043680161654449434
WingCAD coarse,0.245,lower,0.7479724623802544,0.03035643106014818
WingCAD coarse,0.245,lower,0.7642676757320394,0.05567022317426062
WingCAD coarse,0.245,lower,0.7798890955570386,0.03915644138393348
WingCAD coarse,0.245,lower,0.7951847727541256,0.06665863775800951
WingCAD coarse,0.245,lower,0.8097449361751135,0.04682263406096876
WingCAD coarse,0.245,lower,0.8239575959946116,0.0763908119921981
WingCAD coarse,0.245,lower,0.8373856066333204,0.05358963797290051
WingCAD coarse,0.245,lower,0.8504502985799334,0.08463371954676147
WingCAD coarse,0.245,lower,0.8626946315061026,0.05980622236955046
WingCAD coarse,0.245,lower,0.8745660471331203,0.09120504363207016
WingCAD coarse,0.245,lower,0.8855954304703206,0.06571990027760288
WingCAD coarse,0.245,lower,0.896248678619699,0.09613121705453509
WingCAD coarse,0.245,lower,0.9060526286158315,0.07138238111775497
WingCAD coarse,0.245,lower,0.9154836613128123,0.09998497219221203
WingCAD coarse,0.245,lower,0.9240726617199767,0.07691631079670724
WingCAD coarse,0.245,lower,0.9322983434350451,0.10377074984935886
WingCAD coarse,0.245,lower,0.9397036661296693,0.08258480217830377
WingCAD coarse,0.245,lower,0.946761485222805,0.10821264737350189
WingCAD coarse,0.245,lower,0.9530346551351531,0.08858150071880011
WingCAD coarse,0.245,lower,0.9589820824195878,0.11351640782131235
WingCAD coarse,0.245,lower,0.9641939959279202,0.09497308325093134
WingCAD coarse,0.245,lower,0.9691075013285909,0.11960989355646033
WingCAD coarse,0.245,lower,0.9733472132024774,0.10172853985039242
WingCAD coarse,0.245,lower,0.9773209573344092,0.1263060594555505
WingCAD coarse,0.245,lower,0.9806941569829254,0.10868872439834465
WingCAD coarse,0.245,lower,0.9838383800370037,0.1333212924966577
WingCAD coarse,0.245,lower,0.9864655831336597,0.11547400772648608
WingCAD coarse,0.245,lower,0.9889047186364024,0.14013429009053302
WingCAD coarse,0.245,lower,0.9909192050625177,0.12101743804761977
WingCAD coarse,0.245,lower,0.9927897507839227,0.14498634633362417
WingCAD coarse,0.245,lower,0.9943352841729404,0.12009994940254198
WingCAD coarse,0.245,lower,0.9957834666118158,0.13314095793432623
WingCAD coarse,0.245,lower,0.9970118345136595,0.04568262479859875
WingCAD coarse,0.245,lower,0.9981911069216763,0.09044233250416078
WingCAD coarse,0.245,lower,0.99925952367569,-0.1558448504963158
WingCAD medium,0.245,upper,0.00031302556495614597,-0.019309630476949335
WingCAD medium,0.245,upper,0.0010153997346895572,-0.15334751137957592
WingCAD medium,0.245,upper,0.0017389457659386077,-0.37679145730422703
WingCAD medium,0.245,upper,0.002488825859527716,-0.36851951180885956
WingCAD medium,0.245,upper,0.0032808885454979507,-0.5237274046875708
WingCAD medium,0.245,upper,0.004125418938033145,-0.5015098062497345
WingCAD medium,0.245,upper,0.005032821618815901,-0.5765649461458633
WingCAD medium,0.245,upper,0.006018426339460443,-0.5570545199185652
WingCAD medium,0.245,upper,0.007087114548142882,-0.6149482969385398
WingCAD medium,0.245,upper,0.00825914396524119,-0.5928086017922327
WingCAD medium,0.245,upper,0.009533835754655825,-0.6430985711617501
WingCAD medium,0.245,upper,0.010936221432044195,-0.6150722660176329
WingCAD medium,0.245,upper,0.012460067043386622,-0.6621537712910652
WingCAD medium,0.245,upper,0.01413498739467222,-0.626423334187663
WingCAD medium,0.245,upper,0.01594924085810979,-0.6729958612272171
WingCAD medium,0.245,upper,0.01793680014346407,-0.6296680684216185
WingCAD medium,0.245,upper,0.02008050531005496,-0.6778903428368448
WingCAD medium,0.245,upper,0.022418428418588512,-0.6268816368379975
WingCAD medium,0.245,upper,0.0249281218130034,-0.676943288459922
WingCAD medium,0.245,upper,0.02765146715357658,-0.6180526565406317
WingCAD medium,0.245,upper,0.030560899909082232,-0.6701962461333086
WingCAD medium,0.245,upper,0.033701792594644356,-0.6053545489460073
WingCAD medium,0.245,upper,0.03704167358660004,-0.66005556432322
WingCAD medium,0.245,upper,0.04062906094268372,-0.5913558667720666
WingCAD medium,0.245,upper,0.04442682307545796,-0.6478082300441785
WingCAD medium,0.245,upper,0.04848625433355224,-0.5788406862194575
WingCAD medium,0.245,upper,0.0527658457595555,-0.6349746323338901
WingCAD medium,0.245,upper,0.05731927761202693,-0.5702507651721653
WingCAD medium,0.245,upper,0.062100979471811736,-0.6218796303238654
WingCAD medium,0.245,upper,0.0671666089682182,-0.5663221903090707
WingCAD medium,0.245,upper,0.07246688103875366,-0.6079484145588112
WingCAD medium,0.245,upper,0.0780590070953091,-0.5660669616962344
WingCAD medium,0.245,upper,0.08389036252113904,-0.5928495805228251
WingCAD medium,0.245,upper,0.09001927709732763,-0.5676660405422989
WingCAD medium,0.245,upper,0.09639018715798518,-0.5770971117467996
WingCAD medium,0.245,upper,0.10306209692853441,-0.5691701814244361
WingCAD medium,0.245,upper,0.10997692656698974,-0.5615607770486335
WingCAD medium,0.245,upper,0.11719390568532918,-0.5690425954120153
WingCAD medium,0.245,upper,0.12465288028813772,-0.5470536933433408
WingCAD medium,0.245,upper,0.13241285460083824,-0.5665208053045714
WingCAD medium,0.245,upper,0.14041205828281306,-0.5341057531246065
WingCAD medium,0.245,upper,0.1487088211151463,-0.5615533523545402
WingCAD medium,0.245,upper,0.15724022652160877,-0.5228418052863646
WingCAD medium,0.245,upper,0.16606348591409084,-0.5545535667507646
WingCAD medium,0.245,upper,0.17511501531388687,-0.5131204532571321
WingCAD medium,0.245,upper,0.18445047235030457,-0.5463093847553742
WingCAD medium,0.245,upper,0.19400608955463122,-0.5050596810584038
WingCAD medium,0.245,upper,0.20383554718542582,-0.538129561392104
WingCAD medium,0.245,upper,0.21387537959291097,-0.49887891753388924
WingCAD medium,0.245,upper,0.22417688112571632,-0.5303394607419556
WingCAD medium,0.245,upper,0.23467737096491495,-0.4932970647293497
WingCAD medium,0.245,upper,0.24542536716824173,-0.5213903359902341
WingCAD medium,0.245,upper,0.25635945078650096,-0.48612706313383325
WingCAD medium,0.245,upper,0.2675249943348169,-0.5097842240733692
WingCAD medium,0.245,upper,0.27886230816901375,-0.47551224506412604
WingCAD medium,0.245,upper,0.2904132739493686,-0.4934312847526677
WingCAD medium,0.245,upper,0.30212038561096044,-0.4586305813909535
WingCAD medium,0.245,upper,0.3140217152144955,-0.469891737497425
WingCAD medium,0.245,upper,0.32606237793018267,-0.4343755781340138
WingCAD medium,0.245,upper,0.33827634646778665,-0.4407698547980268
WingCAD medium,0.245,upper,0.35061177493934376,-0.40589928412925286
WingCAD medium,0.245,upper,0.36309827815084317,-0.40967542996590045
WingCAD medium,0.245,upper,0.37568744373465934,-0.3763703051423135
WingCAD medium,0.245,upper,0.3884043032064499,-0.3788287604858156
WingCAD medium,0.245,upper,0.4012042461662782,-0.34755789419721794
WingCAD medium,0.245,upper,0.4141075303345223,-0.34944914221394674
WingCAD medium,0.245,upper,0.42707368679101454,-0.32037077327721186
WingCAD medium,0.245,upper,0.4401180452873686,-0.32169826501994514
WingCAD medium,0.245,upper,0.45320458637610317,-0.29457764695516375
WingCAD medium,0.245,upper,0.4663435951714028,-0.2951133741086287
WingCAD medium,0.245,upper,0.47950377582821796,-0.26974196306583464
WingCAD medium,0.245,upper,0.4926902905473737,-0.269484757566937
WingCAD medium,0.245,upper,0.5058768052665289,-0.24570211431620526
WingCAD medium,0.245,upper,0.5190633199856844,-0.24472930147140004
WingCAD medium,0.245,upper,0.5322286628433245,-0.2223532330173137
WingCAD medium,0.245,upper,0.5453676716386242,-0.22086404393947845
WingCAD medium,0.245,upper,0.5584644978415435,-0.19970364451619904
WingCAD medium,0.245,upper,0.5715088563378977,-0.19789973780016012
WingCAD medium,0.245,upper,0.5844903425460036,-0.1777242050815171
WingCAD medium,0.245,upper,0.5973936267142473,-0.1758331402679565
WingCAD medium,0.245,upper,0.6102138273944533,-0.15639625362233311
WingCAD medium,0.245,upper,0.6229306868662439,-0.1546730577642721
WingCAD medium,0.245,upper,0.635544883965718,-0.13571104840972414
WingCAD medium,0.245,upper,0.6480313871772178,-0.13447157404114396
WingCAD medium,0.245,upper,0.6603964304547644,-0.11570118961061436
WingCAD medium,0.245,upper,0.6726103989923685,-0.11533730681433728
WingCAD medium,0.245,upper,0.6846850344178205,-0.09649452664760316
WingCAD medium,0.245,upper,0.6965863640213547,-0.09751379072868027
WingCAD medium,0.245,upper,0.7083315477436524,-0.07833250722573348
WingCAD medium,0.245,upper,0.7198825135240075,-0.08120576088127751
WingCAD medium,0.245,upper,0.7312617090184813,-0.06122789290468033
WingCAD medium,0.245,upper,0.7424272525667972,-0.06621803554617367
WingCAD medium,0.245,upper,0.7534067087001833,-0.044866306921909294
WingCAD medium,0.245,upper,0.7641547049035166,-0.05228239071317842
WingCAD medium,0.245,upper,0.7747037128004505,-0.029067489385188328
WingCAD medium,0.245,upper,0.7850052143332489,-0.039328690012808254
WingCAD medium,0.245,upper,0.7950963410893599,-0.01384539129871887
WingCAD medium,0.245,upper,0.8049257987201547,-0.027396300151336872
WingCAD medium,0.245,upper,0.8145350961830401,0.0007028843214973435
WingCAD medium,0.245,upper,0.8238705532194569,-0.016502180926853294
WingCAD medium,0.245,upper,0.8329777402485609,0.014483716056385766
WingCAD medium,0.245,upper,0.8418009996410436,-0.006578268895443219
WingCAD medium,0.245,upper,0.8503896164593974,0.02738788711776019
WingCAD medium,0.245,upper,0.8586863792917313,0.0024624959734086405
WingCAD medium,0.245,upper,0.8667439127547905,0.03922627883273999
WingCAD medium,0.245,upper,0.8745038870674909,0.01072478031502544
WingCAD medium,0.245,upper,0.8820218658957204,0.0497660018958197
WingCAD medium,0.245,upper,0.8892388450140563,0.01832750387540738
WingCAD medium,0.245,upper,0.8962129042644892,0.058742435614267174
WingCAD medium,0.245,upper,0.9028848140350422,0.025358677264580187
WingCAD medium,0.245,upper,0.9093147283211248,0.06596395428912882
WingCAD medium,0.245,upper,0.9154436428973136,0.03193415992170878
WingCAD medium,0.245,upper,0.921333328104228,0.07152085140626674
WingCAD medium,0.245,upper,0.9269254541607835,0.03824830316291539
WingCAD medium,0.245,upper,0.9322829376432098,0.07583503405024239
WingCAD medium,0.245,upper,0.9373485671396159,0.04445963250837437
WingCAD medium,0.245,upper,0.9421859266287088,0.07952428017912161
WingCAD medium,0.245,upper,0.9467393584811804,0.05066746968579561
WingCAD medium,0.245,upper,0.9510726301657431,0.0832153982222541
WingCAD medium,0.245,upper,0.9551320614238369,0.056944608930733276
WingCAD medium,0.245,upper,0.9589811179052409,0.08732768503376154
WingCAD medium,0.245,upper,0.9625685052613253,0.06334111096179329
WingCAD medium,0.245,upper,0.9659569043110156,0.09202583525527408
WingCAD medium,0.245,upper,0.9690977969965773,0.06988784996597919
WingCAD medium,0.245,upper,0.9720526022672065,0.09730689287805683
WingCAD medium,0.245,upper,0.9747759476077794,0.07659974047408857
WingCAD medium,0.245,upper,0.9773275226624712,0.10309022543041237
WingCAD medium,0.245,upper,0.979665445771005,0.08346314630424478
WingCAD medium,0.245,upper,0.9818472229983037,0.10928283589170662
WingCAD medium,0.245,upper,0.9838347822836617,0.09046431380531605
WingCAD medium,0.245,upper,0.9856830084568641,0.11581240346807577
WingCAD medium,0.245,upper,0.9873579288081454,0.09756884575577329
WingCAD medium,0.245,upper,0.9889113892254751,0.12262426979457186
WingCAD medium,0.245,upper,0.9903137749028641,0.10474384673175752
WingCAD medium,0.245,upper,0.991613498207937,0.1297167501508245
WingCAD medium,0.245,upper,0.9927855276250362,0.11194327201513954
WingCAD medium,0.245,upper,0.9938744735540966,0.1370033009671736
WingCAD medium,0.245,upper,0.9948600782747408,0.11872595865720625
WingCAD medium,0.245,upper,0.9957828107071374,0.1431846856473118
WingCAD medium,0.245,upper,0.9966273410996724,0.12081246016495949
WingCAD medium,0.245,upper,0.9974296888998265,0.1337464081366383
WingCAD medium,0.245,upper,0.9981795689934159,0.05364912279321321
WingCAD medium,0.245,upper,0.9989082772254894,0.0904060529875157
WingCAD medium,0.245,upper,0.9996106513952225,-0.1435421723423792
WingCAD medium,0.245,lower,0.00031302556495614597,0.2678003987725531
WingCAD medium,0.245,lower,0.0010153997346895572,0.3202575386310269
WingCAD medium,0.245,lower,0.0017389457659386077,0.42902397289880606
WingCAD medium,0.245,lower,0.002488825859527716,0.3887534073423734
WingCAD medium,0.245,lower,0.0032808885454979507,0.4606174415992601
WingCAD medium,0.245,lower,0.004125418938033257,0.430661726925718
WingCAD medium,0.245,lower,0.005032821618816124,0.47584606673890567
WingCAD medium,0.245,lower,0.006018426339460554,0.44651929958727116
WingCAD medium,0.245,lower,0.007087114548142882,0.47194201521311907
WingCAD medium,0.245,lower,0.00825914396524119,0.44549677193010684
WingCAD medium,0.245,lower,0.009533835754655825,0.45532190263932315
WingCAD medium,0.245,lower,0.010936221432044419,0.43328566102430904
WingCAD medium,0.245,lower,0.012460067043386844,0.4296838347166499
WingCAD medium,0.245,lower,0.014134987394672442,0.41338091751944983
WingCAD medium,0.245,lower,0.015949240858109903,0.3978163909820286
WingCAD medium,0.245,lower,0.01793680014346396,0.388371154847444
WingCAD medium,0.245,lower,0.020080505310054734,0.3618719006599739
WingCAD medium,0.245,lower,0.022418428418588512,0.3603878940579768
WingCAD medium,0.245,lower,0.024928121813003624,0.32385758304853873
WingCAD medium,0.245,lower,0.02765146715357658,0.33137009528615646
WingCAD medium,0.245,lower,0.030560899909082232,0.2856140349283329
WingCAD medium,0.245,lower,0.033701792594644356,0.3024460287857934
WingCAD medium,0.245,lower,0.03704167358660004,0.24814695557895194
WingCAD medium,0.245,lower,0.04062906094268372,0.27399225980056374
WingCAD medium,0.245,lower,0.04442682307545796,0.21224601224054196
WingCAD medium,0.245,lower,0.04848625433355224,0.24544462132631004
WingCAD medium,0.245,lower,0.05276584575955561,0.1782254280250386
WingCAD medium,0.245,lower,0.05731927761202704,0.2156045677683659
WingCAD medium,0.245,lower,0.06210097947181185,0.14642838797121216
WingCAD medium,0.245,lower,0.0671666089682182,0.18348631641772273
WingCAD medium,0.245,lower,0.07246688103875366,0.11733614605116849
WingCAD medium,0.245,lower,0.0780590070953091,0.1490516457365192
WingCAD medium,0.245,lower,0.08389036252113904,0.09123432976203583
WingCAD medium,0.245,lower,0.09001927709732752,0.113314723964553
WingCAD medium,0.245,lower,0.09639018715798507,0.06789292411190873
WingCAD medium,0.245,lower,0.10306209692853463,0.0779320231536419
WingCAD medium,0.245,lower,0.10997692656698985,0.04671618765092045
WingCAD medium,0.245,lower,0.11719390568532918,0.04453117671033413
WingCAD medium,0.245,lower,0.12465288028813772,0.026991828890933656
WingCAD medium,0.245,lower,0.13241285460083801,0.014193214298303114
WingCAD medium,0.245,lower,0.14041205828281295,0.008120646855972025
WingCAD medium,0.245,lower,0.14870882111514652,-0.012652410112028223
WingCAD medium,0.245,lower,0.157240226521609,-0.01021339342995442
WingCAD medium,0.245,lower,0.16606348591409129,-0.03608907232318748
WingCAD medium,0.245,lower,0.1751150153138871,-0.028072878885092804
WingCAD medium,0.245,lower,0.18445047235030457,-0.0566069066078183
WingCAD medium,0.245,lower,0.1940060895546311,-0.04560140366362986
WingCAD medium,0.245,lower,0.20383554718542582,-0.07514470608028323
WingCAD medium,0.245,lower,0.21387537959291097,-0.0630332700785734
WingCAD medium,0.245,lower,0.22417688112571632,-0.09213275301565682
WingCAD medium,0.245,lower,0.23467737096491495,-0.07970107375506186
WingCAD medium,0.245,lower,0.24542536716824173,-0.10682245812419121
WingCAD medium,0.245,lower,0.25635945078650096,-0.09425643507574177
WingCAD medium,0.245,lower,0.2675249943348169,-0.11838645900329013
WingCAD medium,0.245,lower,0.27886230816901375,-0.10544325994444614
WingCAD medium,0.245,lower,0.2904132739493686,-0.12545722584883734
WingCAD medium,0.245,lower,0.30212038561096055,-0.11121703802888926
WingCAD medium,0.245,lower,0.3140217152144956,-0.12627548371125608
WingCAD medium,0.245,lower,0.32606237793018256,-0.11051964206004071
WingCAD medium,0.245,lower,0.33827634646778676,-0.12176514978134079
WingCAD medium,0.245,lower,0.35061177493934387,-0.10531315506456297
WingCAD medium,0.245,lower,0.3630982781508434,-0.11433402749470334
WingCAD medium,0.245,lower,0.37568744373465957,-0.09781533618203131
WingCAD medium,0.245,lower,0.3884043032064499,-0.105576908771416
WingCAD medium,0.245,lower,0.4012042461662782,-0.08940462736931187
WingCAD medium,0.245,lower,0.4141075303345225,-0.09648360551259016
WingCAD medium,0.245,lower,0.42707368679101476,-0.08090728802760072
WingCAD medium,0.245,lower,0.4401180452873686,-0.08731726469244672
WingCAD medium,0.245,lower,0.45320458637610317,-0.0723072939380931
WingCAD medium,0.245,lower,0.4663435951714028,-0.0778767725491678
WingCAD medium,0.245,lower,0.4795037758282182,-0.06339611740722972
WingCAD medium,0.245,lower,0.4926902905473739,-0.06812925763093092
WingCAD medium,0.245,lower,0.5058768052665293,-0.0541471481275948
WingCAD medium,0.245,lower,0.5190633199856844,-0.05811768099471104
WingCAD medium,0.245,lower,0.5322286628433245,-0.044561610139453034
WingCAD medium,0.245,lower,0.5453676716386242,-0.04794871312886273
WingCAD medium,0.245,lower,0.5584644978415437,-0.0347199506018947
WingCAD medium,0.245,lower,0.5715088563378986,-0.0377131933717878
WingCAD medium,0.245,lower,0.5844903425460047,-0.024665323166225495
WingCAD medium,0.245,lower,0.5973936267142478,-0.027482564728776415
WingCAD medium,0.245,lower,0.6102138273944533,-0.014441923735463158
WingCAD medium,0.245,lower,0.6229306868662439,-0.017331515450564883
WingCAD medium,0.245,lower,0.6355448839657182,-0.004096096626707402
WingCAD medium,0.245,lower,0.6480313871772182,-0.007365309422902477
WingCAD medium,0.245,lower,0.660396430454765,0.006295578492909071
WingCAD medium,0.245,lower,0.6726103989923694,0.002265816299531931
WingCAD medium,0.245,lower,0.6846850344178211,0.016576438563449147
WingCAD medium,0.245,lower,0.6965863640213547,0.011297672984575735
WingCAD medium,0.245,lower,0.7083315477436524,0.02648982445513914
WingCAD medium,0.245,lower,0.7198825135240075,0.01949470161941691
WingCAD medium,0.245,lower,0.7312617090184813,0.03597086506212477
WingCAD medium,0.245,lower,0.7424272525667972,0.02696316556704847
WingCAD medium,0.245,lower,0.7534067087001785,0.04524132114000479
WingCAD medium,0.245,lower,0.7641547049035003,0.033883163932900584
WingCAD medium,0.245,lower,0.7747037128004322,0.05441637308363068
WingCAD medium,0.245,lower,0.7850052143332409,0.04027343094086466
WingCAD medium,0.245,lower,0.7950963410893576,0.06344536970612324
WingCAD medium,0.245,lower,0.8049257987201534,0.04606190447045999
WingCAD medium,0.245,lower,0.8145350961830388,0.07220356683364504
WingCAD medium,0.245,lower,0.8238705532194549,0.05120007119596559
WingCAD medium,0.245,lower,0.8329777402485591,0.08056801066304498
WingCAD medium,0.245,lower,0.8418009996410436,0.05572077971985501
WingCAD medium,0.245,lower,0.8503896164593983,0.08840120987887434
WingCAD medium,0.245,lower,0.8586863792917322,0.05968286203077333
WingCAD medium,0.245,lower,0.8667439127547913,0.09549506624497428
WingCAD medium,0.245,lower,0.8745038870674914,0.06316888040099822
WingCAD medium,0.245,lower,0.8820218658957211,0.10160299137111639
WingCAD medium,0.245,lower,0.8892388450140569,0.06628038288810789
WingCAD medium,0.245,lower,0.8962129042644901,0.10645265785867573
WingCAD medium,0.245,lower,0.9028848140350428,0.06909375918585714
WingCAD medium,0.245,lower,0.9093147283211253,0.10984607146278512
WingCAD medium,0.245,lower,0.9154436428973138,0.07171057140772896
WingCAD medium,0.245,lower,0.921333328104228,0.11185701167788653
WingCAD medium,0.245,lower,0.9269254541607833,0.07430564129548534
WingCAD medium,0.245,lower,0.9322829376432098,0.11288171167831607
WingCAD medium,0.245,lower,0.9373485671396159,0.07702466664891794
WingCAD medium,0.245,lower,0.942185926628709,0.11351293266612938
WingCAD medium,0.245,lower,0.9467393584811806,0.07996036072494095
WingCAD medium,0.245,lower,0.9510726301657431,0.11435460771740158
WingCAD medium,0.245,lower,0.9551320614238369,0.08318160786575857
WingCAD medium,0.245,lower,0.9589811179052409,0.11580996474010652
WingCAD medium,0.245,lower,0.9625685052613244,0.08673596794263005
WingCAD medium,0.245,lower,0.9659569043110149,0.11803559677115871
WingCAD medium,0.245,lower,0.9690977969965773,0.09065253248306038
WingCAD medium,0.245,lower,0.9720526022672069,0.1210252126974355
WingCAD medium,0.245,lower,0.9747759476077794,0.09494396907478597
WingCAD medium,0.245,lower,0.977327522662471,0.12469601478781724
WingCAD medium,0.245,lower,0.979665445771005,0.09959485358688647
WingCAD medium,0.245,lower,0.9818472229983033,0.1289517849074897
WingCAD medium,0.245,lower,0.9838347822836602,0.10458791318021299
WingCAD medium,0.245,lower,0.9856830084568623,0.13371226600836927
WingCAD medium,0.245,lower,0.9873579288081441,0.10988594276256192
WingCAD medium,0.245,lower,0.9889113892254742,0.1389125965021244
WingCAD medium,0.245,lower,0.9903137749028637,0.11545254726671006
WingCAD medium,0.245,lower,0.991613498207937,0.14453991739590555
WingCAD medium,0.245,lower,0.9927855276250362,0.12123569286387237
WingCAD medium,0.245,lower,0.9938744735540966,0.15051674676591875
WingCAD medium,0.245,lower,0.9948600782747408,0.12677153841473143
WingCAD medium,0.245,lower,0.9957828107071374,0.15563883494738096
WingCAD medium,0.245,lower,0.9966273410996724,0.12768566802054093
WingCAD medium,0.245,lower,0.9974296888998265,0.145521322939002
WingCAD medium,0.245,lower,0.9981795689934154,0.059579449279599905
WingCAD medium,0.245,lower,0.9989082772254887,0.100268774907737
WingCAD medium,0.245,lower,0.9996106513952221,-0.1435421723423792
WingCAD fine,0.245,upper,7.055382704709045e-05,0.0038627466548087903
WingCAD fine,0.245,upper,0.0005358668353258357,-0.06663633185074902
WingCAD fine,0.245,upper,0.001003316372903602,-0.3039370014922833
WingCAD fine,0.245,upper,0.0014827201104459019,-0.2628774020570177
WingCAD fine,0.245,upper,0.001966389677247502,-0.4215328654310368
WingCAD fine,0.245,upper,0.002473927194749088,-0.38538118406461486
WingCAD fine,0.245,upper,0.0029878454072541825,-0.47644785176178295
WingCAD fine,0.245,upper,0.0035374645596045924,-0.4436389112064283
WingCAD fine,0.245,upper,0.0040955576824507475,-0.5207679431733327
WingCAD fine,0.245,upper,0.004701063933608154,-0.48634958847787435
WingCAD fine,0.245,upper,0.005317108757519855,-0.5566500431323635
WingCAD fine,0.245,upper,0.00599211846719144,-0.518552194742951
WingCAD fine,0.245,upper,0.006679695692681328,-0.5862871845562487
WingCAD fine,0.245,upper,0.007437590042870483,-0.5431489439780135
WingCAD fine,0.245,upper,0.008210038327446366,-0.6109461448783247
WingCAD fine,0.245,upper,0.009063918044769699,-0.5618427612555696
WingCAD fine,0.245,upper,0.009934288869141336,-0.631270228562836
WingCAD fine,0.245,upper,0.010896929896115749,-0.5754586186161745
WingCAD fine,0.245,upper,0.011877943402114403,-0.6472642804982776
WingCAD fine,0.245,upper,0.012961753667415988,-0.5844146027356114
WingCAD fine,0.245,upper,0.014065755617063936,-0.6589898792209901
WingCAD fine,0.245,upper,0.015282733051017053,-0.5894469092504095
WingCAD fine,0.245,upper,0.016521653052370293,-0.6673859103925033
WingCAD fine,0.245,upper,0.017883344989755467,-0.5921255014686784
WingCAD fine,0.245,upper,0.01926865613089264,-0.6738123745799078
WingCAD fine,0.245,upper,0.02078612023841934,-0.5933261751985484
WingCAD fine,0.245,upper,0.022328800266140373,-0.6773808047437737
WingCAD fine,0.245,upper,0.02401256712680279,-0.5918785088029361
WingCAD fine,0.245,upper,0.025723061301410187,-0.676919083246883
WingCAD fine,0.245,upper,0.027583098782327804,-0.5894255255145016
WingCAD fine,0.245,upper,0.029471284534170736,-0.6742853956653905
WingCAD fine,0.245,upper,0.03151696405848063,-0.587334364127895
WingCAD fine,0.245,upper,0.03359211756585777,-0.6693392850949909
WingCAD fine,0.245,upper,0.035832182402786565,-0.5862236197433079
WingCAD fine,0.245,upper,0.038102947204295495,-0.662283744281877
WingCAD fine,0.245,upper,0.04054548288470261,-0.5869083072996026
WingCAD fine,0.245,upper,0.043019840632240444,-0.6537276460502128
WingCAD fine,0.245,upper,0.04567224758974182,-0.5898896567033045
WingCAD fine,0.245,upper,0.048357491041122566,-0.6442746814607303
WingCAD fine,0.245,upper,0.05122645957136559,-0.5950044355891524
WingCAD fine,0.245,upper,0.054129167913935156,-0.6343934571986021
WingCAD fine,0.245,upper,0.05722065553675614,-0.6014290515334804
WingCAD fine,0.245,upper,0.06034667212550607,-0.6243784932954066
WingCAD fine,0.245,upper,0.06366588342656872,-0.607945062128072
WingCAD fine,0.245,upper,0.0670202960120721,-0.6144046687366307
WingCAD fine,0.245,upper,0.07057166503219695,-0.613333074862664
WingCAD fine,0.245,upper,0.0741587885452702,-0.6046290864213579
WingCAD fine,0.245,upper,0.0779459637770447,-0.6167321492942257
WingCAD fine,0.245,upper,0.08176932572838895,-0.595280877902062
WingCAD fine,0.245,upper,0.08579515777082246,-0.6177997011495779
WingCAD fine,0.245,upper,0.08985748631504302,-0.5866178640708122
WingCAD fine,0.245,upper,0.09412401822804332,-0.616574977695217
WingCAD fine,0.245,upper,0.0984272329324384,-0.5787321614158067
WingCAD fine,0.245,upper,0.10293569332374251,-0.6132245671469094
WingCAD fine,0.245,upper,0.10748089867309468,-0.5715068248162514
WingCAD fine,0.245,upper,0.11223169754104971,-0.6080776216334467
WingCAD fine,0.245,upper,0.11701917920039973,-0.5647962644116709
WingCAD fine,0.245,upper,0.1220119065466587,-0.6015188038951815
WingCAD fine,0.245,upper,0.12704113039470474,-0.5584012449585964
WingCAD fine,0.245,upper,0.13227455761153062,-0.5939269744781244
WingCAD fine,0.245,upper,0.13754417154792634,-0.5521533596627466
WingCAD fine,0.245,upper,0.1430162555754112,-0.5856723507401687
WingCAD fine,0.245,upper,0.14852409409584458,-0.5459489947069949
WingCAD fine,0.245,upper,0.15423198433497964,-0.5770896031642445
WingCAD fine,0.245,upper,0.15997507585855503,-0.539738095399432
WingCAD fine,0.245,upper,0.16591512381675075,-0.5684673933142512
WingCAD fine,0.245,upper,0.1718897007408755,-0.5335331145811621
WingCAD fine,0.245,upper,0.1780574723773139,-0.5600925085027004
WingCAD fine,0.245,upper,0.18425898382607883,-0.5274857793677883
WingCAD fine,0.245,upper,0.19064927455509495,-0.5523483385863641
WingCAD fine,0.245,upper,0.19707240177799024,-0.5219890387867736
WingCAD fine,0.245,upper,0.20367925407974802,-0.5456964850446926
WingCAD fine,0.245,upper,0.2103179284486365,-0.5173612951680702
WingCAD fine,0.245,upper,0.21713465202748866,-0.5399832135681228
WingCAD fine,0.245,upper,0.22398207557092106,-0.5131352571655117
WingCAD fine,0.245,upper,0.23100126999325152,-0.5343481212054952
WingCAD fine,0.245,upper,0.2380499383986491,-0.508481425064832
WingCAD fine,0.245,upper,0.24526351813359837,-0.5281640552087254
WingCAD fine,0.245,upper,0.25250524613947306,-0.5029904659683619
WingCAD fine,0.245,upper,0.2599044679178148,-0.5210644602643553
WingCAD fine,0.245,upper,0.2673304170101016,-0.4962916329395972
WingCAD fine,0.245,upper,0.2749059094086983,-0.5124100788084829
WingCAD fine,0.245,upper,0.28250661772748936,-0.48760694283191836
WingCAD fine,0.245,upper,0.2902484128792215,-0.5011160461581798
WingCAD fine,0.245,upper,0.29801382723470526,-0.47580298585647274
WingCAD fine,0.245,upper,0.30591139455657856,-0.4861863207195622
WingCAD fine,0.245,upper,0.31383090444585243,-0.46022651736477993
WingCAD fine,0.245,upper,0.3218731862711601,-0.46782499916740566
WingCAD fine,0.245,upper,0.32993565978081396,-0.44183170014098816
WingCAD fine,0.245,upper,0.3381111087747722,-0.4478627012162828
WingCAD fine,0.245,upper,0.34630493024775466,-0.4223866529962499
WingCAD fine,0.245,upper,0.35460154848003855,-0.4272337344831185
WingCAD fine,0.245,upper,0.3629146578193709,-0.40241416560456345
WingCAD fine,0.245,upper,0.3713200373613067,-0.40632316133735097
WingCAD fine,0.245,upper,0.3797399708376294,-0.3824459236247064
WingCAD fine,0.245,upper,0.3882413357466996,-0.385759548017385
WingCAD fine,0.245,upper,0.3967552681715877,-0.3630658860939162
WingCAD fine,0.245,upper,0.4053395177211753,-0.3659254318374452
WingCAD fine,0.245,upper,0.4139343058435173,-0.3444724332488305
WingCAD fine,0.245,upper,0.4225880588516187,-0.34686700568551143
WingCAD fine,0.245,upper,0.43125028583021585,-0.32661212965120856
WingCAD fine,0.245,upper,0.43995992593712474,-0.32844998872624287
WingCAD fine,0.245,upper,0.4486759467390373,-0.30930131705853725
WingCAD fine,0.245,upper,0.4574276684807952,-0.31050295873619116
WingCAD fine,0.245,upper,0.4661836560518123,-0.29238211301417616
WingCAD fine,0.245,upper,0.4749635115735291,-0.29295952173217676
WingCAD fine,0.245,upper,0.4837455036245451,-0.2758358447662912
WingCAD fine,0.245,upper,0.4925394498755256,-0.2758615587112294
WingCAD fine,0.245,upper,0.501333396126506,-0.25966773575219704
WingCAD fine,0.245,upper,0.510127342377486,-0.2591271434568796
WingCAD fine,0.245,upper,0.5189191520991674,-0.24379915242374398
WingCAD fine,0.245,upper,0.5276990076208843,-0.24276427563904157
WingCAD fine,0.245,upper,0.5364745973133421,-0.22827585100619108
WingCAD fine,0.245,upper,0.5452263190551,-0.22679703900213102
WingCAD fine,0.245,upper,0.5539716601018544,-0.2130960764610399
WingCAD fine,0.245,upper,0.5626813002087631,-0.21120954972829376
WingCAD fine,0.245,upper,0.5713824663451762,-0.1982438425224351
WingCAD fine,0.245,upper,0.580036219353278,-0.19599682535509655
WingCAD fine,0.245,upper,0.5886794337886255,-0.18371661373666037
WingCAD fine,0.245,upper,0.597263683338213,-0.18116283438715763
WingCAD fine,0.245,upper,0.6058353653719823,-0.16951070775696242
WingCAD fine,0.245,upper,0.6143367302810526,-0.16670694813909526
WingCAD fine,0.245,upper,0.6228235412557359,-0.15561602062744395
WingCAD fine,0.245,upper,0.6312289207976716,-0.15263147442761094
WingCAD fine,0.245,upper,0.6396178092325591,-0.1420358519831486
WingCAD fine,0.245,upper,0.6479144274648436,-0.13897260944844736
WingCAD fine,0.245,upper,0.6561926732181039,-0.12879398574239098
WingCAD fine,0.245,upper,0.6643681222120617,-0.1257641650942769
WingCAD fine,0.245,upper,0.6725233795216728,-0.11589072418609092
WingCAD fine,0.245,upper,0.6805656613469772,-0.11303880956439638
WingCAD fine,0.245,upper,0.6885860006048817,-0.10337987273203098
WingCAD fine,0.245,upper,0.6964835679267581,-0.10095409768806896
WingCAD fine,0.245,upper,0.7043575160448822,-0.09139389601187475
WingCAD fine,0.245,upper,0.7120993111966145,-0.0895663735773855
WingCAD fine,0.245,upper,0.7198158904281523,-0.07989253377034422
WingCAD fine,0.245,upper,0.7273913828267494,-0.07877291980957613
WingCAD fine,0.245,upper,0.7349401479114015,-0.0687293605294903
WingCAD fine,0.245,upper,0.7423393696897436,-0.06844648680119181
WingCAD fine,0.245,upper,0.74971044319716,-0.05776801995809721
WingCAD fine,0.245,upper,0.756924022932109,-0.058516097475730396
WingCAD fine,0.245,upper,0.7641081286839914,-0.04692973160518088
WingCAD fine,0.245,upper,0.7711273231063231,-0.048965742002555546
WingCAD fine,0.245,upper,0.7781158175640746,-0.036177961500942546
WingCAD fine,0.245,upper,0.784932541142925,-0.039796662294220075
WingCAD fine,0.245,upper,0.791717442654645,-0.025494283187317945
WingCAD fine,0.245,upper,0.7983242949564037,-0.031020724543067594
WingCAD fine,0.245,upper,0.8048983107642829,-0.014882922717923242
WingCAD fine,0.245,upper,0.8112886014932986,-0.022657744930501433
WingCAD fine,0.245,upper,0.817645152409988,-0.004345382940640796
WingCAD fine,0.245,upper,0.8238129240464255,-0.014691038571785775
WingCAD fine,0.245,upper,0.8299461667169341,0.006140881970991163
WingCAD fine,0.245,upper,0.8358862146751317,-0.007108674165964057
WingCAD fine,0.245,upper,0.8417910613488881,0.0165630219771723
WingCAD fine,0.245,upper,0.8474989515880226,7.032579781252046e-05
WingCAD fine,0.245,upper,0.8531710873342087,0.026871999992933215
WingCAD fine,0.245,upper,0.8586431713616934,0.0068120159805346026
WingCAD fine,0.245,upper,0.8640790686696079,0.03699487085423425
WingCAD fine,0.245,upper,0.8693124958864338,0.013077661717105114
WingCAD fine,0.245,upper,0.8745094266014726,0.04683132940364587
WingCAD fine,0.245,upper,0.8795021539477319,0.018825608055077936
WingCAD fine,0.245,upper,0.8844581985025958,0.05624886181186505
WingCAD fine,0.245,upper,0.8892089973705468,0.024015648550890556
WingCAD fine,0.245,upper,0.8939230512804509,0.06508315988124502
WingCAD fine,0.245,upper,0.8984315116717592,0.028619688310150826
WingCAD fine,0.245,upper,0.9029032892716717,0.07315160799115861
WingCAD fine,0.245,upper,0.9071698211846719,0.03264540613204181
WingCAD fine,0.245,upper,0.911399856595885,0.08030070211124007
WingCAD fine,0.245,upper,0.9154256886383186,0.036188618826053176
WingCAD fine,0.245,upper,0.9194153339611822,0.08643056624813061
WingCAD fine,0.245,upper,0.9232025091929565,0.03938003561333747
WingCAD fine,0.245,upper,0.9269539299317822,0.09144351513802107
WingCAD fine,0.245,upper,0.9305052989519073,0.042334277482937055
WingCAD fine,0.245,upper,0.9340214666875913,0.0952658658563389
WingCAD fine,0.245,upper,0.9373406779886541,0.04515088167921355
WingCAD fine,0.245,upper,0.9406253603237874,0.09789242596482384
WingCAD fine,0.245,upper,0.9437168479466087,0.04791174175154578
WingCAD fine,0.245,upper,0.9467745957571037,0.09942681615534488
WingCAD fine,0.245,upper,0.9496435642873469,0.050679288743831985
WingCAD fine,0.245,upper,0.9524796963237108,0.1001081093235241
WingCAD fine,0.245,upper,0.9551321032812123,0.05350005963129234
WingCAD fine,0.245,upper,0.9577526881715829,0.10029255420406147
WingCAD fine,0.245,upper,0.9601952238519901,0.05640982801630657
WingCAD fine,0.245,upper,0.9626070595678173,0.10037745455094371
WingCAD fine,0.245,upper,0.9648471244047443,0.05943782976832823
WingCAD fine,0.245,upper,0.9670577152586045,0.10070429236348521
WingCAD fine,0.245,upper,0.9691033947829162,0.06260918142536032
WingCAD fine,0.245,upper,0.971120926036302,0.10149596702762953
WingCAD fine,0.245,upper,0.9729809635172191,0.06594522769018196
WingCAD fine,0.245,upper,0.9748142736841917,0.10285063326996714
WingCAD fine,0.245,upper,0.9764980405448543,0.06945895968085947
WingCAD fine,0.245,upper,0.9781565914853224,0.1047712039662958
WingCAD fine,0.245,upper,0.9796740555928494,0.07315295833231084
WingCAD fine,0.245,upper,0.9811679004966242,0.10721883248465336
WingCAD fine,0.245,upper,0.9825295924340095,0.07704130658692743
WingCAD fine,0.245,upper,0.9838693418039947,0.11014381747290057
WingCAD fine,0.245,upper,0.9850863192379474,0.08112500219224816
WingCAD fine,0.245,upper,0.986283104987554,0.11348424891219679
WingCAD fine,0.245,upper,0.987366915252855,0.0853991374737223
WingCAD fine,0.245,upper,0.9884323530391319,0.11720265743193738
WingCAD fine,0.245,upper,0.9893949940661071,0.08987912681534937
WingCAD fine,0.245,upper,0.9903411439860338,0.12129501480980566
WingCAD fine,0.245,upper,0.9911950237033574,0.09460174960909784
WingCAD fine,0.245,upper,0.992034349486294,0.12579082400347008
WingCAD fine,0.245,upper,0.9927922438364837,0.09963047685804427
WingCAD fine,0.245,upper,0.9935375706708549,0.13076175881668473
WingCAD fine,0.245,upper,0.9942125803805256,0.10507152645632101
WingCAD fine,0.245,upper,0.9948770515174424,0.13632502573352134
WingCAD fine,0.245,upper,0.9954825577686007,0.11106048218893584
WingCAD fine,0.245,upper,0.996079590049263,0.1425212408720843
WingCAD fine,0.245,upper,0.9966292092016132,0.11740173666454856
WingCAD fine,0.245,upper,0.9971724476589597,0.14815863187070943
WingCAD fine,0.245,upper,0.9976799851764613,0.12012319323578502
WingCAD fine,0.245,upper,0.9981832568647032,0.13940952873666568
WingCAD fine,0.245,upper,0.9986626606022458,0.05743195095352749
WingCAD fine,0.245,upper,0.9991399278104891,0.09787660133504639
WingCAD fine,0.245,upper,0.9996052408187679,-0.13490515624309551
WingCAD fine,0.245,lower,7.055382704709045e-05,0.27409346728803174
WingCAD fine,0.245,lower,0.0005358668353258357,0.2800242176836011
WingCAD fine,0.245,lower,0.001003316372903602,0.4179601028576093
WingCAD fine,0.245,lower,0.0014827201104459019,0.34997330174813135
WingCAD fine,0.245,lower,0.001966389677247502,0.44333268481015076
WingCAD fine,0.245,lower,0.002473927194749088,0.39739321371714964
WingCAD fine,0.245,lower,0.0029878454072541825,0.4710350242011714
WingCAD fine,0.245,lower,0.0035374645596045924,0.4279339650691894
WingCAD fine,0.245,lower,0.0040955576824506365,0.4839990812849292
WingCAD fine,0.245,lower,0.004701063933608042,0.44507350686146163
WingCAD fine,0.245,lower,0.005317108757519632,0.48712457574884804
WingCAD fine,0.245,lower,0.00599211846719144,0.45334147505552935
WingCAD fine,0.245,lower,0.006679695692681328,0.482971010441918
WingCAD fine,0.245,lower,0.007437590042870372,0.45511019256457075
WingCAD fine,0.245,lower,0.008210038327446142,0.4730831255874257
WingCAD fine,0.245,lower,0.009063918044769588,0.4518626282462525
WingCAD fine,0.245,lower,0.009934288869141336,0.45854701472425025
WingCAD fine,0.245,lower,0.010896929896115749,0.44467124554201
WingCAD fine,0.245,lower,0.011877943402114515,0.4402663067418975
WingCAD fine,0.245,lower,0.0129617536674161,0.43439966376612144
WingCAD fine,0.245,lower,0.014065755617063936,0.419060185222867
WingCAD fine,0.245,lower,0.015282733051017164,0.42174239934635094
WingCAD fine,0.245,lower,0.016521653052370515,0.39560580451384053
WingCAD fine,0.245,lower,0.017883344989755467,0.40717167448671576
WingCAD fine,0.245,lower,0.01926865613089219,0.37039533459879936
WingCAD fine,0.245,lower,0.02078612023841923,0.39106933617597506
WingCAD fine,0.245,lower,0.0223288002661406,0.3441388528335365
WingCAD fine,0.245,lower,0.0240125671268029,0.3739218311295748
WingCAD fine,0.245,lower,0.025723061301410187,0.317735817065267
WingCAD fine,0.245,lower,0.027583098782327804,0.35559056166797853
WingCAD fine,0.245,lower,0.029471284534170736,0.2914213127067139
WingCAD fine,0.245,lower,0.03151696405848063,0.3358518207028094
WingCAD fine,0.245,lower,0.03359211756585777,0.26574244522349466
WingCAD fine,0.245,lower,0.035832182402786454,0.31439427465609926
WingCAD fine,0.245,lower,0.038102947204295266,0.24110249064392164
WingCAD fine,0.245,lower,0.04054548288470249,0.29082120604409767
WingCAD fine,0.245,lower,0.043019840632240444,0.21768859798148532
WingCAD fine,0.245,lower,0.04567224758974182,0.2648939275005362
WingCAD fine,0.245,lower,0.048357491041122566,0.19554379906038022
WingCAD fine,0.245,lower,0.0512264595713657,0.23674952126555793
WingCAD fine,0.245,lower,0.05412916791393538,0.17460947727798437
WingCAD fine,0.245,lower,0.05722065553675637,0.2069769120738086
WingCAD fine,0.245,lower,0.06034667212550629,0.15476881962446842
WingCAD fine,0.245,lower,0.06366588342656894,0.17651192335789356
WingCAD fine,0.245,lower,0.06702029601207232,0.1358705628236615
WingCAD fine,0.245,lower,0.07057166503219695,0.14640521214216984
WingCAD fine,0.245,lower,0.0741587885452702,0.11773290555094595
WingCAD fine,0.245,lower,0.0779459637770447,0.1175681415382681
WingCAD fine,0.245,lower,0.08176932572838895,0.10013904112508931
WingCAD fine,0.245,lower,0.08579515777082257,0.0906112146738699
WingCAD fine,0.245,lower,0.08985748631504324,0.08287499579843272
WingCAD fine,0.245,lower,0.09412401822804344,0.0658502295686636
WingCAD fine,0.245,lower,0.0984272329324384,0.06583508868074861
WingCAD fine,0.245,lower,0.10293569332374264,0.04341291565111971
WingCAD fine,0.245,lower,0.10748089867309492,0.04906516646141812
WingCAD fine,0.245,lower,0.11223169754104993,0.02323774577729565
WingCAD fine,0.245,lower,0.11701917920039995,0.03266901941778022
WingCAD fine,0.245,lower,0.12201190654665892,0.005154672071567168
WingCAD fine,0.245,lower,0.12704113039470497,0.016802810928341017
WingCAD fine,0.245,lower,0.13227455761153062,-0.011064444164366138
WingCAD fine,0.245,lower,0.13754417154792611,0.0016121343702851787
WingCAD fine,0.245,lower,0.1430162555754111,-0.025684285724940862
WingCAD fine,0.245,lower,0.14852409409584458,-0.01280323141299089
WingCAD fine,0.245,lower,0.15423198433497964,-0.03897659807838316
WingCAD fine,0.245,lower,0.15997507585855503,-0.02639241133123327
WingCAD fine,0.245,lower,0.16591512381675086,-0.051202734801565127
WingCAD fine,0.245,lower,0.17188970074087573,-0.03916120704668913
WingCAD fine,0.245,lower,0.17805747237731412,-0.06263048480944544
WingCAD fine,0.245,lower,0.18425898382607883,-0.051219430464831024
WingCAD fine,0.245,lower,0.19064927455509495,-0.0735886648146189
WingCAD fine,0.245,lower,0.19707240177799024,-0.06285121685493356
WingCAD fine,0.245,lower,0.20367925407974802,-0.08445669736873374
WingCAD fine,0.245,lower,0.2103179284486365,-0.07433706768125736
WingCAD fine,0.245,lower,0.21713465202748855,-0.09522796751517415
WingCAD fine,0.245,lower,0.22398207557092084,-0.08547490572755412
WingCAD fine,0.245,lower,0.2310012699932513,-0.10543335719742508
WingCAD fine,0.245,lower,0.238049938398649,-0.09578847480821606
WingCAD fine,0.245,lower,0.24526351813359837,-0.1147211066268714
WingCAD fine,0.245,lower,0.25250524613947306,-0.10503800514943817
WingCAD fine,0.245,lower,0.2599044679178148,-0.12287144012422146
WingCAD fine,0.245,lower,0.2673304170101016,-0.11299433439291628
WingCAD fine,0.245,lower,0.2749059094086983,-0.1294541488324601
WingCAD fine,0.245,lower,0.28250661772748936,-0.11913023013682889
WingCAD fine,0.245,lower,0.2902484128792217,-0.1337040591944474
WingCAD fine,0.245,lower,0.2980138272347057,-0.12262029342548719
WingCAD fine,0.245,lower,0.3059113945565788,-0.13487705970356179
WingCAD fine,0.245,lower,0.31383090444585243,-0.12290426528359365
WingCAD fine,0.245,lower,0.3218731862711601,-0.13303641170885694
WingCAD fine,0.245,lower,0.32993565978081396,-0.1205336789228091
WingCAD fine,0.245,lower,0.3381111087747722,-0.1294040583290963
WingCAD fine,0.245,lower,0.34630493024775466,-0.11672217170060774
WingCAD fine,0.245,lower,0.35460154848003855,-0.12460009199537403
WingCAD fine,0.245,lower,0.3629146578193709,-0.11184458933215335
WingCAD fine,0.245,lower,0.3713200373613067,-0.11889960621317887
WingCAD fine,0.245,lower,0.3797399708376294,-0.1063018645471443
WingCAD fine,0.245,lower,0.3882413357466996,-0.1127823014087901
WingCAD fine,0.245,lower,0.3967552681715877,-0.10056005906906829
WingCAD fine,0.245,lower,0.4053395177211753,-0.10656860317604777
WingCAD fine,0.245,lower,0.4139343058435173,-0.09481660244582923
WingCAD fine,0.245,lower,0.4225880588516187,-0.10034192148706733
WingCAD fine,0.245,lower,0.43125028583021585,-0.08908232077796474
WingCAD fine,0.245,lower,0.43995992593712474,-0.09405058363955643
WingCAD fine,0.245,lower,0.4486759467390373,-0.08326215997327924
WingCAD fine,0.245,lower,0.4574276684807952,-0.08760911295155016
WingCAD fine,0.245,lower,0.4661836560518123,-0.07727080139210396
WingCAD fine,0.245,lower,0.4749635115735291,-0.08100541804017491
WingCAD fine,0.245,lower,0.4837455036245449,-0.07112447630502694
WingCAD fine,0.245,lower,0.4925394498755256,-0.07430588998345034
WingCAD fine,0.245,lower,0.501333396126506,-0.06485705315175228
WingCAD fine,0.245,lower,0.510127342377486,-0.06747526541726545
WingCAD fine,0.245,lower,0.518919152099167,-0.05843164442483029
WingCAD fine,0.245,lower,0.5276990076208843,-0.060546805040859734
WingCAD fine,0.245,lower,0.5364745973133421,-0.05190789348824776
WingCAD fine,0.245,lower,0.5452263190551,-0.05356381100587271
WingCAD fine,0.245,lower,0.5539716601018544,-0.04530650733294905
WingCAD fine,0.245,lower,0.5626813002087631,-0.04653625164938324
WingCAD fine,0.245,lower,0.5713824663451762,-0.03863453979140852
WingCAD fine,0.245,lower,0.5800362193532778,-0.03948124329170155
WingCAD fine,0.245,lower,0.5886794337886255,-0.031908266458120504
WingCAD fine,0.245,lower,0.5972636833382132,-0.032422133639237405
WingCAD fine,0.245,lower,0.6058353653719828,-0.025141814532057882
WingCAD fine,0.245,lower,0.6143367302810528,-0.025377137400368843
WingCAD fine,0.245,lower,0.6228235412557361,-0.01834229038046309
WingCAD fine,0.245,lower,0.631228920797672,-0.018365912696367337
WingCAD fine,0.245,lower,0.6396178092325593,-0.011526741899026138
WingCAD fine,0.245,lower,0.6479144274648441,-0.011435980451413252
WingCAD fine,0.245,lower,0.6561926732181044,-0.004728830202699541
WingCAD fine,0.245,lower,0.6643681222120619,-0.004632798235427726
WingCAD fine,0.245,lower,0.6725233795216737,0.002038037644202184
WingCAD fine,0.245,lower,0.6805656613469827,0.001999088370426061
WingCAD fine,0.245,lower,0.6885860006048908,0.008715142291449207
WingCAD fine,0.245,lower,0.6964835679267624,0.008307562371880906
WingCAD fine,0.245,lower,0.7043575160448826,0.015173887508334816
WingCAD fine,0.245,lower,0.7120993111966147,0.014225608786980424
WingCAD fine,0.245,lower,0.7198158904281527,0.021433010944880926
WingCAD fine,0.245,lower,0.7273913828267499,0.019823283845537443
WingCAD fine,0.245,lower,0.7349401479114019,0.02760588227901706
WingCAD fine,0.245,lower,0.7423393696897436,0.025194942656174613
WingCAD fine,0.245,lower,0.74971044319716,0.03380124350392599
WingCAD fine,0.245,lower,0.756924022932109,0.030388539597868247
WingCAD fine,0.245,lower,0.7641081286839911,0.04007995197818348
WingCAD fine,0.245,lower,0.7711273231063223,0.035406140105517236
WingCAD fine,0.245,lower,0.7781158175640728,0.046467222647130324
WingCAD fine,0.245,lower,0.7849325411429228,0.0402354821244052
WingCAD fine,0.245,lower,0.7917174426546424,0.05297226413237255
WingCAD fine,0.245,lower,0.7983242949564019,0.04485567019619341
WingCAD fine,0.245,lower,0.804898310764282,0.059584228864234645
WingCAD fine,0.245,lower,0.8112886014932984,0.04923907208041356
WingCAD fine,0.245,lower,0.817645152409988,0.066294070393072
WingCAD fine,0.245,lower,0.8238129240464239,0.05339058860883028
WingCAD fine,0.245,lower,0.8299461667169314,0.07311362652992559
WingCAD fine,0.245,lower,0.8358862146751304,0.057311725366184015
WingCAD fine,0.245,lower,0.8417910613488881,0.08002245767413396
WingCAD fine,0.245,lower,0.8474989515880226,0.060976576749846474
WingCAD fine,0.245,lower,0.8531710873342087,0.08696615748565395
WingCAD fine,0.245,lower,0.8586431713616939,0.06434590783000727
WingCAD fine,0.245,lower,0.8640790686696088,0.09386701978946366
WingCAD fine,0.245,lower,0.8693124958864342,0.06737634068936382
WingCAD fine,0.245,lower,0.8745094266014726,0.10062069901681714
WingCAD fine,0.245,lower,0.8795021539477319,0.07002263320297686
WingCAD fine,0.245,lower,0.8844581985025958,0.10709192077333662
WingCAD fine,0.245,lower,0.8892089973705473,0.07224184554772817
WingCAD fine,0.245,lower,0.8939230512804516,0.11311490245270339
WingCAD fine,0.245,lower,0.8984315116717592,0.07400360142415596
WingCAD fine,0.245,lower,0.9029032892716713,0.11850652403230899
WingCAD fine,0.245,lower,0.9071698211846715,0.07531205958109655
WingCAD fine,0.245,lower,0.911399856595885,0.12311099019150686
WingCAD fine,0.245,lower,0.9154256886383186,0.07625455541995396
WingCAD fine,0.245,lower,0.9194153339611822,0.12682269710820082
WingCAD fine,0.245,lower,0.9232025091929565,0.07695341491694574
WingCAD fine,0.245,lower,0.9269539299317822,0.1295400538213639
WingCAD fine,0.245,lower,0.9305052989519073,0.07751767384204844
WingCAD fine,0.245,lower,0.9340214666875916,0.1311869101593287
WingCAD fine,0.245,lower,0.9373406779886543,0.0780426266285763
WingCAD fine,0.245,lower,0.9406253603237879,0.13175523779099274
WingCAD fine,0.245,lower,0.9437168479466091,0.07860734325354923
WingCAD fine,0.245,lower,0.9467745957571037,0.13134478859754972
WingCAD fine,0.245,lower,0.9496435642873469,0.07927260494237309
WingCAD fine,0.245,lower,0.9524796963237108,0.1301886199441531
WingCAD fine,0.245,lower,0.9551321032812123,0.0800840619781038
WingCAD fine,0.245,lower,0.9577526881715829,0.12863498737693024
WingCAD fine,0.245,lower,0.9601952238519901,0.08107727567377254
WingCAD fine,0.245,lower,0.9626070595678178,0.12707243879150087
WingCAD fine,0.245,lower,0.9648471244047487,0.0822814901175618
WingCAD fine,0.245,lower,0.9670577152586117,0.12583469739352027
WingCAD fine,0.245,lower,0.9691033947829197,0.08372205182462444
WingCAD fine,0.245,lower,0.9711209260363024,0.1251391696109655
WingCAD fine,0.245,lower,0.9729809635172195,0.08542027015932563
WingCAD fine,0.245,lower,0.9748142736841922,0.1250808649206251
WingCAD fine,0.245,lower,0.9764980405448548,0.08738940151306418
WingCAD fine,0.245,lower,0.9781565914853229,0.12566154043350075
WingCAD fine,0.245,lower,0.9796740555928496,0.08963190517410136
WingCAD fine,0.245,lower,0.9811679004966244,0.12684159911981274
WingCAD fine,0.245,lower,0.98252959243401,0.09216075216696795
WingCAD fine,0.245,lower,0.9838693418039951,0.1285699225935446
WingCAD fine,0.245,lower,0.9850863192379479,0.09497669032434775
WingCAD fine,0.245,lower,0.9862831049875542,0.13078343024009886
WingCAD fine,0.245,lower,0.9873669152528548,0.09807418960691838
WingCAD fine,0.245,lower,0.9884323530391315,0.1334420444892197
WingCAD fine,0.245,lower,0.9893949940661073,0.10146723342045805
WingCAD fine,0.245,lower,0.9903411439860342,0.13653804469739128
WingCAD fine,0.245,lower,0.9911950237033577,0.10519246706252972
WingCAD fine,0.245,lower,0.992034349486294,0.14009699678754428
WingCAD fine,0.245,lower,0.9927922438364837,0.10931284807237185
WingCAD fine,0.245,lower,0.9935375706708549,0.14418869174563753
WingCAD fine,0.245,lower,0.9942125803805261,0.11393608304997492
WingCAD fine,0.245,lower,0.9948770515174429,0.1489386175990014
WingCAD fine,0.245,lower,0.9954825577686003,0.11919427563020712
WingCAD fine,0.245,lower,0.9960795900492624,0.15442595172056084
WingCAD fine,0.245,lower,0.9966292092016128,0.12485729896076625
WingCAD fine,0.245,lower,0.99717244765896,0.15959879776964825
WingCAD fine,0.245,lower,0.9976799851764615,0.12681689517463668
WingCAD fine,0.245,lower,0.9981832568647037,0.15076952104871422
WingCAD fine,0.245,lower,0.9986626606022458,0.06342005347329183
WingCAD fine,0.245,lower,0.9991399278104891,0.1077132077123234
WingCAD fine,0.245,lower,0.9996052408187679,-0.13490515624309551
FLOWPanel tutorial,0.51,upper,0.0002546738588337354,-0.33517385305050196
FLOWPanel tutorial,0.51,upper,0.0015189259504203461,-0.24338464524628778
FLOWPanel tutorial,0.51,upper,0.003378989578025264,-0.3047200572288078
FLOWPanel tutorial,0.51,upper,0.0076009695811116735,-0.553710848377009
FLOWPanel tutorial,0.51,upper,0.012806507559999139,-0.7111270834174539
FLOWPanel tutorial,0.51,upper,0.021911066536035754,-0.6367385233118068
FLOWPanel tutorial,0.51,upper,0.03186613390104865,-0.7046518444308514
FLOWPanel tutorial,0.51,upper,0.045192787027613014,-0.5782939543334042
FLOWPanel tutorial,0.51,upper,0.05931546205278925,-0.6474649170752422
FLOWPanel tutorial,0.51,upper,0.0765937274684043,-0.5365303856686141
FLOWPanel tutorial,0.51,upper,0.09466099369384649,-0.6060368572895223
FLOWPanel tutorial,0.51,upper,0.11585601730621792,-0.486766688876914
FLOWPanel tutorial,0.51,upper,0.13781751636536327,-0.5329944457375844
FLOWPanel tutorial,0.51,upper,0.16281747775646813,-0.48175160433633507
FLOWPanel tutorial,0.51,upper,0.1885824588543038,-0.4990163674071284
FLOWPanel tutorial,0.51,upper,0.21738013143872387,-0.4843470633810236
FLOWPanel tutorial,0.51,upper,0.24677425787416676,-0.4729854128154025
FLOWPanel tutorial,0.51,upper,0.2785328469505387,-0.4453787107051868
FLOWPanel tutorial,0.51,upper,0.3102929054980139,-0.42155610374518293
FLOWPanel tutorial,0.51,upper,0.3420587893235376,-0.3890298298076569
FLOWPanel tutorial,0.51,upper,0.3738187858049125,-0.3539663425847295
FLOWPanel tutorial,0.51,upper,0.40555544367380275,-0.3266637748869532
FLOWPanel tutorial,0.51,upper,0.43728433554261625,-0.28783741110710004
FLOWPanel tutorial,0.51,upper,0.4689824414302181,-0.2684177740718652
FLOWPanel tutorial,0.51,upper,0.5006730426061385,-0.2258033761070288
FLOWPanel tutorial,0.51,upper,0.5323338936004282,-0.21539630836986423
FLOWPanel tutorial,0.51,upper,0.5639885176444185,-0.16707725403992435
FLOWPanel tutorial,0.51,upper,0.5956184568090579,-0.1673833136828058
FLOWPanel tutorial,0.51,upper,0.6272439191148772,-0.11092991054418411
FLOWPanel tutorial,0.51,upper,0.6588516342548251,-0.1237466935040439
FLOWPanel tutorial,0.51,upper,0.6904566608680208,-0.05617956268103375
FLOWPanel tutorial,0.51,upper,0.7220510296221836,-0.08362515463374343
FLOWPanel tutorial,0.51,upper,0.7530657833943992,-0.011616503225134522
FLOWPanel tutorial,0.51,upper,0.7817828271785155,-0.05483618609022689
FLOWPanel tutorial,0.51,upper,0.8097560017821086,0.019982792797470617
FLOWPanel tutorial,0.51,upper,0.8347803298252006,-0.032892445171742946
FLOWPanel tutorial,0.51,upper,0.8590610925915307,0.038254408728010336
FLOWPanel tutorial,0.51,upper,0.8803942135327991,-0.01448202764842299
FLOWPanel tutorial,0.51,upper,0.9009837265442996,0.04572629985067078
FLOWPanel tutorial,0.51,upper,0.9186254286456758,0.002913885467520805
FLOWPanel tutorial,0.51,upper,0.9355233968502129,0.05317136299712455
FLOWPanel tutorial,0.51,upper,0.9494730547859005,0.021495813236993344
FLOWPanel tutorial,0.51,upper,0.9626788891981722,0.07147783017776554
FLOWPanel tutorial,0.51,upper,0.972936058043874,0.04131033842861964
FLOWPanel tutorial,0.51,upper,0.9824493753435437,0.10317197917348075
FLOWPanel tutorial,0.51,upper,0.989013915989374,0.06604934904485693
FLOWPanel tutorial,0.51,upper,0.9948346146264095,0.2877032407096832
FLOWPanel tutorial,0.51,upper,0.997706574417125,0.2877032407096832
FLOWPanel tutorial,0.51,lower,0.0010095782327522065,0.09739811579340507
FLOWPanel tutorial,0.51,lower,0.0022738303243385943,0.2894170849612764
FLOWPanel tutorial,0.51,lower,0.005899998791406696,0.38466815937004717
FLOWPanel tutorial,0.51,lower,0.010121978794493105,0.4543616914510407
FLOWPanel tutorial,0.51,lower,0.01824297979472866,0.40345048695906394
FLOWPanel tutorial,0.51,lower,0.027347538770765054,0.34772296402255054
FLOWPanel tutorial,0.51,lower,0.03982368350835292,0.297084604999003
FLOWPanel tutorial,0.51,lower,0.05315033663491751,0.21672191058202028
FLOWPanel tutorial,0.51,lower,0.0696325801519209,0.21210488565658545
FLOWPanel tutorial,0.51,lower,0.08691084556753573,0.11382058039876541
FLOWPanel tutorial,0.51,lower,0.1073168683700798,0.13807327937310332
FLOWPanel tutorial,0.51,lower,0.12851189198245122,0.05426666972420669
FLOWPanel tutorial,0.51,lower,0.15274537792678264,0.07478776842221557
FLOWPanel tutorial,0.51,lower,0.17774533931788752,0.012089689426565187
FLOWPanel tutorial,0.51,lower,0.20577799219557727,0.010473027215470831
FLOWPanel tutorial,0.51,lower,0.23457566477999736,-0.028629181228797984
FLOWPanel tutorial,0.51,lower,0.26573780000534647,-0.0354821580439133
FLOWPanel tutorial,0.51,lower,0.2974963890817184,-0.05159594760374797
FLOWPanel tutorial,0.51,lower,0.32926080343613906,-0.05859558444632951
FLOWPanel tutorial,0.51,lower,0.36102668726166276,-0.06103379025697731
FLOWPanel tutorial,0.51,lower,0.3927692324747018,-0.057919776680177344
FLOWPanel tutorial,0.51,lower,0.4245058903435918,-0.05213587114681073
FLOWPanel tutorial,0.51,lower,0.45621176223127075,-0.04680619825272059
FLOWPanel tutorial,0.51,lower,0.4879098681188728,-0.03520332032868678
FLOWPanel tutorial,0.51,lower,0.5195782238248441,-0.03134542838465615
FLOWPanel tutorial,0.51,lower,0.5512390748191339,-0.013567510320329657
FLOWPanel tutorial,0.51,lower,0.5828752409340731,-0.013815118168816198
FLOWPanel tutorial,0.51,lower,0.6145051800987128,0.0117682962248008
FLOWPanel tutorial,0.51,lower,0.6461173720974805,0.004613989567688881
FLOWPanel tutorial,0.51,lower,0.6777250872374282,0.04138811109651086
FLOWPanel tutorial,0.51,lower,0.709322144518343,0.024258381752356284
FLOWPanel tutorial,0.51,lower,0.7409165132725057,0.07557425364937898
FLOWPanel tutorial,0.51,lower,0.7702131720385689,0.032312974325207855
FLOWPanel tutorial,0.51,lower,0.7989302158226853,0.0974015596768446
FLOWPanel tutorial,0.51,lower,0.8246984130463011,0.036378383697023176
FLOWPanel tutorial,0.51,lower,0.8497227410893927,0.11159446100210113
FLOWPanel tutorial,0.51,lower,0.8717994273074225,0.04113267611423166
FLOWPanel tutorial,0.51,lower,0.8931325482486904,0.11758983240244425
FLOWPanel tutorial,0.51,lower,0.9115178582798327,0.04777477688177212
FLOWPanel tutorial,0.51,lower,0.9291595603812088,0.11597022708850446
FLOWPanel tutorial,0.51,lower,0.943852952213734,0.05749226846691158
FLOWPanel tutorial,0.51,lower,0.9578026101494216,0.11563116671602236
FLOWPanel tutorial,0.51,lower,0.9688036025185388,0.07300691972227269
FLOWPanel tutorial,0.51,lower,0.9790607713642401,0.12056934201735536
FLOWPanel tutorial,0.51,lower,0.9863691635561019,0.09850646139159203
FLOWPanel tutorial,0.51,lower,0.9929337042019323,0.13415294594167648
FLOWPanel tutorial,0.51,lower,0.9965495060014424,0.2877032407096832
FLOWPanel tutorial,0.51,lower,0.9994214657921583,0.2877032407096832
FLOWPanel refined 1,0.51,upper,0.00045782211865960074,-0.224743757539728
FLOWPanel refined 1,0.51,upper,0.0012684465985241904,-0.16734540173485968
FLOWPanel refined 1,0.51,upper,0.0026579610827019554,-0.2095162744487211
FLOWPanel refined 1,0.51,upper,0.004493574066876426,-0.3650280265963597
FLOWPanel refined 1,0.51,upper,0.007356351932684845,-0.5055991677311722
FLOWPanel refined 1,0.51,upper,0.011010673458830392,-0.6337355480637605
FLOWPanel refined 1,0.51,upper,0.015903846836957468,-0.7631702687391495
FLOWPanel refined 1,0.51,upper,0.02175169199861784,-0.6428021937940718
FLOWPanel refined 1,0.51,upper,0.028635109922217693,-0.7375714222959111
FLOWPanel refined 1,0.51,upper,0.03631655070386849,-0.5812370191707221
FLOWPanel refined 1,0.51,upper,0.044962957257738176,-0.6914656465142415
FLOWPanel refined 1,0.51,upper,0.054352976208311116,-0.5470822213766586
FLOWPanel refined 1,0.51,upper,0.06468609241407192,-0.6609404493273312
FLOWPanel refined 1,0.51,upper,0.07574596891584057,-0.559198009724019
FLOWPanel refined 1,0.51,upper,0.08775311058452431,-0.6350355513209913
FLOWPanel refined 1,0.51,upper,0.10049022438420308,-0.5511670232323449
FLOWPanel refined 1,0.51,upper,0.11415400114903265,-0.5782389594269266
FLOWPanel refined 1,0.51,upper,0.12853187377952974,-0.5261902171441968
FLOWPanel refined 1,0.51,upper,0.1438189935153131,-0.5292517243953427
FLOWPanel refined 1,0.51,upper,0.1598067882787742,-0.5141772016045019
FLOWPanel refined 1,0.51,upper,0.176702460440647,-0.5118430699031491
FLOWPanel refined 1,0.51,upper,0.19429775212020856,-0.514396002380906
FLOWPanel refined 1,0.51,upper,0.2128053068875933,-0.5099435002598547
FLOWPanel refined 1,0.51,upper,0.23201586082934308,-0.5052393654718492
FLOWPanel refined 1,0.51,upper,0.2523321889494349,-0.49084800951262575
FLOWPanel refined 1,0.51,upper,0.27350063785001777,-0.4720828837887485
FLOWPanel refined 1,0.51,upper,0.294675957542183,-0.4598535200308398
FLOWPanel refined 1,0.51,upper,0.3158565719359257,-0.4340606816978941
FLOWPanel refined 1,0.51,upper,0.3370342467857836,-0.4158173867990058
FLOWPanel refined 1,0.51,upper,0.35820965639335384,-0.3896003027589341
FLOWPanel refined 1,0.51,upper,0.3793774401877571,-0.3700979928173542
FLOWPanel refined 1,0.51,upper,0.4005393474533039,-0.34548242925374795
FLOWPanel refined 1,0.51,upper,0.42169178632328036,-0.32593782295950446
FLOWPanel refined 1,0.51,upper,0.44283692875173974,-0.30354618289344315
FLOWPanel refined 1,0.51,upper,0.46397222803872856,-0.2841406038885743
FLOWPanel refined 1,0.51,upper,0.4850999421012148,-0.26422826850417636
FLOWPanel refined 1,0.51,upper,0.5062182476525212,-0.2445535564539738
FLOWPanel refined 1,0.51,upper,0.5273293029098283,-0.22747240058870166
FLOWPanel refined 1,0.51,upper,0.5484319334848478,-0.2067029560614773
FLOWPanel refined 1,0.51,upper,0.5695280719143763,-0.1932317889252333
FLOWPanel refined 1,0.51,upper,0.5906171269339321,-0.17013627200676384
FLOWPanel refined 1,0.51,upper,0.6117007234060259,-0.1615186623278302
FLOWPanel refined 1,0.51,upper,0.6327787403106555,-0.13436758855448772
FLOWPanel refined 1,0.51,upper,0.6538524575440905,-0.13231716117128745
FLOWPanel refined 1,0.51,upper,0.6749221119264026,-0.0987180430374377
FLOWPanel refined 1,0.51,upper,0.6959886354344929,-0.10559263585875289
FLOWPanel refined 1,0.51,upper,0.7170525155851143,-0.06130409498296818
FLOWPanel refined 1,0.51,upper,0.7381143587376991,-0.08010116271984402
FLOWPanel refined 1,0.51,upper,0.7580935688650103,-0.02757905295439422
FLOWPanel refined 1,0.51,upper,0.7772384910187455,-0.06195324618137588
FLOWPanel refined 1,0.51,upper,0.7954983718856686,0.004571716814961602
FLOWPanel refined 1,0.51,upper,0.8130762309737724,-0.04531500278069611
FLOWPanel refined 1,0.51,upper,0.8297695219981458,0.0330523882728605
FLOWPanel refined 1,0.51,upper,0.8457811559142012,-0.03211052210100762
FLOWPanel refined 1,0.51,upper,0.860908384053427,0.05562967859691292
FLOWPanel refined 1,0.51,upper,0.8753540801442627,-0.022466193351376562
FLOWPanel refined 1,0.51,upper,0.8889153573209402,0.06965740306349077
FLOWPanel refined 1,0.51,upper,0.9017950923254696,-0.01593906835762815
FLOWPanel refined 1,0.51,upper,0.9137903191050232,0.07308447408120344
FLOWPanel refined 1,0.51,upper,0.9251039348886071,-0.011083589929256732
FLOWPanel refined 1,0.51,upper,0.9355329385452097,0.0662838588388931
FLOWPanel refined 1,0.51,upper,0.9452802511379055,-0.006303306134850528
FLOWPanel refined 1,0.51,upper,0.9541428679151311,0.056163642378136314
FLOWPanel refined 1,0.51,upper,0.9623237291372527,-0.00017445078937305958
FLOWPanel refined 1,0.51,upper,0.9696198442104398,0.053096059210191116
FLOWPanel refined 1,0.51,upper,0.9762341649410456,0.008551225398090945
FLOWPanel refined 1,0.51,upper,0.9819637208381152,0.06148321679718493
FLOWPanel refined 1,0.51,upper,0.9870114679940596,0.019423234769135655
FLOWPanel refined 1,0.51,upper,0.991174454432269,0.08214669183254875
FLOWPanel refined 1,0.51,upper,0.994655635301032,0.02433240697017236
FLOWPanel refined 1,0.51,upper,0.9972520683850208,0.266057877736111
FLOWPanel refined 1,0.51,upper,0.9991667058658338,0.266057877736111
FLOWPanel refined 1,0.51,lower,0.000352802361204543,0.028762028464536567
FLOWPanel refined 1,0.51,lower,0.0011634268410691327,0.2060071647302938
FLOWPanel refined 1,0.51,lower,0.0024201498209304273,0.2756751697862918
FLOWPanel refined 1,0.51,lower,0.004255762805104897,0.41063527304103525
FLOWPanel refined 1,0.51,lower,0.006882919449616272,0.3972796769307735
FLOWPanel refined 1,0.51,lower,0.010537240975761595,0.4387259960844439
FLOWPanel refined 1,0.51,lower,0.015146234285440437,0.39288093412782954
FLOWPanel refined 1,0.51,lower,0.020994079447100585,0.35826103108501484
FLOWPanel refined 1,0.51,lower,0.02763994746681168,0.3417107215802
FLOWPanel refined 1,0.51,lower,0.035321388248462475,0.26799056658636367
FLOWPanel refined 1,0.51,lower,0.04374644142681653,0.291457928687312
FLOWPanel refined 1,0.51,lower,0.05313646037738947,0.19150737580086974
FLOWPanel refined 1,0.51,lower,0.06325323962397025,0.2303258964748286
FLOWPanel refined 1,0.51,lower,0.07431311612573868,0.1276143026321006
FLOWPanel refined 1,0.51,lower,0.08610296475850214,0.1580008781019221
FLOWPanel refined 1,0.51,lower,0.09884007855818112,0.08511808348702155
FLOWPanel refined 1,0.51,lower,0.11229128822352762,0.10083125679582139
FLOWPanel refined 1,0.51,lower,0.1266691608540247,0.057915059861114566
FLOWPanel refined 1,0.51,lower,0.1417477085121997,0.05595707355646851
FLOWPanel refined 1,0.51,lower,0.15773550327566102,0.027991059798234685
FLOWPanel refined 1,0.51,lower,0.1744229175568109,0.013838488654362768
FLOWPanel refined 1,0.51,lower,0.1920182092363725,-0.009090965786143324
FLOWPanel refined 1,0.51,lower,0.21031650009029912,-0.022916316232414413
FLOWPanel refined 1,0.51,lower,0.2295270540320489,-0.039928101304644636
FLOWPanel refined 1,0.51,lower,0.24958972875428934,-0.03983139327650442
FLOWPanel refined 1,0.51,lower,0.27075817765487226,-0.054017039884045825
FLOWPanel refined 1,0.51,lower,0.29193192125703216,-0.05905561147808446
FLOWPanel refined 1,0.51,lower,0.31311253565077485,-0.06870390364620715
FLOWPanel refined 1,0.51,lower,0.3342908848022297,-0.06553208470382033
FLOWPanel refined 1,0.51,lower,0.3554662944097997,-0.06937683974498077
FLOWPanel refined 1,0.51,lower,0.37663582748851354,-0.06296845325781786
FLOWPanel refined 1,0.51,lower,0.3977977347540605,-0.0635549916165179
FLOWPanel refined 1,0.51,lower,0.4189523455780904,-0.05572632472165728
FLOWPanel refined 1,0.51,lower,0.4400974880065498,-0.05416242110698288
FLOWPanel refined 1,0.51,lower,0.46123504521050607,-0.045888997632166584
FLOWPanel refined 1,0.51,lower,0.4823627592729921,-0.04251166580638355
FLOWPanel refined 1,0.51,lower,0.5034832230414789,-0.03451957545156481
FLOWPanel refined 1,0.51,lower,0.524594278298786,-0.029189083759916024
FLOWPanel refined 1,0.51,lower,0.5456988414106021,-0.022221612184682327
FLOWPanel refined 1,0.51,lower,0.5667949798401305,-0.014465068433726636
FLOWPanel refined 1,0.51,lower,0.587885659722197,-0.009423500280932418
FLOWPanel refined 1,0.51,lower,0.6089692561942909,0.0016232153830518792
FLOWPanel refined 1,0.51,lower,0.6300485529951901,0.003663050781452237
FLOWPanel refined 1,0.51,lower,0.6511222702286252,0.019478124149533094
FLOWPanel refined 1,0.51,lower,0.6721928565878387,0.017161544723337196
FLOWPanel refined 1,0.51,lower,0.6932593800959289,0.04088372824412745
FLOWPanel refined 1,0.51,lower,0.7143238666059831,0.03237218571705913
FLOWPanel refined 1,0.51,lower,0.7353857097585683,0.06579056706261022
FLOWPanel refined 1,0.51,lower,0.7556132649375776,0.03339040583073383
FLOWPanel refined 1,0.51,lower,0.7747581870913129,0.07812418382368402
FLOWPanel refined 1,0.51,lower,0.7932210874662289,0.03465810737352859
FLOWPanel refined 1,0.51,lower,0.8107989465543322,0.095968135332415
FLOWPanel refined 1,0.51,lower,0.827695148534117,0.03586199332791917
FLOWPanel refined 1,0.51,lower,0.8437067824501719,0.1127745086084192
FLOWPanel refined 1,0.51,lower,0.8590368843178374,0.035155883181021585
FLOWPanel refined 1,0.51,lower,0.8734825804086727,0.1257270917019132
FLOWPanel refined 1,0.51,lower,0.8872467343273599,0.032927869152901024
FLOWPanel refined 1,0.51,lower,0.9001264693318894,0.13171060366152654
FLOWPanel refined 1,0.51,lower,0.9123245933404491,0.030386101072279237
FLOWPanel refined 1,0.51,lower,0.9236382091240335,0.12827447144312076
FLOWPanel refined 1,0.51,lower,0.9342701338437102,0.02882349687255914
FLOWPanel refined 1,0.51,lower,0.944017446436406,0.11634819739211656
FLOWPanel refined 1,0.51,lower,0.9530830034739978,0.029104083055978336
FLOWPanel refined 1,0.51,lower,0.9612638646961189,0.10381343644132636
FLOWPanel refined 1,0.51,lower,0.9687629315756594,0.03262013177494649
FLOWPanel refined 1,0.51,lower,0.9753772523062653,0.09836715094326898
FLOWPanel refined 1,0.51,lower,0.9813097642957463,0.042153590274332076
FLOWPanel refined 1,0.51,lower,0.9863575114516907,0.09983664891274713
FLOWPanel refined 1,0.51,lower,0.9907234530381885,0.06170929024812765
FLOWPanel refined 1,0.51,lower,0.994204633906951,0.10028627777639099
FLOWPanel refined 1,0.51,lower,0.9970040191725384,0.266057877736111
FLOWPanel refined 1,0.51,lower,0.9989186566533514,0.266057877736111
FLOWPanel refined 2,0.51,upper,0.0004991164185549998,-0.21184338121422971
FLOWPanel refined 2,0.51,upper,0.0010260869962152334,-0.1288671177182712
FLOWPanel refined 2,0.51,upper,0.0019210941788345068,-0.14900363139817885
FLOWPanel refined 2,0.51,upper,0.0028366403575074087,-0.2057946890589062
FLOWPanel refined 2,0.51,upper,0.004294566962902204,-0.2923472450914695
FLOWPanel refined 2,0.51,upper,0.005782762159230055,-0.4076537169495787
FLOWPanel refined 2,0.51,upper,0.00807620874619691,-0.533277901164789
FLOWPanel refined 2,0.51,upper,0.010414593947724449,-0.6254339676162908
FLOWPanel refined 2,0.51,upper,0.013703416662423975,-0.7501300092269634
FLOWPanel refined 2,0.51,upper,0.01704528038464598,-0.6705569134584408
FLOWPanel refined 2,0.51,upper,0.021215540783057204,-0.7825651465309127
FLOWPanel refined 2,0.51,upper,0.025432031463548166,-0.6226891338230958
FLOWPanel refined 2,0.51,upper,0.03038466427807443,-0.7456196400834241
FLOWPanel refined 2,0.51,upper,0.03537837893115171,-0.5867192664643575
FLOWPanel refined 2,0.51,upper,0.04107910300735997,-0.7112313823108356
FLOWPanel refined 2,0.51,upper,0.04681928311472349,-0.5722284914450433
FLOWPanel refined 2,0.51,upper,0.05324513405839732,-0.6739495630869237
FLOWPanel refined 2,0.51,upper,0.05970925019203123,-0.5876605498826362
FLOWPanel refined 2,0.51,upper,0.06685500514501534,-0.6512746941615795
FLOWPanel refined 2,0.51,upper,0.07403880027343865,-0.6141866743410849
FLOWPanel refined 2,0.51,upper,0.08191004731484151,-0.6391447788297493
FLOWPanel refined 2,0.51,upper,0.08981965894264028,-0.6166522182216114
FLOWPanel refined 2,0.51,upper,0.09841156485829529,-0.6149154262628218
FLOWPanel refined 2,0.51,upper,0.10704154752907988,-0.5910019988891599
FLOWPanel refined 2,0.51,upper,0.11634058322186112,-0.5786813845972141
FLOWPanel refined 2,0.51,upper,0.12567695671526669,-0.5590166283820095
FLOWPanel refined 2,0.51,upper,0.13567290106396548,-0.546808195336669
FLOWPanel refined 2,0.51,upper,0.14570565404259778,-0.5352707182468466
FLOWPanel refined 2,0.51,upper,0.1563941794910396,-0.5272957617853566
FLOWPanel refined 2,0.51,upper,0.167119301593151,-0.5238625742363077
FLOWPanel refined 2,0.51,upper,0.17850110349867368,-0.5202315205247052
FLOWPanel refined 2,0.51,upper,0.1899195526933759,-0.5215275066036829
FLOWPanel refined 2,0.51,upper,0.2019975700507126,-0.5197984444187214
FLOWPanel refined 2,0.51,upper,0.21411239588771327,-0.519893373246596
FLOWPanel refined 2,0.51,upper,0.22688753740815248,-0.5177491655671811
FLOWPanel refined 2,0.51,upper,0.23969952912510328,-0.512319497298602
FLOWPanel refined 2,0.51,upper,0.25374068107113973,-0.5005453484967763
FLOWPanel refined 2,0.51,upper,0.26785042868606956,-0.4890722071756046
FLOWPanel refined 2,0.51,upper,0.281968608333454,-0.4820601002477032
FLOWPanel refined 2,0.51,upper,0.29608725854675216,-0.46579071435646086
FLOWPanel refined 2,0.51,upper,0.3102078174923446,-0.4544168084162712
FLOWPanel refined 2,0.51,upper,0.3243284829584422,-0.4364271420431658
FLOWPanel refined 2,0.51,upper,0.3384467810029282,-0.42401967213641445
FLOWPanel refined 2,0.51,upper,0.3525649469288628,-0.40567711248159033
FLOWPanel refined 2,0.51,upper,0.36667817046914997,-0.39302969447747627
FLOWPanel refined 2,0.51,upper,0.38079111819002726,-0.37500236630968775
FLOWPanel refined 2,0.51,upper,0.3948976779110459,-0.362544432005101
FLOWPanel refined 2,0.51,upper,0.40900388113735153,-0.34511786463842675
FLOWPanel refined 2,0.51,upper,0.4231029794557507,-0.33309826973602363
FLOWPanel refined 2,0.51,upper,0.43720168127099357,-0.3163673376370111
FLOWPanel refined 2,0.51,upper,0.45129302571760826,-0.3048875502858268
FLOWPanel refined 2,0.51,upper,0.4653839595720073,-0.28885656401115334
FLOWPanel refined 2,0.51,upper,0.4794675880822027,-0.2779161602754614
FLOWPanel refined 2,0.51,upper,0.4935508089035057,-0.26255591479784623
FLOWPanel refined 2,0.51,upper,0.5076269982449152,-0.2520921718016067
FLOWPanel refined 2,0.51,upper,0.521702795180961,-0.23738952120349088
FLOWPanel refined 2,0.51,upper,0.5357720160592185,-0.22730117499424837
FLOWPanel refined 2,0.51,upper,0.5498408699478257,-0.21331127046664491
FLOWPanel refined 2,0.51,upper,0.5639037463928339,-0.20345636620295227
FLOWPanel refined 2,0.51,upper,0.5779662892550169,-0.19030660340316308
FLOWPanel refined 2,0.51,upper,0.5920235470677515,-0.18047517444919148
FLOWPanel refined 2,0.51,upper,0.6060805099380584,-0.16836721018793877
FLOWPanel refined 2,0.51,upper,0.6201329327093469,-0.15824291912457578
FLOWPanel refined 2,0.51,upper,0.6341851021116106,-0.1474812157068841
FLOWPanel refined 2,0.51,upper,0.6482334943372321,-0.13660511035279188
FLOWPanel refined 2,0.51,upper,0.6622816757701904,-0.1276352916679575
FLOWPanel refined 2,0.51,upper,0.6763268323955846,-0.11538553982014844
FLOWPanel refined 2,0.51,upper,0.69037182021573,-0.1088696475601385
FLOWPanel refined 2,0.51,upper,0.7044145027443265,-0.09435702149850433
FLOWPanel refined 2,0.51,upper,0.7184570566216597,-0.09153526770182374
FLOWPanel refined 2,0.51,upper,0.7324979729703177,-0.07228685101879373
FLOWPanel refined 2,0.51,upper,0.7465387979335142,-0.07394677743482436
FLOWPanel refined 2,0.51,upper,0.759369738102207,-0.05248197894366702
FLOWPanel refined 2,0.51,upper,0.7721331583049919,-0.06139320372509349
FLOWPanel refined 2,0.51,upper,0.7842561478962671,-0.031065998770884336
FLOWPanel refined 2,0.51,upper,0.79634339701601,-0.04886473864731178
FLOWPanel refined 2,0.51,upper,0.8077905425319957,-0.010078186102887576
FLOWPanel refined 2,0.51,upper,0.8192019658257511,-0.03822422834043615
FLOWPanel refined 2,0.51,upper,0.8299734790626592,0.011403553216713158
FLOWPanel refined 2,0.51,upper,0.8407092808785972,-0.028900339096327166
FLOWPanel refined 2,0.51,upper,0.8508052693421461,0.032946594121002315
FLOWPanel refined 2,0.51,upper,0.8608655517815041,-0.02085384865945472
FLOWPanel refined 2,0.51,upper,0.8702860486281072,0.053722730593981805
FLOWPanel refined 2,0.51,upper,0.8796708409996997,-0.014279369522993246
FLOWPanel refined 2,0.51,upper,0.8884158322179586,0.07239522869715209
FLOWPanel refined 2,0.51,upper,0.8971251180928187,-0.009596485361356821
FLOWPanel refined 2,0.51,upper,0.9051945631089039,0.08716984919475124
FLOWPanel refined 2,0.51,upper,0.9132283005657515,-0.007267070581789436
FLOWPanel refined 2,0.51,upper,0.920622147113936,0.0960531183947555
FLOWPanel refined 2,0.51,upper,0.9279802833097519,-0.007364099827547488
FLOWPanel refined 2,0.51,upper,0.9346984782386301,0.09721456806944129
FLOWPanel refined 2,0.51,upper,0.9413809600047984,-0.00926336767701419
FLOWPanel refined 2,0.51,upper,0.9474234565238787,0.08949018052392055
FLOWPanel refined 2,0.51,upper,0.9534302374258516,-0.01194123567933425
FLOWPanel refined 2,0.51,upper,0.9587969990407965,0.07374797486617635
FLOWPanel refined 2,0.51,upper,0.9641280431389693,-0.014467126330243163
FLOWPanel refined 2,0.51,upper,0.9688190449686879,0.055097193414436085
FLOWPanel refined 2,0.51,upper,0.9734743279991113,-0.01600416075814448
FLOWPanel refined 2,0.51,upper,0.977489555955376,0.04097251898401055
FLOWPanel refined 2,0.51,upper,0.9814690643976982,-0.01561875244058597
FLOWPanel refined 2,0.51,upper,0.9848085145694871,0.0353144476881575
FLOWPanel refined 2,0.51,upper,0.9881122450489535,-0.01251075573372118
FLOWPanel refined 2,0.51,upper,0.9907759194710746,0.038828688319753835
FLOWPanel refined 2,0.51,upper,0.9934038743243846,-0.007170153460854811
FLOWPanel refined 2,0.51,upper,0.9953917793475495,0.05274811686528425
FLOWPanel refined 2,0.51,upper,0.9973439651494248,-0.01021214779279056
FLOWPanel refined 2,0.51,upper,0.9986561079338976,0.246566508985344
FLOWPanel refined 2,0.51,upper,0.9999325318772782,0.246566508985344
FLOWPanel refined 2,0.51,lower,2.785415910478783e-05,-0.0395267100814789
FLOWPanel refined 2,0.51,lower,0.0005548247367647985,0.12871450840499576
FLOWPanel refined 2,0.51,lower,0.0011023343104784378,0.16687128849231414
FLOWPanel refined 2,0.51,lower,0.0020178804891513398,0.33218654404789183
FLOWPanel refined 2,0.51,lower,0.0029636952587572974,0.3186511942549348
FLOWPanel refined 2,0.51,lower,0.004451890455085148,0.42466315566749996
FLOWPanel refined 2,0.51,lower,0.005985024265973685,0.39303933029790894
FLOWPanel refined 2,0.51,lower,0.008323409467501226,0.44214313402603406
FLOWPanel refined 2,0.51,lower,0.010714835676551024,0.40946711911281974
FLOWPanel refined 2,0.51,lower,0.014056699398773255,0.3985695694290591
FLOWPanel refined 2,0.51,lower,0.017444793403075004,0.39246474798926057
FLOWPanel refined 2,0.51,lower,0.021661284083566188,0.33670220322980293
FLOWPanel refined 2,0.51,lower,0.025918856602608394,0.365980047329879
FLOWPanel refined 2,0.51,lower,0.030912571255685674,0.27905757963917566
FLOWPanel refined 2,0.51,lower,0.035945741939917994,0.32848274350003814
FLOWPanel refined 2,0.51,lower,0.04168592204728128,0.2317735541035498
FLOWPanel refined 2,0.51,lower,0.04746436734460488,0.276462935613199
FLOWPanel refined 2,0.51,lower,0.053928483478238566,0.1921086806192025
FLOWPanel refined 2,0.51,lower,0.06043063978731123,0.21425808045797315
FLOWPanel refined 2,0.51,lower,0.06761443491573432,0.1532507582526642
FLOWPanel refined 2,0.51,lower,0.07483659463055309,0.15556043140653053
FLOWPanel refined 2,0.51,lower,0.08274620625835186,0.11703872941760185
FLOWPanel refined 2,0.51,lower,0.09069389464127955,0.11196783913675545
FLOWPanel refined 2,0.51,lower,0.09932387731206394,0.08815629991906881
FLOWPanel refined 2,0.51,lower,0.10799119778347284,0.0819134975451059
FLOWPanel refined 2,0.51,lower,0.1173275712768784,0.06478744595696484
FLOWPanel refined 2,0.51,lower,0.12670075340021744,0.0571994592046855
FLOWPanel refined 2,0.51,lower,0.1367335063788495,0.04241910813388339
FLOWPanel refined 2,0.51,lower,0.14680285601115123,0.03285028538438928
FLOWPanel refined 2,0.51,lower,0.15752797811326288,0.018084689463625847
FLOWPanel refined 2,0.51,lower,0.1682897475045541,0.0072487368983480405
FLOWPanel refined 2,0.51,lower,0.17970819669925658,-0.008324280643787763
FLOWPanel refined 2,0.51,lower,0.19116345437362328,-0.018389877335073246
FLOWPanel refined 2,0.51,lower,0.2032782802106242,-0.03411531759109021
FLOWPanel refined 2,0.51,lower,0.21542995624413647,-0.04164456220560875
FLOWPanel refined 2,0.51,lower,0.22824194796108727,-0.05159839348344164
FLOWPanel refined 2,0.51,lower,0.24112253534693126,-0.04479136755403457
FLOWPanel refined 2,0.51,lower,0.2552322829618609,-0.05528827594001107
FLOWPanel refined 2,0.51,lower,0.2693425011427045,-0.060954337748242
FLOWPanel refined 2,0.51,lower,0.2834611513560027,-0.0710373660367205
FLOWPanel refined 2,0.51,lower,0.29757990808980594,-0.07057537616544463
FLOWPanel refined 2,0.51,lower,0.3117005735559035,-0.07640975850412257
FLOWPanel refined 2,0.51,lower,0.3258211069034496,-0.0731097418804234
FLOWPanel refined 2,0.51,lower,0.3399392728293842,-0.07657784464541884
FLOWPanel refined 2,0.51,lower,0.35405716293590844,-0.0716475205039373
FLOWPanel refined 2,0.51,lower,0.3681701106567858,-0.07360788169254073
FLOWPanel refined 2,0.51,lower,0.3822827018829496,-0.06765451540719014
FLOWPanel refined 2,0.51,lower,0.3963889051092552,-0.06860548199199168
FLOWPanel refined 2,0.51,lower,0.41049471183240466,-0.06201079829575606
FLOWPanel refined 2,0.51,lower,0.42459341364764774,-0.06223816224611011
FLOWPanel refined 2,0.51,lower,0.4386917048706745,-0.05525347521649371
FLOWPanel refined 2,0.51,lower,0.4527826387250735,-0.05491560965856079
FLOWPanel refined 2,0.51,lower,0.4668731648905802,-0.04770752544178203
FLOWPanel refined 2,0.51,lower,0.4809563857118832,-0.04688171349127934
FLOWPanel refined 2,0.51,lower,0.49503921412782287,-0.03957275681093875
FLOWPanel refined 2,0.51,lower,0.5091150110638687,-0.03828123236724501
FLOWPanel refined 2,0.51,lower,0.523190441010264,-0.03099136327154728
FLOWPanel refined 2,0.51,lower,0.5372592948988714,-0.02921499214712475
FLOWPanel refined 2,0.51,lower,0.5513278152046533,-0.022088403042109572
FLOWPanel refined 2,0.51,lower,0.5653903580668361,-0.019754187898812336
FLOWPanel refined 2,0.51,lower,0.5794526059865913,-0.012966586640243749
FLOWPanel refined 2,0.51,lower,0.5935095688568982,-0.009923822545287342
FLOWPanel refined 2,0.51,lower,0.6075662783581799,-0.0036855442552405915
FLOWPanel refined 2,0.51,lower,0.6216184477604435,0.00031860101971559196
FLOWPanel refined 2,0.51,lower,0.6356704063700437,0.005773744511909373
FLOWPanel refined 2,0.51,lower,0.649718587803002,0.011131228942606874
FLOWPanel refined 2,0.51,lower,0.6637666004307116,0.015576952716990111
FLOWPanel refined 2,0.51,lower,0.6778115882508571,0.02298708594273091
FLOWPanel refined 2,0.51,lower,0.6918564474197397,0.026172846757969045
FLOWPanel refined 2,0.51,lower,0.705899001297073,0.037603226934221246
FLOWPanel refined 2,0.51,lower,0.7199414637889451,0.03971093416316385
FLOWPanel refined 2,0.51,lower,0.7339822887521416,0.05300183752589393
FLOWPanel refined 2,0.51,lower,0.7479555937494305,0.036836051382537094
FLOWPanel refined 2,0.51,lower,0.7607190139522155,0.052666615134399526
FLOWPanel refined 2,0.51,lower,0.7734466936834685,0.03832332317404996
FLOWPanel refined 2,0.51,lower,0.7855339428032114,0.06458631925743874
FLOWPanel refined 2,0.51,lower,0.7975854697007237,0.041786868140428535
FLOWPanel refined 2,0.51,lower,0.8089968929944787,0.07689404797688826
FLOWPanel refined 2,0.51,lower,0.8203726048672636,0.04374807819612703
FLOWPanel refined 2,0.51,lower,0.8311084066832015,0.09024074610224608
FLOWPanel refined 2,0.51,lower,0.8418085024749485,0.04452617809790038
FLOWPanel refined 2,0.51,lower,0.8518687849143066,0.10429021267351535
FLOWPanel refined 2,0.51,lower,0.8618933628786543,0.0440759836835658
FLOWPanel refined 2,0.51,lower,0.8712781552502468,0.11823169468323225
FLOWPanel refined 2,0.51,lower,0.8806272422784409,0.04218506585983861
FLOWPanel refined 2,0.51,lower,0.8893365281533007,0.13069801531906056
FLOWPanel refined 2,0.51,lower,0.8980101064689234,0.03859884934064628
FLOWPanel refined 2,0.51,lower,0.9060438439257706,0.1398326919242895
FLOWPanel refined 2,0.51,lower,0.9140418710302494,0.03330381937988858
FLOWPanel refined 2,0.51,lower,0.9214000072260649,0.1435530841005498
FLOWPanel refined 2,0.51,lower,0.9287224302591709,0.026834483650845176
FLOWPanel refined 2,0.51,lower,0.9354049120253396,0.13992694701633301
FLOWPanel refined 2,0.51,lower,0.9420516781744004,0.02012420649988511
FLOWPanel refined 2,0.51,lower,0.9480584590763733,0.12787025270244023
FLOWPanel refined 2,0.51,lower,0.9540295224615737,0.013962478408106492
FLOWPanel refined 2,0.51,lower,0.9593605665597466,0.10902001366194869
FLOWPanel refined 2,0.51,lower,0.9646558918586238,0.008859029555041253
FLOWPanel refined 2,0.51,lower,0.9693111748890472,0.08941110202627667
FLOWPanel refined 2,0.51,lower,0.9739307384055281,0.005510081111133047
FLOWPanel refined 2,0.51,lower,0.9779102468478503,0.0755249326958034
FLOWPanel refined 2,0.51,lower,0.9818540355978499,0.005298723558328722
FLOWPanel refined 2,0.51,lower,0.9851577660773162,0.06933120079488331
FLOWPanel refined 2,0.51,lower,0.9884257769879715,0.01070862699386732
FLOWPanel refined 2,0.51,lower,0.9910537318412812,0.06924755856722264
FLOWPanel refined 2,0.51,lower,0.9936459674733013,0.02589349711289657
FLOWPanel refined 2,0.51,lower,0.9955981532751765,0.0661087919059441
FLOWPanel refined 2,0.51,lower,0.9975146202359597,0.246566508985344
FLOWPanel refined 2,0.51,lower,0.9987910441793407,0.246566508985344
WingCAD coarse,0.51,upper,0.0009773445603639772,-0.0856943075522818
WingCAD coarse,0.51,upper,0.0020457613143778997,-0.3375413602665347
WingCAD coarse,0.51,upper,0.0032604949280518798,-0.5240553252754028
WingCAD coarse,0.51,upper,0.004488862829896006,-0.5775127176264652
WingCAD coarse,0.51,upper,0.006007360929024542,-0.7045056488204655
WingCAD coarse,0.51,upper,0.007552894318042032,-0.7076560463919677
WingCAD coarse,0.51,upper,0.00952740703385368,-0.7379122495950208
WingCAD coarse,0.51,upper,0.011541893459967409,-0.7399595322883403
WingCAD coarse,0.51,upper,0.014116868387170856,-0.7517099868270949
WingCAD coarse,0.51,upper,0.016744071483824362,-0.7464884427878344
WingCAD coarse,0.51,upper,0.020053682142206725,-0.7502334010499789
WingCAD coarse,0.51,upper,0.023426881790726984,-0.7364652103050848
WingCAD coarse,0.51,upper,0.027592731879039448,-0.7368300101274146
WingCAD coarse,0.51,upper,0.031832443752925724,-0.7139416727126222
WingCAD coarse,0.51,upper,0.03696148647587775,-0.713301778677423
WingCAD coarse,0.51,upper,0.042173399984210345,-0.6834620031151404
WingCAD coarse,0.51,upper,0.04835610805348478,-0.685580965741696
WingCAD coarse,0.51,upper,0.05462927796583278,-0.6510100262788121
WingCAD coarse,0.51,upper,0.061938095586906355,-0.658133369987965
WingCAD coarse,0.51,upper,0.06934341828153043,-0.6199913320837027
WingCAD coarse,0.51,upper,0.07783152161323179,-0.6318589972979254
WingCAD coarse,0.51,upper,0.0864205220203959,-0.5908717375706392
WingCAD coarse,0.51,upper,0.09612090931608505,-0.6059018573905288
WingCAD coarse,0.51,upper,0.1059248593122144,-0.5644453264038254
WingCAD coarse,0.51,upper,0.11684978631051872,-0.5804394206869521
WingCAD coarse,0.51,upper,0.12787916964772272,-0.5423231380239038
WingCAD coarse,0.51,upper,0.14001993987345196,-0.5559138357537416
WingCAD coarse,0.51,upper,0.15226427279962115,-0.5250287877098918
WingCAD coarse,0.51,upper,0.16559138636286744,-0.5328016616457116
WingCAD coarse,0.51,upper,0.1790193970015767,-0.5115690151049828
WingCAD coarse,0.51,upper,0.19348305534901156,-0.5122529469706518
WingCAD coarse,0.51,upper,0.2080432187699969,-0.5011231670493246
WingCAD coarse,0.51,upper,0.22357417675192454,-0.49551513922068713
WingCAD coarse,0.51,upper,0.2391955965769255,-0.49212943821247723
WingCAD coarse,0.51,upper,0.2557063472509918,-0.4803784497710502
WingCAD coarse,0.51,upper,0.2722999687104384,-0.47950621021558804
WingCAD coarse,0.51,upper,0.28968624060967696,-0.4602370672740119
WingCAD coarse,0.51,upper,0.3071463742944894,-0.4562529829809019
WingCAD coarse,0.51,upper,0.32528891554103334,-0.42868888395435384
WingCAD coarse,0.51,upper,0.34349504577771517,-0.41909688245276094
WingCAD coarse,0.51,upper,0.3622616645154838,-0.38703356039620296
WingCAD coarse,0.51,upper,0.3810805114227021,-0.3748706493860834
WingCAD coarse,0.51,upper,0.4003283376567152,-0.3434846768211137
WingCAD coarse,0.51,upper,0.41961613760103106,-0.3312990837364189
WingCAD coarse,0.51,upper,0.43919406774263176,-0.30229134363346577
WingCAD coarse,0.51,upper,0.4587990331741212,-0.2909292077656125
WingCAD coarse,0.51,upper,0.4785503154652709,-0.26384991049491213
WingCAD coarse,0.51,upper,0.49831523204459033,-0.25327688534363646
WingCAD coarse,0.51,upper,0.5180801486239099,-0.22731819621973925
WingCAD coarse,0.51,upper,0.5378450652032296,-0.21776596667887804
WingCAD coarse,0.51,upper,0.5574636649228891,-0.19238798141389934
WingCAD coarse,0.51,upper,0.5770686303543795,-0.18436173714521287
WingCAD coarse,0.51,upper,0.5963834655885836,-0.1589964728752844
WingCAD coarse,0.51,upper,0.6156712655328989,-0.153140309108301
WingCAD coarse,0.51,upper,0.6345300861504201,-0.12716748203087525
WingCAD coarse,0.51,upper,0.6533489330576387,-0.12424256847350955
WingCAD coarse,0.51,upper,0.6716072914637684,-0.09715107640486731
WingCAD coarse,0.51,upper,0.689813421700448,-0.09801317551265076
WingCAD coarse,0.51,upper,0.7073371443753995,-0.06959962126954311
WingCAD coarse,0.51,upper,0.7247972780602134,-0.07503198871219063
WingCAD coarse,0.51,upper,0.7414647613052343,-0.04502602491883523
WingCAD coarse,0.51,upper,0.7580583827646814,-0.05512552540741811
WingCAD coarse,0.51,upper,0.7737626733750627,-0.02317329676339619
WingCAD coarse,0.51,upper,0.7893840932000632,-0.03754721268561356
WingCAD coarse,0.51,upper,0.8040347184641232,-0.003883324483495265
WingCAD coarse,0.51,upper,0.8185948818851099,-0.02180857116023316
WingCAD coarse,0.51,upper,0.8321193975973683,0.012736831799233572
WingCAD coarse,0.51,upper,0.8455474082360762,-0.007533218007856002
WingCAD coarse,0.51,upper,0.857892638237708,0.026780200796060468
WingCAD coarse,0.51,upper,0.8701369711638781,0.005672249603128621
WingCAD coarse,0.51,upper,0.8812699172015185,0.03863342788944912
WingCAD coarse,0.51,upper,0.8922993005387185,0.01805053688011926
WingCAD coarse,0.51,upper,0.9022077068737506,0.0489288350707725
WingCAD coarse,0.51,upper,0.9120116568698835,0.029644173016120882
WingCAD coarse,0.51,upper,0.9207042199774885,0.05840785998296549
WingCAD coarse,0.51,upper,0.9292932203846531,0.04058977947572029
WingCAD coarse,0.51,upper,0.9367994401547397,0.06774592326322049
WingCAD coarse,0.51,upper,0.9442047628493634,0.05117560045608627
WingCAD coarse,0.51,upper,0.9505744378352623,0.07729902330933258
WingCAD coarse,0.51,upper,0.9568476077476098,0.06160971887217104
WingCAD coarse,0.51,upper,0.9621499830990164,0.08712558400965131
WingCAD coarse,0.51,upper,0.9673618966073488,0.07196678907594367
WingCAD coarse,0.51,upper,0.9716844792666158,0.09715951425814806
WingCAD coarse,0.51,upper,0.9759241911405017,0.0822270492984829
WingCAD coarse,0.51,upper,0.9793712525745976,0.10726746981125745
WingCAD coarse,0.51,upper,0.9827444522231196,0.0922502649245176
WingCAD coarse,0.51,upper,0.9854352443099086,0.1172268076468117
WingCAD coarse,0.51,upper,0.9880624474065596,0.10168830928198613
WingCAD coarse,0.51,upper,0.9901291620021239,0.12658234912964772
WingCAD coarse,0.51,upper,0.9921436484282382,0.10953012049572132
WingCAD coarse,0.51,upper,0.9937291555275582,0.13364993073943277
WingCAD coarse,0.51,upper,0.9952746889165762,0.11069098701865797
WingCAD coarse,0.51,upper,0.9965300921083088,0.12382974091451748
WingCAD coarse,0.51,upper,0.9977584600101528,0.03872753920334959
WingCAD coarse,0.51,upper,0.998840511052336,0.08340131541991391
WingCAD coarse,0.51,upper,0.9999089278063494,-0.1562965980881751
WingCAD coarse,0.51,lower,0.0009773445603639772,0.25015087888853593
WingCAD coarse,0.51,lower,0.0020457613143778997,0.3604268862788069
WingCAD coarse,0.51,lower,0.003260494928052103,0.4398868650828471
WingCAD coarse,0.51,lower,0.004488862829896006,0.4331630964965649
WingCAD coarse,0.51,lower,0.006007360929024765,0.4790161757001551
WingCAD coarse,0.51,lower,0.007552894318042032,0.4639603898565521
WingCAD coarse,0.51,lower,0.00952740703385368,0.47544065585832684
WingCAD coarse,0.51,lower,0.011541893459967633,0.45368172442239146
WingCAD coarse,0.51,lower,0.014116868387170856,0.44421886734575594
WingCAD coarse,0.51,lower,0.01674407148382414,0.42038716346090277
WingCAD coarse,0.51,lower,0.020053682142206725,0.39720668992029584
WingCAD coarse,0.51,lower,0.023426881790726984,0.37433712763391547
WingCAD coarse,0.51,lower,0.02759273187903967,0.3425021911030153
WingCAD coarse,0.51,lower,0.03183244375292617,0.32307092768541146
WingCAD coarse,0.51,lower,0.03696148647587775,0.28633224928179546
WingCAD coarse,0.51,lower,0.042173399984210345,0.27189938369507427
WingCAD coarse,0.51,lower,0.04835610805348478,0.23216850838046021
WingCAD coarse,0.51,lower,0.05462927796583278,0.22357847970573508
WingCAD coarse,0.51,lower,0.061938095586906355,0.18143072521751624
WingCAD coarse,0.51,lower,0.06934341828153043,0.1791707127621598
WingCAD coarse,0.51,lower,0.07783152161323179,0.13492238784029653
WingCAD coarse,0.51,lower,0.0864205220203959,0.13903523204774326
WingCAD coarse,0.51,lower,0.09612090931608527,0.09338382308116633
WingCAD coarse,0.51,lower,0.10592485931221463,0.10249482438867108
WingCAD coarse,0.51,lower,0.11684978631051916,0.05689944492437294
WingCAD coarse,0.51,lower,0.12787916964772317,0.06796034486286795
WingCAD coarse,0.51,lower,0.14001993987345218,0.025129944755902023
WingCAD coarse,0.51,lower,0.15226427279962115,0.03427333238322683
WingCAD coarse,0.51,lower,0.16559138636286766,-0.002555476822298619
WingCAD coarse,0.51,lower,0.1790193970015767,0.0015309263509251103
WingCAD coarse,0.51,lower,0.19348305534901156,-0.02736554943208214
WingCAD coarse,0.51,lower,0.2080432187699969,-0.029825567135009168
WingCAD coarse,0.51,lower,0.22357417675192454,-0.05079648131811388
WingCAD coarse,0.51,lower,0.2391955965769255,-0.058922684136328174
WingCAD coarse,0.51,lower,0.2557063472509918,-0.07235019305227297
WingCAD coarse,0.51,lower,0.2722999687104384,-0.0827692432820335
WingCAD coarse,0.51,lower,0.28968624060967696,-0.08827255192948646
WingCAD coarse,0.51,lower,0.3071463742944894,-0.09675030399994577
WingCAD coarse,0.51,lower,0.32528891554103334,-0.09400933197238803
WingCAD coarse,0.51,lower,0.34349504577771517,-0.09813861346308328
WingCAD coarse,0.51,lower,0.3622616645154838,-0.08959248343662152
WingCAD coarse,0.51,lower,0.38108051142270233,-0.09102384519369466
WingCAD coarse,0.51,lower,0.40032833765671566,-0.08030826051080542
WingCAD coarse,0.51,lower,0.4196161376010315,-0.08079981714893347
WingCAD coarse,0.51,lower,0.43919406774263176,-0.06945347947741709
WingCAD coarse,0.51,lower,0.4587990331741212,-0.06973098641645836
WingCAD coarse,0.51,lower,0.4785503154652709,-0.05780028265179692
WingCAD coarse,0.51,lower,0.4983152320445908,-0.05795179331650013
WingCAD coarse,0.51,lower,0.5180801486239102,-0.04513551416785444
WingCAD coarse,0.51,lower,0.5378450652032296,-0.045439023519400656
WingCAD coarse,0.51,lower,0.55746366492289,-0.03154685750151032
WingCAD coarse,0.51,lower,0.5770686303543808,-0.032505045182742
WingCAD coarse,0.51,lower,0.5963834655885843,-0.017259000105991795
WingCAD coarse,0.51,lower,0.6156712655328989,-0.019503340142792203
WingCAD coarse,0.51,lower,0.6345300861504201,-0.0025330225682484997
WingCAD coarse,0.51,lower,0.653348933057639,-0.006804024388332497
WingCAD coarse,0.51,lower,0.6716072914637691,0.01220577730401362
WingCAD coarse,0.51,lower,0.6898134217004493,0.005081413163100845
WingCAD coarse,0.51,lower,0.7073371443754002,0.02620046302543733
WingCAD coarse,0.51,lower,0.7247972780602134,0.015456147594211544
WingCAD coarse,0.51,lower,0.7414647613052343,0.03879701860961138
WingCAD coarse,0.51,lower,0.758058382764681,0.02427308746753054
WingCAD coarse,0.51,lower,0.7737626733750609,0.05001309059921555
WingCAD coarse,0.51,lower,0.7893840932000601,0.03201655700028261
WingCAD coarse,0.51,lower,0.804034718464121,0.059826197311658835
WingCAD coarse,0.51,lower,0.818594881885109,0.03899550122126927
WingCAD coarse,0.51,lower,0.8321193975973683,0.06801500949501615
WingCAD coarse,0.51,lower,0.8455474082360771,0.04544954541439106
WingCAD coarse,0.51,lower,0.8578926382377089,0.07456510979352005
WingCAD coarse,0.51,lower,0.8701369711638781,0.051651655211342296
WingCAD coarse,0.51,lower,0.8812699172015189,0.07976535797134376
WingCAD coarse,0.51,lower,0.8922993005387194,0.057754655699260415
WingCAD coarse,0.51,lower,0.9022077068737515,0.0841587847727786
WingCAD coarse,0.51,lower,0.912011656869884,0.06373814567039193
WingCAD coarse,0.51,lower,0.9207042199774881,0.08839084861891
WingCAD coarse,0.51,lower,0.9292932203846527,0.06967330214811418
WingCAD coarse,0.51,lower,0.9367994401547397,0.0930377017933739
WingCAD coarse,0.51,lower,0.9442047628493634,0.07577986955343663
WingCAD coarse,0.51,lower,0.9505744378352623,0.09838118207927571
WingCAD coarse,0.51,lower,0.9568476077476098,0.08221319063566479
WingCAD coarse,0.51,lower,0.9621499830990164,0.10443319560633957
WingCAD coarse,0.51,lower,0.9673618966073488,0.08900958637539258
WingCAD coarse,0.51,lower,0.9716844792666158,0.11109565687784628
WingCAD coarse,0.51,lower,0.9759241911405017,0.0961172010600927
WingCAD coarse,0.51,lower,0.9793712525745927,0.1182097795279815
WingCAD coarse,0.51,lower,0.9827444522231089,0.1033645165220124
WingCAD coarse,0.51,lower,0.9854352443099024,0.12552614431826414
WingCAD coarse,0.51,lower,0.9880624474065587,0.11036487476361134
WingCAD coarse,0.51,lower,0.9901291620021234,0.1325480237958202
WingCAD coarse,0.51,lower,0.9921436484282382,0.11604994581157002
WingCAD coarse,0.51,lower,0.9937291555275582,0.13750063644443722
WingCAD coarse,0.51,lower,0.9952746889165762,0.11525542459249116
WingCAD coarse,0.51,lower,0.9965300921083088,0.12563691990977977
WingCAD coarse,0.51,lower,0.9977584600101528,0.041631186311578694
WingCAD coarse,0.51,lower,0.998840511052336,0.08372905100591366
WingCAD coarse,0.51,lower,0.9999089278063499,-0.1562965980881751
WingCAD medium,0.51,upper,0.0006131722044418839,-0.056597268542374575
WingCAD medium,0.51,upper,0.001315546374175295,-0.23929238617131365
WingCAD medium,0.51,upper,0.002059393185286955,-0.4427613276137372
WingCAD medium,0.51,upper,0.0028092732788760635,-0.46188645164143094
WingCAD medium,0.51,upper,0.003641783023378735,-0.6190959430520384
WingCAD medium,0.51,upper,0.004486313415913818,-0.6028229023404212
WingCAD medium,0.51,upper,0.005454001607361085,-0.6709287182229071
WingCAD medium,0.51,upper,0.006439606328005627,-0.6564359144108369
WingCAD medium,0.51,upper,0.007587959690346681,-0.7059084389524986
WingCAD medium,0.51,upper,0.00875998910744499,-0.6891437984649529
WingCAD medium,0.51,upper,0.010133119393589698,-0.7295558549078345
WingCAD medium,0.51,upper,0.01153550507097829,-0.7077936440457566
WingCAD medium,0.51,upper,0.013175813345724742,-0.7434640366129492
WingCAD medium,0.51,upper,0.014850733697010563,-0.7151267143636835
WingCAD medium,0.51,upper,0.016798587639333493,-0.7487709226835215
WingCAD medium,0.51,upper,0.018786146924687882,-0.7140520444359977
WingCAD medium,0.51,upper,0.02107957360533249,-0.7478974855286249
WingCAD medium,0.51,upper,0.023417496713866042,-0.7067936247913276
WingCAD medium,0.51,upper,0.026091893186376353,-0.7410252324019524
WingCAD medium,0.51,upper,0.02881523852694931,-0.6932565067636844
WingCAD medium,0.51,upper,0.03190310243471709,-0.7283716570941259
WingCAD medium,0.51,upper,0.03504399512027921,-0.6753213427094475
WingCAD medium,0.51,upper,0.038574677369855315,-0.7124994623001306
WingCAD medium,0.51,upper,0.042162064725939113,-0.6551891143373678
WingCAD medium,0.51,upper,0.04616154610891296,-0.6949452559541918
WingCAD medium,0.51,upper,0.05022097736700725,-0.6350016557805132
WingCAD medium,0.51,upper,0.05471167083049354,-0.6774451099442489
WingCAD medium,0.51,upper,0.05926510268296497,-0.616675675466734
WingCAD medium,0.51,upper,0.06426568275354456,-0.6604747574979923
WingCAD medium,0.51,upper,0.06933131224995114,-0.6010174375746613
WingCAD medium,0.51,upper,0.0748565729092462,-0.6434726740303669
WingCAD medium,0.51,upper,0.08044869896580165,-0.5880830093291327
WingCAD medium,0.51,upper,0.0865094410593438,-0.6259140480346927
WingCAD medium,0.51,upper,0.0926383556355324,-0.5777438335999132
WingCAD medium,0.51,upper,0.09924130467180627,-0.6078987218189258
WingCAD medium,0.51,upper,0.10591321444235571,-0.569509342469454
WingCAD medium,0.51,upper,0.11306096940761776,-0.5898124482484202
WingCAD medium,0.51,upper,0.1202779485259572,-0.5624269665190642
WingCAD medium,0.51,upper,0.12796896210438238,-0.5721340374402053
WingCAD medium,0.51,upper,0.13572893641708292,-0.5555110875792946
WingCAD medium,0.51,upper,0.14395752676676996,-0.5553689674531792
WingCAD medium,0.51,upper,0.1522542895991032,-0.5481170463304712
WingCAD medium,0.51,upper,0.16101068359432513,-0.5399373594646888
WingCAD medium,0.51,upper,0.16983394298680746,-0.540034424372442
WingCAD medium,0.51,upper,0.1791043505973984,-0.5261566780848548
WingCAD medium,0.51,upper,0.18843980763381607,-0.5315238652577159
WingCAD medium,0.51,upper,0.19820652687562576,-0.5145411719415354
WingCAD medium,0.51,upper,0.20803598450642036,-0.5234710720669635
WingCAD medium,0.51,upper,0.21827753616410503,-0.5054625718442787
WingCAD medium,0.51,upper,0.22857903769691035,-0.5159686146419549
WingCAD medium,0.51,upper,0.23927032879372967,-0.49762837428605544
WingCAD medium,0.51,upper,0.25001832499705645,-0.5073680005938386
WingCAD medium,0.51,upper,0.2611308397675778,-0.48877952261601393
WingCAD medium,0.51,upper,0.2722963833158935,-0.49604947634526764
WingCAD medium,0.51,upper,0.28379840022818575,-0.4768717545547332
WingCAD medium,0.51,upper,0.29534936600854067,-0.4799196896495239
WingCAD medium,0.51,upper,0.3072061991841864,-0.4589625655872736
WingCAD medium,0.51,upper,0.31910752878772136,-0.45659758267832773
WingCAD medium,0.51,upper,0.33128179198229407,-0.4339556101420472
WingCAD medium,0.51,upper,0.3434957605198985,-0.4276049337713466
WingCAD medium,0.51,upper,0.355947651654859,-0.40489689724759614
WingCAD medium,0.51,upper,0.3684341548663584,-0.3965829058472701
WingCAD medium,0.51,upper,0.3811217589469051,-0.37485991166814636
WingCAD medium,0.51,upper,0.39383861841869566,-0.3658695913178782
WingCAD medium,0.51,upper,0.40671822653218254,-0.3455931735412303
WingCAD medium,0.51,upper,0.4196215107004267,-0.33673102304950686
WingCAD medium,0.51,upper,0.4326479526675832,-0.3179887020159262
WingCAD medium,0.51,upper,0.44569231116393726,-0.30934232854518573
WingCAD medium,0.51,upper,0.4588192993112044,-0.2918240900378217
WingCAD medium,0.51,upper,0.47195830810650397,-0.28322069788466164
WingCAD medium,0.51,upper,0.4851387895431818,-0.26667077280448526
WingCAD medium,0.51,upper,0.49832530426233723,-0.25811477762814183
WingCAD medium,0.51,upper,0.5115118189814928,-0.2423482491970128
WingCAD medium,0.51,upper,0.5246983337006482,-0.23391997108603535
WingCAD medium,0.51,upper,0.5378433757784257,-0.21872756299448223
WingCAD medium,0.51,upper,0.5509823845737255,-0.2106400167811611
WingCAD medium,0.51,upper,0.5640387637181121,-0.1957870092013143
WingCAD medium,0.51,upper,0.5770831222144666,-0.18828187771556326
WingCAD medium,0.51,upper,0.5900043229119077,-0.1734730694076867
WingCAD medium,0.51,upper,0.6029076070801512,-0.1668399106981624
WingCAD medium,0.51,upper,0.6156481426066986,-0.1517476205985815
WingCAD medium,0.51,upper,0.6283650020784894,-0.14632322247700325
WingCAD medium,0.51,upper,0.6408807606812333,-0.13059094548122396
WingCAD medium,0.51,upper,0.6533672638927333,-0.12678676573590808
WingCAD medium,0.51,upper,0.6656158445068762,-0.11003789163414025
WingCAD medium,0.51,upper,0.6778298130444805,-0.10834606187567818
WingCAD medium,0.51,upper,0.689770847991046,-0.09023617565457798
WingCAD medium,0.51,upper,0.7016721775945799,-0.09125185306953898
WingCAD medium,0.51,upper,0.7132676398028244,-0.07145613311391075
WingCAD medium,0.51,upper,0.7248186055831798,-0.07572319564225105
WingCAD medium,0.51,upper,0.7360330979995583,-0.053750746825276696
WingCAD medium,0.51,upper,0.7471986415478743,-0.06159092227662466
WingCAD medium,0.51,upper,0.7579996665290007,-0.036876201550296805
WingCAD medium,0.51,upper,0.7687476627323342,-0.048597637353620105
WingCAD medium,0.51,upper,0.7791058693716416,-0.020737857749054678
WingCAD medium,0.51,upper,0.7894073709044402,-0.03666340064438445
WingCAD medium,0.51,upper,0.7992967784103546,-0.005434512052024276
WingCAD medium,0.51,upper,0.8091262360411492,-0.02579534694793595
WingCAD medium,0.51,upper,0.8185244314665514,0.008866548387309159
WingCAD medium,0.51,upper,0.8278598885029682,-0.015952883958334052
WingCAD medium,0.51,upper,0.8367481973212777,0.02202432873298854
WingCAD medium,0.51,upper,0.8455714567137604,-0.006991512401820498
WingCAD medium,0.51,upper,0.8539350849433547,0.03390998064783002
WingCAD medium,0.51,upper,0.8622318477756882,0.0012498535775175013
WingCAD medium,0.51,upper,0.8700599945710349,0.044354605398794766
WingCAD medium,0.51,upper,0.8778199688837357,0.008914129778183955
WingCAD medium,0.51,upper,0.8851059087363471,0.05320440033616214
WingCAD medium,0.51,upper,0.8923228878546825,0.016109630944770248
WingCAD medium,0.51,upper,0.899064021778312,0.0603685057941321
WingCAD medium,0.51,upper,0.9057359315488651,0.022879926217745483
WingCAD medium,0.51,upper,0.9119338068593297,0.06594521639616613
WingCAD medium,0.51,upper,0.9180627214355187,0.029288147221049
WingCAD medium,0.51,upper,0.9237230199747206,0.07036270599959649
WingCAD medium,0.51,upper,0.929315146031276,0.035488175273171274
WingCAD medium,0.51,upper,0.9344476409249425,0.07424759522803803
WingCAD medium,0.51,upper,0.9395132704213486,0.04161713697169456
WingCAD medium,0.51,upper,0.944131751699647,0.07814480044089511
WingCAD medium,0.51,upper,0.9486851835521187,0.04776349432207838
WingCAD medium,0.51,upper,0.9528073531991978,0.08240215612765533
WingCAD medium,0.51,upper,0.9568667844572917,0.05399276014385068
WingCAD medium,0.51,upper,0.9605141216884964,0.08716105014295572
WingCAD medium,0.51,upper,0.9641015090445808,0.0603480419475586
WingCAD medium,0.51,upper,0.96729910683665,0.09242814493621088
WingCAD medium,0.51,upper,0.9704399995222117,0.0668534507282732
WingCAD medium,0.51,upper,0.9732163736405794,0.09815173308020131
WingCAD medium,0.51,upper,0.975939718981152,0.0735198021366198
WingCAD medium,0.51,upper,0.9783265909577485,0.10425852225463195
WingCAD medium,0.51,upper,0.9806645140662822,0.08033254859370598
WingCAD medium,0.51,upper,0.982696569779529,0.11068082040755134
WingCAD medium,0.51,upper,0.9846841290648872,0.08728017474862726
WingCAD medium,0.51,upper,0.9863987547592002,0.11737132684050809
WingCAD medium,0.51,upper,0.9880736751104816,0.09433495601474196
WingCAD medium,0.51,upper,0.9895106728644092,0.12429679183973495
WingCAD medium,0.51,upper,0.9909130585417987,0.10147457581777398
WingCAD medium,0.51,upper,0.9921143433501413,0.13147585572132925
WingCAD medium,0.51,upper,0.9932863727672405,0.10866859990312439
WingCAD medium,0.51,upper,0.9942956535426414,0.13885753473823426
WingCAD medium,0.51,upper,0.9952812582632855,0.11549352007148117
WingCAD medium,0.51,upper,0.9961437051850178,0.14524288046173883
WingCAD medium,0.51,upper,0.9969882355775529,0.11769362419383765
WingCAD medium,0.51,upper,0.9977501363191746,0.13631767106583847
WingCAD medium,0.51,upper,0.998500016412764,0.051302959204298275
WingCAD medium,0.51,upper,0.9992084238649749,0.09281978675510272
WingCAD medium,0.51,upper,0.9999107980347078,-0.14661944249808245
WingCAD medium,0.51,lower,0.0006131722044418839,0.23493868288327668
WingCAD medium,0.51,lower,0.001315546374175295,0.3064759404807119
WingCAD medium,0.51,lower,0.002059393185286955,0.40719546536008944
WingCAD medium,0.51,lower,0.0028092732788760635,0.38291625960282727
WingCAD medium,0.51,lower,0.003641783023378958,0.45432987037408457
WingCAD medium,0.51,lower,0.0044863134159142636,0.4334644336132241
WingCAD medium,0.51,lower,0.005454001607361085,0.48005247029209364
WingCAD medium,0.51,lower,0.006439606328005627,0.455521650628704
WingCAD medium,0.51,lower,0.007587959690346681,0.483359877281578
WingCAD medium,0.51,lower,0.00875998910744499,0.4584734986956248
WingCAD medium,0.51,lower,0.010133119393589698,0.4719464161661679
WingCAD medium,0.51,lower,0.01153550507097829,0.4484891265137566
WingCAD medium,0.51,lower,0.013175813345725188,0.45003131196792084
WingCAD medium,0.51,lower,0.014850733697010563,0.42932030599218374
WingCAD medium,0.51,lower,0.016798587639333493,0.42069434153875823
WingCAD medium,0.51,lower,0.01878614692468766,0.40378879415145963
WingCAD medium,0.51,lower,0.02107957360533249,0.3863595911164043
WingCAD medium,0.51,lower,0.023417496713866042,0.3742404842758752
WingCAD medium,0.51,lower,0.026091893186376353,0.34921411540145264
WingCAD medium,0.51,lower,0.02881523852694931,0.3428376058528698
WingCAD medium,0.51,lower,0.03190310243471709,0.3112055797896389
WingCAD medium,0.51,lower,0.03504399512027921,0.3111396134822333
WingCAD medium,0.51,lower,0.038574677369855315,0.2735032853048074
WingCAD medium,0.51,lower,0.042162064725939113,0.28013483816235063
WingCAD medium,0.51,lower,0.04616154610891296,0.2369357140716265
WingCAD medium,0.51,lower,0.05022097736700725,0.25014652723634645
WingCAD medium,0.51,lower,0.05471167083049399,0.20182674692229052
WingCAD medium,0.51,lower,0.0592651026829652,0.22092307606086722
WingCAD medium,0.51,lower,0.06426568275354456,0.16847104498768817
WingCAD medium,0.51,lower,0.06933131224995114,0.19199092539203755
WingCAD medium,0.51,lower,0.0748565729092462,0.13732207953194442
WingCAD medium,0.51,lower,0.08044869896580165,0.16288634005090752
WingCAD medium,0.51,lower,0.0865094410593438,0.1087819710159692
WingCAD medium,0.51,lower,0.0926383556355324,0.13331411972944585
WingCAD medium,0.51,lower,0.09924130467180627,0.08294434713136534
WingCAD medium,0.51,lower,0.10591321444235595,0.10343269580638781
WingCAD medium,0.51,lower,0.11306096940761821,0.059645399860935526
WingCAD medium,0.51,lower,0.12027794852595743,0.07391820612155076
WingCAD medium,0.51,lower,0.12796896210438238,0.038535971302445016
WingCAD medium,0.51,lower,0.1357289364170827,0.04563452689433711
WingCAD medium,0.51,lower,0.14395752676676996,0.01914529456641778
WingCAD medium,0.51,lower,0.15225428959910342,0.019265600120256132
WingCAD medium,0.51,lower,0.16101068359432558,0.000988089660731828
WingCAD medium,0.51,lower,0.1698339429868079,-0.004853269183870301
WingCAD medium,0.51,lower,0.1791043505973984,-0.01636928539722393
WingCAD medium,0.51,lower,0.18843980763381563,-0.026790575467501302
WingCAD medium,0.51,lower,0.19820652687562554,-0.033441898327833286
WingCAD medium,0.51,lower,0.20803598450642036,-0.047104484739667773
WingCAD medium,0.51,lower,0.21827753616410503,-0.05067448319770329
WingCAD medium,0.51,lower,0.22857903769691035,-0.06600281152694953
WingCAD medium,0.51,lower,0.23927032879372967,-0.06751037959019301
WingCAD medium,0.51,lower,0.25001832499705645,-0.08266174861547304
WingCAD medium,0.51,lower,0.2611308397675778,-0.0826432608114751
WingCAD medium,0.51,lower,0.2722963833158935,-0.09616609710166313
WingCAD medium,0.51,lower,0.28379840022818575,-0.09473146002777821
WingCAD medium,0.51,lower,0.29534936600854067,-0.10515380112216222
WingCAD medium,0.51,lower,0.3072061991841866,-0.10168391763528573
WingCAD medium,0.51,lower,0.31910752878772136,-0.10792702622895177
WingCAD medium,0.51,lower,0.33128179198229407,-0.10241915489779951
WingCAD medium,0.51,lower,0.3434957605198985,-0.1052991732620603
WingCAD medium,0.51,lower,0.355947651654859,-0.09871100421949075
WingCAD medium,0.51,lower,0.3684341548663586,-0.09962022953206007
WingCAD medium,0.51,lower,0.3811217589469051,-0.09262558441935265
WingCAD medium,0.51,lower,0.39383861841869566,-0.09253366262747331
WingCAD medium,0.51,lower,0.40671822653218276,-0.08549185272712667
WingCAD medium,0.51,lower,0.41962151070042714,-0.08505245722793786
WingCAD medium,0.51,lower,0.43264795266758344,-0.07812093246696894
WingCAD medium,0.51,lower,0.44569231116393726,-0.07745226944716221
WingCAD medium,0.51,lower,0.4588192993112044,-0.07052330952784658
WingCAD medium,0.51,lower,0.47195830810650397,-0.06952893808635263
WingCAD medium,0.51,lower,0.48513878954318224,-0.0625157973676369
WingCAD medium,0.51,lower,0.4983253042623377,-0.06122789542912499
WingCAD medium,0.51,lower,0.5115118189814932,-0.05407081207889152
WingCAD medium,0.51,lower,0.5246983337006482,-0.052584346306632
WingCAD medium,0.51,lower,0.5378433757784257,-0.045181756323506184
WingCAD medium,0.51,lower,0.5509823845737255,-0.043703829328060495
WingCAD medium,0.51,lower,0.5640387637181128,-0.03591541121126873
WingCAD medium,0.51,lower,0.5770831222144679,-0.034682830869351644
WingCAD medium,0.51,lower,0.5900043229119086,-0.0263059058756232
WingCAD medium,0.51,lower,0.6029076070801517,-0.025599439000694394
WingCAD medium,0.51,lower,0.6156481426066991,-0.016392016716141322
WingCAD medium,0.51,lower,0.6283650020784897,-0.016536414646474373
WingCAD medium,0.51,lower,0.6408807606812333,-0.0062208033517625605
WingCAD medium,0.51,lower,0.6533672638927333,-0.007608579069905641
WingCAD medium,0.51,lower,0.6656158445068766,0.004120076697732955
WingCAD medium,0.51,lower,0.677829813044481,0.001021868802225101
WingCAD medium,0.51,lower,0.6897708479910465,0.014449034280707982
WingCAD medium,0.51,lower,0.7016721775945803,0.00907947731533365
WingCAD medium,0.51,lower,0.7132676398028244,0.024475480689902462
WingCAD medium,0.51,lower,0.7248186055831798,0.016312767542041917
WingCAD medium,0.51,lower,0.7360330979995583,0.03408662754812597
WingCAD medium,0.51,lower,0.7471986415478743,0.022802611378393345
WingCAD medium,0.51,lower,0.7579996665289909,0.043431699000554436
WingCAD medium,0.51,lower,0.7687476627323128,0.028715708785674646
WingCAD medium,0.51,lower,0.7791058693716273,0.05254400731382525
WingCAD medium,0.51,lower,0.7894073709044362,0.03407809230225223
WingCAD medium,0.51,lower,0.7992967784103524,0.061294730054878836
WingCAD medium,0.51,lower,0.8091262360411483,0.03884851237988052
WingCAD medium,0.51,lower,0.8185244314665496,0.06949646688124889
WingCAD medium,0.51,lower,0.8278598885029654,0.043034831087546244
WingCAD medium,0.51,lower,0.8367481973212764,0.07698652417227714
WingCAD medium,0.51,lower,0.8455714567137613,0.04674443863519029
WingCAD medium,0.51,lower,0.8539350849433556,0.08361605025901941
WingCAD medium,0.51,lower,0.8622318477756891,0.050106497913149695
WingCAD medium,0.51,lower,0.8700599945710358,0.08920347770601234
WingCAD medium,0.51,lower,0.8778199688837357,0.05323814320186415
WingCAD medium,0.51,lower,0.8851059087363475,0.09358448289889565
WingCAD medium,0.51,lower,0.8923228878546834,0.05622644896683137
WingCAD medium,0.51,lower,0.8990640217783125,0.09665845827096675
WingCAD medium,0.51,lower,0.9057359315488656,0.05909888337164871
WingCAD medium,0.51,lower,0.9119338068593301,0.0985070097746148
WingCAD medium,0.51,lower,0.9180627214355187,0.06189993026801954
WingCAD medium,0.51,lower,0.9237230199747202,0.09952555484189052
WingCAD medium,0.51,lower,0.929315146031276,0.0647584865523434
WingCAD medium,0.51,lower,0.9344476409249425,0.10029979063051031
WingCAD medium,0.51,lower,0.9395132704213486,0.06779021559265952
WingCAD medium,0.51,lower,0.9441317516996475,0.10133780568937067
WingCAD medium,0.51,lower,0.9486851835521187,0.071067844604781
WingCAD medium,0.51,lower,0.9528073531991978,0.10295731423201539
WingCAD medium,0.51,lower,0.9568667844572917,0.07464369582114316
WingCAD medium,0.51,lower,0.9605141216884964,0.10527761339659081
WingCAD medium,0.51,lower,0.9641015090445799,0.07854947865562445
WingCAD medium,0.51,lower,0.96729910683665,0.10829014073388465
WingCAD medium,0.51,lower,0.9704399995222122,0.08279922426937825
WingCAD medium,0.51,lower,0.9732163736405794,0.11193213127923941
WingCAD medium,0.51,lower,0.975939718981152,0.08739381035037386
WingCAD medium,0.51,lower,0.9783265909577485,0.11612152799990982
WingCAD medium,0.51,lower,0.9806645140662822,0.09230907948158651
WingCAD medium,0.51,lower,0.9826965697795281,0.12078218187292356
WingCAD medium,0.51,lower,0.984684129064885,0.09752196461354723
WingCAD medium,0.51,lower,0.9863987547591994,0.12585670183743858
WingCAD medium,0.51,lower,0.9880736751104812,0.10299052701893219
WingCAD medium,0.51,lower,0.9895106728644092,0.1312985858152219
WingCAD medium,0.51,lower,0.9909130585417987,0.10867301038496491
WingCAD medium,0.51,lower,0.9921143433501413,0.13710490276225107
WingCAD medium,0.51,lower,0.9932863727672405,0.11450982838868262
WingCAD medium,0.51,lower,0.9942956535426414,0.14318749069003922
WingCAD medium,0.51,lower,0.9952812582632855,0.12003919483556014
WingCAD medium,0.51,lower,0.9961437051850178,0.14827566679317417
WingCAD medium,0.51,lower,0.9969882355775529,0.1209706286122978
WingCAD medium,0.51,lower,0.9977501363191742,0.13797495835133688
WingCAD medium,0.51,lower,0.9985000164127635,0.05344528816940831
WingCAD medium,0.51,lower,0.9992084238649744,0.09341362010493504
WingCAD medium,0.51,lower,0.9999107980347078,-0.14661944249808245
WingCAD fine,0.51,upper,0.0003769362267073388,-0.03765627939903182
WingCAD fine,0.51,upper,0.0008422492349858611,-0.16003342759862527
WingCAD fine,0.51,upper,0.0013189767238955385,-0.3729691837875426
WingCAD fine,0.51,upper,0.0017983804614377266,-0.3614421289830614
WingCAD fine,0.51,upper,0.002300574537251744,-0.5241277151700234
WingCAD fine,0.51,upper,0.0028081120547533305,-0.4944884692841578
WingCAD fine,0.51,upper,0.0033497386528767285,-0.5806922357258142
WingCAD fine,0.51,upper,0.0038993578052271384,-0.5533906575024083
WingCAD fine,0.51,upper,0.004494249433891626,-0.6242085026102719
WingCAD fine,0.51,upper,0.005099755685049032,-0.5955489823246751
WingCAD fine,0.51,upper,0.005761564620484598,-0.6579988859219104
WingCAD fine,0.51,upper,0.006436574330156183,-0.6264145627567952
WingCAD fine,0.51,upper,0.007178726421607069,-0.6847246883946791
WingCAD fine,0.51,upper,0.007936620771796113,-0.6491510383776029
WingCAD fine,0.51,upper,0.008772270012699507,-0.7059020488310903
WingCAD fine,0.51,upper,0.00962614973002284,-0.6655986729107004
WingCAD fine,0.51,upper,0.010568133749057428,-0.7223026404466764
WingCAD fine,0.51,upper,0.011530774776031727,-0.676640926915808
WingCAD fine,0.51,upper,0.012591571398649245,-0.7340115465360944
WingCAD fine,0.51,upper,0.01367538166395072,-0.6826717452196907
WingCAD fine,0.51,upper,0.01486706669135813,-0.7411696780499353
WingCAD fine,0.51,upper,0.016084044125311135,-0.6843601041328364
WingCAD fine,0.51,upper,0.017418250473786444,-0.7448313879746398
WingCAD fine,0.51,upper,0.01877994241117173,-0.6832137931761433
WingCAD fine,0.51,upper,0.020267820749956512,-0.7464447612660845
WingCAD fine,0.51,upper,0.021785284857483215,-0.680045966457506
WingCAD fine,0.51,upper,0.02343746587844835,-0.7451661093788617
WingCAD fine,0.51,upper,0.025121232739110988,-0.6734604093640526
WingCAD fine,0.51,upper,0.0269477911858587,-0.7400538638364786
WingCAD fine,0.51,upper,0.028807828666776312,-0.6647007682486104
WingCAD fine,0.51,upper,0.030818249244898316,-0.7330542522570558
WingCAD fine,0.51,upper,0.03286392876920821,-0.655009347188164
WingCAD fine,0.51,upper,0.03506707405304395,-0.7241968622981316
WingCAD fine,0.51,upper,0.037307138889972745,-0.6448883163625962
WingCAD fine,0.51,upper,0.03971121933446277,-0.7137986400449365
WingCAD fine,0.51,upper,0.04215375501486977,-0.63528606480256
WingCAD fine,0.51,upper,0.04476630117397562,-0.7024874325696651
WingCAD fine,0.51,upper,0.04741870813147699,-0.6271804734924682
WingCAD fine,0.51,upper,0.05024654517716985,-0.690767148658656
WingCAD fine,0.51,upper,0.0531155137074131,-0.621171222402354
WingCAD fine,0.51,upper,0.05616473833545335,-0.6788884963296755
WingCAD fine,0.51,upper,0.05925622595827445,-0.6172996399217121
WingCAD fine,0.51,upper,0.06253218575892219,-0.6668553633707073
WingCAD fine,0.51,upper,0.06585139705998484,-0.6150679838794757
WingCAD fine,0.51,upper,0.06935867242344708,-0.6545532180422415
WingCAD fine,0.51,upper,0.07291004144357194,-0.6136542016036883
WingCAD fine,0.51,upper,0.07665243006141248,-0.6419301601775229
WingCAD fine,0.51,upper,0.08043960529318676,-0.6122342931920113
WingCAD fine,0.51,upper,0.0844201093081403,-0.6291427549341859
WingCAD fine,0.51,upper,0.0884459413505739,-0.6102309006974231
WingCAD fine,0.51,upper,0.09266675719824395,-0.6165293999610293
WingCAD fine,0.51,upper,0.09693328911124435,-0.6073172489561773
WingCAD fine,0.51,upper,0.10139580008806262,-0.6043954159374783
WingCAD fine,0.51,upper,0.10590426047936685,-0.6032759719728389
WingCAD fine,0.51,upper,0.11060903206195397,-0.5929165316447225
WingCAD fine,0.51,upper,0.11535983092990898,-0.5980803320073567
WingCAD fine,0.51,upper,0.12030660886168232,-0.5822228006602888
WingCAD fine,0.51,upper,0.1252993362079414,-0.5918260550770873
WingCAD fine,0.51,upper,0.13048704735943734,-0.5723148639466729
WingCAD fine,0.51,upper,0.135720474576263,-0.5846685817640127
WingCAD fine,0.51,upper,0.14114723057626766,-0.5631170870018458
WingCAD fine,0.51,upper,0.14661931460375263,-0.5768153437953394
WingCAD fine,0.51,upper,0.15228241822895375,-0.5545197546375626
WingCAD fine,0.51,upper,0.15799030846808884,-0.5684943379530865
WingCAD fine,0.51,upper,0.16388626276962218,-0.5464023423197899
WingCAD fine,0.51,upper,0.16982631072781768,-0.5599367758471918
WingCAD fine,0.51,upper,0.17595083086384095,-0.5386812507715943
WingCAD fine,0.51,upper,0.18211860250027934,-0.5514112888433731
WingCAD fine,0.51,upper,0.18846663023451493,-0.5314111415620253
WingCAD fine,0.51,upper,0.1948569209635312,-0.5433100451210926
WingCAD fine,0.51,upper,0.20142264178073868,-0.5248891900200079
WingCAD fine,0.51,upper,0.20802949408249635,-0.536124443233519
WingCAD fine,0.51,upper,0.21480635686295285,-0.519332655421417
WingCAD fine,0.51,upper,0.22162308044180512,-0.5297782595339662
WingCAD fine,0.51,upper,0.2286038196282186,-0.5142211028458348
WingCAD fine,0.51,upper,0.23562301405054906,-0.5234907336264243
WingCAD fine,0.51,upper,0.24279967423240537,-0.5087303976930264
WingCAD fine,0.51,upper,0.2500132539673545,-0.51665598576847
WingCAD fine,0.51,upper,0.2573772167995085,-0.5024490241895767
WingCAD fine,0.51,upper,0.26477643857785016,-0.5089193712789708
WingCAD fine,0.51,upper,0.27231845194227733,-0.49498912789446425
WingCAD fine,0.51,upper,0.27989394434087417,-0.4996747231478185
WingCAD fine,0.51,upper,0.287604153652909,-0.4855546955655794
WingCAD fine,0.51,upper,0.2953459488046411,-0.48788210305163754
WingCAD fine,0.51,upper,0.3032139303577725,-0.4730234833282861
WingCAD fine,0.51,upper,0.3111114976796456,-0.4725700308615885
WingCAD fine,0.51,upper,0.31912629391604297,-0.4567932294919852
WingCAD fine,0.51,upper,0.3271685757413508,-0.45392044896787787
WingCAD fine,0.51,upper,0.3353187323287634,-0.43785103883457316
WingCAD fine,0.51,upper,0.34349418132272164,-0.4337160546292864
WingCAD fine,0.51,upper,0.35176778591232155,-0.4179111607745736
WingCAD fine,0.51,upper,0.3600644041446054,-0.4129529951041458
WingCAD fine,0.51,upper,0.3684491266786016,-0.3975103775043758
WingCAD fine,0.51,upper,0.3768545062205373,-0.39203103469701683
WingCAD fine,0.51,upper,0.3853376406531876,-0.37719939969396954
WingCAD fine,0.51,upper,0.3938390055622576,-0.37154641040320757
WingCAD fine,0.51,upper,0.4024075128531069,-0.3575603425195202
WingCAD fine,0.51,upper,0.4109917624026945,-0.3518633169185563
WingCAD fine,0.51,upper,0.4196323146365595,-0.3387891568561987
WingCAD fine,0.51,upper,0.4282860676446611,-0.3330161302876411
WingCAD fine,0.51,upper,0.4369850931290773,-0.32082475360945617
WingCAD fine,0.51,upper,0.44569473323598635,-0.31485893708950763
WingCAD fine,0.51,upper,0.45443846242351704,-0.3034738046713146
WingCAD fine,0.51,upper,0.4631901841652749,-0.2972097320147662
WingCAD fine,0.51,upper,0.47196469624530396,-0.2865689349273117
WingCAD fine,0.51,upper,0.480744551767021,-0.27999332931346554
WingCAD fine,0.51,upper,0.4895358217693684,-0.2700781960339984
WingCAD fine,0.51,upper,0.4983297680203487,-0.26324690502509873
WingCAD fine,0.51,upper,0.5071237142713292,-0.2539893970655034
WingCAD fine,0.51,upper,0.5159176605223097,-0.24689428883114894
WingCAD fine,0.51,upper,0.5247001922926593,-0.23821737746513838
WingCAD fine,0.51,upper,0.5334800478143764,-0.23093868898523762
WingCAD fine,0.51,upper,0.5422371129978218,-0.22279665895354284
WingCAD fine,0.51,upper,0.5509888347395797,-0.21540233305110632
WingCAD fine,0.51,upper,0.5597064674007156,-0.20771643496112535
WingCAD fine,0.51,upper,0.5684161075076242,-0.20026779389222815
WingCAD fine,0.51,upper,0.577080475138219,-0.1929526252077367
WingCAD fine,0.51,upper,0.5857342281463206,-0.18552658171684278
WingCAD fine,0.51,upper,0.5943316784701446,-0.17849371272074377
WingCAD fine,0.51,upper,0.602915928019732,-0.17117943188956608
WingCAD fine,0.51,upper,0.6114330351875403,-0.16432622047357603
WingCAD fine,0.51,upper,0.6199344000966108,-0.15722382871083584
WingCAD fine,0.51,upper,0.6283580101149663,-0.15043011399054484
WingCAD fine,0.51,upper,0.6367633896569019,-0.1436612273524125
WingCAD fine,0.51,upper,0.6450806648971263,-0.13679870783624493
WingCAD fine,0.51,upper,0.6533772831294109,-0.1305270578364064
WingCAD fine,0.51,upper,0.6615757457660528,-0.12344561020925361
WingCAD fine,0.51,upper,0.6697511947600107,-0.11785612303769642
WingCAD fine,0.51,upper,0.677818768991861,-0.1103660795436754
WingCAD fine,0.51,upper,0.685861050817165,-0.1056818306494882
WingCAD fine,0.51,upper,0.6937861037279507,-0.09761543260852346
WingCAD fine,0.51,upper,0.7016836710498269,-0.09415712328621839
WingCAD fine,0.51,upper,0.7094550519703017,-0.08532332753654415
WingCAD fine,0.51,upper,0.7171968471220341,-0.08333983773409082
WingCAD fine,0.51,upper,0.7248039253603283,-0.07344925789312362
WingCAD fine,0.51,upper,0.7323794177589253,-0.07312941612853008
WingCAD fine,0.51,upper,0.7398121185714369,-0.0618507441421845
WingCAD fine,0.51,upper,0.747211340349779,-0.06339841182676409
WingCAD fine,0.51,upper,0.754460179030916,-0.05039992264272786
WingCAD fine,0.51,upper,0.7616737587658654,-0.0540763886818707
WingCAD fine,0.51,upper,0.7687298727412896,-0.039031286532763776
WingCAD fine,0.51,upper,0.7757490671636215,-0.045152049586302034
WingCAD fine,0.51,upper,0.7826042459783897,-0.027728576207555644
WingCAD fine,0.51,upper,0.7894209695572407,-0.036636319791676364
WingCAD fine,0.51,upper,0.7960676826573941,-0.01650162348939932
WingCAD fine,0.51,upper,0.8026745349591526,-0.02855345413381594
WingCAD fine,0.51,upper,0.8091059571727188,-0.005391253092945414
WingCAD fine,0.51,upper,0.815496247901735,-0.020936653996504795
WingCAD fine,0.51,upper,0.821706282532953,0.005557536814120301
WingCAD fine,0.51,upper,0.8278740541693904,-0.013783401621191071
WingCAD fine,0.51,upper,0.833857353628002,0.01631495115417092
WingCAD fine,0.51,upper,0.8397974015862,-0.007089971787971327
WingCAD fine,0.51,upper,0.845549385481997,0.026814174789495215
WingCAD fine,0.51,upper,0.8512572757211313,-0.0008734435576740474
WingCAD fine,0.51,upper,0.8567741463625497,0.036956295976044884
WingCAD fine,0.51,upper,0.8622462303900343,0.004848538769548161
WingCAD fine,0.51,upper,0.8675249856343406,0.0466253337024326
WingCAD fine,0.51,upper,0.8727584128511666,0.01007114594367664
WingCAD fine,0.51,upper,0.8777968562627554,0.05569134567347978
WingCAD fine,0.51,upper,0.8827895836090152,0.014804254390104798
WingCAD fine,0.51,upper,0.8875863318914524,0.06400921388181458
WingCAD fine,0.51,upper,0.8923371307594036,0.019070635223628396
WingCAD fine,0.51,upper,0.8968916184360778,0.0714223382123158
WingCAD fine,0.51,upper,0.9014000788273858,0.02290246761376602
WingCAD fine,0.51,upper,0.9057125601548727,0.07777708865446831
WingCAD fine,0.51,upper,0.9099790920678725,0.026348287014915872
WingCAD fine,0.51,upper,0.9140506401756365,0.08297198042854226
WingCAD fine,0.51,upper,0.9180764722180702,0.02951316541420124
WingCAD fine,0.51,upper,0.9219089754773243,0.08698756651928519
WingCAD fine,0.51,upper,0.9256961507090988,0.03250922923283839
WingCAD fine,0.51,upper,0.9292923063431576,0.08985253781722213
WingCAD fine,0.51,upper,0.9328436753632825,0.035414441390562046
WingCAD fine,0.51,upper,0.9362069803210072,0.09167466513610711
WingCAD fine,0.51,upper,0.9395261916220695,0.038286283588524817
WingCAD fine,0.51,upper,0.9426609307453062,0.09266983417269292
WingCAD fine,0.51,upper,0.9457524183681275,0.04117096820830113
WingCAD fine,0.51,upper,0.9486636498931509,0.09314613505894576
WingCAD fine,0.51,upper,0.9515326184233944,0.04410555810652528
WingCAD fine,0.51,upper,0.9542261568654459,0.09344776266896204
WingCAD fine,0.51,upper,0.9568785638229476,0.04712072464382688
WingCAD fine,0.51,upper,0.9593609603017502,0.09388221006761788
WingCAD fine,0.51,upper,0.9618034959821578,0.05024230642678784
WingCAD fine,0.51,upper,0.9640820160550021,0.09466742818659135
WingCAD fine,0.51,upper,0.9663220808919292,0.053492160346076956
WingCAD fine,0.51,upper,0.9684046799693332,0.09592011531736466
WingCAD fine,0.51,upper,0.9704503594936449,0.056888573512240304
WingCAD fine,0.51,upper,0.9723456559207502,0.09767593342173819
WingCAD fine,0.51,upper,0.9742056934016674,0.060446174130598274
WingCAD fine,0.51,upper,0.9759229392964994,0.09991810687892988
WingCAD fine,0.51,upper,0.977606706157162,0.06417196379354917
WingCAD fine,0.51,upper,0.9791557561043863,0.10259994543504526
WingCAD fine,0.51,upper,0.9806732202119135,0.06806388355422177
WingCAD fine,0.51,upper,0.9820644979180408,0.10567488138279757
WingCAD fine,0.51,upper,0.9834261898554257,0.07213261929233972
WingCAD fine,0.51,upper,0.9846706528782887,0.10910561891552661
WingCAD fine,0.51,upper,0.9858876303122419,0.0763784223582199
WingCAD fine,0.51,upper,0.9869967329840885,0.11285001220434643
WingCAD fine,0.51,upper,0.9880805432493895,0.08079748149912513
WingCAD fine,0.51,upper,0.9890661979190487,0.11689077003789729
WingCAD fine,0.51,upper,0.9900288389460237,0.08540796715401144
WingCAD fine,0.51,upper,0.9909033756712872,0.12124176183245715
WingCAD fine,0.51,upper,0.9917572553886107,0.09025153402416908
WingCAD fine,0.51,upper,0.9925333802152202,0.1259483321411875
WingCAD fine,0.51,upper,0.9932912745654094,0.09539889733430718
WingCAD fine,0.51,upper,0.993982026533819,0.13109768825456714
WingCAD fine,0.51,upper,0.9946570362434897,0.10096532095302313
WingCAD fine,0.51,upper,0.995275743268884,0.13682708795160392
WingCAD fine,0.51,upper,0.9958812495200423,0.10709608836058948
WingCAD fine,0.51,upper,0.9964414832948851,0.14321596896434807
WingCAD fine,0.51,upper,0.9969911024472353,0.11359709021506627
WingCAD fine,0.51,upper,0.9975066325189638,0.14917547403219356
WingCAD fine,0.51,upper,0.9980141700364649,0.11648427887024426
WingCAD fine,0.51,upper,0.9984989172156951,0.14104202420354772
WingCAD fine,0.51,upper,0.9989783209532372,0.05451754403609699
WingCAD fine,0.51,upper,0.9994463102101492,0.09942109738674809
WingCAD fine,0.51,upper,0.9999116232184282,-0.1393163815107794
WingCAD fine,0.51,lower,0.0003769362267073388,0.2280111380375719
WingCAD fine,0.51,lower,0.0008422492349858611,0.25789948606523705
WingCAD fine,0.51,lower,0.0013189767238955385,0.37995216859103187
WingCAD fine,0.51,lower,0.0017983804614377266,0.3313840593902473
WingCAD fine,0.51,lower,0.002300574537251744,0.4198225857828517
WingCAD fine,0.51,lower,0.0028081120547533305,0.3859961287699406
WingCAD fine,0.51,lower,0.0033497386528767285,0.4583766726268642
WingCAD fine,0.51,lower,0.0038993578052271384,0.42271418123458465
WingCAD fine,0.51,lower,0.004494249433891626,0.47930717199425854
WingCAD fine,0.51,lower,0.005099755685049032,0.4444043999214005
WingCAD fine,0.51,lower,0.005761564620484152,0.48874489953323047
WingCAD fine,0.51,lower,0.006436574330156183,0.45601435917706756
WingCAD fine,0.51,lower,0.0071787264216068465,0.4897750290766527
WingCAD fine,0.51,lower,0.00793662077179589,0.4601291608923336
WingCAD fine,0.51,lower,0.008772270012699283,0.4842178650829682
WingCAD fine,0.51,lower,0.009626149730022618,0.4583608312143306
WingCAD fine,0.51,lower,0.010568133749057428,0.47332090006336586
WingCAD fine,0.51,lower,0.011530774776031951,0.4518723488570248
WingCAD fine,0.51,lower,0.012591571398649245,0.45808086529577935
WingCAD fine,0.51,lower,0.01367538166395072,0.44161403195906535
WingCAD fine,0.51,lower,0.014867066691358354,0.43937869279958663
WingCAD fine,0.51,lower,0.016084044125311583,0.4284014275016845
WingCAD fine,0.51,lower,0.017418250473786444,0.41795967975713666
WingCAD fine,0.51,lower,0.018779942411171507,0.4128932662336224
WingCAD fine,0.51,lower,0.020267820749956512,0.39439888684364754
WingCAD fine,0.51,lower,0.021785284857483437,0.3956844030339267
WingCAD fine,0.51,lower,0.02343746587844835,0.3694003395387182
WingCAD fine,0.51,lower,0.025121232739110988,0.37748781696081746
WingCAD fine,0.51,lower,0.0269477911858587,0.3437703025639054
WingCAD fine,0.51,lower,0.028807828666776312,0.35861697453803987
WingCAD fine,0.51,lower,0.030818249244898316,0.3178087815226269
WingCAD fine,0.51,lower,0.03286392876920821,0.3392696183856373
WingCAD fine,0.51,lower,0.03506707405304395,0.292005438810403
WingCAD fine,0.51,lower,0.03730713888997252,0.319519410062438
WingCAD fine,0.51,lower,0.03971121933446255,0.266733238947087
WingCAD fine,0.51,lower,0.04215375501486977,0.2991996336923427
WingCAD fine,0.51,lower,0.04476630117397562,0.24220795027344033
WingCAD fine,0.51,lower,0.04741870813147699,0.27799419271154213
WingCAD fine,0.51,lower,0.05024654517717008,0.21856617448551383
WingCAD fine,0.51,lower,0.053115513707413325,0.2556002928241575
WingCAD fine,0.51,lower,0.056164738335453795,0.19591499029542037
WingCAD fine,0.51,lower,0.05925622595827467,0.23189850178572924
WingCAD fine,0.51,lower,0.06253218575892242,0.17436059560750128
WingCAD fine,0.51,lower,0.06585139705998506,0.2070612823307696
WingCAD fine,0.51,lower,0.06935867242344732,0.15399622381626343
WingCAD fine,0.51,lower,0.07291004144357194,0.18154110022803416
WingCAD fine,0.51,lower,0.07665243006141248,0.13485575476359823
WingCAD fine,0.51,lower,0.08043960529318676,0.15593888930937094
WingCAD fine,0.51,lower,0.0844201093081403,0.11685907154951591
WingCAD fine,0.51,lower,0.0884459413505739,0.13083690418115146
WingCAD fine,0.51,lower,0.09266675719824417,0.09981199557939058
WingCAD fine,0.51,lower,0.09693328911124435,0.10671168479883852
WingCAD fine,0.51,lower,0.10139580008806284,0.08349655425906444
WingCAD fine,0.51,lower,0.10590426047936685,0.08393499187435327
WingCAD fine,0.51,lower,0.11060903206195419,0.06774134184809733
WingCAD fine,0.51,lower,0.11535983092990944,0.06271603759923317
WingCAD fine,0.51,lower,0.12030660886168276,0.05240603837704194
WingCAD fine,0.51,lower,0.12529933620794162,0.04313270654375834
WingCAD fine,0.51,lower,0.13048704735943734,0.03743388914603507
WingCAD fine,0.51,lower,0.135720474576263,0.025166994019468758
WingCAD fine,0.51,lower,0.14114723057626766,0.022833545585750126
WingCAD fine,0.51,lower,0.14661931460375263,0.008722965453571763
WingCAD fine,0.51,lower,0.15228241822895375,0.00865363769253702
WingCAD fine,0.51,lower,0.15799030846808884,-0.006345319782710135
WingCAD fine,0.51,lower,0.16388626276962218,-0.005038922315866223
WingCAD fine,0.51,lower,0.1698263107278179,-0.02021453165682452
WingCAD fine,0.51,lower,0.17595083086384117,-0.01819461377381182
WingCAD fine,0.51,lower,0.18211860250027934,-0.03310253947732278
WingCAD fine,0.51,lower,0.18846663023451493,-0.030848227404701056
WingCAD fine,0.51,lower,0.1948569209635312,-0.04531271960805183
WingCAD fine,0.51,lower,0.20142264178073868,-0.04319451953267994
WingCAD fine,0.51,lower,0.20802949408249635,-0.05722048165527927
WingCAD fine,0.51,lower,0.21480635686295285,-0.05542377086548056
WingCAD fine,0.51,lower,0.22162308044180512,-0.06887386104168791
WingCAD fine,0.51,lower,0.22860381962821838,-0.06730222832266142
WingCAD fine,0.51,lower,0.23562301405054906,-0.07988571705191672
WingCAD fine,0.51,lower,0.24279967423240514,-0.0783719836110397
WingCAD fine,0.51,lower,0.2500132539673545,-0.0899402714752715
WingCAD fine,0.51,lower,0.2573772167995085,-0.08839505947207416
WingCAD fine,0.51,lower,0.26477643857785016,-0.09883736978578583
WingCAD fine,0.51,lower,0.27231845194227733,-0.09713382171577734
WingCAD fine,0.51,lower,0.27989394434087417,-0.10618722312366202
WingCAD fine,0.51,lower,0.287604153652909,-0.10406225878012677
WingCAD fine,0.51,lower,0.2953459488046411,-0.111283078450936
WingCAD fine,0.51,lower,0.3032139303577725,-0.10838302859200956
WingCAD fine,0.51,lower,0.3111114976796456,-0.11341935899048416
WingCAD fine,0.51,lower,0.31912629391604297,-0.10957591776288124
WingCAD fine,0.51,lower,0.3271685757413508,-0.11263453627998588
WingCAD fine,0.51,lower,0.3353187323287634,-0.10818026995307806
WingCAD fine,0.51,lower,0.34349418132272164,-0.11007281916349411
WingCAD fine,0.51,lower,0.35176778591232155,-0.10532752833787962
WingCAD fine,0.51,lower,0.3600644041446054,-0.10637653522846334
WingCAD fine,0.51,lower,0.3684491266786016,-0.10139117878868698
WingCAD fine,0.51,lower,0.3768545062205373,-0.10182481805150045
WingCAD fine,0.51,lower,0.3853376406531876,-0.09677699386859806
WingCAD fine,0.51,lower,0.3938390055622576,-0.0968602459877197
WingCAD fine,0.51,lower,0.4024075128531069,-0.09194313961710043
WingCAD fine,0.51,lower,0.4109917624026945,-0.09178098785671729
WingCAD fine,0.51,lower,0.4196323146365595,-0.08708716777220205
WingCAD fine,0.51,lower,0.4282860676446611,-0.0866615409699214
WingCAD fine,0.51,lower,0.4369850931290773,-0.0822200503566135
WingCAD fine,0.51,lower,0.44569473323598635,-0.0814454853250457
WingCAD fine,0.51,lower,0.45443846242351704,-0.07724621990545466
WingCAD fine,0.51,lower,0.4631901841652749,-0.07604473141059698
WingCAD fine,0.51,lower,0.47196469624530396,-0.07207820554285527
WingCAD fine,0.51,lower,0.480744551767021,-0.07044514711621708
WingCAD fine,0.51,lower,0.4895358217693684,-0.06672443571262954
WingCAD fine,0.51,lower,0.4983297680203491,-0.06471309055999175
WingCAD fine,0.51,lower,0.5071237142713292,-0.061208239879799294
WingCAD fine,0.51,lower,0.5159176605223093,-0.05882266461193231
WingCAD fine,0.51,lower,0.5247001922926591,-0.05549110359852216
WingCAD fine,0.51,lower,0.5334800478143762,-0.05280753862993337
WingCAD fine,0.51,lower,0.5422371129978218,-0.04962632616752982
WingCAD fine,0.51,lower,0.5509888347395797,-0.046712586994806404
WingCAD fine,0.51,lower,0.5597064674007156,-0.043630738274806236
WingCAD fine,0.51,lower,0.5684161075076242,-0.04055006009619966
WingCAD fine,0.51,lower,0.5770804751382188,-0.03750830971551311
WingCAD fine,0.51,lower,0.5857342281463206,-0.03433749856257551
WingCAD fine,0.51,lower,0.5943316784701448,-0.031271263209977196
WingCAD fine,0.51,lower,0.6029159280197325,-0.028098564351521697
WingCAD fine,0.51,lower,0.6114330351875408,-0.024928861183004303
WingCAD fine,0.51,lower,0.6199344000966113,-0.02185284975335211
WingCAD fine,0.51,lower,0.6283580101149667,-0.01848305938541328
WingCAD fine,0.51,lower,0.6367633896569024,-0.015622139323519857
WingCAD fine,0.51,lower,0.6450806648971266,-0.01194515790072126
WingCAD fine,0.51,lower,0.6533772831294113,-0.009455818232516178
WingCAD fine,0.51,lower,0.661575745766053,-0.0053427585276213385
WingCAD fine,0.51,lower,0.6697511947600107,-0.003402382436161533
WingCAD fine,0.51,lower,0.677818768991865,0.0013121959397295324
WingCAD fine,0.51,lower,0.6858610508171741,0.0024909605177826366
WingCAD fine,0.51,lower,0.6937861037279569,0.007957697070926861
WingCAD fine,0.51,lower,0.7016836710498282,0.008074814712841993
WingCAD fine,0.51,lower,0.7094550519703021,0.014464379530828464
WingCAD fine,0.51,lower,0.7171968471220341,0.01328020386281481
WingCAD fine,0.51,lower,0.7248039253603288,0.02084619211614125
WingCAD fine,0.51,lower,0.7323794177589256,0.018173265169708852
WingCAD fine,0.51,lower,0.7398121185714369,0.027207757000752064
WingCAD fine,0.51,lower,0.747211340349779,0.022845838173856436
WingCAD fine,0.51,lower,0.754460179030916,0.033645691462547256
WingCAD fine,0.51,lower,0.7616737587658654,0.027342901831315047
WingCAD fine,0.51,lower,0.7687298727412891,0.040205153491149836
WingCAD fine,0.51,lower,0.7757490671636206,0.031660274871995964
WingCAD fine,0.51,lower,0.782604245978388,0.046889626412393026
WingCAD fine,0.51,lower,0.7894209695572381,0.035775449568253403
WingCAD fine,0.51,lower,0.7960676826573924,0.05367965085380344
WingCAD fine,0.51,lower,0.8026745349591513,0.039655149950479696
WingCAD fine,0.51,lower,0.8091059571727184,0.06052841841682499
WingCAD fine,0.51,lower,0.815496247901735,0.04325889663162108
WingCAD fine,0.51,lower,0.8217062825329516,0.06738461987223887
WingCAD fine,0.51,lower,0.8278740541693878,0.04657854800790717
WingCAD fine,0.51,lower,0.8338573536280006,0.07421066789986763
WingCAD fine,0.51,lower,0.8397974015861995,0.04960826834193799
WingCAD fine,0.51,lower,0.845549385481997,0.08093645796168725
WingCAD fine,0.51,lower,0.8512572757211313,0.052325108995479375
WingCAD fine,0.51,lower,0.8567741463625501,0.08746298449989831
WingCAD fine,0.51,lower,0.8622462303900352,0.05470720087351943
WingCAD fine,0.51,lower,0.867524985634341,0.09367564695284036
WingCAD fine,0.51,lower,0.8727584128511666,0.05674589900608129
WingCAD fine,0.51,lower,0.8777968562627554,0.09944691741221012
WingCAD fine,0.51,lower,0.8827895836090152,0.05844784289091032
WingCAD fine,0.51,lower,0.8875863318914529,0.10463521563073941
WingCAD fine,0.51,lower,0.8923371307594045,0.05983292834547138
WingCAD fine,0.51,lower,0.8968916184360782,0.10908800507032501
WingCAD fine,0.51,lower,0.9014000788273854,0.060930627833241324
WingCAD fine,0.51,lower,0.9057125601548722,0.11265522565291142
WingCAD fine,0.51,lower,0.9099790920678725,0.06178559922049198
WingCAD fine,0.51,lower,0.9140506401756365,0.11523498287943224
WingCAD fine,0.51,lower,0.9180764722180702,0.06249457467265406
WingCAD fine,0.51,lower,0.9219089754773243,0.11680315541849606
WingCAD fine,0.51,lower,0.9256961507090988,0.06316063289773455
WingCAD fine,0.51,lower,0.9292923063431576,0.11738377573092884
WingCAD fine,0.51,lower,0.9328436753632825,0.06385519209001655
WingCAD fine,0.51,lower,0.9362069803210072,0.11707884506152555
WingCAD fine,0.51,lower,0.9395261916220704,0.06463023640291043
WingCAD fine,0.51,lower,0.9426609307453062,0.11609565368358941
WingCAD fine,0.51,lower,0.9457524183681275,0.06552719954697217
WingCAD fine,0.51,lower,0.9486636498931509,0.11473103761586169
WingCAD fine,0.51,lower,0.9515326184233944,0.06657888183407246
WingCAD fine,0.51,lower,0.9542261568654459,0.11331584790262306
WingCAD fine,0.51,lower,0.9568785638229476,0.06781194704562943
WingCAD fine,0.51,lower,0.9593609603017502,0.11214397538175046
WingCAD fine,0.51,lower,0.9618034959821578,0.06924856877948216
WingCAD fine,0.51,lower,0.9640820160550053,0.11142118411869549
WingCAD fine,0.51,lower,0.9663220808919363,0.07090704716058494
WingCAD fine,0.51,lower,0.9684046799693381,0.11125431905118988
WingCAD fine,0.51,lower,0.9704503594936458,0.0728023455438962
WingCAD fine,0.51,lower,0.9723456559207506,0.11167158467050653
WingCAD fine,0.51,lower,0.9742056934016678,0.07494560068010081
WingCAD fine,0.51,lower,0.9759229392964999,0.1126507137062591
WingCAD fine,0.51,lower,0.9776067061571625,0.07734068303616948
WingCAD fine,0.51,lower,0.9791557561043868,0.11414108865560224
WingCAD fine,0.51,lower,0.9806732202119135,0.07998211505428365
WingCAD fine,0.51,lower,0.9820644979180408,0.116092300030046
WingCAD fine,0.51,lower,0.9834261898554266,0.0828764833565695
WingCAD fine,0.51,lower,0.9846706528782891,0.11846362794566322
WingCAD fine,0.51,lower,0.9858876303122419,0.0860199147303522
WingCAD fine,0.51,lower,0.9869967329840885,0.12120962378157983
WingCAD fine,0.51,lower,0.9880805432493891,0.08940396953680707
WingCAD fine,0.51,lower,0.9890661979190487,0.1243084872467135
WingCAD fine,0.51,lower,0.9900288389460241,0.09304028986969048
WingCAD fine,0.51,lower,0.9909033756712872,0.1277684531963178
WingCAD fine,0.51,lower,0.9917572553886107,0.09696317321223236
WingCAD fine,0.51,lower,0.9925333802152202,0.13162745606722748
WingCAD fine,0.51,lower,0.9932912745654094,0.10123247683003367
WingCAD fine,0.51,lower,0.993982026533819,0.13596232381622264
WingCAD fine,0.51,lower,0.9946570362434901,0.10595088550261256
WingCAD fine,0.51,lower,0.995275743268884,0.14089640549566074
WingCAD fine,0.51,lower,0.9958812495200419,0.11124577981222837
WingCAD fine,0.51,lower,0.9964414832948851,0.14648464018835683
WingCAD fine,0.51,lower,0.9969911024472353,0.11690135312045959
WingCAD fine,0.51,lower,0.9975066325189638,0.15159640678974362
WingCAD fine,0.51,lower,0.9980141700364658,0.1189220751250587
WingCAD fine,0.51,lower,0.9984989172156955,0.14253482452156985
WingCAD fine,0.51,lower,0.9989783209532377,0.056169875964311104
WingCAD fine,0.51,lower,0.9994463102101492,0.10014400907905363
WingCAD fine,0.51,lower,0.9999116232184282,-0.1393163815107794
