level,eta,side,x/c,Cp
coarse,0.041,0,0.00048118465090914685,0.18816090642061578
coarse,0.041,0,0.0015496014049228182,0.07708984846844325
coarse,0.041,0,0.00269005562647162,-0.1699443542336292
coarse,0.041,0,0.003918423528315704,-0.16092885877455698
coarse,0.041,0,0.0052896337841874235,-0.27339578359961636
coarse,0.041,0,0.006835167173204858,-0.26649293670805196
coarse,0.041,0,0.008591903730461864,-0.331669821186388
coarse,0.041,0,0.010606390156575746,-0.3249028407358501
coarse,0.041,0,0.012896826820377405,-0.38338036930137886
coarse,0.041,0,0.015524029917030911,-0.3636408720587052
coarse,0.041,0,0.01848720873574291,-0.4267755015178052
coarse,0.041,0,0.021860408384262946,-0.39383597407302107
coarse,0.041,0,0.02562386060145986,-0.4604397313108257
coarse,0.041,0,0.029863572475346302,-0.4247026417019695
coarse,0.041,0,0.03454113643487875,-0.479974051714958
coarse,0.041,0,0.03975304994321132,-0.4619819301198984
coarse,0.041,0,0.0454429232835782,-0.48723495031220154
coarse,0.041,0,0.051716093195926224,-0.4995150475279315
coarse,0.041,0,0.0584991526614552,-0.48852208083591786
coarse,0.041,0,0.06590447535607928,-0.5247859636832113
coarse,0.041,0,0.07384289297340799,-0.4895276485991724
coarse,0.041,0,0.08243189338057205,-0.5318823411846203
coarse,0.041,0,0.0915680726780352,-0.49042208868645387
coarse,0.041,0,0.10137202267416444,-0.5245073379300216
coarse,0.041,0,0.11172787314566725,-0.4891734963608432
coarse,0.041,0,0.12275725648287138,-0.5096729783330516
coarse,0.041,0,0.13433381871037453,-0.48508139653987614
coarse,0.041,0,0.14657815163654367,-0.49307745705626393
coarse,0.041,0,0.15935557948541748,-0.4793539019213209
coarse,0.041,0,0.1727835901241267,-0.4785947939368831
coarse,0.041,0,0.1867214903160169,-0.4742124146479014
coarse,0.041,0,0.20128165373700224,-0.4691524410245167
coarse,0.041,0,0.216319776990022,-0.4717480041395805
coarse,0.041,0,0.2319411968150229,-0.46486142943149233
coarse,0.041,0,0.24800046872566975,-0.4706517464015336
coarse,0.041,0,0.26459409018511665,-0.4608875015872569
coarse,0.041,0,0.28157796421324005,-0.46507754333495366
coarse,0.041,0,0.29903809789805247,-0.44965210646708287
coarse,0.041,0,0.31683420730492456,-0.4487608558359035
coarse,0.041,0,0.3350403375416063,-0.42643134070361666
coarse,0.041,0,0.35352241801597445,-0.42137293114488505
coarse,0.041,0,0.37234126492319286,-0.3957250415328468
coarse,0.041,0,0.3913713149986512,-0.38983593882762846
coarse,0.041,0,0.4106591149429669,-0.3633099281137848
coarse,0.041,0,0.4300897572413104,-0.3583040958816861
coarse,0.041,0,0.4496947226727998,-0.33162824581329464
coarse,0.041,0,0.4693717255718243,-0.3274310478148894
coarse,0.041,0,0.48913664215114394,-0.3005606187741341
coarse,0.041,0,0.5089015587304634,-0.29654541073378016
coarse,0.041,0,0.528666475309783,-0.2696968200955183
coarse,0.041,0,0.5483593544215678,-0.26540469682839807
coarse,0.041,0,0.567964319853058,-0.23893788686702822
coarse,0.041,0,0.5874264429305198,-0.23400020553133172
coarse,0.041,0,0.6067142428748349,-0.2083244633973964
coarse,0.041,0,0.6257908396509104,-0.20238424083892292
coarse,0.041,0,0.6446096865581292,-0.17803122822288664
coarse,0.041,0,0.6631525832276604,-0.17079211099145364
coarse,0.041,0,0.68135871346434,-0.1485155266888143
coarse,0.041,0,0.6992288679789616,-0.1397842539358849
coarse,0.041,0,0.7166890016637757,-0.12053997171481257
coarse,0.041,0,0.7337588827799126,-0.10987536846196333
coarse,0.041,0,0.7503525042393596,-0.0941428312256738
coarse,0.041,0,0.7665082736131604,-0.08079950808924763
coarse,0.041,0,0.7821296934381609,-0.06895414975139524
coarse,0.041,0,0.7972731534311278,-0.052418471710104164
coarse,0.041,0,0.8118333168521147,-0.04492260061193565
coarse,0.041,0,0.8258835907199191,-0.02505070857700642
coarse,0.041,0,0.8393116013586267,-0.022119753072375792
coarse,0.041,0,0.8522065170746307,0.0010307552359428707
coarse,0.041,0,0.8644508500008001,-0.0006795760533158113
coarse,0.041,0,0.8761480040366688,0.025643005247210082
coarse,0.041,0,0.887177387373869,0.019037394810772712
coarse,0.041,0,0.8976548702356991,0.04852518548623119
coarse,0.041,0,0.9074588202318321,0.036496850384929336
coarse,0.041,0,0.9167155913376644,0.06930640810085464
coarse,0.041,0,0.925304591744829,0.0515169529255709
coarse,0.041,0,0.9333604972292886,0.08760124324289564
coarse,0.041,0,0.9407658199239126,0.06457370103763427
coarse,0.041,0,0.9476612530653556,0.10283233640784917
coarse,0.041,0,0.9539344229777034,0.07654162710666401
coarse,0.041,0,0.959729633058017,0.11447279575949465
coarse,0.041,0,0.9649415465663495,0.08811370435964683
coarse,0.041,0,0.9697156079890361,0.12314773170234505
coarse,0.041,0,0.9739553198629224,0.09948237836947371
coarse,0.041,0,0.977804779168133,0.13077808881380515
coarse,0.041,0,0.981177978816655,0.11042337511357625
coarse,0.041,0,0.9842152027431164,0.13853224247479468
coarse,0.041,0,0.9868424058397669,0.12039207444451472
coarse,0.041,0,0.9891936586987315,0.14605421659064355
coarse,0.041,0,0.9912081451248465,0.12809113182104104
coarse,0.041,0,0.9930114283827214,0.15118541447509404
coarse,0.041,0,0.9945569617717391,0.12759080333637018
coarse,0.041,0,0.9959596528067287,0.13749437183493252
coarse,0.041,0,0.9971880207085727,0.04605268214636904
coarse,0.041,0,0.9983443511428813,0.321939338490175
coarse,0.041,0,0.999412767896895,-3.529966502555413
coarse,0.041,1,0.00048118465090914685,0.3840317997640499
coarse,0.041,1,0.0015496014049228182,0.44462464032997073
coarse,0.041,1,0.00269005562647169,0.4487054907513376
coarse,0.041,1,0.003918423528315872,0.4962255468652029
coarse,0.041,1,0.005289633784187605,0.464473994348515
coarse,0.041,1,0.006835167173204914,0.48737264220254584
coarse,0.041,1,0.00859190373046192,0.4314583569614445
coarse,0.041,1,0.010606390156575914,0.45753391372587193
coarse,0.041,1,0.012896826820377546,0.3813945577225275
coarse,0.041,1,0.015524029917030798,0.418216234482059
coarse,0.041,1,0.018487208735742795,0.32221549702240093
coarse,0.041,1,0.021860408384263057,0.37166842816399503
coarse,0.041,1,0.02562386060146008,0.2602091656976515
coarse,0.041,1,0.029863572475346496,0.3150297510648131
coarse,0.041,1,0.034541136434878945,0.20266689548191796
coarse,0.041,1,0.039753049943211376,0.24507065817331852
coarse,0.041,1,0.04544292328357814,0.15311224710770277
coarse,0.041,1,0.05171609319592603,0.16838699342868535
coarse,0.041,1,0.05849915266145498,0.10983353602068835
coarse,0.041,1,0.06590447535607923,0.09873670359904674
coarse,0.041,1,0.07384289297340799,0.06914729304038769
coarse,0.041,1,0.08243189338057205,0.04499538517005197
coarse,0.041,1,0.09156807267803525,0.030834675625840968
coarse,0.041,1,0.1013720226741646,0.007061377618825082
coarse,0.041,1,0.1117278731456675,-0.0029476199818936344
coarse,0.041,1,0.1227572564828716,-0.019524483097400624
coarse,0.041,1,0.13433381871037475,-0.031032564295507825
coarse,0.041,1,0.1465781516365439,-0.0394510286488865
coarse,0.041,1,0.15935557948541765,-0.05425793650286215
coarse,0.041,1,0.1727835901241268,-0.05654430495978402
coarse,0.041,1,0.1867214903160169,-0.07469255792652274
coarse,0.041,1,0.20128165373700224,-0.07398313899001874
coarse,0.041,1,0.216319776990022,-0.09456548329921022
coarse,0.041,1,0.2319411968150229,-0.0928127897387363
coarse,0.041,1,0.24800046872566975,-0.11365608633558621
coarse,0.041,1,0.26459409018511665,-0.11021792993723456
coarse,0.041,1,0.28157796421324,-0.1280556863142026
coarse,0.041,1,0.2990380978980523,-0.12081944112210574
coarse,0.041,1,0.31683420730492434,-0.1329667038898461
coarse,0.041,1,0.33504033754160617,-0.12078501324211643
coarse,0.041,1,0.3535224180159745,-0.12773210403203294
coarse,0.041,1,0.372341264923193,-0.1130760006246152
coarse,0.041,1,0.39137131499865147,-0.11744255421401495
coarse,0.041,1,0.41065911494296714,-0.10204265396598444
coarse,0.041,1,0.4300897572413105,-0.10545990702153674
coarse,0.041,1,0.4496947226727998,-0.08983796222069174
coarse,0.041,1,0.4693717255718243,-0.0925547075090647
coarse,0.041,1,0.48913664215114405,-0.07666799681322223
coarse,0.041,1,0.5089015587304636,-0.07841018609422634
coarse,0.041,1,0.5286664753097831,-0.06243308622038146
coarse,0.041,1,0.5483593544215681,-0.06298689111551647
coarse,0.041,1,0.5679643198530588,-0.047223187252831034
coarse,0.041,1,0.5874264429305208,-0.0463986555692224
coarse,0.041,1,0.6067142428748352,-0.031212593021205715
coarse,0.041,1,0.6257908396509105,-0.028790871233826953
coarse,0.041,1,0.6446096865581294,-0.014671262776669636
coarse,0.041,1,0.663152583227661,-0.010453926025499882
coarse,0.041,1,0.6813587134643413,0.0018982318279169297
coarse,0.041,1,0.6992288679789629,0.008042265606955978
coarse,0.041,1,0.7166890016637761,0.0177286861415743
coarse,0.041,1,0.7337588827799125,0.026161490848057967
coarse,0.041,1,0.7503525042393594,0.032659811655754156
coarse,0.041,1,0.7665082736131595,0.0440349376111554
coarse,0.041,1,0.7821296934381589,0.04690533555402576
coarse,0.041,1,0.7972731534311254,0.06169713409194488
coarse,0.041,1,0.8118333168521132,0.060436236672474664
coarse,0.041,1,0.8258835907199186,0.07880387914438036
coarse,0.041,1,0.8393116013586271,0.07314092588789689
coarse,0.041,1,0.8522065170746315,0.09507232083567674
coarse,0.041,1,0.8644508500008006,0.08488006720961505
coarse,0.041,1,0.8761480040366691,0.11033384629106735
coarse,0.041,1,0.8871773873738699,0.09532903469080034
coarse,0.041,1,0.8976548702356999,0.1243830123214884
coarse,0.041,1,0.9074588202318321,0.10400258100179005
coarse,0.041,1,0.9167155913376644,0.13692852335507633
coarse,0.041,1,0.9253045917448286,0.11071916363468037
coarse,0.041,1,0.9333604972292884,0.1476430563802298
coarse,0.041,1,0.9407658199239126,0.11591712599689385
coarse,0.041,1,0.9476612530653556,0.15598480523945468
coarse,0.041,1,0.9539344229777034,0.1204570384655087
coarse,0.041,1,0.959729633058017,0.1614378482916039
coarse,0.041,1,0.9649415465663495,0.1250802747098373
coarse,0.041,1,0.9697156079890359,0.16459297657785488
coarse,0.041,1,0.9739553198629226,0.13008178453092256
coarse,0.041,1,0.9778047791681304,0.16730993465688182
coarse,0.041,1,0.9811779788166468,0.13535072084033328
coarse,0.041,1,0.9842152027431075,0.170721293852082
coarse,0.041,1,0.9868424058397636,0.1404237260829253
coarse,0.041,1,0.9891936586987313,0.17445834797432924
coarse,0.041,1,0.9912081451248462,0.14402978197773475
coarse,0.041,1,0.9930114283827214,0.17641447249079534
coarse,0.041,1,0.9945569617717391,0.14017717520035455
coarse,0.041,1,0.9959596528067287,0.1602956512057625
coarse,0.041,1,0.9971880207085727,0.05600435334904985
coarse,0.041,1,0.9983443511428813,0.4137396415788813
coarse,0.041,1,0.999412767896895,-3.529966502555413
medium,0.041,0,6.0106394590345875e-05,0.25584574185707076
medium,0.041,0,0.000762480564323757,0.16240902655234757
medium,0.041,0,0.0014689201025283964,-0.055272100314900596
medium,0.041,0,0.0022188001961175883,-0.026332941351441264
medium,0.041,0,0.002976780086740445,-0.1438853482660869
medium,0.041,0,0.0038213104792755976,-0.11914116052999457
medium,0.041,0,0.0046779134530605575,-0.20040096504341043
medium,0.041,0,0.005663518173705085,-0.1830293939563714
medium,0.041,0,0.006665076380182741,-0.25114868754685893
medium,0.041,0,0.007837105797281049,-0.23510257443435778
medium,0.041,0,0.009028848189135477,-0.29675982666564216
medium,0.041,0,0.010431233866523944,-0.2803869548553417
medium,0.041,0,0.011856941979951,-0.33695579396117425
medium,0.041,0,0.013531862331236598,-0.3221729304143526
medium,0.041,0,0.01523353708202198,-0.3709129299687377
medium,0.041,0,0.01722109636737633,-0.36400844957040257
medium,0.041,0,0.019238638398557037,-0.399150122337087
medium,0.041,0,0.021576561507090617,-0.4063998855540527
medium,0.041,0,0.023947467520977282,-0.4210714768649755
medium,0.041,0,0.026670812861550434,-0.44478420017164155
medium,0.041,0,0.029429890247177997,-0.43638505433252006
medium,0.041,0,0.03257078293274012,-0.4756229434476744
medium,0.041,0,0.035749884860619564,-0.4478885892292488
medium,0.041,0,0.0393372722167033,-0.4960669339997288
medium,0.041,0,0.04296505521696179,-0.4571014773594919
medium,0.041,0,0.04702448647505605,-0.5060694534752341
medium,0.041,0,0.05112619234393883,-0.4650420698099018
medium,0.041,0,0.05567962419641018,-0.5074833463716157
medium,0.041,0,0.060276887890969626,-0.4711911527113799
medium,0.041,0,0.06534251738737609,-0.5025198975383585
medium,0.041,0,0.07045320237038545,-0.4744009166902652
medium,0.041,0,0.07604532842694091,-0.4935266810180805
medium,0.041,0,0.08168339071515585,-0.4742576772685698
medium,0.041,0,0.08781230529134439,-0.48302972480346607
medium,0.041,0,0.09398768724178905,-0.4715557986587666
medium,0.041,0,0.10065959701233833,-0.4730518646825892
medium,0.041,0,0.10737815165496441,-0.46756585340692025
medium,0.041,0,0.11459513077330384,-0.46469505984556725
medium,0.041,0,0.12185857726589934,-0.46343649605283477
medium,0.041,0,0.12961855157859992,-0.4582602919805332
medium,0.041,0,0.1374244621229599,-0.4599590058933978
medium,0.041,0,0.1457212249552932,-0.4535520882582811
medium,0.041,0,0.15406304327422934,-0.45752568124886217
medium,0.041,0,0.16288630266671167,-0.4502450496362549
medium,0.041,0,0.17175339390128203,-0.4562870069471001
medium,0.041,0,0.18108885093769977,-0.4482761721056434
medium,0.041,0,0.19046658258490598,-0.45649610410450103
medium,0.041,0,0.20029604021570058,-0.4481482931968901
medium,0.041,0,0.21016589349066994,-0.4584727179671595
medium,0.041,0,0.22046739502347515,-0.44968299364350295
medium,0.041,0,0.23080710579859776,-0.46133309968173464
medium,0.041,0,0.24155510200192443,-0.4513526308742881
medium,0.041,0,0.2523388302503056,-0.46315113246493
medium,0.041,0,0.2635043737986214,-0.451605697638354
medium,0.041,0,0.27470290025229027,-0.46216343819296624
medium,0.041,0,0.2862538660326451,-0.44812819374955426
medium,0.041,0,0.2978348145588264,-0.45591435438856354
medium,0.041,0,0.30973614416236145,-0.4383327834765547
medium,0.041,0,0.3216642281653963,-0.4430270694377687
medium,0.041,0,0.3338781967030005,-0.4229354163300425
medium,0.041,0,0.34611548767664313,-0.4257027124106687
medium,0.041,0,0.35860199088814243,-0.4044378944307321
medium,0.041,0,0.371108207074398,-0.4064969096511428
medium,0.041,0,0.38382506654618853,-0.3847723582896392
medium,0.041,0,0.39655787950381216,-0.38687306313734204
medium,0.041,0,0.40946116367205637,-0.3652458460010053
medium,0.041,0,0.4223765204215504,-0.3676637465320598
medium,0.041,0,0.4354208789179044,-0.34617833360256456
medium,0.041,0,0.448473337211292,-0.3487679211762065
medium,0.041,0,0.46161234600659157,-0.3272819988485698
medium,0.041,0,0.47475542017036226,-0.3298467678527939
medium,0.041,0,0.48794193488951787,-0.308366163481381
medium,0.041,0,0.5011284496086734,-0.3107952104175147
medium,0.041,0,0.5143149643278289,-0.2893087368523508
medium,0.041,0,0.5274974136785129,-0.2915399054109864
medium,0.041,0,0.5406364224738128,-0.27011112298667284
medium,0.041,0,0.5537673314720791,-0.2721087117487806
medium,0.041,0,0.5668116899684336,-0.2507848341418344
medium,0.041,0,0.5798439758835381,-0.25250040042915955
medium,0.041,0,0.5927472600517815,-0.2313514485786432
medium,0.041,0,0.605634590734192,-0.23273280702324484
medium,0.041,0,0.6183514502059826,-0.2118453860902172
medium,0.041,0,0.6310485967030172,-0.2128444700960015
medium,0.041,0,0.6435350999145167,-0.19234164517021024
medium,0.041,0,0.6559982806899781,-0.1929254552194839
medium,0.041,0,0.6682122492275825,-0.1729676830572111
medium,0.041,0,0.6803994633656869,-0.17313764499698103
medium,0.041,0,0.692300792969221,-0.1539899081100331
medium,0.041,0,0.7041721398269286,-0.15372667481392854
medium,0.041,0,0.715723105607284,-0.13563905194306258
medium,0.041,0,0.7272410884822862,-0.13473549146245944
medium,0.041,0,0.7384066320306021,-0.1177610994594871
medium,0.041,0,0.749536443533864,-0.11585547030268262
medium,0.041,0,0.7602844397371971,-0.10012856582434182
medium,0.041,0,0.7709942266982119,-0.09687886989342731
medium,0.041,0,0.7812957282310103,-0.08266543987815811
medium,0.041,0,0.7915568341196345,-0.07777972743107098
medium,0.041,0,0.8013862917504293,-0.06541141931765249
medium,0.041,0,0.8111734747704356,-0.05861054994307913
medium,0.041,0,0.8205089318068524,-0.04842455270580692
medium,0.041,0,0.8298005570011814,-0.03942317540134144
medium,0.041,0,0.8386238163936641,-0.03173467229741056
medium,0.041,0,0.8474020202995443,-0.020277373833295975
medium,0.041,0,0.8556987831318779,-0.015423665942936982
medium,0.041,0,0.8639496097325521,-0.001308834186170893
medium,0.041,0,0.8717095840452526,0.000380086982233907
medium,0.041,0,0.8794230909836964,0.017323259629461463
medium,0.041,0,0.886640070102032,0.015499336492571625
medium,0.041,0,0.8938104043482916,0.035434129063279474
medium,0.041,0,0.9004823141188447,0.02970544444005785
medium,0.041,0,0.9071077565151413,0.052833109240712606
medium,0.041,0,0.9132366710913303,0.0428326026328687
medium,0.041,0,0.9193196494358595,0.0694163191260847
medium,0.041,0,0.9249117754924154,0.0548389737311854
medium,0.041,0,0.930458846062368,0.08510630482017567
medium,0.041,0,0.935524475558774,0.0656766158862182
medium,0.041,0,0.9405462732130917,0.09972518923397633
medium,0.041,0,0.9450997050655636,0.07528124672334491
medium,0.041,0,0.949610862307247,0.11301941575199448
medium,0.041,0,0.9536702935653408,0.08365985481347249
medium,0.041,0,0.9576893291792603,0.12464348345618725
medium,0.041,0,0.9612767165353446,0.09100463333344899
medium,0.041,0,0.9648258946491115,0.13415901301701827
medium,0.041,0,0.9679667873346732,0.09769548206233969
medium,0.041,0,0.9710719479751805,0.14116230418121656
medium,0.041,0,0.9737952933157534,0.10411293298945823
medium,0.041,0,0.976485655750973,0.1456621702036649
medium,0.041,0,0.978823578859507,0.11046497999710936
medium,0.041,0,0.9811315192222146,0.14854878261496252
medium,0.041,0,0.9831190785075726,0.11683325537897282
medium,0.041,0,0.9850798833934303,0.15126300965018669
medium,0.041,0,0.9867548037447115,0.12322262129415051
medium,0.041,0,0.9884064016599543,0.15475542650074592
medium,0.041,0,0.9898087873373436,0.12962673848880246
medium,0.041,0,0.9911914600399766,0.15923849699313308
medium,0.041,0,0.9923634894570758,0.13600381644267712
medium,0.041,0,0.9935195653883413,0.16445000767400164
medium,0.041,0,0.9945051701089856,0.14184169108879774
medium,0.041,0,0.99547870224838,0.1687511973301361
medium,0.041,0,0.996323232640915,0.14234165580812774
medium,0.041,0,0.9971596632364164,0.15647993880809352
medium,0.041,0,0.9979095433300057,0.06999576377265015
medium,0.041,0,0.9986553580551235,-0.3632990738117017
medium,0.041,0,0.9993577322248565,-4.678180918912174
medium,0.041,1,6.0106394590345875e-05,0.4161079980619019
medium,0.041,1,0.000762480564323757,0.45910322416484906
medium,0.041,1,0.0014689201025283964,0.4779711997751328
medium,0.041,1,0.0022188001961176026,0.5164645097127893
medium,0.041,1,0.002976780086740459,0.5027861063494975
medium,0.041,1,0.003821310479275723,0.5275593336142195
medium,0.041,1,0.0046779134530607665,0.4939841931985438
medium,0.041,1,0.005663518173705196,0.521365131338931
medium,0.041,1,0.006665076380182741,0.4714637018865684
medium,0.041,1,0.007837105797281049,0.5045123169222325
medium,0.041,1,0.009028848189135491,0.4407868964868008
medium,0.041,1,0.01043123386652407,0.4793064292336855
medium,0.041,1,0.011856941979951222,0.404541569622472
medium,0.041,1,0.01353186233123682,0.44604796733925556
medium,0.041,1,0.01523353708202219,0.3651041542299235
medium,0.041,1,0.017221096367376315,0.403908221454624
medium,0.041,1,0.019238638398556843,0.32428871663234704
medium,0.041,1,0.021576561507090634,0.35323579858998844
medium,0.041,1,0.023947467520977504,0.2838375607675403
medium,0.041,1,0.026670812861550517,0.2976250823401464
medium,0.041,1,0.029429890247177997,0.24505337117063142
medium,0.041,1,0.03257078293274012,0.2417958289218487
medium,0.041,1,0.035749884860619564,0.20745545042989366
medium,0.041,1,0.03933727221670327,0.19062455682258472
medium,0.041,1,0.04296505521696179,0.17083308542305708
medium,0.041,1,0.047024486475056075,0.14682077501346735
medium,0.041,1,0.05112619234393883,0.13531847946869924
medium,0.041,1,0.055679624196410316,0.11097473652198475
medium,0.041,1,0.06027688789096982,0.10197317503249148
medium,0.041,1,0.0653425173873762,0.08240250402802951
medium,0.041,1,0.07045320237038545,0.07215859194729635
medium,0.041,1,0.07604532842694091,0.059627850348779265
medium,0.041,1,0.08168339071515585,0.04657710756127098
medium,0.041,1,0.0878123052913443,0.04070366135458647
medium,0.041,1,0.09398768724178883,0.024875623511340206
medium,0.041,1,0.10065959701233836,0.02386651770259096
medium,0.041,1,0.10737815165496466,0.00611558883173835
medium,0.041,1,0.11459513077330395,0.007950224948582552
medium,0.041,1,0.12185857726589934,-0.010723163650570466
medium,0.041,1,0.12961855157859975,-0.007589376825710259
medium,0.041,1,0.13742446212295967,-0.026460236480711385
medium,0.041,1,0.1457212249552932,-0.022847011768732717
medium,0.041,1,0.15406304327422957,-0.04160886438605549
medium,0.041,1,0.1628863026667119,-0.037752504519274366
medium,0.041,1,0.1717533939012822,-0.05646017638641787
medium,0.041,1,0.18108885093769977,-0.0523945035320581
medium,0.041,1,0.19046658258490576,-0.07133992999603844
medium,0.041,1,0.20029604021570047,-0.06727341031777523
medium,0.041,1,0.21016589349066994,-0.08663703928180722
medium,0.041,1,0.22046739502347515,-0.08244453383761541
medium,0.041,1,0.2308071057985977,-0.10188994707218657
medium,0.041,1,0.24155510200192448,-0.0969983259070728
medium,0.041,1,0.2523388302503056,-0.11580794745305867
medium,0.041,1,0.2635043737986214,-0.10991776644591722
medium,0.041,1,0.27470290025229027,-0.12712019427724552
medium,0.041,1,0.28625386603264524,-0.11950083060228045
medium,0.041,1,0.29783481455882654,-0.1339337461637602
medium,0.041,1,0.3097361441623615,-0.12372552229900302
medium,0.041,1,0.3216642281653963,-0.13504823436805413
medium,0.041,1,0.3338781967030005,-0.12296114272890568
medium,0.041,1,0.34611548767664313,-0.13198640607399414
medium,0.041,1,0.3586019908881426,-0.11897834719797151
medium,0.041,1,0.37110820707439823,-0.12666573373571377
medium,0.041,1,0.38382506654618864,-0.11324948225211484
medium,0.041,1,0.39655787950381216,-0.12026086294253902
medium,0.041,1,0.4094611636720566,-0.10685359501516856
medium,0.041,1,0.4223765204215508,-0.11350256864438846
medium,0.041,1,0.4354208789179046,-0.10013121144879022
medium,0.041,1,0.448473337211292,-0.10639269554798303
medium,0.041,1,0.4616123460065917,-0.09293908256448535
medium,0.041,1,0.4747554201703626,-0.09872552376114108
medium,0.041,1,0.4879419348895181,-0.08518965365755493
medium,0.041,1,0.5011284496086736,-0.09046513489162011
medium,0.041,1,0.5143149643278289,-0.07683463938783519
medium,0.041,1,0.5274974136785129,-0.08159130082061172
medium,0.041,1,0.5406364224738128,-0.0679167796790765
medium,0.041,1,0.5537673314720791,-0.07216017812655484
medium,0.041,1,0.5668116899684342,-0.058481866169258545
medium,0.041,1,0.5798439758835393,-0.06220036831789111
medium,0.041,1,0.5927472600517821,-0.048580126170485016
medium,0.041,1,0.6056345907341922,-0.051753081911734444
medium,0.041,1,0.6183514502059827,-0.03826982634272991
medium,0.041,1,0.6310485967030172,-0.040874979736863715
medium,0.041,1,0.643535099914517,-0.02764119622090444
medium,0.041,1,0.6559982806899786,-0.02966505437899669
medium,0.041,1,0.6682122492275832,-0.01682916398020118
medium,0.041,1,0.6803994633656878,-0.018284971875577538
medium,0.041,1,0.6923007929692215,-0.006088859646970146
medium,0.041,1,0.7041721398269288,-0.006970762516882445
medium,0.041,1,0.7157231056072841,0.004350084770377682
medium,0.041,1,0.7272410884822862,0.004213449562484706
medium,0.041,1,0.7384066320306021,0.01458743739388002
medium,0.041,1,0.749536443533863,0.015510089528247617
medium,0.041,1,0.7602844397371846,0.024793514795621974
medium,0.041,1,0.7709942266981898,0.027081827558072202
medium,0.041,1,0.7812957282309982,0.0350132773580899
medium,0.041,1,0.791556834119632,0.0389378672084878
medium,0.041,1,0.8013862917504275,0.045193523223094334
medium,0.041,1,0.8111734747704344,0.05102109919736675
medium,0.041,1,0.8205089318068505,0.05526774486828545
medium,0.041,1,0.8298005570011788,0.06327861208520313
medium,0.041,1,0.8386238163936635,0.06519912778088854
medium,0.041,1,0.8474020202995451,0.07565593413026828
medium,0.041,1,0.8556987831318787,0.07491223437939276
medium,0.041,1,0.8639496097325529,0.0880396430400171
medium,0.041,1,0.8717095840452532,0.08429682383338355
medium,0.041,1,0.8794230909836971,0.10030438496254102
medium,0.041,1,0.8866400701020329,0.09320365900828975
medium,0.041,1,0.8938104043482925,0.11230948930377604
medium,0.041,1,0.9004823141188454,0.10143690039512399
medium,0.041,1,0.9071077565151417,0.1239122570574217
medium,0.041,1,0.9132366710913303,0.1088507967520117
medium,0.041,1,0.9193196494358595,0.13504308673493925
medium,0.041,1,0.924911775492415,0.11540255341997119
medium,0.041,1,0.9304588460623677,0.14563929392149366
medium,0.041,1,0.935524475558774,0.12103415668805917
medium,0.041,1,0.9405462732130921,0.15552406811832498
medium,0.041,1,0.9450997050655638,0.12566396263437218
medium,0.041,1,0.949610862307247,0.1644279167388556
medium,0.041,1,0.9536702935653408,0.12927827849045437
medium,0.041,1,0.9576893291792603,0.1719790077413057
medium,0.041,1,0.9612767165353442,0.13205345420896375
medium,0.041,1,0.9648258946491108,0.17771311478088336
medium,0.041,1,0.967966787334673,0.13436837397587276
medium,0.041,1,0.9710719479751809,0.18120732954859264
medium,0.041,1,0.9737952933157534,0.1366234764805122
medium,0.041,1,0.976485655750973,0.18245477505560626
medium,0.041,1,0.978823578859507,0.13906527343127428
medium,0.041,1,0.9811315192222144,0.18232506413846683
medium,0.041,1,0.9831190785075715,0.14181744432981713
medium,0.041,1,0.9850798833934281,0.1822346162370332
medium,0.041,1,0.9867548037447101,0.14492372447850344
medium,0.041,1,0.9884064016599539,0.18312478305700663
medium,0.041,1,0.9898087873373433,0.14840502058657923
medium,0.041,1,0.9911914600399766,0.1852141455302767
medium,0.041,1,0.9923634894570758,0.15223111202645934
medium,0.041,1,0.9935195653883413,0.1882865290368826
medium,0.041,1,0.9945051701089856,0.15585582875043968
medium,0.041,1,0.99547870224838,0.19089892681917608
medium,0.041,1,0.996323232640915,0.1542904863910023
medium,0.041,1,0.9971596632364164,0.177597919220991
medium,0.041,1,0.9979095433300053,0.0800141626354065
medium,0.041,1,0.9986553580551231,-0.11478951147234584
medium,0.041,1,0.9993577322248565,-4.678180918912174
fine,0.041,0,5.5937078602379166e-05,0.28309039090864907
fine,0.041,0,0.0005212500868810686,0.19926308632185252
fine,0.041,0,0.0009882569962894338,0.009962690962878606
fine,0.041,0,0.001467660733831845,0.047519516827968844
fine,0.041,0,0.0019504465420083108,-0.06384382557522539
fine,0.041,0,0.0024579840595098414,-0.02938943598635957
fine,0.041,0,0.002970580373293382,-0.11428968374047033
fine,0.041,0,0.0035201995256438196,-0.087054111643591
fine,0.041,0,0.004076537082558917,-0.15990359998162806
fine,0.041,0,0.004682043333716463,-0.13557552479653667
fine,0.041,0,0.005295904864767017,-0.20048072898873426
fine,0.041,0,0.0059709145744387135,-0.17826099222605274
fine,0.041,0,0.006655888167709287,-0.23721074282572596
fine,0.041,0,0.007413782517898443,-0.21744767261730558
fine,0.041,0,0.008183215640764305,-0.2707101456281207
fine,0.041,0,0.009037095358087527,-0.25474256449927646
fine,0.041,0,0.009904049693610972,-0.3011734322976154
fine,0.041,0,0.010866690720585371,-0.29090930208882027
fine,0.041,0,0.011843897970914521,-0.32830369114343183
fine,0.041,0,0.012927708236216135,-0.3260515307065246
fine,0.041,0,0.014027527042537567,-0.35189029516537706
fine,0.041,0,0.015244504476490698,-0.3600840677270529
fine,0.041,0,0.01647887860129349,-0.3725327417431834
fine,0.041,0,0.017840570538678706,-0.39318713851072995
fine,0.041,0,0.01922098845184841,-0.39149177632307874
fine,0.041,0,0.02073845255937513,-0.4242166256507476
fine,0.041,0,0.022275908564846673,-0.40844550614855946
fine,0.041,0,0.02395967542550917,-0.4497459019726553
fine,0.041,0,0.02566463246002244,-0.4222941244004692
fine,0.041,0,0.02752466994093997,-0.4700032079614991
fine,0.041,0,0.029407024170773528,-0.4347551303643653
fine,0.041,0,0.03145270369508345,-0.4847978117705285
fine,0.041,0,0.033521751030560515,-0.44556646993253346
fine,0.041,0,0.035761815867489284,-0.49401421362553144
fine,0.041,0,0.0380262205085602,-0.45451957118797903
fine,0.041,0,0.040468756188967316,-0.49847955053331217
fine,0.041,0,0.042936521308299024,-0.46168578713942066
fine,0.041,0,0.04558892826580048,-0.49940129975729564
fine,0.041,0,0.04826736892857373,-0.4671723734247608
fine,0.041,0,0.051136337458816836,-0.4979424427241863
fine,0.041,0,0.05403205587086111,-0.471070528681518
fine,0.041,0,0.057123543493682157,-0.4950242057718257
fine,0.041,0,0.06024240666170126,-0.4734402230202941
fine,0.041,0,0.06356161796276386,-0.49128019158427927
fine,0.041,0,0.06690873784224194,-0.47435344849604766
fine,0.041,0,0.07046010686236684,-0.4871011318660452
fine,0.041,0,0.07403982306032948,-0.47396775059171903
fine,0.041,0,0.07782699829210395,-0.48274026053891594
fine,0.041,0,0.08164286338326175,-0.47258645350698547
fine,0.041,0,0.08566869542569527,-0.47839786378601223
fine,0.041,0,0.08972346293165524,-0.4706126669671171
fine,0.041,0,0.0939899948446555,-0.4741919761206457
fine,0.041,0,0.09828560991687595,-0.4683764036043516
fine,0.041,0,0.10279407030817998,-0.4701191321751952
fine,0.041,0,0.10733166314619323,-0.4660569293692225
fine,0.041,0,0.11208246201414832,-0.4662352925998994
fine,0.041,0,0.1168623440413236,-0.4638162865848958
fine,0.041,0,0.1218550713875826,-0.46261888163164255
fine,0.041,0,0.12687673419736803,-0.46175761135935156
fine,0.041,0,0.1321101614141939,-0.4593545687201597
fine,0.041,0,0.13737227849040312,-0.4599646279211549
fine,0.041,0,0.14284436251788798,-0.456531448494075
fine,0.041,0,0.14834479372321066,-0.45851763366750276
fine,0.041,0,0.15405268396234573,-0.45421556684767794
fine,0.041,0,0.15978848277989607,-0.4574831966284725
fine,0.041,0,0.16572853073809174,-0.4524446758211502
fine,0.041,0,0.17169595424148565,-0.45692413255122566
fine,0.041,0,0.17786372587792404,-0.4512739054205621
fine,0.041,0,0.18405824739616367,-0.45695310959534896
fine,0.041,0,0.19044853812517984,-0.45087753908587547
fine,0.041,0,0.1968648625594678,-0.4577932113548093
fine,0.041,0,0.20347171486122553,-0.451540060100148
fine,0.041,0,0.21010379660190773,-0.45960478164994534
fine,0.041,0,0.21692052018076,-0.45309783478793353
fine,0.041,0,0.22376158356375442,-0.46197010374587655
fine,0.041,0,0.23078077798608487,-0.45487523881390235
fine,0.041,0,0.23782334021958246,-0.46414573666157644
fine,0.041,0,0.24503691995453172,-0.45634301387126763
fine,0.041,0,0.25227281643839694,-0.46567401669380826
fine,0.041,0,0.2596720382167387,-0.4571041393656401
fine,0.041,0,0.26709245016893124,-0.46611069398515226
fine,0.041,0,0.274667942567528,-0.45656157988107493
fine,0.041,0,0.28226342686406963,-0.4647022482650054
fine,0.041,0,0.29000522201580176,-0.4537658973215095
fine,0.041,0,0.2977657431433183,-0.4604724396188826
fine,0.041,0,0.3056633104651915,-0.4477823043252569
fine,0.041,0,0.3135782744779148,-0.452861321229308
fine,0.041,0,0.3216205563032225,-0.4385949086262746
fine,0.041,0,0.32967884666954994,-0.4425012098797583
fine,0.041,0,0.3378542956635082,-0.42750879806272324
fine,0.041,0,0.34604431088082105,-0.43079963490652573
fine,0.041,0,0.35434092911310483,-0.41526062537583486
fine,0.041,0,0.362650621963589,-0.418212241357937
fine,0.041,0,0.3710560015055249,-0.40231146289172504
fine,0.041,0,0.37947291982013753,-0.40517945148189427
fine,0.041,0,0.38797428472920764,-0.3892193509232993
fine,0.041,0,0.39648561352187667,-0.3922121928342719
fine,0.041,0,0.40506986307146436,-0.37632485835145824
fine,0.041,0,0.4136624679009451,-0.3795022429077377
fine,0.041,0,0.42231622090904647,-0.3637153481470816
fine,0.041,0,0.4309766923217128,-0.36702221306517013
fine,0.041,0,0.43968633242862176,-0.3513010905012781
fine,0.041,0,0.4484010313318127,-0.35463312402979197
fine,0.041,0,0.4571527530735706,-0.3389337602930822
fine,0.041,0,0.4659078568859624,-0.3422095199723454
fine,0.041,0,0.4746877124076794,-0.3265389890883881
fine,0.041,0,0.4834692618305259,-0.3297277700449155
fine,0.041,0,0.4922632080815063,-0.3141331674078556
fine,0.041,0,0.5010571543324867,-0.3171993692338029
fine,0.041,0,0.5098511005834669,-0.3016445545639812
fine,0.041,0,0.5186433529333175,-0.30455572197985314
fine,0.041,0,0.5274232084550345,-0.2890877215959211
fine,0.041,0,0.5361996819061174,-0.2918382560140207
fine,0.041,0,0.5449514036478755,-0.27647957394356704
fine,0.041,0,0.5536980665933513,-0.2790534663192408
fine,0.041,0,0.5624077067002602,-0.2638173625594187
fine,0.041,0,0.5711106284026042,-0.26619564101549487
fine,0.041,0,0.5797643814107059,-0.25110613092899015
fine,0.041,0,0.5884097791389143,-0.25327342957592625
fine,0.041,0,0.596994028688502,-0.238357023158851
fine,0.041,0,0.6055683143544907,-0.24029751033565128
fine,0.041,0,0.6140696792635608,-0.22557872857015004
fine,0.041,0,0.6225595053999542,-0.22727685944145448
fine,0.041,0,0.63096488494189,-0.21278332542581557
fine,0.041,0,0.6393571898656255,-0.21423279800421624
fine,0.041,0,0.6476538080979101,-0.20001199784092272
fine,0.041,0,0.6559358601068398,-0.20121136761361447
fine,0.041,0,0.6641113091007976,-0.18730088434273284
fine,0.041,0,0.6722707495537354,-0.18824859716713238
fine,0.041,0,0.6803130313790395,-0.17468881505838652
fine,0.041,0,0.6883379165134946,-0.17541333835106343
fine,0.041,0,0.696235483835371,-0.16232923100385754
fine,0.041,0,0.7041143251814626,-0.16284774836093496
fine,0.041,0,0.7118561203331948,-0.1502812459586229
fine,0.041,0,0.7195779235869822,-0.1505338908900109
fine,0.041,0,0.7271534159855794,-0.1384734770527456
fine,0.041,0,0.7347077182103254,-0.13835358604013304
fine,0.041,0,0.7421069399886673,-0.12679771064466916
fine,0.041,0,0.7494838450180932,-0.12620004524532247
fine,0.041,0,0.7566974247530426,-0.1151818490478771
fine,0.041,0,0.7638876366768249,-0.11402129346134782
fine,0.041,0,0.7709068310991566,-0.10360156703937329
fine,0.041,0,0.777901685717346,-0.10180578176837751
fine,0.041,0,0.7847184092961965,-0.09205473050739754
fine,0.041,0,0.7915099034361227,-0.08955700041918568
fine,0.041,0,0.7981167557378812,-0.08055908549056845
fine,0.041,0,0.8046975743343677,-0.07729318599035673
fine,0.041,0,0.8110878650633836,-0.06914486051827962
fine,0.041,0,0.8174514059105983,-0.06503241133600546
fine,0.041,0,0.8236191775470355,-0.057806529549486285
fine,0.041,0,0.829759573638275,-0.052760316460066736
fine,0.041,0,0.8356996215964724,-0.04654439043179437
fine,0.041,0,0.8416117609762543,-0.04048410338793573
fine,0.041,0,0.8473196512153888,-0.03538301207373129
fine,0.041,0,0.8529991942766852,-0.028230506158106294
fine,0.041,0,0.85847127830417,-0.02435470252725236
fine,0.041,0,0.8639146724722715,-0.01602828703952386
fine,0.041,0,0.8691480996890972,-0.013496157500398231
fine,0.041,0,0.8743525914423966,-0.003903840790636659
fine,0.041,0,0.8793453187886557,-0.002851074536299514
fine,0.041,0,0.8843089629756943,0.008115659056972424
fine,0.041,0,0.8890597618436453,0.00752504897808548
fine,0.041,0,0.8937814282648882,0.019999644578618248
fine,0.041,0,0.8982898886561963,0.017566366868968952
fine,0.041,0,0.9027692658882837,0.031719468336440126
fine,0.041,0,0.9070357978012841,0.027215430083571412
fine,0.041,0,0.9112733942507577,0.04327765522164595
fine,0.041,0,0.9152992262931914,0.03648486344901969
fine,0.041,0,0.9192963684762414,0.05473963395459447
fine,0.041,0,0.9230835437080159,0.045392925728237055
fine,0.041,0,0.9268423717619523,0.06614904091805995
fine,0.041,0,0.9303937407820771,0.05393271542415512
fine,0.041,0,0.9339172012237866,0.07750703289052496
fine,0.041,0,0.9372364125248491,0.062087318396382374
fine,0.041,0,0.9405282482807135,0.08880063795367721
fine,0.041,0,0.943619735903535,0.06981839597815842
fine,0.041,0,0.9466844736445551,0.09995699199384211
fine,0.041,0,0.9495534421747981,0.07705133064401193
fine,0.041,0,0.9523963769997694,0.1108538731654195
fine,0.041,0,0.9550487839572708,0.08367376066388521
fine,0.041,0,0.9576759614758479,0.12130954621162748
fine,0.041,0,0.9601184971562551,0.0895556672756761
fine,0.041,0,0.9625366930325199,0.13107374438437158
fine,0.041,0,0.9647767578694472,0.09459506712290655
fine,0.041,0,0.9669934548952075,0.1398359282595335
fine,0.041,0,0.9690391344195192,0.09878083516758585
fine,0.041,0,0.9710624971949144,0.1472488323886776
fine,0.041,0,0.9729225346758318,0.10222805312812566
fine,0.041,0,0.9747613819828982,0.15296741168856476
fine,0.041,0,0.9764451488435607,0.10514455338324158
fine,0.041,0,0.9781089238062785,0.15671345250842728
fine,0.041,0,0.9796263879138054,0.10775206722956532
fine,0.041,0,0.9811251260455475,0.15841162122637853
fine,0.041,0,0.9824868179829328,0.1102453297442636
fine,0.041,0,0.9838311132294686,0.15835687737198512
fine,0.041,0,0.9850480906634214,0.11274670908307116
fine,0.041,0,0.9862490595563541,0.15726117472602852
fine,0.041,0,0.9873328698216551,0.11533627036667315
fine,0.041,0,0.9884021138636017,0.15606251864665266
fine,0.041,0,0.9893647548905768,0.11809600801352282
fine,0.041,0,0.9903143212993519,0.15553007131949004
fine,0.041,0,0.9911682010166755,0.12111691072860475
fine,0.041,0,0.9920105419613223,0.15605793756095565
fine,0.041,0,0.9927684363115116,0.12450376330414414
fine,0.041,0,0.9935163667781021,0.1577579592260725
fine,0.041,0,0.994191376487773,0.12838720299686301
fine,0.041,0,0.9948580309175509,0.16063439961009274
fine,0.041,0,0.995463537168709,0.13290383593103106
fine,0.041,0,0.9960623250153025,0.16456575327152512
fine,0.041,0,0.9966119441676526,0.13780141577728877
fine,0.041,0,0.997156504523721,0.1681421114196885
fine,0.041,0,0.997664042041222,0.13874647465465995
fine,0.041,0,0.9981681974880893,0.1569615522322566
fine,0.041,0,0.9986476012256317,0.07208577119953219
fine,0.041,0,0.9991253110620446,-2.959405484068139
fine,0.041,0,0.9995906240703231,-7.9136991690628955
fine,0.041,1,5.5937078602379166e-05,0.4230994453251987
fine,0.041,1,0.0005212500868810686,0.4511528780407452
fine,0.041,1,0.0009882569962894338,0.4867439172684187
fine,0.041,1,0.001467660733831845,0.5104234010412716
fine,0.041,1,0.0019504465420083108,0.515031030285154
fine,0.041,1,0.0024579840595098414,0.531662485796117
fine,0.041,1,0.002970580373293382,0.521675533901223
fine,0.041,1,0.0035201995256438196,0.540767762736122
fine,0.041,1,0.004076537082558917,0.5165614732633212
fine,0.041,1,0.004682043333716351,0.5408417105643821
fine,0.041,1,0.005295904864766822,0.5051785692765245
fine,0.041,1,0.00597091457443863,0.5343624534940505
fine,0.041,1,0.006655888167709273,0.48923887132882404
fine,0.041,1,0.007413782517898317,0.5223306434893223
fine,0.041,1,0.008183215640764081,0.4697703735393326
fine,0.041,1,0.009037095358087442,0.5050609002390571
fine,0.041,1,0.009904049693610986,0.4475486764503118
fine,0.041,1,0.010866690720585482,0.48265473674044956
fine,0.041,1,0.011843897970914745,0.42331123168534024
fine,0.041,1,0.012927708236216246,0.45530066967051996
fine,0.041,1,0.014027527042537595,0.3977188486641958
fine,0.041,1,0.015244504476490825,0.4234221999319797
fine,0.041,1,0.016478878601293687,0.37114512329509164
fine,0.041,1,0.017840570538678678,0.3876736509400466
fine,0.041,1,0.019220988451848216,0.34356772660295365
fine,0.041,1,0.020738452559375172,0.34945664939122656
fine,0.041,1,0.022275908564846923,0.31526976134381
fine,0.041,1,0.02395967542550928,0.3112261928632868
fine,0.041,1,0.02566463246002244,0.28698104226111276
fine,0.041,1,0.02752466994093997,0.27409578808940005
fine,0.041,1,0.029407024170773528,0.25836178321592596
fine,0.041,1,0.03145270369508345,0.23934274836098612
fine,0.041,1,0.03352175103056049,0.22988560022194904
fine,0.041,1,0.03576181586748917,0.20785561523543306
fine,0.041,1,0.03802622050855998,0.20209979413549695
fine,0.041,1,0.04046875618896723,0.17984370377170034
fine,0.041,1,0.042936521308299024,0.17545100644134737
fine,0.041,1,0.04558892826580045,0.15506903388757198
fine,0.041,1,0.04826736892857376,0.15030141602327007
fine,0.041,1,0.05113633745881695,0.13307201272586655
fine,0.041,1,0.05403205587086134,0.12690227500595697
fine,0.041,1,0.05712354349368238,0.11333895826091533
fine,0.041,1,0.060242406661701484,0.10539433104105655
fine,0.041,1,0.06356161796276408,0.0954017762891406
fine,0.041,1,0.06690873784224216,0.08580673214704015
fine,0.041,1,0.07046010686236692,0.07888858603034377
fine,0.041,1,0.07403982306032948,0.06804918196113807
fine,0.041,1,0.07782699829210395,0.0635224516893842
fine,0.041,1,0.08164286338326175,0.05190522261528108
fine,0.041,1,0.08566869542569541,0.04909938875741904
fine,0.041,1,0.08972346293165546,0.03707500222920945
fine,0.041,1,0.09398999484465559,0.035501050237351506
fine,0.041,1,0.09828560991687595,0.02329121516359567
fine,0.041,1,0.10279407030818012,0.022697621854389838
fine,0.041,1,0.10733166314619343,0.010383595963065373
fine,0.041,1,0.11208246201414854,0.010617358494303564
fine,0.041,1,0.11686234404132383,-0.0018038085152691785
fine,0.041,1,0.12185507138758284,-0.0008350281914857316
fine,0.041,1,0.12687673419736825,-0.013389699621692674
fine,0.041,1,0.13211016141419385,-0.01177121753672905
fine,0.041,1,0.1373722784904029,-0.024482788555240997
fine,0.041,1,0.14284436251788787,-0.02231273731620398
fine,0.041,1,0.14834479372321066,-0.03519260482602715
fine,0.041,1,0.15405268396234573,-0.032566789653041495
fine,0.041,1,0.15978848277989613,-0.045620818494520377
fine,0.041,1,0.16572853073809185,-0.042618660530531205
fine,0.041,1,0.17169595424148582,-0.055864618047429815
fine,0.041,1,0.17786372587792415,-0.05256085726150972
fine,0.041,1,0.18405824739616367,-0.06605134365574461
fine,0.041,1,0.19044853812517984,-0.06256518483343654
fine,0.041,1,0.1968648625594678,-0.07638509076762556
fine,0.041,1,0.20347171486122553,-0.07288356773091809
fine,0.041,1,0.21010379660190773,-0.08704032910661175
fine,0.041,1,0.21692052018075988,-0.08345908745025987
fine,0.041,1,0.2237615835637542,-0.09778395725275302
fine,0.041,1,0.23078077798608465,-0.09387132466664316
fine,0.041,1,0.2378233402195823,-0.10812238868964719
fine,0.041,1,0.2450369199545316,-0.10378282986417142
fine,0.041,1,0.25227281643839694,-0.11774153023984368
fine,0.041,1,0.2596720382167387,-0.11292043811913777
fine,0.041,1,0.2670924501689313,-0.12632079112975836
fine,0.041,1,0.274667942567528,-0.12084685513556215
fine,0.041,1,0.28226342686406963,-0.13329518564378073
fine,0.041,1,0.29000522201580187,-0.1268452669461544
fine,0.041,1,0.29776574314331844,-0.13790533839188912
fine,0.041,1,0.30566331046519163,-0.1301790381888963
fine,0.041,1,0.3135782744779148,-0.1396686456239753
fine,0.041,1,0.3216205563032225,-0.13077336403582906
fine,0.041,1,0.32967884666954994,-0.13899231515984511
fine,0.041,1,0.3378542956635082,-0.12955631329849893
fine,0.041,1,0.34604431088082105,-0.13691642184589603
fine,0.041,1,0.35434092911310483,-0.12705671015199926
fine,0.041,1,0.362650621963589,-0.13378475998641504
fine,0.041,1,0.3710560015055249,-0.123632367728026
fine,0.041,1,0.37947291982013753,-0.12994627077221654
fine,0.041,1,0.38797428472920764,-0.11972965712837924
fine,0.041,1,0.39648561352187667,-0.1258196212066931
fine,0.041,1,0.40506986307146436,-0.11563736842013639
fine,0.041,1,0.4136624679009451,-0.12158303322648623
fine,0.041,1,0.42231622090904647,-0.11145429621899616
fine,0.041,1,0.4309766923217128,-0.11724342893353024
fine,0.041,1,0.43968633242862176,-0.10713877757753454
fine,0.041,1,0.4484010313318127,-0.11271500850864857
fine,0.041,1,0.4571527530735706,-0.10259738497624027
fine,0.041,1,0.4659078568859624,-0.10791675677961932
fine,0.041,1,0.47468771240767926,-0.0977900700763461
fine,0.041,1,0.4834692618305257,-0.10284520563601651
fine,0.041,1,0.4922632080815063,-0.09274622983275616
fine,0.041,1,0.5010571543324868,-0.09752382658489345
fine,0.041,1,0.5098511005834668,-0.08742198871287443
fine,0.041,1,0.5186433529333173,-0.09190875708715485
fine,0.041,1,0.5274232084550344,-0.08184204628578828
fine,0.041,1,0.5361996819061174,-0.08604464971561199
fine,0.041,1,0.5449514036478755,-0.07603158375024477
fine,0.041,1,0.5536980665933513,-0.07994703090205224
fine,0.041,1,0.56240770670026,-0.06999911561076089
fine,0.041,1,0.571110628402604,-0.07362048816828803
fine,0.041,1,0.5797643814107057,-0.06375868620753566
fine,0.041,1,0.5884097791389143,-0.06708080867728561
fine,0.041,1,0.596994028688502,-0.05732894130984301
fine,0.041,1,0.6055683143544909,-0.060345169202123516
fine,0.041,1,0.614069679263561,-0.05072575722641792
fine,0.041,1,0.6225595053999544,-0.05342863490303684
fine,0.041,1,0.6309648849418902,-0.04396745563661897
fine,0.041,1,0.6393571898656257,-0.04635649015960297
fine,0.041,1,0.6476538080979104,-0.037096769740726954
fine,0.041,1,0.6559358601068401,-0.03917506463683407
fine,0.041,1,0.6641113091007979,-0.03015234909505815
fine,0.041,1,0.672270749553736,-0.031922455189400845
fine,0.041,1,0.680313031379045,-0.023175365935425463
fine,0.041,1,0.6883379165135037,-0.024665275955229937
fine,0.041,1,0.6962354838353754,-0.016306037439752785
fine,0.041,1,0.7041143251814628,-0.017534547111185184
fine,0.041,1,0.7118561203331952,-0.009605337534205338
fine,0.041,1,0.7195779235869827,-0.010524518086673096
fine,0.041,1,0.7271534159855796,-0.003021880513736308
fine,0.041,1,0.7347077182103257,-0.0035415774779887776
fine,0.041,1,0.7421069399886675,0.003529842745326084
fine,0.041,1,0.7494838450180932,0.0035005430294303697
fine,0.041,1,0.7566974247530426,0.010105846985050793
fine,0.041,1,0.7638876366768248,0.010641877102877673
fine,0.041,1,0.7709068310991558,0.01672233829304315
fine,0.041,1,0.7779016857173442,0.017888541602884445
fine,0.041,1,0.7847184092961943,0.02337677047741671
fine,0.041,1,0.79150990343612,0.025233859896359623
fine,0.041,1,0.7981167557378794,0.030050136276430495
fine,0.041,1,0.804697574334367,0.032659134336321394
fine,0.041,1,0.8110878650633832,0.03671320804952183
fine,0.041,1,0.8174514059105982,0.04014677811920553
fine,0.041,1,0.8236191775470341,0.04336944863690284
fine,0.041,1,0.8297595736382725,0.047709515382799106
fine,0.041,1,0.8356996215964713,0.050019346494164285
fine,0.041,1,0.8416117609762543,0.055343446235266436
fine,0.041,1,0.8473196512153888,0.056643643492061746
fine,0.041,1,0.8529991942766852,0.06302978349600041
fine,0.041,1,0.8584712783041706,0.06321794692808136
fine,0.041,1,0.8639146724722724,0.07075086609201742
fine,0.041,1,0.8691480996890976,0.06971537539158212
fine,0.041,1,0.8743525914423966,0.07849414011801736
fine,0.041,1,0.8793453187886557,0.07610386321930307
fine,0.041,1,0.8843089629756944,0.08624918639589285
fine,0.041,1,0.8890597618436459,0.08234054212036401
fine,0.041,1,0.893781428264889,0.09400418172826219
fine,0.041,1,0.8982898886561964,0.08837205596374842
fine,0.041,1,0.9027692658882832,0.10174984967407441
fine,0.041,1,0.9070357978012836,0.09415057767636348
fine,0.041,1,0.9112733942507577,0.1095053973543213
fine,0.041,1,0.9152992262931914,0.09969023204296812
fine,0.041,1,0.9192963684762414,0.11734601823890434
fine,0.041,1,0.9230835437080159,0.10500854422468564
fine,0.041,1,0.9268423717619523,0.1253235319005307
fine,0.041,1,0.9303937407820771,0.1100974100284221
fine,0.041,1,0.9339172012237866,0.13344542703773266
fine,0.041,1,0.9372364125248493,0.11493613131324754
fine,0.041,1,0.9405282482807139,0.1416983965953439
fine,0.041,1,0.9436197359035352,0.11948130610271468
fine,0.041,1,0.9466844736445551,0.15000555532651783
fine,0.041,1,0.9495534421747981,0.12365263138265925
fine,0.041,1,0.9523963769997694,0.15823445760843524
fine,0.041,1,0.9550487839572708,0.1273316958586833
fine,0.041,1,0.9576759614758479,0.1661880871601129
fine,0.041,1,0.9601184971562551,0.13038230293775133
fine,0.041,1,0.9625366930325203,0.17359807705389008
fine,0.041,1,0.9647767578694514,0.13269601430510536
fine,0.041,1,0.9669934548952148,0.18013534851514745
fine,0.041,1,0.9690391344195227,0.1342554305219611
fine,0.041,1,0.9710624971949149,0.18543642928035664
fine,0.041,1,0.9729225346758322,0.1351703573644385
fine,0.041,1,0.9747613819828986,0.18914438293953217
fine,0.041,1,0.9764451488435612,0.13564725592317206
fine,0.041,1,0.9781089238062789,0.19097445152268833
fine,0.041,1,0.9796263879138054,0.13591109638053
fine,0.041,1,0.9811251260455475,0.19084748056973755
fine,0.041,1,0.9824868179829332,0.13616344084909326
fine,0.041,1,0.983831113229469,0.18905261613948354
fine,0.041,1,0.9850480906634218,0.1365378468782874
fine,0.041,1,0.9862490595563546,0.18629375794430747
fine,0.041,1,0.9873328698216551,0.13712576130275667
fine,0.041,1,0.9884021138636012,0.1834990987541636
fine,0.041,1,0.9893647548905768,0.13801893540467114
fine,0.041,1,0.9903143212993522,0.18143224830171367
fine,0.041,1,0.9911682010166755,0.1393183846212782
fine,0.041,1,0.9920105419613223,0.18048823035467976
fine,0.041,1,0.9927684363115116,0.14113701796997402
fine,0.041,1,0.9935163667781023,0.18078707936441918
fine,0.041,1,0.9941913764877732,0.14361407674434623
fine,0.041,1,0.9948580309175513,0.18235798186244112
fine,0.041,1,0.995463537168709,0.14688365934555414
fine,0.041,1,0.9960623250153016,0.18515495924662473
fine,0.041,1,0.9966119441676522,0.15063057511818034
fine,0.041,1,0.997156504523721,0.18800737378462162
fine,0.041,1,0.9976640420412225,0.15026441942675584
fine,0.041,1,0.9981681974880897,0.17670747299143374
fine,0.041,1,0.9986476012256319,0.08229506470797199
fine,0.041,1,0.9991253110620446,-2.3525687547301053
fine,0.041,1,0.9995906240703231,-7.9136991690628955
coarse,0.163,0,0.00024982898733673603,0.023437417767507296
coarse,0.163,0,0.0013182457413504355,-0.12789332109048823
coarse,0.163,0,0.002424064036603292,-0.411949594982711
coarse,0.163,0,0.0036524319384473062,-0.4073296198788401
coarse,0.163,0,0.0049549629720289845,-0.526602836097436
coarse,0.163,0,0.006500496361046419,-0.5180929179305127
coarse,0.163,0,0.008155685520554257,-0.5673621643283171
coarse,0.163,0,0.010170171946668154,-0.5611152728230071
coarse,0.163,0,0.012327930541390511,-0.593776220153968
coarse,0.163,0,0.014955133638044016,-0.5800463957647763
coarse,0.163,0,0.01775677387489508,-0.6074384233773864
coarse,0.163,0,0.021129973523415172,-0.5828786905122991
coarse,0.163,0,0.024705790615891225,-0.6111421995550705
coarse,0.163,0,0.028945502489777723,-0.5731499266597955
coarse,0.163,0,0.03341254527073595,-0.6059511592522355
coarse,0.163,0,0.0386244587790685,-0.5558562424488545
coarse,0.163,0,0.04408452696274063,-0.5967361185356028
coarse,0.163,0,0.05035769687508863,-0.5386683870892022
coarse,0.163,0,0.05689559923574745,-0.5867428227963887
coarse,0.163,0,0.06430092193037153,-0.5283087261610389
coarse,0.163,0,0.07198302520068933,-0.5756829070155614
coarse,0.163,0,0.0805720256078534,-0.5273513710662552
coarse,0.163,0,0.08944511892570604,-0.5617900262532332
coarse,0.163,0,0.09924906892183522,-0.5331889766243314
coarse,0.163,0,0.10933956325518038,-0.5455580056933089
coarse,0.163,0,0.12036894659238448,-0.5396893217198577
coarse,0.163,0,0.1316824228402771,-0.5290483590679544
coarse,0.163,0,0.1439267557664463,-0.541953305465751
coarse,0.163,0,0.1564478692683092,-0.5143989227087864
coarse,0.163,0,0.16987587990701847,-0.5388537700943574
coarse,0.163,0,0.18356862299403856,-0.5030259628167579
coarse,0.163,0,0.1981287864150239,-0.5324424000176957
coarse,0.163,0,0.21293710451134884,-0.4952351555903569
coarse,0.163,0,0.2285585243363497,-0.5239768797777211
coarse,0.163,0,0.24440727506842244,-0.4877710874987413
coarse,0.163,0,0.2610008965278694,-0.5101518062642771
coarse,0.163,0,0.277797135431272,-0.47346394532259817
coarse,0.163,0,0.2952572691160844,-0.48512646392376557
coarse,0.163,0,0.3128918399410952,-0.4458041988104091
coarse,0.163,0,0.3310979701777768,-0.4465992835204966
coarse,0.163,0,0.3494473725830663,-0.40613720472892045
coarse,0.163,0,0.36826621949028465,-0.40170965696896954
coarse,0.163,0,0.3871947221679936,-0.3632802385992002
coarse,0.163,0,0.40648252211230934,-0.35772298468341845
coarse,0.163,0,0.4258444851883628,-0.32222553905457607
coarse,0.163,0,0.44544945061985247,-0.3167858500983529
coarse,0.163,0,0.46509181759258095,-0.2836924481701182
coarse,0.163,0,0.48485673417190045,-0.2783505248974072
coarse,0.163,0,0.50462165075122,-0.2469135379547187
coarse,0.163,0,0.5243865673305395,-0.24188275439767515
coarse,0.163,0,0.54411408236862,-0.21161976310192232
coarse,0.163,0,0.5637190478001101,-0.20733242548257214
coarse,0.163,0,0.5832498500998621,-0.17781946633042334
coarse,0.163,0,0.6025376500441775,-0.1747270503367877
coarse,0.163,0,0.6217157942180023,-0.14556600645014628
coarse,0.163,0,0.640534641125221,-0.14417225864873218
coarse,0.163,0,0.6592102158638312,-0.11505320186001278
coarse,0.163,0,0.6774163461005108,-0.11601480620196791
coarse,0.163,0,0.6954480391969929,-0.086800483534065
coarse,0.163,0,0.7129081728818071,-0.09084594851741379
coarse,0.163,0,0.7301656891226651,-0.061150628076156455
coarse,0.163,0,0.746759310582112,-0.06855880885923149
coarse,0.163,0,0.7631256011344871,-0.03764931736408794
coarse,0.163,0,0.7787470209594879,-0.048587943081947804
coarse,0.163,0,0.7941202861091492,-0.015942622433648967
coarse,0.163,0,0.8086804495301362,-0.030675330168119075
coarse,0.163,0,0.8229758805028112,0.003930445187980247
coarse,0.163,0,0.8364038911415189,-0.014602875856154718
coarse,0.163,0,0.8495551212045331,0.021864573774819873
coarse,0.163,0,0.8617994541307028,1.819622162924084e-05
coarse,0.163,0,0.873759694146183,0.03760606283511725
coarse,0.163,0,0.8847890774833831,0.013557311098126301
coarse,0.163,0,0.8955319164833692,0.05074412360381819
coarse,0.163,0,0.905335866479502,0.026200155007876202
coarse,0.163,0,0.9148557235649457,0.061229388604481017
coarse,0.163,0,0.9234447239721105,0.03816345741082816
coarse,0.163,0,0.9317569438035812,0.06996228283318195
coarse,0.163,0,0.9391622664982051,0.04974014724669551
coarse,0.163,0,0.9463028567445182,0.07826189144580575
coarse,0.163,0,0.9525760266568659,0.06110296218059852
coarse,0.163,0,0.9586010418938744,0.0869109420236912
coarse,0.163,0,0.9638129554022067,0.07228373583001813
coarse,0.163,0,0.9687975380034675,0.09602391039327363
coarse,0.163,0,0.9730372498773537,0.08321515383278577
coarse,0.163,0,0.9770743443072847,0.10537892983635988
coarse,0.163,0,0.9804475439558069,0.09369504974297205
coarse,0.163,0,0.9836463064641302,0.11461388235860182
coarse,0.163,0,0.986273509560781,0.10328400783061564
coarse,0.163,0,0.9887574404888242,0.12313823986060146
coarse,0.163,0,0.9907719269149389,0.11080617674179372
coarse,0.163,0,0.9926767575705628,0.12905307704086844
coarse,0.163,0,0.9942222909595808,0.11066036437021975
coarse,0.163,0,0.9956936612168605,0.1168239662435081
coarse,0.163,0,0.9969220291187043,0.03116534861967879
coarse,0.163,0,0.9981129954793089,-3.3903332041828795
coarse,0.163,0,0.9991814122333226,-12.009118663597082
coarse,0.163,1,0.00024982898733679176,0.2879343646866107
coarse,0.163,1,0.0013182457413504355,0.33458258270350016
coarse,0.163,1,0.002424064036603292,0.41007435404231696
coarse,0.163,1,0.0036524319384474177,0.4297747536740776
coarse,0.163,1,0.004954962972029207,0.4384693059980965
coarse,0.163,1,0.00650049636104653,0.43947906102463696
coarse,0.163,1,0.008155685520554257,0.42118052812954354
coarse,0.163,1,0.01017017194666832,0.4199000457801081
coarse,0.163,1,0.012327930541390678,0.3837437268199232
coarse,0.163,1,0.01495513363804396,0.3842762603923008
coarse,0.163,1,0.01775677387489497,0.3350188314545127
coarse,0.163,1,0.021129973523415228,0.3409250911472813
coarse,0.163,1,0.024705790615891392,0.2811066038345833
coarse,0.163,1,0.028945502489777834,0.296152388228176
coarse,0.163,1,0.033412545270736116,0.22694498768908844
coarse,0.163,1,0.03862445877906861,0.25363650946054506
coarse,0.163,1,0.044084526962740574,0.17501150328915926
coarse,0.163,1,0.050357696875088453,0.21338573096584124
coarse,0.163,1,0.05689559923574728,0.12649684606831135
coarse,0.163,1,0.06430092193037142,0.1722062140283741
coarse,0.163,1,0.07198302520068933,0.08274187504838748
coarse,0.163,1,0.0805720256078534,0.12664729891335225
coarse,0.163,1,0.08944511892570604,0.04523723236784505
coarse,0.163,1,0.09924906892183533,0.07689478677368411
coarse,0.163,1,0.1093395632551806,0.013925518705525608
coarse,0.163,1,0.12036894659238481,0.027566215386469084
coarse,0.163,1,0.1316824228402773,-0.012786933618256668
coarse,0.163,1,0.14392675576644653,-0.016416608476052197
coarse,0.163,1,0.15644786926830942,-0.0370064115565123
coarse,0.163,1,0.16987587990701858,-0.05303423959146847
coarse,0.163,1,0.18356862299403856,-0.06037140847587574
coarse,0.163,1,0.1981287864150239,-0.08324206268800238
coarse,0.163,1,0.21293710451134884,-0.08359543477573506
coarse,0.163,1,0.2285585243363497,-0.10819277968763386
coarse,0.163,1,0.24440727506842244,-0.10486624433809522
coarse,0.163,1,0.2610008965278694,-0.12622277721402253
coarse,0.163,1,0.277797135431272,-0.11931903255979814
coarse,0.163,1,0.2952572691160844,-0.1336024024564353
coarse,0.163,1,0.312891839941095,-0.1219580941436682
coarse,0.163,1,0.3310979701777768,-0.12854362747948023
coarse,0.163,1,0.3494473725830663,-0.11310584467901053
coarse,0.163,1,0.368266219490285,-0.11587536963446965
coarse,0.163,1,0.38719472216799405,-0.099001792308955
coarse,0.163,1,0.4064825221123097,-0.1009561482319592
coarse,0.163,1,0.42584448518836326,-0.08366867781295784
coarse,0.163,1,0.4454494506198526,-0.08577646104586667
coarse,0.163,1,0.46509181759258095,-0.06809684226947721
coarse,0.163,1,0.48485673417190056,-0.07036458406576918
coarse,0.163,1,0.5046216507512201,-0.05206150612210125
coarse,0.163,1,0.5243865673305395,-0.054668925858565975
coarse,0.163,1,0.5441140823686202,-0.03562340224824734
coarse,0.163,1,0.563719047800111,-0.038926551653899244
coarse,0.163,1,0.5832498500998634,-0.01899957778984085
coarse,0.163,1,0.6025376500441779,-0.02338166900616323
coarse,0.163,1,0.6217157942180023,-0.002401923817179963
coarse,0.163,1,0.6405346411252212,-0.008306464971146621
coarse,0.163,1,0.6592102158638321,0.013868353044341308
coarse,0.163,1,0.6774163461005122,0.0058469495990298714
coarse,0.163,1,0.6954480391969947,0.029245211052686626
coarse,0.163,1,0.7129081728818077,0.018422145977433635
coarse,0.163,1,0.7301656891226651,0.04331158377487443
coarse,0.163,1,0.746759310582112,0.02934542761896841
coarse,0.163,1,0.7631256011344869,0.05633550082526473
coarse,0.163,1,0.7787470209594861,0.038963337148193444
coarse,0.163,1,0.7941202861091465,0.06851622072109709
coarse,0.163,1,0.8086804495301344,0.04739521077876163
coarse,0.163,1,0.8229758805028106,0.07972242961274323
coarse,0.163,1,0.8364038911415189,0.05475084653903339
coarse,0.163,1,0.849555121204534,0.08976347173470844
coarse,0.163,1,0.8617994541307032,0.06132230624227253
coarse,0.163,1,0.873759694146183,0.09831791384791344
coarse,0.163,1,0.8847890774833838,0.06741547477577048
coarse,0.163,1,0.89553191648337,0.10493461276198168
coarse,0.163,1,0.9053358664795025,0.07318765104944891
coarse,0.163,1,0.9148557235649457,0.10952760560643726
coarse,0.163,1,0.9234447239721101,0.07882772633464585
coarse,0.163,1,0.9317569438035808,0.11293228142702083
coarse,0.163,1,0.9391622664982049,0.08460504871715557
coarse,0.163,1,0.9463028567445182,0.11640376589836121
coarse,0.163,1,0.9525760266568659,0.09068914803692618
coarse,0.163,1,0.9586010418938744,0.12069483501550127
coarse,0.163,1,0.9638129554022067,0.09711828234982378
coarse,0.163,1,0.9687975380034675,0.12591440402440568
coarse,0.163,1,0.9730372498773537,0.10383065084150167
coarse,0.163,1,0.9770743443072833,0.13183681233318245
coarse,0.163,1,0.9804475439557998,0.11062560657137366
coarse,0.163,1,0.9836463064641201,0.13808221316301283
coarse,0.163,1,0.9862735095607763,0.1170596587932794
coarse,0.163,1,0.9887574404888237,0.14402958728481152
coarse,0.163,1,0.9907719269149386,0.12194464943241323
coarse,0.163,1,0.9926767575705628,0.1478022170209633
coarse,0.163,1,0.9942222909595808,0.11963332116535741
coarse,0.163,1,0.9956936612168605,0.13396537386846608
coarse,0.163,1,0.9969220291187043,0.03868733194700047
coarse,0.163,1,0.9981129954793089,-2.4416898382157988
coarse,0.163,1,0.9991814122333226,-12.009118663597082
medium,0.163,0,0.0005807617012621174,0.03510761667657658
medium,0.163,0,0.0012831358709954727,-0.0992747230035862
medium,0.163,0,0.0020247905586456647,-0.3702096521498197
medium,0.163,0,0.002774670652234885,-0.3410558502031411
medium,0.163,0,0.003602812833197941,-0.48158354518621915
medium,0.163,0,0.004447343225733079,-0.4529544372344627
medium,0.163,0,0.005408521653357948,-0.5322122796618087
medium,0.163,0,0.0063941263740024895,-0.5076126936705545
medium,0.163,0,0.007533877315472296,-0.5705268814647813
medium,0.163,0,0.008705906732570604,-0.5439233547817783
medium,0.163,0,0.010068407410411926,-0.5996457469916274
medium,0.163,0,0.011470793087800352,-0.5673653604759008
medium,0.163,0,0.013098525464549125,-0.6205281345253266
medium,0.163,0,0.014773445815834722,-0.5802693537725816
medium,0.163,0,0.016706873280642725,-0.633922228000684
medium,0.163,0,0.01869443256599706,-0.5853857753559724
medium,0.163,0,0.020971691983814145,-0.6419900877084628
medium,0.163,0,0.0233096150923477,-0.5848129301198555
medium,0.163,0,0.025966226559350405,-0.6448204591264142
medium,0.163,0,0.028689571899923584,-0.5787134871748674
medium,0.163,0,0.031758168414134244,-0.6422257683728176
medium,0.163,0,0.03489906109969637,-0.5696796861728863
medium,0.163,0,0.0384091402041653,-0.6363547554311042
medium,0.163,0,0.04199652756024898,-0.5607953803346442
medium,0.163,0,0.04597422684893979,-0.6281645192012586
medium,0.163,0,0.050033658107034085,-0.5552776955625245
medium,0.163,0,0.05450155630195162,-0.61890595563263
medium,0.163,0,0.05905498815442294,-0.5553796748516597
medium,0.163,0,0.06403193326790586,-0.6088358810805155
medium,0.163,0,0.06909756276431232,-0.5606724500472418
medium,0.163,0,0.07459852865427766,-0.597552950123772
medium,0.163,0,0.08019065471083303,-0.5684706477092303
medium,0.163,0,0.08622662712067666,-0.5850696112051716
medium,0.163,0,0.09235554169686525,-0.575735716700658
medium,0.163,0,0.09893343464732064,-0.5722638811955858
medium,0.163,0,0.10560534441786998,-0.5803035674101644
medium,0.163,0,0.11272794758713645,-0.5601783554518431
medium,0.163,0,0.11994492670547588,-0.5811531263911327
medium,0.163,0,0.12761088419808253,-0.5494669760332407
medium,0.163,0,0.13537085851078307,-0.5782466305766285
medium,0.163,0,0.14357467917677144,-0.5402325318459784
medium,0.163,0,0.15187144200910468,-0.5721576677706866
medium,0.163,0,0.1606035412349969,-0.5321366591039396
medium,0.163,0,0.16942680062747922,-0.5637546700469049
medium,0.163,0,0.1786735732809733,-0.5247553944438763
medium,0.163,0,0.188009030317391,-0.5541463946723268
medium,0.163,0,0.19775295429063186,-0.5181551549360608
medium,0.163,0,0.20758241192142649,-0.5448305834366467
medium,0.163,0,0.21780218148482822,-0.5126841307192052
medium,0.163,0,0.22810368301763342,-0.5362090464303366
medium,0.163,0,0.23877437096934534,-0.5072923765713768
medium,0.163,0,0.2495223671726721,-0.526788242708021
medium,0.163,0,0.26061561454963633,-0.4999980392263059
medium,0.163,0,0.2717811580979523,-0.5150467447428906
medium,0.163,0,0.2832653900047367,-0.48909298838159754
medium,0.163,0,0.2948163557850916,-0.49882398731642463
medium,0.163,0,0.30665702169791,-0.47191816231977723
medium,0.163,0,0.318558351301445,-0.47568703073595997
medium,0.163,0,0.3307181880185028,-0.4474105550723704
medium,0.163,0,0.3429321565561069,-0.4471131197600091
medium,0.163,0,0.35537147179306977,-0.418627468260917
medium,0.163,0,0.36785797500456907,-0.4165402011894648
medium,0.163,0,0.3805349494768123,-0.38874417195728483
medium,0.163,0,0.3932518089486028,-0.38611333772427825
medium,0.163,0,0.40612281464121863,-0.3595447941895009
medium,0.163,0,0.41902609880946284,-0.3570274177906736
medium,0.163,0,0.43204603101279704,-0.3319155494531678
medium,0.163,0,0.445090389509151,-0.329484173617848
medium,0.163,0,0.4582130100928785,-0.30563834426181336
medium,0.163,0,0.47135201888817807,-0.3030781975726864
medium,0.163,0,0.4845303082013946,-0.2802868616769012
medium,0.163,0,0.4977168229205502,-0.2776189507617872
medium,0.163,0,0.5109033376397055,-0.25570897640761503
medium,0.163,0,0.5240898523588609,-0.25303148267172504
medium,0.163,0,0.5372370865600996,-0.23182547101653972
medium,0.163,0,0.5503760953553993,-0.22932618376526603
medium,0.163,0,0.5634368420633259,-0.20866081651790602
medium,0.163,0,0.5764812005596803,-0.2065105646637877
medium,0.163,0,0.5894089110209437,-0.18620427782309656
medium,0.163,0,0.6023121951891874,-0.18457816366891877
medium,0.163,0,0.6150613331366064,-0.16445024501981487
medium,0.163,0,0.627778192608397,-0.16353473567254762
medium,0.163,0,0.6403045808194441,-0.14340226359314556
medium,0.163,0,0.6527910840309437,-0.14342610838337366
medium,0.163,0,0.6650522405430844,-0.12309977672301264
medium,0.163,0,0.6772662090806889,-0.1243556243985302
medium,0.163,0,0.6892216705047697,-0.10366987273594241
medium,0.163,0,0.7011230001083038,-0.1065526639635257
medium,0.163,0,0.7127346295793754,-0.08534176794489001
medium,0.163,0,0.7242855953597307,-0.09019609863006273
medium,0.163,0,0.7355178727816168,-0.06811205440921819
medium,0.163,0,0.7466834163299328,-0.07507619494683371
medium,0.163,0,0.7575037087046161,-0.051647436277567405
medium,0.163,0,0.7682517049079494,-0.06090691488298372
medium,0.163,0,0.778630514692365,-0.03572932537289275
medium,0.163,0,0.7889320162251634,-0.047592899672728395
medium,0.163,0,0.7988432058253605,-0.020323502567730856
medium,0.163,0,0.8086726634561553,-0.035152304765123876
medium,0.163,0,0.818093654150126,-0.0054731956339828525
medium,0.163,0,0.8274291111865428,-0.023600553064238028
medium,0.163,0,0.8363410549619491,0.008780966692058079
medium,0.163,0,0.8451643143544321,-0.0129025702327632
medium,0.163,0,0.853552237353356,0.022371714919503294
medium,0.163,0,0.8618490001856899,-0.003038075534673945
medium,0.163,0,0.8697019166647353,0.03513274525908361
medium,0.163,0,0.8774618909774355,0.006016450276129293
medium,0.163,0,0.8847728869158656,0.046824592043590685
medium,0.163,0,0.8919898660342015,0.014317090871283855
medium,0.163,0,0.8987561517538264,0.05713333405177501
medium,0.163,0,0.9054280615243795,0.021933367870077825
medium,0.163,0,0.9116509929206627,0.06575124354223039
medium,0.163,0,0.9177799074968512,0.02900167744461135
medium,0.163,0,0.9234649757197521,0.07256010130604951
medium,0.163,0,0.9290571017763076,0.03574545953717523
medium,0.163,0,0.934213891439304,0.07771328274946354
medium,0.163,0,0.9392795209357097,0.0423384899100786
medium,0.163,0,0.943921637171105,0.08165353612197312
medium,0.163,0,0.9484750690235767,0.04888230077437239
medium,0.163,0,0.9526200339392247,0.08507409657631515
medium,0.163,0,0.9566794651973185,0.05544500440119915
medium,0.163,0,0.9603485845228064,0.08863766602875478
medium,0.163,0,0.9639359718788908,0.06207269242332902
medium,0.163,0,0.9671541728160675,0.0927340003957331
medium,0.163,0,0.9702950655016291,0.06879534587434022
medium,0.163,0,0.9730907070135534,0.09747039482872899
medium,0.163,0,0.9758140523541263,0.07562933516911807
medium,0.163,0,0.9782187093362306,0.10278590218248118
medium,0.163,0,0.9805566324447643,0.08256235244563426
medium,0.163,0,0.9826048554208383,0.1085696093171804
medium,0.163,0,0.9845924147061961,0.08958203059428149
medium,0.163,0,0.9863214668780249,0.11472277370231732
medium,0.163,0,0.9879963872293058,0.09665154236637918
medium,0.163,0,0.9894459608812312,0.1211695078994196
medium,0.163,0,0.9908483465586202,0.10373550598290426
medium,0.163,0,0.9920602609752667,0.1278920883691813
medium,0.163,0,0.9932322903923656,0.11078021366854085
medium,0.163,0,0.9942501735886385,0.13478429197248742
medium,0.163,0,0.9952357783092827,0.11731506929879998
medium,0.163,0,0.9961047349948372,0.14048652289187813
medium,0.163,0,0.9969492653873722,0.11888022175902957
medium,0.163,0,0.9977155336925335,0.1302077800266387
medium,0.163,0,0.9984654137861227,0.04824668387710351
medium,0.163,0,0.999176013361795,-15.563982967263758
medium,0.163,0,0.9998783875315281,-24.684966561211297
medium,0.163,1,0.0005807617012620616,0.2787594934139932
medium,0.163,1,0.0012831358709955287,0.2893391906749443
medium,0.163,1,0.0020247905586456647,0.40164228171211214
medium,0.163,1,0.002774670652234885,0.39234427721287857
medium,0.163,1,0.003602812833197997,0.443877540450199
medium,0.163,1,0.004447343225733247,0.4271056765843908
medium,0.163,1,0.00540852165335806,0.45591402628810396
medium,0.163,1,0.0063941263740024895,0.4399323158299182
medium,0.163,1,0.007533877315472296,0.45029800111084983
medium,0.163,1,0.008705906732570604,0.43752757339115556
medium,0.163,1,0.010068407410411984,0.4329321788699727
medium,0.163,1,0.011470793087800576,0.4249810515428566
medium,0.163,1,0.013098525464549348,0.40714591771123276
medium,0.163,1,0.014773445815834944,0.40555838424491863
medium,0.163,1,0.01670687328064278,0.3754917286153454
medium,0.163,1,0.018694432565996837,0.38166534379897255
medium,0.163,1,0.02097169198381409,0.3399116287132583
medium,0.163,1,0.023309615092347923,0.3552342067565192
medium,0.163,1,0.025966226559350516,0.30227449948178653
medium,0.163,1,0.028689571899923584,0.3279593828484917
medium,0.163,1,0.031758168414134244,0.26438613135157185
medium,0.163,1,0.03489906109969637,0.30045117944408706
medium,0.163,1,0.0384091402041653,0.2272290966084256
medium,0.163,1,0.04199652756024898,0.2723755573443867
medium,0.163,1,0.04597422684893979,0.19168705927877472
medium,0.163,1,0.050033658107034085,0.24237521350228086
medium,0.163,1,0.054501556301951734,0.15817773317566508
medium,0.163,1,0.05905498815442322,0.20888647643341895
medium,0.163,1,0.06403193326790603,0.12709400135872106
medium,0.163,1,0.06909756276431238,0.17151960792057952
medium,0.163,1,0.07459852865427766,0.09882992496713161
medium,0.163,1,0.08019065471083303,0.1316617508876674
medium,0.163,1,0.08622662712067661,0.07342175080230362
medium,0.163,1,0.09235554169686508,0.09171669411514927
medium,0.163,1,0.09893343464732064,0.050307650327278464
medium,0.163,1,0.10560534441787009,0.05399446250923401
medium,0.163,1,0.11272794758713656,0.02866979703453687
medium,0.163,1,0.11994492670547599,0.02003488719286739
medium,0.163,1,0.12761088419808242,0.007850894535250341
medium,0.163,1,0.13537085851078284,-0.009530295546107403
medium,0.163,1,0.14357467917677144,-0.012411752167152956
medium,0.163,1,0.1518714420091049,-0.03476547957102105
medium,0.163,1,0.16060354123499712,-0.03198943182518055
medium,0.163,1,0.16942680062747945,-0.056165389333014515
medium,0.163,1,0.1786735732809733,-0.05060656731904856
medium,0.163,1,0.18800903031739089,-0.07453917934509913
medium,0.163,1,0.19775295429063164,-0.06827549577291081
medium,0.163,1,0.20758241192142637,-0.0910523561237222
medium,0.163,1,0.21780218148482822,-0.0852838830535374
medium,0.163,1,0.22810368301763342,-0.1062454590256352
medium,0.163,1,0.23877437096934534,-0.10110097363382686
medium,0.163,1,0.2495223671726721,-0.11941963026252811
medium,0.163,1,0.26061561454963633,-0.11451035828766809
medium,0.163,1,0.2717811580979523,-0.12974965872414823
medium,0.163,1,0.28326539000473683,-0.12437770411937543
medium,0.163,1,0.2948163557850918,-0.1358156270558981
medium,0.163,1,0.3066570216979101,-0.12877416721335777
medium,0.163,1,0.318558351301445,-0.13584737321286
medium,0.163,1,0.3307181880185028,-0.1266943822888431
medium,0.163,1,0.3429321565561069,-0.130718226479269
medium,0.163,1,0.3553714717930699,-0.12010904999511962
medium,0.163,1,0.3678579750045693,-0.1227449196374506
medium,0.163,1,0.38053494947681243,-0.11128823829685475
medium,0.163,1,0.3932518089486029,-0.11346986854621233
medium,0.163,1,0.40612281464121874,-0.10163632808934109
medium,0.163,1,0.41902609880946307,-0.1038646858106762
medium,0.163,1,0.43204603101279715,-0.09196550649309865
medium,0.163,1,0.445090389509151,-0.0942170929402868
medium,0.163,1,0.4582130100928785,-0.08225921486143006
medium,0.163,1,0.4713520188881783,-0.08436287074653293
medium,0.163,1,0.4845303082013948,-0.0723082845927685
medium,0.163,1,0.4977168229205503,-0.07427978053415463
medium,0.163,1,0.5109033376397055,-0.0620894975293127
medium,0.163,1,0.5240898523588609,-0.06401110930946552
medium,0.163,1,0.5372370865600996,-0.05161968126137917
medium,0.163,1,0.5503760953553993,-0.05365151030421056
medium,0.163,1,0.5634368420633266,-0.04098759159526022
medium,0.163,1,0.5764812005596817,-0.0432815586844264
medium,0.163,1,0.5894089110209446,-0.030244967206129347
medium,0.163,1,0.6023121951891877,-0.03296226914262568
medium,0.163,1,0.6150613331366064,-0.01943978022185
medium,0.163,1,0.627778192608397,-0.022758002294364976
medium,0.163,1,0.6403045808194443,-0.008621115778078225
medium,0.163,1,0.6527910840309441,-0.012761294458558892
medium,0.163,1,0.6650522405430853,0.0021363080971391613
medium,0.163,1,0.6772662090806898,-0.0031107230169296063
medium,0.163,1,0.6892216705047701,0.012684145709084493
medium,0.163,1,0.701123000108304,0.005948001978199446
medium,0.163,1,0.7127346295793754,0.02278378240016843
medium,0.163,1,0.7242855953597307,0.014207862522945036
medium,0.163,1,0.7355178727816168,0.03239306959630239
medium,0.163,1,0.7466834163299328,0.021794798666430637
medium,0.163,1,0.7575037087046066,0.041759674021122795
medium,0.163,1,0.7682517049079285,0.02891082459513128
medium,0.163,1,0.7786305146923506,0.05104062935498843
medium,0.163,1,0.788932016225159,0.0356018015279298
medium,0.163,1,0.7988432058253585,0.060235278148099924
medium,0.163,1,0.8086726634561542,0.04181774817347261
medium,0.163,1,0.8180936541501245,0.06927337508629938
medium,0.163,1,0.8274291111865404,0.04751262551943902
medium,0.163,1,0.836341054961948,0.07808446581315298
medium,0.163,1,0.8451643143544327,0.05268816217945005
medium,0.163,1,0.8535522373533568,0.08657146265998727
medium,0.163,1,0.8618490001856908,0.05733902354134701
medium,0.163,1,0.8697019166647357,0.09454673180120832
medium,0.163,1,0.877461890977436,0.06146944321126091
medium,0.163,1,0.8847728869158665,0.10175483984675004
medium,0.163,1,0.8919898660342024,0.06512056277605038
medium,0.163,1,0.8987561517538268,0.10787273024172916
medium,0.163,1,0.9054280615243799,0.06835177443360518
medium,0.163,1,0.9116509929206627,0.11258702867966308
medium,0.163,1,0.9177799074968512,0.07128606227207701
medium,0.163,1,0.9234649757197518,0.11576690529283784
medium,0.163,1,0.9290571017763072,0.07412887876444663
medium,0.163,1,0.9342138914393038,0.11754654390100416
medium,0.163,1,0.9392795209357101,0.07704417072538161
medium,0.163,1,0.943921637171105,0.11834978042386968
medium,0.163,1,0.9484750690235767,0.08013059226520414
medium,0.163,1,0.9526200339392247,0.11884881810588177
medium,0.163,1,0.9566794651973185,0.08345644388998663
medium,0.163,1,0.9603485845228059,0.1196883951260217
medium,0.163,1,0.9639359718788899,0.08706927669900877
medium,0.163,1,0.9671541728160673,0.12124841491116212
medium,0.163,1,0.9702950655016294,0.09100078243117926
medium,0.163,1,0.9730907070135538,0.12363317262007956
medium,0.163,1,0.9758140523541263,0.09526792102414028
medium,0.163,1,0.9782187093362306,0.12678126123696876
medium,0.163,1,0.9805566324447643,0.09985893205635865
medium,0.163,1,0.9826048554208374,0.1305803788761979
medium,0.163,1,0.9845924147061943,0.10475970770074872
medium,0.163,1,0.9863214668780236,0.13492492810116397
medium,0.163,1,0.9879963872293054,0.10993270559874868
medium,0.163,1,0.9894459608812307,0.13972969537398883
medium,0.163,1,0.9908483465586202,0.11534160605342647
medium,0.163,1,0.9920602609752667,0.14496802334882164
medium,0.163,1,0.9932322903923656,0.12093014806883717
medium,0.163,1,0.9942501735886385,0.1505528824438238
medium,0.163,1,0.9952357783092827,0.12620505847901398
medium,0.163,1,0.9961047349948372,0.15525459512234374
medium,0.163,1,0.9969492653873722,0.1265919710031963
medium,0.163,1,0.9977155336925333,0.14443591224472319
medium,0.163,1,0.9984654137861223,0.05515393210594555
medium,0.163,1,0.9991760133617947,-13.165888496532656
medium,0.163,1,0.9998783875315281,-24.684966561211297
fine,0.163,0,0.00010809955304188912,0.08059752668259834
fine,0.163,0,0.0005734125613205786,-0.028865068660205884
fine,0.163,0,0.001041999068315914,-0.2707290148802233
fine,0.163,0,0.0015214028058582695,-0.21858341953795035
fine,0.163,0,0.0020073424643503343,-0.35760392839951227
fine,0.163,0,0.002514879981851865,-0.31617282846423933
fine,0.163,0,0.0030321937270485076,-0.40901246351931664
fine,0.163,0,0.0035818128793989735,-0.37174875525263484
fine,0.163,0,0.004144415486530113,-0.4522430904443542
fine,0.163,0,0.00474992173768763,-0.41354720368373954
fine,0.163,0,0.005371574738810308,-0.48817901528689744
fine,0.163,0,0.006046584448482004,-0.4458071838672397
fine,0.163,0,0.006740849567812426,-0.5186813830070498
fine,0.163,0,0.0074987439180016924,-0.4710962401923229
fine,0.163,0,0.00827893718333216,-0.5448435653046708
fine,0.163,0,0.009132816900655327,-0.49098781059492635
fine,0.163,0,0.010011963586131878,-0.5672184880732147
fine,0.163,0,0.010974604613106233,-0.5062860662616995
fine,0.163,0,0.0119653951658247,-0.5857567975206694
fine,0.163,0,0.013049205431126283,-0.5174821910596945
fine,0.163,0,0.014163952530677053,-0.600444351042076
fine,0.163,0,0.01538092996463017,-0.525458699786562
fine,0.163,0,0.016631526860883553,-0.6120655856142319
fine,0.163,0,0.017993218798268727,-0.5319997984526355
fine,0.163,0,0.01939109906838702,-0.6218266552474441
fine,0.163,0,0.02090856317591378,-0.5381973949771706
fine,0.163,0,0.022464662036743598,-0.6288103057899395
fine,0.163,0,0.024148428897406125,-0.5430229600184433
fine,0.163,0,0.02587314620416597,-0.6316224092046574
fine,0.163,0,0.02773318368508353,-0.5483429565239795
fine,0.163,0,0.029636348741545724,-0.6319895863369003
fine,0.163,0,0.03168202826585568,-0.5553005076976727
fine,0.163,0,0.03377286656509372,-0.629737964557634
fine,0.163,0,0.03601293140202252,-0.5639674965960173
fine,0.163,0,0.03830003341026301,-0.6251269327841615
fine,0.163,0,0.040742569090670123,-0.5743197816002397
fine,0.163,0,0.043233861179874204,-0.6189518683869202
fine,0.163,0,0.04588626813737569,-0.5859072700499848
fine,0.163,0,0.048588985764905404,-0.6121023912672214
fine,0.163,0,0.05145795429514854,-0.5977909631924319
fine,0.163,0,0.05437861752126931,-0.6053452688417831
fine,0.163,0,0.057470105144090414,-0.6087588778632593
fine,0.163,0,0.06061449657015131,-0.5991742775779365
fine,0.163,0,0.06393370787121391,-0.6176311194602242
fine,0.163,0,0.06730685307315461,-0.5937739301105769
fine,0.163,0,0.07085822209327951,-0.6235462610183258
fine,0.163,0,0.07446437261667258,-0.589092802950407
fine,0.163,0,0.07825154784844697,-0.6261604999517345
fine,0.163,0,0.08209416682261332,-0.5849874127118471
fine,0.163,0,0.08611999886504683,-0.6256659502033759
fine,0.163,0,0.09020174928492213,-0.5812972831298768
fine,0.163,0,0.0944682811979223,-0.622558466501058
fine,0.163,0,0.09879101691332523,-0.5777765801267305
fine,0.163,0,0.10329947730462935,-0.6173458447292279
fine,0.163,0,0.1078642367474207,-0.5741194490508226
fine,0.163,0,0.11261503561537584,-0.6105921184416272
fine,0.163,0,0.11742203828573358,-0.5701525531994962
fine,0.163,0,0.12241476563199266,-0.6028223940080357
fine,0.163,0,0.12746341135569333,-0.5657721713426387
fine,0.163,0,0.1326968385725192,-0.5944800453873118
fine,0.163,0,0.13798570953173692,-0.5609676907068137
fine,0.163,0,0.14345779355922178,-0.5859367176762109
fine,0.163,0,0.14898465908997502,-0.5558062364862384
fine,0.163,0,0.1546925493291101,-0.5774760835338602
fine,0.163,0,0.16045437346912286,-0.5503891126908744
fine,0.163,0,0.16639442142731858,-0.5692977580793845
fine,0.163,0,0.17238737318875433,-0.5448410084217197
fine,0.163,0,0.17855514482519283,-0.5615819886965965
fine,0.163,0,0.18477461115750884,-0.5393777471174284
fine,0.163,0,0.19116490188652507,-0.554610967325889
fine,0.163,0,0.19760550328556956,-0.5344136325936759
fine,0.163,0,0.2042123555873272,-0.5487513735423553
fine,0.163,0,0.2108679642978819,-0.530278460041514
fine,0.163,0,0.21768468787673415,-0.54377535540363
fine,0.163,0,0.22454844862689805,-0.5265268147449642
fine,0.163,0,0.23156764304922853,-0.5388070258552704
fine,0.163,0,0.2386319962464872,-0.5223236867234493
fine,0.163,0,0.24584557598143633,-0.5332433238730503
fine,0.163,0,0.25310228329193035,-0.5172242025582483
fine,0.163,0,0.2605015050702721,-0.5267412540750154
fine,0.163,0,0.2679416772947113,-0.5108455341479625
fine,0.163,0,0.27551716969330803,-0.5186720135135674
fine,0.163,0,0.2831312968452078,-0.5024352731006072
fine,0.163,0,0.29087309199693995,-0.5079662568286192
fine,0.163,0,0.29865107548140507,-0.49090305490300135
fine,0.163,0,0.30654864280327837,-0.49366028345955204
fine,0.163,0,0.31447982958745246,-0.47560277160771247
fine,0.163,0,0.3225221114127601,-0.47598161183424814
fine,0.163,0,0.33059533007231673,-0.4574392849679889
fine,0.163,0,0.33877077906627495,-0.4566695453273044
fine,0.163,0,0.34697437758597693,-0.4381493602409483
fine,0.163,0,0.35527099581826077,-0.43661404836113493
fine,0.163,0,0.3635928810186982,-0.41828938956761275
fine,0.163,0,0.3719982605606341,-0.416211829348035
fine,0.163,0,0.3804259390177113,-0.39836814177742275
fine,0.163,0,0.38892730392678143,-0.3960989537848205
fine,0.163,0,0.3974479242455103,-0.37895514414922915
fine,0.163,0,0.40603217379509804,-0.37666173938816927
fine,0.163,0,0.41463257009465093,-0.36025860790450825
fine,0.163,0,0.4232863231027525,-0.3579556831586175
fine,0.163,0,0.43195305956563457,-0.3422349722135749
fine,0.163,0,0.4406626996725435,-0.33985910509964135
fine,0.163,0,0.44938211600714745,-0.3247124447905074
fine,0.163,0,0.4581338377489053,-0.32220976407750657
fine,0.163,0,0.46689209541161286,-0.30754217498130676
fine,0.163,0,0.47567195093332976,-0.3049422604520797
fine,0.163,0,0.4844550799537633,-0.2907105901007738
fine,0.163,0,0.4932490262047437,-0.2880868065695008
fine,0.163,0,0.5020429724557239,-0.2742293941930771
fine,0.163,0,0.5108369187067042,-0.2715656160241817
fine,0.163,0,0.519627591458968,-0.2580296480348203
fine,0.163,0,0.528407446980685,-0.25538636483094157
fine,0.163,0,0.5371807665814522,-0.24215752928886314
fine,0.163,0,0.5459324883232103,-0.2395733455462552
fine,0.163,0,0.5546744338372731,-0.22661949074007226
fine,0.163,0,0.5633840739441819,-0.22411429855070764
fine,0.163,0,0.5720807305963099,-0.2114064947612515
fine,0.163,0,0.5807344836044114,-0.20900801684531944
fine,0.163,0,0.5893720898625477,-0.19652300522272137
fine,0.163,0,0.5979563394121354,-0.19426107822002425
fine,0.163,0,0.6065213335520644,-0.1819738299997491
fine,0.163,0,0.6150226984611346,-0.17987505675953486
fine,0.163,0,0.6235017644550632,-0.16775811131241092
fine,0.163,0,0.631907143996999,-0.1658545343180562
fine,0.163,0,0.6402872565707813,-0.1538887237852562
fine,0.163,0,0.6485838748030661,-0.15223400781250307
fine,0.163,0,0.6568523435096065,-0.1403995779826881
fine,0.163,0,0.6650277925035644,-0.13904422148690876
fine,0.163,0,0.6731723046632727,-0.12730043040076522
fine,0.163,0,0.6812145864885767,-0.12631919129886593
fine,0.163,0,0.6892232488515816,-0.11464942212545681
fine,0.163,0,0.697120816173458,-0.11420743739134975
fine,0.163,0,0.7049821951626006,-0.10257839430951776
fine,0.163,0,0.712723990314333,-0.1027588428269901
fine,0.163,0,0.7204271507127622,-0.09105098337755857
fine,0.163,0,0.7280026431113592,-0.09187108010205591
fine,0.163,0,0.7355371850638588,-0.07992202672115778
fine,0.163,0,0.7429364068422006,-0.0814171402699575
fine,0.163,0,0.7502925010449977,-0.06905247549107152
fine,0.163,0,0.757506080779947,-0.07132106706378405
fine,0.163,0,0.7646745017399686,-0.05835836707813469
fine,0.163,0,0.7716936961623004,-0.06155724886351255
fine,0.163,0,0.77866585341332,-0.047792542350610034
fine,0.163,0,0.7854825769921704,-0.052116168570934596
fine,0.163,0,0.7922505441622247,-0.03732000553979398
fine,0.163,0,0.7988573964639829,-0.04299880014750146
fine,0.163,0,0.8054139380957127,-0.026922591063065715
fine,0.163,0,0.8118042288247285,-0.03421221245964268
fine,0.163,0,0.8181428248578669,-0.01657418693166468
fine,0.163,0,0.8243105964943042,-0.025726131219463433
fine,0.163,0,0.830425464327502,-0.006219613283497294
fine,0.163,0,0.8363655122856994,-0.017513355482709825
fine,0.163,0,0.8422516263430186,0.004167093738023819
fine,0.163,0,0.8479595165821531,-0.009576229841011585
fine,0.163,0,0.8536126253180191,0.014580175110677995
fine,0.163,0,0.8590847093455038,-0.0019351819883466348
fine,0.163,0,0.8645013496305968,0.024991522435202085
fine,0.163,0,0.8697347768474226,0.005375636481991797
fine,0.163,0,0.8749122856868065,0.0353463824062652
fine,0.163,0,0.8799050130330658,0.012301981107261661
fine,0.163,0,0.8848415365769214,0.04555178368022417
fine,0.163,0,0.8895923354448725,0.018767483321353584
fine,0.163,0,0.894286835261338,0.05546880355556549
fine,0.163,0,0.8987952956526463,0.024682196079742202
fine,0.163,0,0.903247552241551,0.06492016491368224
fine,0.163,0,0.9075140841545509,0.029973100578294276
fine,0.163,0,0.9117246976901094,0.07373715563570449
fine,0.163,0,0.9157505297325431,0.03465214095098612
fine,0.163,0,0.9197209180325848,0.08178556545133053
fine,0.163,0,0.9235080932643589,0.03878189970762658
fine,0.163,0,0.9272404869928651,0.08890875640552642
fine,0.163,0,0.9307918560129901,0.04244471543104267
fine,0.163,0,0.9342892911322367,0.09494050528112563
fine,0.163,0,0.9376085024332993,0.04574763893196254
fine,0.163,0,0.9408748099311218,0.0997354557739476
fine,0.163,0,0.9439662975539431,0.048808482677061504
fine,0.163,0,0.9470060904808868,0.10319781132402173
fine,0.163,0,0.9498750590111298,0.05173394672670384
fine,0.163,0,0.9526937168713446,0.10532750916990763
fine,0.163,0,0.955346123828846,0.054608544698968586
fine,0.163,0,0.9579497743775506,0.10627508386418727
fine,0.163,0,0.9603923100579578,0.057493927265232725
fine,0.163,0,0.9627878085670529,0.1063685329783236
fine,0.163,0,0.9650278734039799,0.06043524260372646
fine,0.163,0,0.9672227794659797,0.10606598644027576
fine,0.163,0,0.9692684589902913,0.06346824472437507
fine,0.163,0,0.9712710109390577,0.10583393689589926
fine,0.163,0,0.9731310484199751,0.06662364635100815
fine,0.163,0,0.9749501354547949,0.10602236604990023
fine,0.163,0,0.9766339023154575,0.06992406499998838
fine,0.163,0,0.978279034422817,0.10681044455533817
fine,0.163,0,0.979796498530344,0.07338197008035185
fine,0.163,0,0.9812777743051375,0.10824561204487182
fine,0.163,0,0.9826394662425229,0.07702117236473394
fine,0.163,0,0.9839675387176077,0.11029986785932322
fine,0.163,0,0.9851845161515604,0.08084957022133965
fine,0.163,0,0.9863705567512643,0.11290010989320354
fine,0.163,0,0.9874543670165653,0.08486795899203836
fine,0.163,0,0.9885100277561225,0.11598607404476224
fine,0.163,0,0.9894726687830979,0.08909534200335079
fine,0.163,0,0.9904100428419195,0.11952982257652944
fine,0.163,0,0.9912639225592431,0.09356951298836813
fine,0.163,0,0.9920955033614253,0.12353936780119912
fine,0.163,0,0.9928533977116151,0.0983529412642623
fine,0.163,0,0.9935920366521453,0.12806761576140469
fine,0.163,0,0.9942670463618161,0.10354805251526522
fine,0.163,0,0.9949259093215221,0.13321279057473834
fine,0.163,0,0.9955314155726802,0.10928183589320717
fine,0.163,0,0.9961239383690575,0.13898951969631979
fine,0.163,0,0.9966735575214077,0.11533669828422266
fine,0.163,0,0.9972134004460627,0.14416252068923519
fine,0.163,0,0.997720937963564,0.11765947829039747
fine,0.163,0,0.9982219395601157,0.13491487105304156
fine,0.163,0,0.9987013432976581,0.051724912096503095
fine,0.163,0,0.9991774735364838,-30.610870753515886
fine,0.163,0,0.9996427865447625,-36.04726088584583
fine,0.163,1,0.00010809955304188912,0.29613925049905176
fine,0.163,1,0.0005734125613205786,0.27426194455037134
fine,0.163,1,0.001041999068315914,0.39645975019310276
fine,0.163,1,0.0015214028058582695,0.3647941755519061
fine,0.163,1,0.0020073424643503343,0.43764236638872456
fine,0.163,1,0.002514879981851865,0.4049675564209768
fine,0.163,1,0.0030321937270485076,0.46041252626836626
fine,0.163,1,0.0035818128793989735,0.43112123920750234
fine,0.163,1,0.004144415486530058,0.4694327988722934
fine,0.163,1,0.004749921737687464,0.4455175052725806
fine,0.163,1,0.00537157473881014,0.46964293639186916
fine,0.163,1,0.006046584448481892,0.4520622510997728
fine,0.163,1,0.006740849567812426,0.46328937799773384
fine,0.163,1,0.0074987439180014695,0.45286590960163464
fine,0.163,1,0.008278937183331881,0.4517273714214951
fine,0.163,1,0.009132816900655214,0.44925309869507035
fine,0.163,1,0.010011963586131933,0.4359196385254823
fine,0.163,1,0.010974604613106457,0.44216681364533095
fine,0.163,1,0.011965395165824922,0.4166928254712655
fine,0.163,1,0.013049205431126394,0.43232476218026494
fine,0.163,1,0.014163952530677053,0.3948151947567816
fine,0.163,1,0.015380929964630282,0.4202140213477492
fine,0.163,1,0.016631526860883664,0.37092270409458594
fine,0.163,1,0.01799321879826867,0.4059923282721941
fine,0.163,1,0.01939109906838691,0.3454700686649961
fine,0.163,1,0.020908563175913837,0.3896715567258491
fine,0.163,1,0.022464662036743823,0.3191861633105313
fine,0.163,1,0.02414842889740618,0.3714248913679771
fine,0.163,1,0.02587314620416597,0.29307367846928467
fine,0.163,1,0.02773318368508353,0.3506585990049992
fine,0.163,1,0.029636348741545724,0.26733817618174394
fine,0.163,1,0.03168202826585568,0.326956847546483
fine,0.163,1,0.033772866565093665,0.24253327683791492
fine,0.163,1,0.036012931402022295,0.30015535863475284
fine,0.163,1,0.03830003341026273,0.21899552009068024
fine,0.163,1,0.04074256909067007,0.2703681256606224
fine,0.163,1,0.043233861179874204,0.19674054303644362
fine,0.163,1,0.04588626813737569,0.23814981228000331
fine,0.163,1,0.048588985764905404,0.17555705590626125
fine,0.163,1,0.05145795429514865,0.20447812946488497
fine,0.163,1,0.05437861752126953,0.15510295533495566
fine,0.163,1,0.057470105144090636,0.1705779903685526
fine,0.163,1,0.06061449657015154,0.13503151804452918
fine,0.163,1,0.06393370787121419,0.13767875353071302
fine,0.163,1,0.06730685307315483,0.11509837575137949
fine,0.163,1,0.07085822209327956,0.10679149752007899
fine,0.163,1,0.07446437261667258,0.09521322534957355
fine,0.163,1,0.07825154784844697,0.07855491822552685
fine,0.163,1,0.08209416682261332,0.07541910323412249
fine,0.163,1,0.086119998865047,0.053196881703647225
fine,0.163,1,0.09020174928492229,0.05585235608066763
fine,0.163,1,0.09446828119792242,0.03064741290759254
fine,0.163,1,0.09879101691332534,0.03674580253496418
fine,0.163,1,0.10329947730462957,0.010709159313863292
fine,0.163,1,0.10786423674742092,0.01839094304796085
fine,0.163,1,0.11261503561537606,-0.00693510616793902
fine,0.163,1,0.1174220382857338,0.0010012335968899722
fine,0.163,1,0.12241476563199288,-0.02263771771670675
fine,0.163,1,0.12746341135569356,-0.01527809774216915
fine,0.163,1,0.1326968385725192,-0.036743973852490175
fine,0.163,1,0.1379857095317367,-0.03039217213715073
fine,0.163,1,0.14345779355922167,-0.04957789986817884
fine,0.163,1,0.14898465908997502,-0.044368277302403
fine,0.163,1,0.1546925493291101,-0.06141806265671179
fine,0.163,1,0.16045437346912286,-0.05728419145668506
fine,0.163,1,0.1663944214273187,-0.07248936617665636
fine,0.163,1,0.17238737318875455,-0.0692524268779322
fine,0.163,1,0.17855514482519283,-0.08299642150198427
fine,0.163,1,0.18477461115750884,-0.08045655138247176
fine,0.163,1,0.19116490188652507,-0.09319957500552323
fine,0.163,1,0.19760550328556956,-0.09122460302931867
fine,0.163,1,0.2042123555873272,-0.1034106949125786
fine,0.163,1,0.2108679642978819,-0.10186479447707764
fine,0.163,1,0.21768468787673403,-0.11355239626075098
fine,0.163,1,0.22454844862689782,-0.11218280491787169
fine,0.163,1,0.2315676430492283,-0.12311363225133554
fine,0.163,1,0.23863199624648698,-0.12167971568958014
fine,0.163,1,0.24584557598143633,-0.13174554265648997
fine,0.163,1,0.25310228329193035,-0.1300831964646052
fine,0.163,1,0.2605015050702721,-0.13924214721036687
fine,0.163,1,0.2679416772947113,-0.13714981551246108
fine,0.163,1,0.27551716969330803,-0.1451740155905119
fine,0.163,1,0.2831312968452078,-0.14236048321289774
fine,0.163,1,0.29087309199694017,-0.14877537240688787
fine,0.163,1,0.2986510754814053,-0.14490821638318807
fine,0.163,1,0.3065486428032785,-0.14931957805073126
fine,0.163,1,0.31447982958745246,-0.14423607821256423
fine,0.163,1,0.3225221114127601,-0.14690197291378992
fine,0.163,1,0.33059533007231673,-0.14088683537881885
fine,0.163,1,0.33877077906627495,-0.14271395472514836
fine,0.163,1,0.34697437758597693,-0.1360884789847543
fine,0.163,1,0.35527099581826077,-0.13735220578482288
fine,0.163,1,0.3635928810186982,-0.13024688224088243
fine,0.163,1,0.3719982605606341,-0.13110519407969146
fine,0.163,1,0.3804259390177113,-0.12375335965715961
fine,0.163,1,0.38892730392678143,-0.12446851395283276
fine,0.163,1,0.3974479242455103,-0.11707003945635752
fine,0.163,1,0.40603217379509804,-0.11776874954269267
fine,0.163,1,0.41463257009465093,-0.11040195450912837
fine,0.163,1,0.4232863231027525,-0.11109466908738375
fine,0.163,1,0.43195305956563457,-0.10376517147119202
fine,0.163,1,0.4406626996725435,-0.104400848943067
fine,0.163,1,0.44938211600714745,-0.09707049941144286
fine,0.163,1,0.4581338377489053,-0.09760501741175864
fine,0.163,1,0.46689209541161286,-0.09023697242479489
fine,0.163,1,0.47567195093332976,-0.09069261813939167
fine,0.163,1,0.4844550799537632,-0.08328365101654223
fine,0.163,1,0.4932490262047437,-0.08371813011441898
fine,0.163,1,0.5020429724557242,-0.07624801735349718
fine,0.163,1,0.5108369187067042,-0.07664547755992257
fine,0.163,1,0.5196275914589678,-0.06909795367285754
fine,0.163,1,0.5284074469806849,-0.06950478740401267
fine,0.163,1,0.5371807665814522,-0.06189173287402272
fine,0.163,1,0.5459324883232103,-0.06233644047846898
fine,0.163,1,0.5546744338372731,-0.054653989810566905
fine,0.163,1,0.5633840739441817,-0.05514981818095688
fine,0.163,1,0.5720807305963096,-0.04739456252495966
fine,0.163,1,0.5807344836044113,-0.047961668098933874
fine,0.163,1,0.5893720898625479,-0.04013257881146126
fine,0.163,1,0.5979563394121354,-0.04079387846647009
fine,0.163,1,0.6065213335520644,-0.03288614516400834
fine,0.163,1,0.6150226984611346,-0.03366273211291326
fine,0.163,1,0.6235017644550632,-0.02566693142504417
fine,0.163,1,0.631907143996999,-0.026585956586021142
fine,0.163,1,0.6402872565707816,-0.018496942987453302
fine,0.163,1,0.6485838748030661,-0.0196058886560726
fine,0.163,1,0.656852343509607,-0.011415452028250339
fine,0.163,1,0.6650277925035646,-0.012761578340102941
fine,0.163,1,0.6731723046632738,-0.004440739747664013
fine,0.163,1,0.6812145864885828,-0.006094984746227716
fine,0.163,1,0.6892232488515903,0.00236772866120305
fine,0.163,1,0.6971208161734618,0.0002526441251188283
fine,0.163,1,0.7049821951626011,0.00888475776192521
fine,0.163,1,0.7127239903143332,0.006223153197429165
fine,0.163,1,0.7204271507127626,0.015129365414845553
fine,0.163,1,0.7280026431113596,0.011889738984438902
fine,0.163,1,0.7355371850638592,0.021217501501062053
fine,0.163,1,0.7429364068422009,0.017349727098137313
fine,0.163,1,0.7502925010449977,0.027263706565340384
fine,0.163,1,0.757506080779947,0.02265829442399192
fine,0.163,1,0.7646745017399686,0.033336725332899
fine,0.163,1,0.7716936961622995,0.027828486124403362
fine,0.163,1,0.7786658534133182,0.03947456655579784
fine,0.163,1,0.7854825769921682,0.03285985618356768
fine,0.163,1,0.7922505441622221,0.0457047915859381
fine,0.163,1,0.7988573964639815,0.03774327090987717
fine,0.163,1,0.8054139380957123,0.05204038830336288
fine,0.163,1,0.8118042288247285,0.04246441885304886
fine,0.163,1,0.8181428248578665,0.058501267513500044
fine,0.163,1,0.8243105964943024,0.047042413320721455
fine,0.163,1,0.8304254643274995,0.06513316582500628
fine,0.163,1,0.8363655122856983,0.05149453819136163
fine,0.163,1,0.8422516263430186,0.07195530403422312
fine,0.163,1,0.8479595165821531,0.05581179126009361
fine,0.163,1,0.8536126253180193,0.07895703286546862
fine,0.163,1,0.8590847093455045,0.05996861338400716
fine,0.163,1,0.8645013496305974,0.08610561669316619
fine,0.163,1,0.8697347768474228,0.06392642696286577
fine,0.163,1,0.8749122856868065,0.0933416554910792
fine,0.163,1,0.8799050130330658,0.06762788048419988
fine,0.163,1,0.8848415365769214,0.1005681283807196
fine,0.163,1,0.8895923354448732,0.07099467673237037
fine,0.163,1,0.8942868352613389,0.1076428287521175
fine,0.163,1,0.8987952956526463,0.07393570519571346
fine,0.163,1,0.9032475522415503,0.1143858659784679
fine,0.163,1,0.9075140841545507,0.07637565534367352
fine,0.163,1,0.9117246976901094,0.12062407284173904
fine,0.163,1,0.9157505297325431,0.07831910045165813
fine,0.163,1,0.9197209180325848,0.12621516566907143
fine,0.163,1,0.9235080932643589,0.07982109016049765
fine,0.163,1,0.9272404869928651,0.13099643762327062
fine,0.163,1,0.9307918560129901,0.08095845602104257
fine,0.163,1,0.9342892911322367,0.1347978097901007
fine,0.163,1,0.9376085024332993,0.08183344429168549
fine,0.163,1,0.9408748099311223,0.13747103073699185
fine,0.163,1,0.9439662975539433,0.08256030729823305
fine,0.163,1,0.9470060904808868,0.1389182667095662
fine,0.163,1,0.9498750590111298,0.08324370590735275
fine,0.163,1,0.9526937168713446,0.13913703818454404
fine,0.163,1,0.955346123828846,0.08396751481202669
fine,0.163,1,0.9579497743775506,0.13827408109149997
fine,0.163,1,0.9603923100579578,0.08479408031676616
fine,0.163,1,0.9627878085670538,0.13665144176287058
fine,0.163,1,0.9650278734039849,0.08576994800032933
fine,0.163,1,0.9672227794659868,0.1347196713768133
fine,0.163,1,0.9692684589902945,0.08693277305380465
fine,0.163,1,0.9712710109390581,0.13293796798398194
fine,0.163,1,0.9731310484199756,0.08831497774848973
fine,0.163,1,0.9749501354547954,0.13165120226207994
fine,0.163,1,0.976633902315458,0.08994119046092208
fine,0.163,1,0.9782790344228175,0.13103656572253586
fine,0.163,1,0.9797964985303442,0.09182536052333923
fine,0.163,1,0.9812777743051375,0.13114127680311694
fine,0.163,1,0.9826394662425231,0.09399158122735618
fine,0.163,1,0.9839675387176081,0.13193700131975006
fine,0.163,1,0.9851845161515609,0.0964489695094507
fine,0.163,1,0.9863705567512647,0.13335087914718147
fine,0.163,1,0.9874543670165653,0.09919901181478774
fine,0.163,1,0.9885100277561223,0.13532133804131596
fine,0.163,1,0.9894726687830979,0.10226068582157799
fine,0.163,1,0.9904100428419199,0.1378179039989056
fine,0.163,1,0.9912639225592433,0.10567351954595383
fine,0.163,1,0.9920955033614253,0.14084596637803348
fine,0.163,1,0.9928533977116151,0.10950191107853013
fine,0.163,1,0.9935920366521453,0.14445911151549717
fine,0.163,1,0.9942670463618165,0.11385311541817678
fine,0.163,1,0.9949259093215224,0.1487698675186203
fine,0.163,1,0.99553141557268,0.118853367536912
fine,0.163,1,0.9961239383690567,0.1538482973094415
fine,0.163,1,0.9966735575214073,0.12424422098105425
fine,0.163,1,0.9972134004460629,0.15864574821452548
fine,0.163,1,0.9977209379635644,0.1257962434202814
fine,0.163,1,0.9982219395601162,0.14951296191764296
fine,0.163,1,0.9987013432976581,0.05937593549138953
fine,0.163,1,0.9991774735364838,-26.88894227805416
fine,0.163,1,0.9996427865447625,-36.04726088584583
coarse,0.245,0,0.0003279404297042116,-0.012591160213500485
coarse,0.245,0,0.0013963571837179109,-0.18562865388616823
coarse,0.245,0,0.00251386943155844,-0.4729643198408793
coarse,0.245,0,0.003742237333402566,-0.4878348285447516
coarse,0.245,0,0.005067956185388659,-0.6026974748257863
coarse,0.245,0,0.006613489574406038,-0.6017457126714538
coarse,0.245,0,0.00830296366813337,-0.6399938047308691
coarse,0.245,0,0.01031745009424721,-0.6403803385506459
coarse,0.245,0,0.01252000411427396,-0.6604689869971085
coarse,0.245,0,0.015147207210927353,-0.6543392236738221
coarse,0.245,0,0.01800338690202103,-0.6668952316594019
coarse,0.245,0,0.021376586550541067,-0.6519967221019138
coarse,0.245,0,0.02501575394101469,-0.6623172729060258
coarse,0.245,0,0.02925546581490119,-0.6370527102244672
coarse,0.245,0,0.033793585796449366,-0.6481598806815148
coarse,0.245,0,0.03900549930478196,-0.6138955102992776
coarse,0.245,0,0.04454315544102777,-0.6299578345036085
coarse,0.245,0,0.05081632535337576,-0.5886687532514119
coarse,0.245,0,0.05743699886721204,-0.6118622581426405
coarse,0.245,0,0.06484232156183611,-0.5657215443535568
coarse,0.245,0,0.07261096294855608,-0.5944522710258715
coarse,0.245,0,0.08119996335572009,-0.5471003649890205
coarse,0.245,0,0.09016188106203478,-0.5763154531157768
coarse,0.245,0,0.09996583105816391,-0.5344292429299546
coarse,0.245,0,0.11014591624211774,-0.5572011568766564
coarse,0.245,0,0.12117529957932173,-0.5275832887108822
coarse,0.245,0,0.1325776002156764,-0.5376579399985855
coarse,0.245,0,0.1448219331418456,-0.5236431608889398
coarse,0.245,0,0.15742958476011049,-0.5187931797418395
coarse,0.245,0,0.17085759539881976,-0.5195439358506933
coarse,0.245,0,0.1846331096390174,-0.5024181113729238
coarse,0.245,0,0.19919327306000276,-0.5146735311277495
coarse,0.245,0,0.21407917910890142,-0.490049988125415
coarse,0.245,0,0.2297005989339023,-0.5085419551689152
coarse,0.245,0,0.2456204268665646,-0.47925757669425173
coarse,0.245,0,0.26221404832601164,-0.4969924351453334
coarse,0.245,0,0.2790736375274121,-0.46293075931370287
coarse,0.245,0,0.2965337712122244,-0.47375210039961035
coarse,0.245,0,0.31422288149147776,-0.4342481017274593
coarse,0.245,0,0.33242901172815936,-0.4362992286517169
coarse,0.245,0,0.3508232095587531,-0.39431013016791594
coarse,0.245,0,0.3696420564659716,-0.3917934947225139
coarse,0.245,0,0.38860484407790014,-0.3515444276802904
coarse,0.245,0,0.40789264402221576,-0.3479524441627879
coarse,0.245,0,0.4272777949166735,-0.3106880977350115
coarse,0.245,0,0.44688276034816315,-0.30723992260809063
coarse,0.245,0,0.4665368212734792,-0.27242094533459293
coarse,0.245,0,0.48630173785279884,-0.2691945703593397
coarse,0.245,0,0.5060666544321185,-0.2360211973478985
coarse,0.245,0,0.5258315710114378,-0.23328395158753334
coarse,0.245,0,0.5455473920969307,-0.20122926694677412
coarse,0.245,0,0.5651523575284207,-0.1994684724731257
coarse,0.245,0,0.5846599720097686,-0.16802970552451035
coarse,0.245,0,0.6039477719540836,-0.1677751344385574
coarse,0.245,0,0.6230916311936892,-0.13645667455577026
coarse,0.245,0,0.6419104781009078,-0.1382843152375932
coarse,0.245,0,0.660541257414214,-0.10670554484024963
coarse,0.245,0,0.6787473876508934,-0.11130229306040285
coarse,0.245,0,0.696724541293133,-0.07931639295821125
coarse,0.245,0,0.7141846749779475,-0.08738538237458515
coarse,0.245,0,0.7313788409208076,-0.054655191988286944
coarse,0.245,0,0.7479724623802544,-0.06639804831423102
coarse,0.245,0,0.7642676757320398,-0.03233228565075019
coarse,0.245,0,0.7798890955570406,-0.04769363307572738
coarse,0.245,0,0.7951847727541281,-0.012086978420430938
coarse,0.245,0,0.8097449361751148,-0.030871187502761188
coarse,0.245,0,0.8239575959946123,0.005975022067983948
coarse,0.245,0,0.83738560663332,-0.015569018097057796
coarse,0.245,0,0.8504502985799325,0.021748606626717182
coarse,0.245,0,0.8626946315061021,-0.0013518928563460708
coarse,0.245,0,0.87456604713312,0.035152762236984714
coarse,0.245,0,0.8855954304703202,0.012059768555483075
coarse,0.245,0,0.8962486786196981,0.04628237145078917
coarse,0.245,0,0.906052628615831,0.02470694598830392
coarse,0.245,0,0.9154836613128123,0.055772417634353255
coarse,0.245,0,0.9240726617199769,0.036702463903029225
coarse,0.245,0,0.9322983434350456,0.06468680802604465
coarse,0.245,0,0.9397036661296697,0.04829708699608959
coarse,0.245,0,0.946761485222805,0.07377444828485535
coarse,0.245,0,0.9530346551351531,0.05965648110232169
coarse,0.245,0,0.9589820824195878,0.08323052970771105
coarse,0.245,0,0.9641939959279202,0.07081693073389894
coarse,0.245,0,0.9691075013285909,0.0929595894034998
coarse,0.245,0,0.9733472132024774,0.08171885967297154
coarse,0.245,0,0.9773209573344107,0.10275077654865838
coarse,0.245,0,0.980694156982933,0.09217019625077516
coarse,0.245,0,0.9838383800370135,0.11230094152530223
coarse,0.245,0,0.9864655831336642,0.10174410019138358
coarse,0.245,0,0.9889047186364033,0.12106635129656929
coarse,0.245,0,0.990919205062518,0.10928474081987838
coarse,0.245,0,0.9927897507839227,0.1271906652957021
coarse,0.245,0,0.9943352841729404,0.10925356399492347
coarse,0.245,0,0.9957834666118158,0.11521117544272719
coarse,0.245,0,0.9970118345136595,0.030302189060171347
coarse,0.245,0,0.9981911069216763,-5.94617725015373
coarse,0.245,0,0.99925952367569,-16.608050555304068
coarse,0.245,1,0.0003279404297042116,0.2689406143444719
coarse,0.245,1,0.0013963571837179109,0.321857375702971
coarse,0.245,1,0.00251386943155844,0.41758864688385666
coarse,0.245,1,0.0037422373334026777,0.4310758063155474
coarse,0.245,1,0.0050679561853888815,0.4505952798566558
coarse,0.245,1,0.006613489574406261,0.4473552813556917
coarse,0.245,1,0.00830296366813337,0.43908207677769784
coarse,0.245,1,0.01031745009424732,0.43104629604908495
coarse,0.245,1,0.01252000411427407,0.4047420820790092
coarse,0.245,1,0.015147207210927353,0.3957786371687366
coarse,0.245,1,0.018003386902020805,0.35741327188434513
coarse,0.245,1,0.021376586550541067,0.35049828364971847
coarse,0.245,1,0.025015753941014914,0.30401451801338275
coarse,0.245,1,0.02925546581490141,0.3020317529021441
coarse,0.245,1,0.03379358579644948,0.24999438655299577
coarse,0.245,1,0.03900549930478196,0.2550256777038781
coarse,0.245,1,0.04454315544102777,0.19813417481982498
coarse,0.245,1,0.05081632535337565,0.2114422910000825
coarse,0.245,1,0.05743699886721193,0.14946901265620427
coarse,0.245,1,0.06484232156183611,0.17114436518043308
coarse,0.245,1,0.07261096294855608,0.10480883889928905
coarse,0.245,1,0.08119996335572009,0.13270291523648614
coarse,0.245,1,0.09016188106203478,0.0652484238336214
coarse,0.245,1,0.09996583105816413,0.09386424308275143
coarse,0.245,1,0.11014591624211796,0.03119032690128587
coarse,0.245,1,0.12117529957932195,0.05364794181439736
coarse,0.245,1,0.13257760021567663,0.0022683347044771818
coarse,0.245,1,0.14482193314184583,0.013775384886968278
coarse,0.245,1,0.1574295847601107,-0.022609841393885555
coarse,0.245,1,0.17085759539881987,-0.023175982172632947
coarse,0.245,1,0.1846331096390174,-0.045246184045127036
coarse,0.245,1,0.19919327306000276,-0.056225598743238736
coarse,0.245,1,0.21407917910890142,-0.06742501191020311
coarse,0.245,1,0.22970059893390218,-0.08500732511109588
coarse,0.245,1,0.24562042686656482,-0.08833568684604254
coarse,0.245,1,0.26221404832601164,-0.10707437186983326
coarse,0.245,1,0.2790736375274121,-0.10350749037777462
coarse,0.245,1,0.2965337712122243,-0.1182859181270477
coarse,0.245,1,0.31422288149147753,-0.10782455108491273
coarse,0.245,1,0.33242901172815936,-0.11654963224521464
coarse,0.245,1,0.3508232095587531,-0.10124705362531916
coarse,0.245,1,0.3696420564659717,-0.1064764130068816
coarse,0.245,1,0.38860484407790025,-0.08945403238860794
coarse,0.245,1,0.407892644022216,-0.09362422162937767
coarse,0.245,1,0.4272777949166737,-0.07616541786284836
coarse,0.245,1,0.44688276034816315,-0.0802158879661996
coarse,0.245,1,0.4665368212734792,-0.06233567053212319
coarse,0.245,1,0.48630173785279907,-0.06637968685089457
coarse,0.245,1,0.5060666544321185,-0.04779829938947877
coarse,0.245,1,0.5258315710114378,-0.052103498745541765
coarse,0.245,1,0.5455473920969309,-0.03264484332688644
coarse,0.245,1,0.5651523575284216,-0.03767076973124395
coarse,0.245,1,0.5846599720097695,-0.017103657368730207
coarse,0.245,1,0.603947771954084,-0.023364972866415812
coarse,0.245,1,0.6230916311936892,-0.0014106476159467807
coarse,0.245,1,0.6419104781009083,-0.009476789196870561
coarse,0.245,1,0.6605412574142144,0.014084966883483374
coarse,0.245,1,0.6787473876508947,0.003538361994692263
coarse,0.245,1,0.6967245412931345,0.02874875396630394
coarse,0.245,1,0.7141846749779479,0.015020158723217603
coarse,0.245,1,0.7313788409208076,0.04208853222813469
coarse,0.245,1,0.7479724623802544,0.024892792877563297
coarse,0.245,1,0.7642676757320394,0.054265117568750965
coarse,0.245,1,0.7798890955570386,0.03355670768765917
coarse,0.245,1,0.7951847727541256,0.06535582352897107
coarse,0.245,1,0.8097449361751135,0.04125297329127153
coarse,0.245,1,0.8239575959946116,0.0751423951541379
coarse,0.245,1,0.8373856066333204,0.04822280852985472
coarse,0.245,1,0.8504502985799334,0.08342250974377807
coarse,0.245,1,0.8626946315061026,0.05480030108003431
coarse,0.245,1,0.8745660471331203,0.09003957551159991
coarse,0.245,1,0.8855954304703206,0.06120155211701761
coarse,0.245,1,0.896248678619699,0.09503504079830172
coarse,0.245,1,0.9060526286158315,0.067437259491261
coarse,0.245,1,0.9154836613128123,0.09898756339344283
coarse,0.245,1,0.9240726617199767,0.07358526887730776
coarse,0.245,1,0.9322983434350451,0.1028889153168091
coarse,0.245,1,0.9397036661296693,0.07985935294365543
coarse,0.245,1,0.946761485222805,0.10743555623225542
coarse,0.245,1,0.9530346551351531,0.0864048188283092
coarse,0.245,1,0.9589820824195878,0.11280171358931668
coarse,0.245,1,0.9641939959279202,0.09324779251650805
coarse,0.245,1,0.9691075013285909,0.11888360529876452
coarse,0.245,1,0.9733472132024774,0.10032066739359013
coarse,0.245,1,0.9773209573344092,0.1254597606623672
coarse,0.245,1,0.9806941569829254,0.10742286462765338
coarse,0.245,1,0.9838383800370037,0.13220490392926565
coarse,0.245,1,0.9864655831336597,0.11411575759849946
coarse,0.245,1,0.9889047186364024,0.138542018646455
coarse,0.245,1,0.9909192050625177,0.11922373972682232
coarse,0.245,1,0.9927897507839227,0.14261550443910964
coarse,0.245,1,0.9943352841729404,0.11715922366876119
coarse,0.245,1,0.9957834666118158,0.12901659732011317
coarse,0.245,1,0.9970118345136595,0.03680274296865427
coarse,0.245,1,0.9981911069216763,-4.773625322130002
coarse,0.245,1,0.99925952367569,-16.608050555304068
medium,0.245,0,0.00031302556495614597,0.012363803389527361
medium,0.245,0,0.0010153997346895572,-0.13249032161403163
medium,0.245,0,0.0017389457659386077,-0.405750801775677
medium,0.245,0,0.002488825859527716,-0.3886262390616677
medium,0.245,0,0.0032808885454979507,-0.5282796971899242
medium,0.245,0,0.004125418938033145,-0.5048554703220478
medium,0.245,0,0.005032821618815901,-0.5791274334394338
medium,0.245,0,0.006018426339460443,-0.5589899339736764
medium,0.245,0,0.007087114548142882,-0.6161265994605492
medium,0.245,0,0.00825914396524119,-0.5941133114026389
medium,0.245,0,0.009533835754655825,-0.6431660354667954
medium,0.245,0,0.010936221432044195,-0.6160273751723642
medium,0.245,0,0.012460067043386622,-0.6614236235742146
medium,0.245,0,0.01413498739467222,-0.6271540279385768
medium,0.245,0,0.01594924085810979,-0.6717720299935357
medium,0.245,0,0.01793680014346407,-0.6302408849278613
medium,0.245,0,0.02008050531005496,-0.676462704819129
medium,0.245,0,0.022418428418588512,-0.6273635987112949
medium,0.245,0,0.0249281218130034,-0.6756576019195413
medium,0.245,0,0.02765146715357658,-0.618483892938041
medium,0.245,0,0.030560899909082232,-0.6693570447340729
medium,0.245,0,0.033701792594644356,-0.6057349841160116
medium,0.245,0,0.03704167358660004,-0.6599283175985988
medium,0.245,0,0.04062906094268372,-0.5916973211764485
medium,0.245,0,0.04442682307545796,-0.6486096837353972
medium,0.245,0,0.04848625433355224,-0.5791419354556984
medium,0.245,0,0.0527658457595555,-0.6368521542809342
medium,0.245,0,0.05731927761202693,-0.5705239307212873
medium,0.245,0,0.062100979471811736,-0.6249262788093102
medium,0.245,0,0.0671666089682182,-0.5665885233943471
medium,0.245,0,0.07246688103875366,-0.6122014502238344
medium,0.245,0,0.0780590070953091,-0.5663507085675807
medium,0.245,0,0.08389036252113904,-0.5982751467269145
medium,0.245,0,0.09001927709732763,-0.5679900474155104
medium,0.245,0,0.09639018715798518,-0.5835894049016674
medium,0.245,0,0.10306209692853441,-0.569555237675021
medium,0.245,0,0.10997692656698974,-0.5689654804208406
medium,0.245,0,0.11719390568532918,-0.5695007385423203
medium,0.245,0,0.12465288028813772,-0.555193141439309
medium,0.245,0,0.13241285460083824,-0.5670499107319646
medium,0.245,0,0.14041205828281306,-0.5427981585436215
medium,0.245,0,0.1487088211151463,-0.5621369641612466
medium,0.245,0,0.15724022652160877,-0.5319149167590993
medium,0.245,0,0.16606348591409084,-0.5551648032484249
medium,0.245,0,0.17511501531388687,-0.5224186089163656
medium,0.245,0,0.18445047235030457,-0.5469229698861044
medium,0.245,0,0.19400608955463122,-0.5144303900050644
medium,0.245,0,0.20383554718542582,-0.5387033598680704
medium,0.245,0,0.21387537959291097,-0.508154570449439
medium,0.245,0,0.22417688112571632,-0.5308361785877596
medium,0.245,0,0.23467737096491495,-0.5023426374325277
medium,0.245,0,0.24542536716824173,-0.521829149178723
medium,0.245,0,0.25635945078650096,-0.4948554566571053
medium,0.245,0,0.2675249943348169,-0.5101712921776771
medium,0.245,0,0.27886230816901375,-0.48382706443607604
medium,0.245,0,0.2904132739493686,-0.4937978287075908
medium,0.245,0,0.30212038561096044,-0.466504299675506
medium,0.245,0,0.3140217152144955,-0.47039315895981515
medium,0.245,0,0.32606237793018267,-0.4418522629784658
medium,0.245,0,0.33827634646778665,-0.4414894190471226
medium,0.245,0,0.35061177493934376,-0.41293661524519787
medium,0.245,0,0.36309827815084317,-0.41062788074683776
medium,0.245,0,0.37568744373465934,-0.3829274703190755
medium,0.245,0,0.3884043032064499,-0.38004291031902504
medium,0.245,0,0.4012042461662782,-0.3536361523403355
medium,0.245,0,0.4141075303345223,-0.35093490312298603
medium,0.245,0,0.42707368679101454,-0.32596897092341437
medium,0.245,0,0.4401180452873686,-0.323482115152008
medium,0.245,0,0.45320458637610317,-0.29971993853562107
medium,0.245,0,0.4663435951714028,-0.2972457838489959
medium,0.245,0,0.47950377582821796,-0.2744656577310929
medium,0.245,0,0.4926902905473737,-0.2720065649303387
medium,0.245,0,0.5058768052665289,-0.25003854862281516
medium,0.245,0,0.5190633199856844,-0.24767973224741646
medium,0.245,0,0.5322286628433245,-0.22634043880153798
medium,0.245,0,0.5453676716386242,-0.22427108289368536
medium,0.245,0,0.5584644978415435,-0.20337718158214857
medium,0.245,0,0.5715088563378977,-0.20178500936710786
medium,0.245,0,0.5844903425460036,-0.1811230657579317
medium,0.245,0,0.5973936267142473,-0.1802096888022262
medium,0.245,0,0.6102138273944533,-0.159559861240272
medium,0.245,0,0.6229306868662439,-0.15954474251260686
medium,0.245,0,0.635544883965718,-0.13868039077581873
medium,0.245,0,0.6480313871772178,-0.13983003268527394
medium,0.245,0,0.6603964304547644,-0.11851791851556626
medium,0.245,0,0.6726103989923685,-0.12116311591444506
medium,0.245,0,0.6846850344178205,-0.09920199627029103
medium,0.245,0,0.6965863640213547,-0.10376787013241628
medium,0.245,0,0.7083315477436524,-0.0809674615508893
medium,0.245,0,0.7198825135240075,-0.0878242416684698
medium,0.245,0,0.7312617090184813,-0.06381807051945709
medium,0.245,0,0.7424272525667972,-0.07313243851736306
medium,0.245,0,0.7534067087001833,-0.04744243404281634
medium,0.245,0,0.7641547049035166,-0.05941666461309869
medium,0.245,0,0.7747037128004505,-0.0316551664126421
medium,0.245,0,0.7850052143332489,-0.046593112467855136
medium,0.245,0,0.7950963410893599,-0.016462510842075728
medium,0.245,0,0.8049257987201547,-0.03468962786944285
medium,0.245,0,0.8145350961830401,-0.0019524115245357354
medium,0.245,0,0.8238705532194569,-0.023717608432612947
medium,0.245,0,0.8329777402485609,0.011791627193288079
medium,0.245,0,0.8418009996410436,-0.013611577473358727
medium,0.245,0,0.8503896164593974,0.024669058457673643
medium,0.245,0,0.8586863792917313,-0.004291592697480917
medium,0.245,0,0.8667439127547905,0.03649956539119781
medium,0.245,0,0.8745038870674909,0.0043350516172150355
medium,0.245,0,0.8820218658957204,0.047055926817299754
medium,0.245,0,0.8892388450140563,0.012370348780669671
medium,0.245,0,0.8962129042644892,0.05607598454252993
medium,0.245,0,0.9028848140350422,0.019883361660992804
medium,0.245,0,0.9093147283211248,0.06336897037793421
medium,0.245,0,0.9154436428973136,0.02697030251756638
medium,0.245,0,0.921333328104228,0.06902347844718482
medium,0.245,0,0.9269254541607835,0.03380456297643275
medium,0.245,0,0.9322829376432098,0.07345483839149525
medium,0.245,0,0.9373485671396159,0.04052423983332354
medium,0.245,0,0.9421859266287088,0.07727145560891258
medium,0.245,0,0.9467393584811804,0.04721221864354885
medium,0.245,0,0.9510726301657431,0.08108777407902845
medium,0.245,0,0.9551320614238369,0.053927845114569384
medium,0.245,0,0.9589811179052409,0.0853097859898696
medium,0.245,0,0.9625685052613253,0.06071105738190352
medium,0.245,0,0.9659569043110156,0.09009037906843897
medium,0.245,0,0.9690977969965773,0.06758581995318313
medium,0.245,0,0.9720526022672065,0.09541777987077804
medium,0.245,0,0.9747759476077794,0.07456283240446804
medium,0.245,0,0.9773275226624712,0.10120510050151454
medium,0.245,0,0.979665445771005,0.0816259007198954
medium,0.245,0,0.9818472229983037,0.10735660439225059
medium,0.245,0,0.9838347822836617,0.08876108385007697
medium,0.245,0,0.9856830084568641,0.11379779028628012
medium,0.245,0,0.9873579288081454,0.09593256901315317
medium,0.245,0,0.9889113892254751,0.12047463161833283
medium,0.245,0,0.9903137749028641,0.10310815180903266
medium,0.245,0,0.991613498207937,0.1273868670656122
medium,0.245,0,0.9927855276250362,0.11023958106525522
medium,0.245,0,0.9938744735540966,0.1344446273077584
medium,0.245,0,0.9948600782747408,0.116864100204491
medium,0.245,0,0.9957828107071374,0.14031129889419103
medium,0.245,0,0.9966273410996724,0.11854182962343462
medium,0.245,0,0.9974296888998265,0.13019339243873373
medium,0.245,0,0.9981795689934159,0.048162698135418625
medium,0.245,0,0.9989082772254894,-19.977741890881227
medium,0.245,0,0.9996106513952225,-30.075479293640914
medium,0.245,1,0.00031302556495614597,0.26262876041088523
medium,0.245,1,0.0010153997346895572,0.2792120331166418
medium,0.245,1,0.0017389457659386077,0.3987687901122756
medium,0.245,1,0.002488825859527716,0.38913332333677575
medium,0.245,1,0.0032808885454979507,0.4444504266806336
medium,0.245,1,0.004125418938033257,0.4274829152633606
medium,0.245,1,0.005032821618816124,0.46075369200097616
medium,0.245,1,0.006018426339460554,0.4428135069418564
medium,0.245,1,0.007087114548142882,0.45812397255683346
medium,0.245,1,0.00825914396524119,0.4418198472355991
medium,0.245,1,0.009533835754655825,0.44288214223256117
medium,0.245,1,0.010936221432044419,0.42978707283519313
medium,0.245,1,0.012460067043386844,0.4186013547537458
medium,0.245,1,0.014134987394672442,0.41009490165341445
medium,0.245,1,0.015949240858109903,0.3879897014969409
medium,0.245,1,0.01793680014346396,0.3852866507537692
medium,0.245,1,0.020080505310054734,0.3531392472981556
medium,0.245,1,0.022418428418588512,0.35746833200031414
medium,0.245,1,0.024928121813003624,0.3160040071318517
medium,0.245,1,0.02765146715357658,0.3285898930459412
medium,0.245,1,0.030560899909082232,0.27839717556572596
medium,0.245,1,0.033701792594644356,0.299779462487467
medium,0.245,1,0.03704167358660004,0.24131077036548831
medium,0.245,1,0.04062906094268372,0.2714224998788507
medium,0.245,1,0.04442682307545796,0.20554330485187722
medium,0.245,1,0.04848625433355224,0.24296354280782106
medium,0.245,1,0.05276584575955561,0.1714374633421849
medium,0.245,1,0.05731927761202704,0.21320593318602465
medium,0.245,1,0.06210097947181185,0.13937315180384102
medium,0.245,1,0.0671666089682182,0.1811640999499654
medium,0.245,1,0.07246688103875366,0.10987646137750917
medium,0.245,1,0.0780590070953091,0.14679583793654694
medium,0.245,1,0.08389036252113904,0.08328977016740935
medium,0.245,1,0.09001927709732752,0.11110769177058266
medium,0.245,1,0.09639018715798507,0.05944401275730937
medium,0.245,1,0.10306209692853463,0.07575268015907988
medium,0.245,1,0.10997692656698985,0.03779453873464178
medium,0.245,1,0.11719390568532918,0.042364145939065345
medium,0.245,1,0.12465288028813772,0.017665014641221055
medium,0.245,1,0.13241285460083801,0.01203501533967255
medium,0.245,1,0.14041205828281295,-0.0015223107888269194
medium,0.245,1,0.14870882111514652,-0.014792009310864662
medium,0.245,1,0.157240226521609,-0.020073839148894157
medium,0.245,1,0.16606348591409129,-0.03818937787574295
medium,0.245,1,0.1751150153138871,-0.03805020599318021
medium,0.245,1,0.18445047235030457,-0.058644296061804324
medium,0.245,1,0.1940060895546311,-0.05558797934420534
medium,0.245,1,0.20383554718542582,-0.07708646439047961
medium,0.245,1,0.21387537959291097,-0.07290791431268895
medium,0.245,1,0.22417688112571632,-0.09394690321742782
medium,0.245,1,0.23467737096491495,-0.08935850353718267
medium,0.245,1,0.24542536716824173,-0.10850966631068748
medium,0.245,1,0.25635945078650096,-0.10361746360375346
medium,0.245,1,0.2675249943348169,-0.1199473979753305
medium,0.245,1,0.27886230816901375,-0.11442534758521017
medium,0.245,1,0.2904132739493686,-0.12691417474213718
medium,0.245,1,0.30212038561096055,-0.11978215589690677
medium,0.245,1,0.3140217152144956,-0.12774110653851278
medium,0.245,1,0.32606237793018256,-0.11867631478317442
medium,0.245,1,0.33827634646778676,-0.12332057150761155
medium,0.245,1,0.35061177493934387,-0.11302144556451199
medium,0.245,1,0.3630982781508434,-0.1160134919217759
medium,0.245,1,0.37568744373465957,-0.10504135038416207
medium,0.245,1,0.3884043032064499,-0.10741798696129834
medium,0.245,1,0.4012042461662782,-0.09614623975024905
medium,0.245,1,0.4141075303345225,-0.09850662217100381
medium,0.245,1,0.42707368679101476,-0.08716416622047962
medium,0.245,1,0.4401180452873686,-0.08955126190475937
medium,0.245,1,0.45320458637610317,-0.07809848153294596
medium,0.245,1,0.4663435951714028,-0.08036837741178893
medium,0.245,1,0.4795037758282182,-0.0687515418929836
medium,0.245,1,0.4926902905473739,-0.07091892622284623
medium,0.245,1,0.5058768052665293,-0.05909394955144576
medium,0.245,1,0.5190633199856844,-0.06124474195357599
medium,0.245,1,0.5322286628433245,-0.049132873238746155
medium,0.245,1,0.5453676716386242,-0.051443808385478906
medium,0.245,1,0.5584644978415437,-0.038947849172981774
medium,0.245,1,0.5715088563378986,-0.04160140063777806
medium,0.245,1,0.5844903425460047,-0.02858532695105942
medium,0.245,1,0.5973936267142478,-0.031781500265772866
medium,0.245,1,0.6102138273944533,-0.018090513281368237
medium,0.245,1,0.6229306868662439,-0.02205046526580201
medium,0.245,1,0.6355448839657182,-0.007511607206669879
medium,0.245,1,0.6480313871772182,-0.01250250113797513
medium,0.245,1,0.660396430454765,0.003073577560948393
medium,0.245,1,0.6726103989923694,-0.0032773272531854136
medium,0.245,1,0.6846850344178211,0.013506354775839502
medium,0.245,1,0.6965863640213547,0.005378784828896976
medium,0.245,1,0.7083315477436524,0.023534904805321277
medium,0.245,1,0.7198825135240075,0.013253083541875932
medium,0.245,1,0.7312617090184813,0.03310163660458243
medium,0.245,1,0.7424272525667972,0.020457716166137452
medium,0.245,1,0.7534067087001785,0.04242594588189208
medium,0.245,1,0.7641547049035003,0.027180613162765654
medium,0.245,1,0.7747037128004322,0.051627414870483945
medium,0.245,1,0.7850052143332409,0.033453592701974566
medium,0.245,1,0.7950963410893576,0.06066225274676429
medium,0.245,1,0.8049257987201534,0.039215861446768696
medium,0.245,1,0.8145350961830388,0.06941424070912328
medium,0.245,1,0.8238705532194549,0.04442478382597803
medium,0.245,1,0.8329777402485591,0.07777013369871477
medium,0.245,1,0.8418009996410436,0.0491115860718051
medium,0.245,1,0.8503896164593983,0.08560113903606748
medium,0.245,1,0.8586863792917322,0.053329056088871396
medium,0.245,1,0.8667439127547913,0.09270801460449918
medium,0.245,1,0.8745038870674914,0.05714912311104525
medium,0.245,1,0.8820218658957211,0.0988502155450044
medium,0.245,1,0.8892388450140569,0.06065798960972835
medium,0.245,1,0.8962129042644901,0.10375840603313546
medium,0.245,1,0.9028848140350428,0.06391470027010693
medium,0.245,1,0.9093147283211253,0.10723588712555399
medium,0.245,1,0.9154436428973138,0.06700279290324751
medium,0.245,1,0.921333328104228,0.10935519878549926
medium,0.245,1,0.9269254541607833,0.07007782866075929
medium,0.245,1,0.9322829376432098,0.11050666858844715
medium,0.245,1,0.9373485671396159,0.07326665667150123
medium,0.245,1,0.942185926628709,0.11127435790444962
medium,0.245,1,0.9467393584811806,0.07664683090913171
medium,0.245,1,0.9510726301657431,0.11225061105001577
medium,0.245,1,0.9551320614238369,0.08027478105651376
medium,0.245,1,0.9589811179052409,0.11382611683674482
medium,0.245,1,0.9625685052613244,0.08418862783542636
medium,0.245,1,0.9659569043110149,0.11614626637174885
medium,0.245,1,0.9690977969965773,0.0884109202665494
medium,0.245,1,0.9720526022672069,0.1191962798943097
medium,0.245,1,0.9747759476077794,0.09295018199712479
medium,0.245,1,0.977327522662471,0.12288721763996235
medium,0.245,1,0.979665445771005,0.09778831135751642
medium,0.245,1,0.9818472229983033,0.12711995747536442
medium,0.245,1,0.9838347822836602,0.10290750691094164
medium,0.245,1,0.9856830084568623,0.13181183949248432
medium,0.245,1,0.9873579288081441,0.10826878921494187
medium,0.245,1,0.9889113892254742,0.13689833069421042
medium,0.245,1,0.9903137749028637,0.11383596672902485
medium,0.245,1,0.991613498207937,0.1423679140025308
medium,0.245,1,0.9927855276250362,0.11955409047176613
medium,0.245,1,0.9938744735540966,0.14814057113092371
medium,0.245,1,0.9948600782747408,0.1249359269333924
medium,0.245,1,0.9957828107071374,0.15297624860491343
medium,0.245,1,0.9966273410996724,0.12544230994564642
medium,0.245,1,0.9974296888998265,0.14219810182477344
medium,0.245,1,0.9981795689934154,0.05422556694423919
medium,0.245,1,0.9989082772254887,-17.4792351284699
medium,0.245,1,0.9996106513952221,-30.075479293640914
fine,0.245,0,7.055382704709045e-05,0.04121833887036874
fine,0.245,0,0.0005358668353258357,-0.07900044311254417
fine,0.245,0,0.001003316372903602,-0.3272793409058481
fine,0.245,0,0.0014827201104459019,-0.28652375070369906
fine,0.245,0,0.001966389677247502,-0.42812439618961595
fine,0.245,0,0.002473927194749088,-0.3913151777930528
fine,0.245,0,0.0029878454072541825,-0.4811819532558572
fine,0.245,0,0.0035374645596045924,-0.4477199282148796
fine,0.245,0,0.0040955576824507475,-0.5242277579392842
fine,0.245,0,0.004701063933608154,-0.4893913922824784
fine,0.245,0,0.005317108757519855,-0.5590179038114411
fine,0.245,0,0.00599211846719144,-0.520897673033818
fine,0.245,0,0.006679695692681328,-0.5877104607426364
fine,0.245,0,0.007437590042870483,-0.5449785360160508
fine,0.245,0,0.008210038327446366,-0.6115593235948498
fine,0.245,0,0.009063918044769699,-0.563269773812896
fine,0.245,0,0.009934288869141336,-0.63120765701641
fine,0.245,0,0.010896929896115749,-0.5765623368766823
fine,0.245,0,0.011877943402114403,-0.6466740924124206
fine,0.245,0,0.012961753667415988,-0.5852513583366479
fine,0.245,0,0.014065755617063936,-0.658031061299714
fine,0.245,0,0.015282733051017053,-0.5900561680809318
fine,0.245,0,0.016521653052370293,-0.6661998382797913
fine,0.245,0,0.017883344989755467,-0.5925511381018966
fine,0.245,0,0.01926865613089264,-0.6725183078054657
fine,0.245,0,0.02078612023841934,-0.5936274291761889
fine,0.245,0,0.022328800266140373,-0.6761510606090042
fine,0.245,0,0.02401256712680279,-0.5920752770001108
fine,0.245,0,0.025723061301410187,-0.6759204052544339
fine,0.245,0,0.027583098782327804,-0.5895322986110147
fine,0.245,0,0.029471284534170736,-0.6736405763185831
fine,0.245,0,0.03151696405848063,-0.587387862960852
fine,0.245,0,0.03359211756585777,-0.669180183105287
fine,0.245,0,0.035832182402786565,-0.5862508218524016
fine,0.245,0,0.038102947204295495,-0.6627204959668285
fine,0.245,0,0.04054548288470261,-0.5869403038986643
fine,0.245,0,0.043019840632240444,-0.6548395926573609
fine,0.245,0,0.04567224758974182,-0.5899674860962563
fine,0.245,0,0.048357491041122566,-0.646112313289783
fine,0.245,0,0.05122645957136559,-0.5951766786859158
fine,0.245,0,0.054129167913935156,-0.6369827409476279
fine,0.245,0,0.05722065553675614,-0.601746532150736
fine,0.245,0,0.06034667212550607,-0.6277272582321538
fine,0.245,0,0.06366588342656872,-0.6084540584694893
fine,0.245,0,0.0670202960120721,-0.6185081889273332
fine,0.245,0,0.07057166503219695,-0.6140695567334671
fine,0.245,0,0.0741587885452702,-0.6094728701262162
fine,0.245,0,0.0779459637770447,-0.6177186888554282
fine,0.245,0,0.08176932572838895,-0.600840002781126
fine,0.245,0,0.08579515777082246,-0.6190450933104199
fine,0.245,0,0.08985748631504302,-0.5928563269978202
fine,0.245,0,0.09412401822804332,-0.6180747986097299
fine,0.245,0,0.0984272329324384,-0.5856070465531924
fine,0.245,0,0.10293569332374251,-0.614962500094707
fine,0.245,0,0.10748089867309468,-0.5789707596946885
fine,0.245,0,0.11223169754104971,-0.6100249949524748
fine,0.245,0,0.11701917920039973,-0.5727937292733807
fine,0.245,0,0.1220119065466587,-0.6036384546613358
fine,0.245,0,0.12704113039470474,-0.566870193843217
fine,0.245,0,0.13227455761153062,-0.5961756009671706
fine,0.245,0,0.13754417154792634,-0.5610245992057243
fine,0.245,0,0.1430162555754112,-0.588003322881381
fine,0.245,0,0.14852409409584458,-0.5551466541356447
fine,0.245,0,0.15423198433497964,-0.5794558536977703
fine,0.245,0,0.15997507585855503,-0.549181937931952
fine,0.245,0,0.16591512381675075,-0.5708240001091169
fine,0.245,0,0.1718897007408755,-0.543141639334185
fine,0.245,0,0.1780574723773139,-0.5623994025085322
fine,0.245,0,0.18425898382607883,-0.537177611824694
fine,0.245,0,0.19064927455509495,-0.5545727700095029
fine,0.245,0,0.19707240177799024,-0.5316768888099166
fine,0.245,0,0.20367925407974802,-0.5478046790272535
fine,0.245,0,0.2103179284486365,-0.5269487678589073
fine,0.245,0,0.21713465202748866,-0.5419499016748495
fine,0.245,0,0.22398207557092106,-0.5225453896199714
fine,0.245,0,0.23100126999325152,-0.5361700711373161
fine,0.245,0,0.2380499383986491,-0.5176651096961349
fine,0.245,0,0.24526351813359837,-0.5298425469199641
fine,0.245,0,0.25250524613947306,-0.5118992149943327
fine,0.245,0,0.2599044679178148,-0.5226023598426264
fine,0.245,0,0.2673304170101016,-0.5048794417784861
fine,0.245,0,0.2749059094086983,-0.5138171548039487
fine,0.245,0,0.28250661772748936,-0.49584241460644973
fine,0.245,0,0.2902484128792215,-0.5024203127499167
fine,0.245,0,0.29801382723470526,-0.4836830253271889
fine,0.245,0,0.30591139455657856,-0.4874463560474618
fine,0.245,0,0.31383090444585243,-0.4677767136271209
fine,0.245,0,0.3218731862711601,-0.4691170768736279
fine,0.245,0,0.32993565978081396,-0.4490698921113334
fine,0.245,0,0.3381111087747722,-0.4491920101273088
fine,0.245,0,0.34630493024775466,-0.4292852831960121
fine,0.245,0,0.35460154848003855,-0.42862562960420814
fine,0.245,0,0.3629146578193709,-0.4089878729125527
fine,0.245,0,0.3713200373613067,-0.40781405498641665
fine,0.245,0,0.3797399708376294,-0.3887122082295691
fine,0.245,0,0.3882413357466996,-0.3873685448752402
fine,0.245,0,0.3967552681715877,-0.369033906998139
fine,0.245,0,0.4053395177211753,-0.3676704511750484
fine,0.245,0,0.4139343058435173,-0.3501578068419111
fine,0.245,0,0.4225880588516187,-0.3487694274666129
fine,0.245,0,0.43125028583021585,-0.3320333924137393
fine,0.245,0,0.43995992593712474,-0.3305361093171586
fine,0.245,0,0.4486759467390373,-0.3144805443996008
fine,0.245,0,0.4574276684807952,-0.31280375362289825
fine,0.245,0,0.4661836560518123,-0.2973445243322752
fine,0.245,0,0.4749635115735291,-0.2955053318293095
fine,0.245,0,0.4837455036245451,-0.2806059061116766
fine,0.245,0,0.4925394498755256,-0.27867287885105796
fine,0.245,0,0.501333396126506,-0.2642663880554774
fine,0.245,0,0.510127342377486,-0.26223118270853085
fine,0.245,0,0.5189191520991674,-0.248253903772375
fine,0.245,0,0.5276990076208843,-0.24618178333069718
fine,0.245,0,0.5364745973133421,-0.23260871984725018
fine,0.245,0,0.5452263190551,-0.23054548938069264
fine,0.245,0,0.5539716601018544,-0.21732953892643825
fine,0.245,0,0.5626813002087631,-0.21530524807774842
fine,0.245,0,0.5713824663451762,-0.20239970526161422
fine,0.245,0,0.580036219353278,-0.20045318034478954
fine,0.245,0,0.5886794337886255,-0.18781485075804683
fine,0.245,0,0.597263683338213,-0.185989886098737
fine,0.245,0,0.6058353653719823,-0.17356955638677052
fine,0.245,0,0.6143367302810526,-0.1719116586957199
fine,0.245,0,0.6228235412557359,-0.15965215510739106
fine,0.245,0,0.6312289207976716,-0.15821820213359938
fine,0.245,0,0.6396178092325591,-0.14606447663997613
fine,0.245,0,0.6479144274648436,-0.14494036048948988
fine,0.245,0,0.6561926732181039,-0.13282731126933767
fine,0.245,0,0.6643681222120617,-0.13210749849773062
fine,0.245,0,0.6725233795216728,-0.11993964907704102
fine,0.245,0,0.6805656613469772,-0.1197516408592727
fine,0.245,0,0.6885860006048817,-0.10745533781587291
fine,0.245,0,0.6964835679267581,-0.10801798560989595
fine,0.245,0,0.7043575160448822,-0.0954996690649943
fine,0.245,0,0.7120993111966145,-0.09695707438184376
fine,0.245,0,0.7198158904281523,-0.08403105083380247
fine,0.245,0,0.7273913828267494,-0.08646556166930663
fine,0.245,0,0.7349401479114015,-0.07290189001469183
fine,0.245,0,0.7423393696897436,-0.07641405970369397
fine,0.245,0,0.74971044319716,-0.06197449354580731
fine,0.245,0,0.756924022932109,-0.06672665846374715
fine,0.245,0,0.7641081286839914,-0.051168772210358426
fine,0.245,0,0.7711273231063231,-0.0573809040807598
fine,0.245,0,0.7781158175640746,-0.04044696694089356
fine,0.245,0,0.784932541142925,-0.04837235845434473
fine,0.245,0,0.791717442654645,-0.029789971582341312
fine,0.245,0,0.7983242949564037,-0.0397077557711234
fine,0.245,0,0.8048983107642829,-0.019201088324987126
fine,0.245,0,0.8112886014932986,-0.03140158083039646
fine,0.245,0,0.817645152409988,-0.008680313722018163
fine,0.245,0,0.8238129240464255,-0.023434828691642817
fine,0.245,0,0.8299461667169341,0.0017951461953475967
fine,0.245,0,0.8358862146751317,-0.015794379486062216
fine,0.245,0,0.8417910613488881,0.012213233441579208
fine,0.245,0,0.8474989515880226,-0.008498735282001846
fine,0.245,0,0.8531710873342087,0.022525860700797873
fine,0.245,0,0.8586431713616934,-0.0015831796173799706
fine,0.245,0,0.8640790686696079,0.032660782886458684
fine,0.245,0,0.8693124958864338,0.004910257578521815
fine,0.245,0,0.8745094266014726,0.042518388913028615
fine,0.245,0,0.8795021539477319,0.010934885648439252
fine,0.245,0,0.8844581985025958,0.05196663296894477
fine,0.245,0,0.8892089973705468,0.01644407423890948
fine,0.245,0,0.8939230512804509,0.06084136162463083
fine,0.245,0,0.8984315116717592,0.02140236395491102
fine,0.245,0,0.9029032892716717,0.06895981277293661
fine,0.245,0,0.9071698211846719,0.02580986463417312
fine,0.245,0,0.911399856595885,0.07616841762582294
fine,0.245,0,0.9154256886383186,0.029753445292239777
fine,0.245,0,0.9194153339611822,0.082366006740068
fine,0.245,0,0.9232025091929565,0.03335431267773492
fine,0.245,0,0.9269539299317822,0.08745323915609593
fine,0.245,0,0.9305052989519073,0.036718498319667336
fine,0.245,0,0.9340214666875913,0.09135479562509263
fine,0.245,0,0.9373406779886541,0.03993766110091379
fine,0.245,0,0.9406253603237874,0.0940640942217873
fine,0.245,0,0.9437168479466087,0.04308658141341215
fine,0.245,0,0.9467745957571037,0.09568366853949084
fine,0.245,0,0.9496435642873469,0.04622167003701727
fine,0.245,0,0.9524796963237108,0.09645150207759878
fine,0.245,0,0.9551321032812123,0.04938467259348622
fine,0.245,0,0.9577526881715829,0.09672213525919182
fine,0.245,0,0.9601952238519901,0.052607808047931304
fine,0.245,0,0.9626070595678173,0.09689006595643856
fine,0.245,0,0.9648471244047443,0.05591793771126341
fine,0.245,0,0.9670577152586045,0.09729294651628495
fine,0.245,0,0.9691033947829162,0.05933884374883969
fine,0.245,0,0.971120926036302,0.09814948075361207
fine,0.245,0,0.9729809635172191,0.06289140760748546
fine,0.245,0,0.9748142736841917,0.09955402120154999
fine,0.245,0,0.9764980405448543,0.06658884528575715
fine,0.245,0,0.9781565914853224,0.1015066261137153
fine,0.245,0,0.9796740555928494,0.07043467997983133
fine,0.245,0,0.9811679004966242,0.10396715750583607
fine,0.245,0,0.9825295924340095,0.0744447289610275
fine,0.245,0,0.9838693418039947,0.1068850564781264
fine,0.245,0,0.9850863192379474,0.07862120889839197
fine,0.245,0,0.986283104987554,0.11019878294744812
fine,0.245,0,0.987366915252855,0.08296154178930337
fine,0.245,0,0.9884323530391319,0.11387205788019206
fine,0.245,0,0.9893949940661071,0.08748356305501814
fine,0.245,0,0.9903411439860338,0.11790221838605752
fine,0.245,0,0.9911950237033574,0.09222624582125316
fine,0.245,0,0.992034349486294,0.12232007448746429
fine,0.245,0,0.9927922438364837,0.09725502378173856
fine,0.245,0,0.9935375706708549,0.12719807417426998
fine,0.245,0,0.9942125803805256,0.10267719302329081
fine,0.245,0,0.9948770515174424,0.13265244551140198
fine,0.245,0,0.9954825577686007,0.10862598181723493
fine,0.245,0,0.996079590049263,0.13871787241917644
fine,0.245,0,0.9966292092016132,0.11489067436857303
fine,0.245,0,0.9971724476589597,0.14418657929890943
fine,0.245,0,0.9976799851764613,0.11743550416342563
fine,0.245,0,0.9981832568647032,0.13520990092734098
fine,0.245,0,0.9986626606022458,0.0517955741251831
fine,0.245,0,0.9991399278104891,-44.22301640269899
fine,0.245,0,0.9996052408187679,-49.16408830713581
fine,0.245,1,7.055382704709045e-05,0.2664747723654597
fine,0.245,1,0.0005358668353258357,0.24868568366952282
fine,0.245,1,0.001003316372903602,0.38063987097196683
fine,0.245,1,0.0014827201104459019,0.34708836201215887
fine,0.245,1,0.001966389677247502,0.42606112322063083
fine,0.245,1,0.002473927194749088,0.39174920182393913
fine,0.245,1,0.0029878454072541825,0.4548063053630209
fine,0.245,1,0.0035374645596045924,0.42158102605888015
fine,0.245,1,0.0040955576824506365,0.46849137929689477
fine,0.245,1,0.004701063933608042,0.4385868407730561
fine,0.245,1,0.005317108757519632,0.47242000657956296
fine,0.245,1,0.00599211846719144,0.4469354288238978
fine,0.245,1,0.006679695692681328,0.46912013458678525
fine,0.245,1,0.007437590042870372,0.4488841209725729
fine,0.245,1,0.008210038327446142,0.4601090811793582
fine,0.245,1,0.009063918044769588,0.4458652967828728
fine,0.245,1,0.009934288869141336,0.4464494610551274
fine,0.245,1,0.010896929896115749,0.43892463782707514
fine,0.245,1,0.011877943402114515,0.42902257510575104
fine,0.245,1,0.0129617536674161,0.42891185888147976
fine,0.245,1,0.014065755617063936,0.4086256905723036
fine,0.245,1,0.015282733051017164,0.41651548628645196
fine,0.245,1,0.016521653052370515,0.38591908097767547
fine,0.245,1,0.017883344989755467,0.40219906990342225
fine,0.245,1,0.01926865613089219,0.36138341586310607
fine,0.245,1,0.02078612023841923,0.38633207098078515
fine,0.245,1,0.0223288002661406,0.3357060293762273
fine,0.245,1,0.0240125671268029,0.36941651758432426
fine,0.245,1,0.025723061301410187,0.30977298781527896
fine,0.245,1,0.027583098782327804,0.3513043230952059
fine,0.245,1,0.029471284534170736,0.28381823855833166
fine,0.245,1,0.03151696405848063,0.3317659206282362
fine,0.245,1,0.03359211756585777,0.2583814888169341
fine,0.245,1,0.035832182402786454,0.3104903781493896
fine,0.245,1,0.038102947204295266,0.23386883996430297
fine,0.245,1,0.04054548288470249,0.2870739890389018
fine,0.245,1,0.043019840632240444,0.2104778030600717
fine,0.245,1,0.04567224758974182,0.2612682347648
fine,0.245,1,0.048357491041122566,0.1882657300702304
fine,0.245,1,0.0512264595713657,0.23320135169594336
fine,0.245,1,0.05412916791393538,0.16718964615920562
fine,0.245,1,0.05722065553675637,0.20345720704223347
fine,0.245,1,0.06034667212550629,0.14714721430858668
fine,0.245,1,0.06366588342656894,0.17297214613168443
fine,0.245,1,0.06702029601207232,0.1279995165517147
fine,0.245,1,0.07057166503219695,0.14280280187288108
fine,0.245,1,0.0741587885452702,0.10957561579021757
fine,0.245,1,0.0779459637770447,0.11387009257169711
fine,0.245,1,0.08176932572838895,0.09166973261059086
fine,0.245,1,0.08579515777082257,0.08679541202683994
fine,0.245,1,0.08985748631504324,0.07407938373198408
fine,0.245,1,0.09412401822804344,0.06190606021506384
fine,0.245,1,0.0984272329324384,0.05670860272617273
fine,0.245,1,0.10293569332374264,0.03934188241678449
fine,0.245,1,0.10748089867309492,0.03961218727895033
fine,0.245,1,0.11223169754104993,0.01905281330495856
fine,0.245,1,0.11701917920039995,0.022904783773526338
fine,0.245,1,0.12201190654665892,0.0008781293278427027
fine,0.245,1,0.12704113039470497,0.006752845146902775
fine,0.245,1,0.13227455761153062,-0.015402929829604783
fine,0.245,1,0.13754417154792611,-0.008687623642394948
fine,0.245,1,0.1430162555754111,-0.030050118053115416
fine,0.245,1,0.14852409409584458,-0.02330718268887333
fine,0.245,1,0.15423198433497964,-0.04333272500489316
fine,0.245,1,0.15997507585855503,-0.03704732771682262
fine,0.245,1,0.16591512381675086,-0.05551193865124637
fine,0.245,1,0.17188970074087573,-0.04990892047899709
fine,0.245,1,0.17805747237731412,-0.06685775666621296
fine,0.245,1,0.18425898382607883,-0.06199856239044732
fine,0.245,1,0.19064927455509495,-0.07770361892915445
fine,0.245,1,0.19707240177799024,-0.0735944142458278
fine,0.245,1,0.20367925407974802,-0.08843003516996562
fine,0.245,1,0.2103179284486365,-0.08497067788226587
fine,0.245,1,0.21713465202748855,-0.09903553221852102
fine,0.245,1,0.22398207557092084,-0.09593674683708042
fine,0.245,1,0.2310012699932513,-0.1090642387544345
fine,0.245,1,0.238049938398649,-0.10603343980610269
fine,0.245,1,0.24526351813359837,-0.11817001813876704
fine,0.245,1,0.25250524613947306,-0.11502274131935963
fine,0.245,1,0.2599044679178148,-0.1261369750580994
fine,0.245,1,0.2673304170101016,-0.12267854058925654
fine,0.245,1,0.2749059094086983,-0.13254153175336736
fine,0.245,1,0.28250661772748936,-0.12848440419486762
fine,0.245,1,0.2902484128792217,-0.13663280453598725
fine,0.245,1,0.2980138272347057,-0.13163439806006139
fine,0.245,1,0.3059113945565788,-0.13769067306189542
fine,0.245,1,0.31383090444585243,-0.13158788061522309
fine,0.245,1,0.3218731862711601,-0.13579523498130097
fine,0.245,1,0.32993565978081396,-0.12889268150856448
fine,0.245,1,0.3381111087747722,-0.13212317177098165
fine,0.245,1,0.34630493024775466,-0.12473552871783156
fine,0.245,1,0.35460154848003855,-0.12730547510781198
fine,0.245,1,0.3629146578193709,-0.11952026701011231
fine,0.245,1,0.3713200373613067,-0.12162463614122543
fine,0.245,1,0.3797399708376294,-0.11365139887641384
fine,0.245,1,0.3882413357466996,-0.11554771486904847
fine,0.245,1,0.3967552681715877,-0.10759088774122882
fine,0.245,1,0.4053395177211753,-0.10939312618391872
fine,0.245,1,0.4139343058435173,-0.10154156278881277
fine,0.245,1,0.4225880588516187,-0.10324636983118807
fine,0.245,1,0.43125028583021585,-0.09551701487756548
fine,0.245,1,0.43995992593712474,-0.09705948497387573
fine,0.245,1,0.4486759467390373,-0.0894252468879273
fine,0.245,1,0.4574276684807952,-0.09075090820837062
fine,0.245,1,0.4661836560518123,-0.08318369251391844
fine,0.245,1,0.4749635115735291,-0.08430852714505055
fine,0.245,1,0.4837455036245449,-0.07680853009938327
fine,0.245,1,0.4925394498755256,-0.07779141155528824
fine,0.245,1,0.501333396126506,-0.0703314406528015
fine,0.245,1,0.510127342377486,-0.0711693805570075
fine,0.245,1,0.518919152099167,-0.06372058362829747
fine,0.245,1,0.5276990076208843,-0.06447089701564468
fine,0.245,1,0.5364745973133421,-0.05703177070521792
fine,0.245,1,0.5452263190551,-0.05773652070581692
fine,0.245,1,0.5539716601018544,-0.050286152556248576
fine,0.245,1,0.5626813002087631,-0.050975188971211116
fine,0.245,1,0.5713824663451762,-0.04349031921146729
fine,0.245,1,0.5800362193532778,-0.04420161882988127
fine,0.245,1,0.5886794337886255,-0.03665915270856801
fine,0.245,1,0.5972636833382132,-0.03743626808763012
fine,0.245,1,0.6058353653719828,-0.02980538246153208
fine,0.245,1,0.6143367302810528,-0.03069467636951373
fine,0.245,1,0.6228235412557361,-0.022934834122811498
fine,0.245,1,0.631228920797672,-0.023994169186040137
fine,0.245,1,0.6396178092325593,-0.01606331780309178
fine,0.245,1,0.6479144274648441,-0.017377613331324593
fine,0.245,1,0.6561926732181044,-0.009222032002219605
fine,0.245,1,0.6643681222120619,-0.010886443042326999
fine,0.245,1,0.6725233795216737,-0.0024232475218159966
fine,0.245,1,0.6805656613469827,-0.004564347911079514
fine,0.245,1,0.6885860006048908,0.004274306465602451
fine,0.245,1,0.6964835679267624,0.001447335532029359
fine,0.245,1,0.7043575160448826,0.010747932271951366
fine,0.245,1,0.7120993111966147,0.007087113969315606
fine,0.245,1,0.7198158904281527,0.01701760264681551
fine,0.245,1,0.7273913828267499,0.012426048167604176
fine,0.245,1,0.7349401479114019,0.02319778500149372
fine,0.245,1,0.7423393696897436,0.017560684322671438
fine,0.245,1,0.74971044319716,0.02939836468296797
fine,0.245,1,0.756924022932109,0.022543678792589228
fine,0.245,1,0.7641081286839911,0.035681297765533526
fine,0.245,1,0.7711273231063223,0.027383193594733846
fine,0.245,1,0.7781158175640728,0.04207278371905265
fine,0.245,1,0.7849325411429228,0.03207252080871725
fine,0.245,1,0.7917174426546424,0.048582584823516295
fine,0.245,1,0.7983242949564019,0.03659587024987221
fine,0.245,1,0.804898310764282,0.05520062032404771
fine,0.245,1,0.8112886014932984,0.04093091778692337
fine,0.245,1,0.817645152409988,0.06191916747202486
fine,0.245,1,0.8238129240464239,0.04508521945162325
fine,0.245,1,0.8299461667169314,0.06875035826627252
fine,0.245,1,0.8358862146751304,0.049061838762852195
fine,0.245,1,0.8417910613488881,0.0756745640798262
fine,0.245,1,0.8474989515880226,0.05283577566990805
fine,0.245,1,0.8531710873342087,0.08263840253864108
fine,0.245,1,0.8586431713616939,0.056366949315222015
fine,0.245,1,0.8640790686696088,0.08956504235636253
fine,0.245,1,0.8693124958864342,0.059609273023194964
fine,0.245,1,0.8745094266014726,0.09635107447831126
fine,0.245,1,0.8795021539477319,0.06251310332906601
fine,0.245,1,0.8844581985025958,0.10286199485905156
fine,0.245,1,0.8892089973705473,0.06502973803016387
fine,0.245,1,0.8939230512804516,0.10893253341690723
fine,0.245,1,0.8984315116717592,0.06712208970484701
fine,0.245,1,0.9029032892716713,0.11437979946773436
fine,0.245,1,0.9071698211846715,0.06878734868161118
fine,0.245,1,0.911399856595885,0.11904827359331127
fine,0.245,1,0.9154256886383186,0.0701045614083664
fine,0.245,1,0.9194153339611822,0.12283146684339075
fine,0.245,1,0.9232025091929565,0.07118718009953007
fine,0.245,1,0.9269539299317822,0.12562650020346366
fine,0.245,1,0.9305052989519073,0.07213618271750988
fine,0.245,1,0.9340214666875916,0.1273558809819073
fine,0.245,1,0.9373406779886543,0.07303945445625804
fine,0.245,1,0.9406253603237879,0.1280104115536166
fine,0.245,1,0.9437168479466091,0.07396936310943181
fine,0.245,1,0.9467745957571037,0.12768889077887768
fine,0.245,1,0.9496435642873469,0.07498100065717417
fine,0.245,1,0.9524796963237108,0.12662336462552481
fine,0.245,1,0.9551321032812123,0.07611548610280161
fine,0.245,1,0.9577526881715829,0.12516045017788047
fine,0.245,1,0.9601952238519901,0.07740500886422608
fine,0.245,1,0.9626070595678178,0.1236859847898697
fine,0.245,1,0.9648471244047487,0.07887654491241547
fine,0.245,1,0.9670577152586117,0.1225299975956261
fine,0.245,1,0.9691033947829197,0.08055414801133542
fine,0.245,1,0.9711209260363024,0.12190583523202847
fine,0.245,1,0.9729809635172195,0.08245863776215889
fine,0.245,1,0.9748142736841922,0.12190482287058768
fine,0.245,1,0.9764980405448548,0.08460343092006262
fine,0.245,1,0.9781565914853229,0.12252591024129178
fine,0.245,1,0.9796740555928496,0.08699179587471662
fine,0.245,1,0.9811679004966244,0.12372819352565678
fine,0.245,1,0.98252959243401,0.08963829703727055
fine,0.245,1,0.9838693418039951,0.12545965510004076
fine,0.245,1,0.9850863192379479,0.09254473450261613
fine,0.245,1,0.9862831049875542,0.1276574907777347
fine,0.245,1,0.9873669152528548,0.09570771910922615
fine,0.245,1,0.9884323530391315,0.13028269132560366
fine,0.245,1,0.9893949940661073,0.09914345477447684
fine,0.245,1,0.9903411439860342,0.13332883630621306
fine,0.245,1,0.9911950237033577,0.10289062016276063
fine,0.245,1,0.992034349486294,0.13682270751814418
fine,0.245,1,0.9927922438364837,0.10701389098021541
fine,0.245,1,0.9935375706708549,0.1408349374825466
fine,0.245,1,0.9942125803805261,0.1116218901203031
fine,0.245,1,0.9948770515174429,0.14549008603613267
fine,0.245,1,0.9954825577686003,0.11684389495470582
fine,0.245,1,0.9960795900492624,0.15086154344651392
fine,0.245,1,0.9966292092016128,0.12243368300899138
fine,0.245,1,0.99717244765896,0.15588035925303279
fine,0.245,1,0.9976799851764615,0.12421739529763864
fine,0.245,1,0.9981832568647037,0.14682548700856835
fine,0.245,1,0.9986626606022458,0.058064249801802914
fine,0.245,1,0.9991399278104891,-40.01915034224884
fine,0.245,1,0.9996052408187679,-49.16408830713581
coarse,0.51,0,0.0009773445603639772,-0.059999936897792594
coarse,0.51,0,0.0020457613143778997,-0.26309284315086434
coarse,0.51,0,0.0032604949280518798,-0.5545239851354538
coarse,0.51,0,0.004488862829896006,-0.5927701535128489
coarse,0.51,0,0.006007360929024542,-0.704887907689882
coarse,0.51,0,0.007552894318042032,-0.7086641799005682
coarse,0.51,0,0.00952740703385368,-0.7380167314044346
coarse,0.51,0,0.011541893459967409,-0.7401767513898525
coarse,0.51,0,0.014116868387170856,-0.751681146114096
coarse,0.51,0,0.016744071483824362,-0.7463682098314901
coarse,0.51,0,0.020053682142206725,-0.7501981091112087
coarse,0.51,0,0.023426881790726984,-0.7360966982033017
coarse,0.51,0,0.027592731879039448,-0.7370356850152626
coarse,0.51,0,0.031832443752925724,-0.7134352834079709
coarse,0.51,0,0.03696148647587775,-0.7138820539949486
coarse,0.51,0,0.042173399984210345,-0.6828060520073833
coarse,0.51,0,0.04835610805348478,-0.6866027026078898
coarse,0.51,0,0.05462927796583278,-0.6502062818531416
coarse,0.51,0,0.061938095586906355,-0.6596744754947577
coarse,0.51,0,0.06934341828153043,-0.6190887430334144
coarse,0.51,0,0.07783152161323179,-0.6340278349933277
coarse,0.51,0,0.0864205220203959,-0.5899476396151704
coarse,0.51,0,0.09612090931608505,-0.6087512429073338
coarse,0.51,0,0.1059248593122144,-0.5635361791945297
coarse,0.51,0,0.11684978631051872,-0.5839455057364316
coarse,0.51,0,0.12787916964772272,-0.541463023200925
coarse,0.51,0,0.14001993987345196,-0.5599849878166632
coarse,0.51,0,0.15226427279962115,-0.5242653664512633
coarse,0.51,0,0.16559138636286744,-0.5372927249200516
coarse,0.51,0,0.1790193970015767,-0.5109686284122179
coarse,0.51,0,0.19348305534901156,-0.5169703134762353
coarse,0.51,0,0.2080432187699969,-0.500732292125069
coarse,0.51,0,0.22357417675192454,-0.5002362471422139
coarse,0.51,0,0.2391955965769255,-0.4919839449890042
coarse,0.51,0,0.2557063472509918,-0.4849097524418893
coarse,0.51,0,0.2722999687104384,-0.47968416499107036
coarse,0.51,0,0.28968624060967696,-0.4644695864959574
coarse,0.51,0,0.3071463742944894,-0.4568808698246407
coarse,0.51,0,0.32528891554103334,-0.43260815267001496
coarse,0.51,0,0.34349504577771517,-0.4203924350412409
coarse,0.51,0,0.3622616645154838,-0.390645234263707
coarse,0.51,0,0.3810805114227021,-0.3767927109238738
coarse,0.51,0,0.4003283376567152,-0.3466657309758736
coarse,0.51,0,0.41961613760103106,-0.33376526546843044
coarse,0.51,0,0.43919406774263176,-0.3050029115980646
coarse,0.51,0,0.4587990331741212,-0.2938982196612343
coarse,0.51,0,0.4785503154652709,-0.26611592062095757
coarse,0.51,0,0.49831523204459033,-0.2567575837326479
coarse,0.51,0,0.5180801486239099,-0.22920242866730223
coarse,0.51,0,0.5378450652032296,-0.2217573036940288
coarse,0.51,0,0.5574636649228891,-0.19395426495687373
coarse,0.51,0,0.5770686303543795,-0.1888370961531931
coarse,0.51,0,0.5963834655885836,-0.16031556206378794
coarse,0.51,0,0.6156712655328989,-0.15804960864358497
coarse,0.51,0,0.6345300861504201,-0.12831812264524545
coarse,0.51,0,0.6533489330576387,-0.12951273089269333
coarse,0.51,0,0.6716072914637684,-0.09821432922264539
coarse,0.51,0,0.689813421700448,-0.10355008684206513
coarse,0.51,0,0.7073371443753995,-0.0706478978845646
coarse,0.51,0,0.7247972780602134,-0.08070167702144904
coarse,0.51,0,0.7414647613052343,-0.04609469244833253
coarse,0.51,0,0.7580583827646814,-0.06078528138109918
coarse,0.51,0,0.7737626733750627,-0.024281378744795967
coarse,0.51,0,0.7893840932000632,-0.04306452988168541
coarse,0.51,0,0.8040347184641232,-0.005028787338577034
coarse,0.51,0,0.8185948818851099,-0.027058109841819222
coarse,0.51,0,0.8321193975973683,0.011583677270342485
coarse,0.51,0,0.8455474082360762,-0.012405270926665768
coarse,0.51,0,0.857892638237708,0.025663740937478585
coarse,0.51,0,0.8701369711638781,0.0012585543204298721
coarse,0.51,0,0.8812699172015185,0.03760141267526729
coarse,0.51,0,0.8922993005387185,0.014140477630275816
coarse,0.51,0,0.9022077068737506,0.04801960686592088
coarse,0.51,0,0.9120116568698835,0.02624795223585019
coarse,0.51,0,0.9207042199774885,0.05764645530461954
coarse,0.51,0,0.9292932203846531,0.037688745883831754
coarse,0.51,0,0.9367994401547397,0.06713682174415803
coarse,0.51,0,0.9442047628493634,0.04872181581195212
coarse,0.51,0,0.9505744378352623,0.07682051038475823
coarse,0.51,0,0.9568476077476098,0.059526943680753286
coarse,0.51,0,0.9621499830990164,0.08673035535428664
coarse,0.51,0,0.9673618966073488,0.07015596600904683
coarse,0.51,0,0.9716844792666158,0.0967746194736041
coarse,0.51,0,0.9759241911405017,0.0805657464962054
coarse,0.51,0,0.9793712525745976,0.10678899160303734
coarse,0.51,0,0.9827444522231196,0.09058283607645257
coarse,0.51,0,0.9854352443099086,0.11650935486669856
coarse,0.51,0,0.9880624474065596,0.09980469095239053
coarse,0.51,0,0.9901291620021239,0.1254215387558778
coarse,0.51,0,0.9921436484282382,0.10711650198437062
coarse,0.51,0,0.9937291555275582,0.13173524190491925
coarse,0.51,0,0.9952746889165762,0.10708854032329107
coarse,0.51,0,0.9965300921083088,0.12014218823321554
coarse,0.51,0,0.9977584600101528,0.028999878727651973
coarse,0.51,0,0.998840511052336,-9.617995836575796
coarse,0.51,0,0.9999089278063494,-27.337010907211308
coarse,0.51,1,0.0009773445603639772,0.24534020520442446
coarse,0.51,1,0.0020457613143778997,0.30356301988299117
coarse,0.51,1,0.003260494928052103,0.4327355593638492
coarse,0.51,1,0.004488862829896006,0.4331750722926553
coarse,0.51,1,0.006007360929024765,0.47508544456783963
coarse,0.51,1,0.007552894318042032,0.4600037827316876
coarse,0.51,1,0.00952740703385368,0.4718595408302887
coarse,0.51,1,0.011541893459967633,0.4500839915980992
coarse,0.51,1,0.014116868387170856,0.44143137658676435
coarse,0.51,1,0.01674407148382414,0.4174955049157206
coarse,0.51,1,0.020053682142206725,0.39509273255596
coarse,0.51,1,0.023426881790726984,0.3720859588515901
coarse,0.51,1,0.02759273187903967,0.34080630228000275
coarse,0.51,1,0.03183244375292617,0.32132925365025666
coarse,0.51,1,0.03696148647587775,0.28479901435890176
coarse,0.51,1,0.042173399984210345,0.27054134318918244
coarse,0.51,1,0.04835610805348478,0.23057331389023472
coarse,0.51,1,0.05462927796583278,0.2224951077073657
coarse,0.51,1,0.061938095586906355,0.17958909562065817
coarse,0.51,1,0.06934341828153043,0.1782760803437069
coarse,0.51,1,0.07783152161323179,0.13268008135642906
coarse,0.51,1,0.0864205220203959,0.13827032944653184
coarse,0.51,1,0.09612090931608527,0.09063830285658647
coarse,0.51,1,0.10592485931221463,0.10182515213271748
coarse,0.51,1,0.11684978631051916,0.053609199082605086
coarse,0.51,1,0.12787916964772317,0.06735431432793237
coarse,0.51,1,0.14001993987345218,0.021318058296780018
coarse,0.51,1,0.15226427279962115,0.033688491845002666
coarse,0.51,1,0.16559138636286766,-0.006806992172773363
coarse,0.51,1,0.1790193970015767,0.000909181893403721
coarse,0.51,1,0.19348305534901156,-0.03192184786540486
coarse,0.51,1,0.2080432187699969,-0.03053995393173592
coarse,0.51,1,0.22357417675192454,-0.05549034608373615
coarse,0.51,1,0.2391955965769255,-0.059777150373782284
coarse,0.51,1,0.2557063472509918,-0.07702209382646896
coarse,0.51,1,0.2722999687104384,-0.08382760163285075
coarse,0.51,1,0.28968624060967696,-0.092807561059991
coarse,0.51,1,0.3071463742944894,-0.09811151762885939
coarse,0.51,1,0.32528891554103334,-0.09835133594835566
coarse,0.51,1,0.34349504577771517,-0.0999809093364894
coarse,0.51,1,0.3622616645154838,-0.09370053899176445
coarse,0.51,1,0.38108051142270233,-0.09337831605249836
coarse,0.51,1,0.40032833765671566,-0.0840753317570806
coarse,0.51,1,0.4196161376010315,-0.08364406763938748
coarse,0.51,1,0.43919406774263176,-0.07283226551530131
coarse,0.51,1,0.4587990331741212,-0.07305101940034997
coarse,0.51,1,0.4785503154652709,-0.06079221013663183
coarse,0.51,1,0.4983152320445908,-0.06176186882581569
coarse,0.51,1,0.5180801486239102,-0.047776151886289586
coarse,0.51,1,0.5378450652032296,-0.04974433116999122
coarse,0.51,1,0.55746366492289,-0.03387867974834213
coarse,0.51,1,0.5770686303543808,-0.0372875551959726
coarse,0.51,1,0.5963834655885843,-0.01933475831204401
coarse,0.51,1,0.6156712655328989,-0.024721614303811146
coarse,0.51,1,0.6345300861504201,-0.0044153018200798755
coarse,0.51,1,0.653348933057639,-0.012392816702034626
coarse,0.51,1,0.6716072914637691,0.010449971536192426
coarse,0.51,1,0.6898134217004493,-0.0007899824151516022
coarse,0.51,1,0.7073371443754002,0.02450954958578011
coarse,0.51,1,0.7247972780602134,0.009428428432219138
coarse,0.51,1,0.7414647613052343,0.03713910523445807
coarse,0.51,1,0.758058382764681,0.01822792565462361
coarse,0.51,1,0.7737626733750609,0.04837192291065573
coarse,0.51,1,0.7893840932000601,0.026086413748400594
coarse,0.51,1,0.804034718464121,0.05820499852419392
coarse,0.51,1,0.818594881885109,0.03330719797908943
coarse,0.51,1,0.8321193975973683,0.06644159175924491
coarse,0.51,1,0.8455474082360771,0.04011583691348908
coarse,0.51,1,0.8578926382377089,0.07308085177962909
coarse,0.51,1,0.8701369711638781,0.046757814996323366
coarse,0.51,1,0.8812699172015189,0.07841453713926083
coarse,0.51,1,0.8922993005387194,0.05335106132373213
coarse,0.51,1,0.9022077068737515,0.08297621988208703
coarse,0.51,1,0.912011656869884,0.05983995361553529
coarse,0.51,1,0.9207042199774881,0.08739764330538191
coarse,0.51,1,0.9292932203846527,0.06626582120948432
coarse,0.51,1,0.9367994401547397,0.09223464880206611
coarse,0.51,1,0.9442047628493634,0.07281806935992441
coarse,0.51,1,0.9505744378352623,0.097743467350491
coarse,0.51,1,0.9568476077476098,0.07962296066572638
coarse,0.51,1,0.9621499830990164,0.10391082970272547
coarse,0.51,1,0.9673618966073488,0.086693388442601
coarse,0.51,1,0.9716844792666158,0.11061343925994949
coarse,0.51,1,0.9759241911405017,0.0939539646898162
coarse,0.51,1,0.9793712525745927,0.117662138286167
coarse,0.51,1,0.9827444522231089,0.10120042674301521
coarse,0.51,1,0.9854352443099024,0.12476675781748514
coarse,0.51,1,0.9880624474065587,0.1079929288522643
coarse,0.51,1,0.9901291620021234,0.13137203812955922
coarse,0.51,1,0.9921436484282382,0.1131622734794756
coarse,0.51,1,0.9937291555275582,0.1355953493254497
coarse,0.51,1,0.9952746889165762,0.11121106442872475
coarse,0.51,1,0.9965300921083088,0.12197583203333251
coarse,0.51,1,0.9977584600101528,0.031533866764799745
coarse,0.51,1,0.998840511052336,-10.42894051929307
coarse,0.51,1,0.9999089278063499,-27.337010907211308
medium,0.51,0,0.0006131722044418839,-0.03240167140692907
medium,0.51,0,0.001315546374175295,-0.1999594157527338
medium,0.51,0,0.002059393185286955,-0.47648478621529655
medium,0.51,0,0.0028092732788760635,-0.4825930008488879
medium,0.51,0,0.003641783023378735,-0.6205908395674926
medium,0.51,0,0.004486313415913818,-0.6057226016072303
medium,0.51,0,0.005454001607361085,-0.671582644911606
medium,0.51,0,0.006439606328005627,-0.6578500968814438
medium,0.51,0,0.007587959690346681,-0.7060719172187437
medium,0.51,0,0.00875998910744499,-0.6898073264575895
medium,0.51,0,0.010133119393589698,-0.7293490482237102
medium,0.51,0,0.01153550507097829,-0.7079750330613352
medium,0.51,0,0.013175813345724742,-0.7430243703278605
medium,0.51,0,0.014850733697010563,-0.714962844548447
medium,0.51,0,0.016798587639333493,-0.7482081550692763
medium,0.51,0,0.018786146924687882,-0.7136163461693912
medium,0.51,0,0.02107957360533249,-0.7473148775421021
medium,0.51,0,0.023417496713866042,-0.7061594450759845
medium,0.51,0,0.026091893186376353,-0.7405719804568318
medium,0.51,0,0.02881523852694931,-0.6924966227613925
medium,0.51,0,0.03190310243471709,-0.7281460008793343
medium,0.51,0,0.03504399512027921,-0.6744593485552015
medium,0.51,0,0.038574677369855315,-0.7125934427377516
medium,0.51,0,0.042162064725939113,-0.6542658190560866
medium,0.51,0,0.04616154610891296,-0.6954312722374603
medium,0.51,0,0.05022097736700725,-0.6340413083956082
medium,0.51,0,0.05471167083049354,-0.6783802527015357
medium,0.51,0,0.05926510268296497,-0.615710619537704
medium,0.51,0,0.06426568275354456,-0.661914486038502
medium,0.51,0,0.06933131224995114,-0.6000853877767718
medium,0.51,0,0.0748565729092462,-0.6454634492942264
medium,0.51,0,0.08044869896580165,-0.5872201989505144
medium,0.51,0,0.0865094410593438,-0.6284745718373794
medium,0.51,0,0.0926383556355324,-0.5769820702236919
medium,0.51,0,0.09924130467180627,-0.6110132088404738
medium,0.51,0,0.10591321444235571,-0.5688817283618475
medium,0.51,0,0.11306096940761776,-0.5934369949095375
medium,0.51,0,0.1202779485259572,-0.5619659348182624
medium,0.51,0,0.12796896210438238,-0.576204841590009
medium,0.51,0,0.13572893641708292,-0.5552429712364111
medium,0.51,0,0.14395752676676996,-0.5598105895770318
medium,0.51,0,0.1522542895991032,-0.5480589932378352
medium,0.51,0,0.16101068359432513,-0.5446709382480335
medium,0.51,0,0.16983394298680746,-0.5401942206114414
medium,0.51,0,0.1791043505973984,-0.5311060477405964
medium,0.51,0,0.18843980763381607,-0.5319056030660858
medium,0.51,0,0.19820652687562576,-0.5196264346720825
medium,0.51,0,0.20803598450642036,-0.5240601012158208
medium,0.51,0,0.21827753616410503,-0.5105920293899233
medium,0.51,0,0.22857903769691035,-0.5167494220527795
medium,0.51,0,0.23927032879372967,-0.5027282480515873
medium,0.51,0,0.25001832499705645,-0.5083599885909595
medium,0.51,0,0.2611308397675778,-0.4938003999379301
medium,0.51,0,0.2722963833158935,-0.49725384632742786
medium,0.51,0,0.28379840022818575,-0.48175181933416833
medium,0.51,0,0.29534936600854067,-0.48134719699005135
medium,0.51,0,0.3072061991841864,-0.46368098751812603
medium,0.51,0,0.31910752878772136,-0.458338993422871
medium,0.51,0,0.33128179198229407,-0.43853544437164826
medium,0.51,0,0.3434957605198985,-0.42969253115162465
medium,0.51,0,0.355947651654859,-0.4092995945398601
medium,0.51,0,0.3684341548663584,-0.39899963505086267
medium,0.51,0,0.3811217589469051,-0.37904741092440375
medium,0.51,0,0.39383861841869566,-0.36861148853014436
medium,0.51,0,0.40671822653218254,-0.3495564603370467
medium,0.51,0,0.4196215107004267,-0.3397835175616639
medium,0.51,0,0.4326479526675832,-0.3217171021708529
medium,0.51,0,0.44569231116393726,-0.3127044475756553
medium,0.51,0,0.4588192993112044,-0.2953251954342615
medium,0.51,0,0.47195830810650397,-0.28691006867326707
medium,0.51,0,0.4851387895431818,-0.2699624276429262
medium,0.51,0,0.49832530426233723,-0.26214322549776004
medium,0.51,0,0.5115118189814928,-0.24544520841065798
medium,0.51,0,0.5246983337006482,-0.23829866866227523
medium,0.51,0,0.5378433757784257,-0.221650691954699
medium,0.51,0,0.5509823845737255,-0.21537225066790877
medium,0.51,0,0.5640387637181121,-0.1985566278364468
medium,0.51,0,0.5770831222144666,-0.19336580843867668
medium,0.51,0,0.5900043229119077,-0.17611298793428665
medium,0.51,0,0.6029076070801512,-0.17226663255561991
medium,0.51,0,0.6156481426066986,-0.1542827470927015
medium,0.51,0,0.6283650020784894,-0.15207596714539884
medium,0.51,0,0.6408807606812333,-0.13304779247080845
medium,0.51,0,0.6533672638927333,-0.13283871805966863
medium,0.51,0,0.6656158445068762,-0.11244348270994498
medium,0.51,0,0.6778298130444805,-0.11466152569297305
medium,0.51,0,0.689770847991046,-0.09261847055378847
medium,0.51,0,0.7016721775945799,-0.0977808900149213
medium,0.51,0,0.7132676398028244,-0.0738376008813042
medium,0.51,0,0.7248186055831798,-0.08239837827759189
medium,0.51,0,0.7360330979995583,-0.05614508999664092
medium,0.51,0,0.7471986415478743,-0.06834294834717825
medium,0.51,0,0.7579996665290007,-0.03929614328932596
medium,0.51,0,0.7687476627323342,-0.05535643935051682
medium,0.51,0,0.7791058693716416,-0.023189800136145022
medium,0.51,0,0.7894073709044402,-0.043355234284027766
medium,0.51,0,0.7992967784103546,-0.00791702600716726
medium,0.51,0,0.8091262360411492,-0.03234514109668574
medium,0.51,0,0.8185244314665514,0.006363199855345281
medium,0.51,0,0.8278598885029682,-0.02228892704530039
medium,0.51,0,0.8367481973212777,0.019517842104687877
medium,0.51,0,0.8455714567137604,-0.013051167644457795
medium,0.51,0,0.8539350849433547,0.03142331252513886
medium,0.51,0,0.8622318477756882,-0.004482563142776286
medium,0.51,0,0.8700599945710349,0.041914494116013
medium,0.51,0,0.8778199688837357,0.003546339072482807
medium,0.51,0,0.8851059087363471,0.05083822783492764
medium,0.51,0,0.8923228878546825,0.011128773304520112
medium,0.51,0,0.899064021778312,0.05810151031556532
medium,0.51,0,0.9057359315488651,0.018293998578154724
medium,0.51,0,0.9119338068593297,0.06379956433006118
medium,0.51,0,0.9180627214355187,0.02509276084411305
medium,0.51,0,0.9237230199747206,0.06835596603796967
medium,0.51,0,0.929315146031276,0.03166689020553515
medium,0.51,0,0.9344476409249425,0.07238867381895286
medium,0.51,0,0.9395132704213486,0.0381419864072996
medium,0.51,0,0.944131751699647,0.0764325014918924
medium,0.51,0,0.9486851835521187,0.04459856994408551
medium,0.51,0,0.9528073531991978,0.0808249650842554
medium,0.51,0,0.9568667844572917,0.05109624151194381
medium,0.51,0,0.9605141216884964,0.08569837957535398
medium,0.51,0,0.9641015090445808,0.05767412614360057
medium,0.51,0,0.96729910683665,0.09105236360759317
medium,0.51,0,0.9704399995222117,0.06435410698844535
medium,0.51,0,0.9732163736405794,0.09683026390019378
medium,0.51,0,0.975939718981152,0.07114587958042662
medium,0.51,0,0.9783265909577485,0.10295491455517103
medium,0.51,0,0.9806645140662822,0.07803400435226937
medium,0.51,0,0.982696569779529,0.109356844296982
medium,0.51,0,0.9846841290648872,0.08500722375439307
medium,0.51,0,0.9863987547592002,0.11598640094582913
medium,0.51,0,0.9880736751104816,0.09203595025333655
medium,0.51,0,0.9895106728644092,0.12281000303146217
medium,0.51,0,0.9909130585417987,0.09909744854747393
medium,0.51,0,0.9921143433501413,0.1298465161657757
medium,0.51,0,0.9932863727672405,0.10615759071718256
medium,0.51,0,0.9942956535426414,0.13704031312829978
medium,0.51,0,0.9952812582632855,0.11277055242349787
medium,0.51,0,0.9961437051850178,0.14315090427796562
medium,0.51,0,0.9969882355775529,0.11453362173118575
medium,0.51,0,0.9977501363191746,0.1335398505884009
medium,0.51,0,0.998500016412764,0.04462446832267131
medium,0.51,0,0.9992084238649749,-31.053053292423336
medium,0.51,0,0.9999107980347078,-48.05532452490071
medium,0.51,1,0.0006131722044418839,0.2307714486376259
medium,0.51,1,0.001315546374175295,0.257472550708735
medium,0.51,1,0.002059393185286955,0.39446311662164313
medium,0.51,1,0.0028092732788760635,0.3820585341248569
medium,0.51,1,0.003641783023378958,0.448952160519852
medium,0.51,1,0.0044863134159142636,0.42857764348025573
medium,0.51,1,0.005454001607361085,0.47445896285300027
medium,0.51,1,0.006439606328005627,0.4501896527268927
medium,0.51,1,0.007587959690346681,0.47811455492149013
medium,0.51,1,0.00875998910744499,0.45335275635881844
medium,0.51,1,0.010133119393589698,0.4672161118658319
medium,0.51,1,0.01153550507097829,0.4437676152315305
medium,0.51,1,0.013175813345725188,0.4458364598956581
medium,0.51,1,0.014850733697010563,0.42504846036274546
medium,0.51,1,0.016798587639333493,0.416994431352425
medium,0.51,1,0.01878614692468766,0.39996170451895874
medium,0.51,1,0.02107957360533249,0.38307775153651225
medium,0.51,1,0.023417496713866042,0.3708220356935923
medium,0.51,1,0.026091893186376353,0.3462489276172298
medium,0.51,1,0.02881523852694931,0.3397884177999725
medium,0.51,1,0.03190310243471709,0.30845217418604876
medium,0.51,1,0.03504399512027921,0.308413520652118
medium,0.51,1,0.038574677369855315,0.27084981841645916
medium,0.51,1,0.042162064725939113,0.2776860056249264
medium,0.51,1,0.04616154610891296,0.23427789532395527
medium,0.51,1,0.05022097736700725,0.24793297994133245
medium,0.51,1,0.05471167083049399,0.1990694793950355
medium,0.51,1,0.0592651026829652,0.21890485447962704
medium,0.51,1,0.06426568275354456,0.16552823009654727
medium,0.51,1,0.06933131224995114,0.19013148948275316
medium,0.51,1,0.0748565729092462,0.13411952871887378
medium,0.51,1,0.08044869896580165,0.16115089295838492
medium,0.51,1,0.0865094410593438,0.1052655179836317
medium,0.51,1,0.0926383556355324,0.13166489859633723
medium,0.51,1,0.09924130467180627,0.07908496880129823
medium,0.51,1,0.10591321444235595,0.101826954292908
medium,0.51,1,0.11306096940761821,0.05543893976676617
medium,0.51,1,0.12027794852595743,0.0723120683725107
medium,0.51,1,0.12796896210438238,0.03399971722232331
medium,0.51,1,0.1357289364170827,0.0439886880975352
medium,0.51,1,0.14395752676676996,0.014312717500311267
medium,0.51,1,0.15225428959910342,0.017549401338217474
medium,0.51,1,0.16101068359432558,-0.004097132170916895
medium,0.51,1,0.1698339429868079,-0.006660414592394526
medium,0.51,1,0.1791043505973984,-0.021658272673887202
medium,0.51,1,0.18843980763381563,-0.02870202408557576
medium,0.51,1,0.19820652687562554,-0.03887811260101115
medium,0.51,1,0.20803598450642036,-0.04912156436788284
medium,0.51,1,0.21827753616410503,-0.05619217520512665
medium,0.51,1,0.22857903769691035,-0.0681219336713359
medium,0.51,1,0.23927032879372967,-0.07305174353916155
medium,0.51,1,0.25001832499705645,-0.08489454528854345
medium,0.51,1,0.2611308397675778,-0.08816140099476866
medium,0.51,1,0.2722963833158935,-0.09851717299180085
medium,0.51,1,0.28379840022818575,-0.10017342694909992
medium,0.51,1,0.29534936600854067,-0.10763499214043448
medium,0.51,1,0.3072061991841866,-0.10702127450238774
medium,0.51,1,0.31910752878772136,-0.1106041331705736
medium,0.51,1,0.33128179198229407,-0.10764743339449812
medium,0.51,1,0.3434957605198985,-0.10821319500808957
medium,0.51,1,0.355947651654859,-0.1037910438063705
medium,0.51,1,0.3684341548663586,-0.10277897484783094
medium,0.51,1,0.3811217589469051,-0.09752127940057553
medium,0.51,1,0.39383861841869566,-0.09594746281351352
medium,0.51,1,0.40671822653218276,-0.09018780772056312
medium,0.51,1,0.41962151070042714,-0.08872070323254255
medium,0.51,1,0.43264795266758344,-0.08260367675763192
medium,0.51,1,0.44569231116393726,-0.08138053347937202
medium,0.51,1,0.4588192993112044,-0.07479338836124327
medium,0.51,1,0.47195830810650397,-0.07373552055284538
medium,0.51,1,0.48513878954318224,-0.06658231981238472
medium,0.51,1,0.4983253042623377,-0.06572732924880809
medium,0.51,1,0.5115118189814932,-0.057942492311123805
medium,0.51,1,0.5246983337006482,-0.05739023122110609
medium,0.51,1,0.5378433757784257,-0.04887291928046267
medium,0.51,1,0.5509823845737255,-0.048823293135768386
medium,0.51,1,0.5640387637181128,-0.039441244348263016
medium,0.51,1,0.5770831222144679,-0.04011798179901094
medium,0.51,1,0.5900043229119086,-0.029685104510537963
medium,0.51,1,0.6029076070801517,-0.03134572654586676
medium,0.51,1,0.6156481426066991,-0.0196449352428556
medium,0.51,1,0.6283650020784897,-0.02258164512279137
medium,0.51,1,0.6408807606812333,-0.009369670200290559
medium,0.51,1,0.6533672638927333,-0.013930942953339187
medium,0.51,1,0.6656158445068766,0.0010520693109054013
medium,0.51,1,0.677829813044481,-0.005546811267052254
medium,0.51,1,0.6897708479910465,0.011437578733166198
medium,0.51,1,0.7016721775945803,0.0023088832233578716
medium,0.51,1,0.7132676398028244,0.021500333937339522
medium,0.51,1,0.7248186055831798,0.00940129222252406
medium,0.51,1,0.7360330979995583,0.03113477135769227
medium,0.51,1,0.7471986415478743,0.01581470346267
medium,0.51,1,0.7579996665289909,0.040491669012640896
medium,0.51,1,0.7687476627323128,0.02171748027468523
medium,0.51,1,0.7791058693716273,0.049610135798146104
medium,0.51,1,0.7894073709044362,0.02713969854512588
medium,0.51,1,0.7992967784103524,0.05836843538660075
medium,0.51,1,0.8091262360411483,0.03204203578816245
medium,0.51,1,0.8185244314665496,0.06658679227327213
medium,0.51,1,0.8278598885029654,0.03642988774242628
medium,0.51,1,0.8367481973212764,0.07410989617792396
medium,0.51,1,0.8455714567137613,0.0404027258417432
medium,0.51,1,0.8539350849433556,0.08079390441446332
medium,0.51,1,0.8622318477756891,0.04407891353004967
medium,0.51,1,0.8700599945710358,0.08646071518993548
medium,0.51,1,0.8778199688837357,0.04756295359805385
medium,0.51,1,0.8851059087363475,0.09094654787858569
medium,0.51,1,0.8923228878546834,0.05092751835977671
medium,0.51,1,0.8990640217783125,0.09414865771394754
medium,0.51,1,0.9057359315488656,0.05418615422991491
medium,0.51,1,0.9119338068593301,0.09614549793802096
medium,0.51,1,0.9180627214355187,0.05737106751014642
medium,0.51,1,0.9237230199747202,0.09732789635075467
medium,0.51,1,0.929315146031276,0.06059908430482497
medium,0.51,1,0.9344476409249425,0.09827317223104237
medium,0.51,1,0.9395132704213486,0.06397426172975607
medium,0.51,1,0.9441317516996475,0.09947955157250266
medium,0.51,1,0.9486851835521187,0.06756116224377717
medium,0.51,1,0.9528073531991978,0.1012546713925182
medium,0.51,1,0.9568667844572917,0.07140593526647943
medium,0.51,1,0.9605141216884964,0.10370894959546706
medium,0.51,1,0.9641015090445799,0.07553604749793497
medium,0.51,1,0.96729910683665,0.10682692359067136
medium,0.51,1,0.9704399995222122,0.07996306253850483
medium,0.51,1,0.9732163736405794,0.11054096599844798
medium,0.51,1,0.975939718981152,0.08468651873627453
medium,0.51,1,0.9783265909577485,0.11476525482147892
medium,0.51,1,0.9806645140662822,0.0896812478056197
medium,0.51,1,0.9826965697795281,0.11942190908425043
medium,0.51,1,0.984684129064885,0.09492430142066699
medium,0.51,1,0.9863987547591994,0.12445132687223792
medium,0.51,1,0.9880736751104812,0.10037189681046099
medium,0.51,1,0.9895106728644092,0.12980678675325474
medium,0.51,1,0.9909130585417987,0.10598186288716538
medium,0.51,1,0.9921143433501413,0.1354856923413088
medium,0.51,1,0.9932863727672405,0.11169107635104125
medium,0.51,1,0.9942956535426414,0.14139533832786344
medium,0.51,1,0.9952812582632855,0.11701648480052018
medium,0.51,1,0.9961437051850178,0.1462231214434886
medium,0.51,1,0.9969882355775529,0.11752640435166906
medium,0.51,1,0.9977501363191742,0.13524815189371087
medium,0.51,1,0.9985000164127635,0.04647204265253213
medium,0.51,1,0.9992084238649744,-31.993382337799694
medium,0.51,1,0.9999107980347078,-48.05532452490071
fine,0.51,0,0.0003769362267073388,-0.01089330613871975
fine,0.51,0,0.0008422492349858611,-0.1503550259530928
fine,0.51,0,0.0013189767238955385,-0.40312268291533804
fine,0.51,0,0.0017983804614377266,-0.38495044506327414
fine,0.51,0,0.002300574537251744,-0.5272665705586457
fine,0.51,0,0.0028081120547533305,-0.49957888367787895
fine,0.51,0,0.0033497386528767285,-0.5827254556386616
fine,0.51,0,0.0038993578052271384,-0.556710862610738
fine,0.51,0,0.004494249433891626,-0.6255512013742954
fine,0.51,0,0.005099755685049032,-0.5978360754985677
fine,0.51,0,0.005761564620484598,-0.6587862479724569
fine,0.51,0,0.006436574330156183,-0.6279850338920736
fine,0.51,0,0.007178726421607069,-0.6850476054460679
fine,0.51,0,0.007936620771796113,-0.6501710032835895
fine,0.51,0,0.008772270012699507,-0.7058336154792364
fine,0.51,0,0.00962614973002284,-0.666171870054326
fine,0.51,0,0.010568133749057428,-0.7219121126101067
fine,0.51,0,0.011530774776031727,-0.6768420928765595
fine,0.51,0,0.012591571398649245,-0.7333734824955658
fine,0.51,0,0.01367538166395072,-0.6825587678183114
fine,0.51,0,0.01486706669135813,-0.7403604710799803
fine,0.51,0,0.016084044125311135,-0.6839776931221393
fine,0.51,0,0.017418250473786444,-0.7439105045583043
fine,0.51,0,0.01877994241117173,-0.6826024032663731
fine,0.51,0,0.020267820749956512,-0.7454626285271027
fine,0.51,0,0.021785284857483215,-0.6792566810820648
fine,0.51,0,0.02343746587844835,-0.7442157348850766
fine,0.51,0,0.025121232739110988,-0.6725335729997881
fine,0.51,0,0.0269477911858587,-0.7392043633857899
fine,0.51,0,0.028807828666776312,-0.6636536023701194
fine,0.51,0,0.030818249244898316,-0.7323606865190151
fine,0.51,0,0.03286392876920821,-0.6538786540386159
fine,0.51,0,0.03506707405304395,-0.7237236050885643
fine,0.51,0,0.037307138889972745,-0.6437013459691778
fine,0.51,0,0.03971121933446277,-0.7136007269998703
fine,0.51,0,0.04215375501486977,-0.6340672043489108
fine,0.51,0,0.04476630117397562,-0.7026085343001469
fine,0.51,0,0.04741870813147699,-0.6259568916352289
fine,0.51,0,0.05024654517716985,-0.6912414272954481
fine,0.51,0,0.0531155137074131,-0.6199739797676669
fine,0.51,0,0.05616473833545335,-0.6797419263711315
fine,0.51,0,0.05925622595827445,-0.616163573209628
fine,0.51,0,0.06253218575892219,-0.6681069771068728
fine,0.51,0,0.06585139705998484,-0.6140299565681726
fine,0.51,0,0.06935867242344708,-0.6562156348235118
fine,0.51,0,0.07291004144357194,-0.6127505161270559
fine,0.51,0,0.07665243006141248,-0.6440090570722401
fine,0.51,0,0.08043960529318676,-0.6114981389381269
fine,0.51,0,0.0844201093081403,-0.6316354893942455
fine,0.51,0,0.0884459413505739,-0.6096906548574648
fine,0.51,0,0.09266675719824395,-0.6194250106305761
fine,0.51,0,0.09693328911124435,-0.6069956434843984
fine,0.51,0,0.10139580008806262,-0.6076782075124394
fine,0.51,0,0.10590426047936685,-0.6031900655337088
fine,0.51,0,0.11060903206195397,-0.5965682255137643
fine,0.51,0,0.11535983092990898,-0.5982392860930581
fine,0.51,0,0.12030660886168232,-0.5862216772447131
fine,0.51,0,0.1252993362079414,-0.5922326773187179
fine,0.51,0,0.13048704735943734,-0.5766375002453992
fine,0.51,0,0.135720474576263,-0.5853197131784489
fine,0.51,0,0.14114723057626766,-0.5677380265802083
fine,0.51,0,0.14661931460375263,-0.5777027417264882
fine,0.51,0,0.15228241822895375,-0.5594112681314216
fine,0.51,0,0.15799030846808884,-0.569605925665907
fine,0.51,0,0.16388626276962218,-0.5515348403155931
fine,0.51,0,0.16982631072781768,-0.5612579142034826
fine,0.51,0,0.17595083086384095,-0.5440239318204114
fine,0.51,0,0.18211860250027934,-0.5529262853017791
fine,0.51,0,0.18846663023451493,-0.5369315706695232
fine,0.51,0,0.1948569209635312,-0.545003676373685
fine,0.51,0,0.20142264178073868,-0.5305485277269404
fine,0.51,0,0.20802949408249635,-0.5379768085545185
fine,0.51,0,0.21480635686295285,-0.5250833785705253
fine,0.51,0,0.22162308044180512,-0.5317728481327499
fine,0.51,0,0.2286038196282186,-0.5200243717697299
fine,0.51,0,0.23562301405054906,-0.5256237170325453
fine,0.51,0,0.24279967423240537,-0.5145604303172524
fine,0.51,0,0.2500132539673545,-0.5189234712801445
fine,0.51,0,0.2573772167995085,-0.5082758098672542
fine,0.51,0,0.26477643857785016,-0.5113158328584606
fine,0.51,0,0.27231845194227733,-0.5007804290557649
fine,0.51,0,0.27989394434087417,-0.5021970017795423
fine,0.51,0,0.287604153652909,-0.4912844340866034
fine,0.51,0,0.2953459488046411,-0.49053697325824697
fine,0.51,0,0.3032139303577725,-0.47868112717717537
fine,0.51,0,0.3111114976796456,-0.4753824322008309
fine,0.51,0,0.31912629391604297,-0.4623845137828422
fine,0.51,0,0.3271685757413508,-0.4569256429484838
fine,0.51,0,0.3353187323287634,-0.44337480495268
fine,0.51,0,0.34349418132272164,-0.4368998097837291
fine,0.51,0,0.35176778591232155,-0.4233358289582003
fine,0.51,0,0.3600644041446054,-0.41631549757506736
fine,0.51,0,0.3684491266786016,-0.4028329698301494
fine,0.51,0,0.3768545062205373,-0.39558089080484526
fine,0.51,0,0.3853376406531876,-0.3824189501192641
fine,0.51,0,0.3938390055622576,-0.37528115046304267
fine,0.51,0,0.4024075128531069,-0.36267080551542774
fine,0.51,0,0.4109917624026945,-0.35578039714487386
fine,0.51,0,0.4196323146365595,-0.3437894811787061
fine,0.51,0,0.4282860676446611,-0.3371160433791476
fine,0.51,0,0.4369850931290773,-0.3257163051267753
fine,0.51,0,0.44569473323598635,-0.3191461725664675
fine,0.51,0,0.45443846242351704,-0.3082606931679075
fine,0.51,0,0.4631901841652749,-0.3016927051475231
fine,0.51,0,0.47196469624530396,-0.29125778061204577
fine,0.51,0,0.480744551767021,-0.2846808292713676
fine,0.51,0,0.4895358217693684,-0.2746756403952746
fine,0.51,0,0.4983297680203487,-0.26814148175211594
fine,0.51,0,0.5071237142713292,-0.25850018415153775
fine,0.51,0,0.5159176605223097,-0.2520038100384461
fine,0.51,0,0.5247001922926593,-0.24265128321248186
fine,0.51,0,0.5334800478143764,-0.2362672579813554
fine,0.51,0,0.5422371129978218,-0.2271602844781424
fine,0.51,0,0.5509888347395797,-0.22095220727859366
fine,0.51,0,0.5597064674007156,-0.21201723129207073
fine,0.51,0,0.5684161075076242,-0.20604085137341221
fine,0.51,0,0.577080475138219,-0.1971980978396819
fine,0.51,0,0.5857342281463206,-0.19152303113266855
fine,0.51,0,0.5943316784701446,-0.18269063298874721
fine,0.51,0,0.602915928019732,-0.1773973431376683
fine,0.51,0,0.6114330351875403,-0.1684806918386632
fine,0.51,0,0.6199344000966108,-0.1636592425451957
fine,0.51,0,0.6283580101149663,-0.15454769927925538
fine,0.51,0,0.6367633896569019,-0.1503084453298198
fine,0.51,0,0.6450806648971263,-0.14088457285695433
fine,0.51,0,0.6533772831294109,-0.13737664547754802
fine,0.51,0,0.6615757457660528,-0.127503549165233
fine,0.51,0,0.6697511947600107,-0.1248954194312939
fine,0.51,0,0.677818768991861,-0.11439963579001877
fine,0.51,0,0.685861050817165,-0.1128977722847142
fine,0.51,0,0.6937861037279507,-0.10162912779026612
fine,0.51,0,0.7016836710498269,-0.1015280439035875
fine,0.51,0,0.7094550519703017,-0.08931772455933062
fine,0.51,0,0.7171968471220341,-0.09083967815309868
fine,0.51,0,0.7248039253603283,-0.07742453343936595
fine,0.51,0,0.7323794177589253,-0.08073188535924958
fine,0.51,0,0.7398121185714369,-0.06580679738116935
fine,0.51,0,0.747211340349779,-0.07107638312998743
fine,0.51,0,0.754460179030916,-0.054336399681316205
fine,0.51,0,0.7616737587658654,-0.06180025307416148
fine,0.51,0,0.7687298727412896,-0.04294764464786183
fine,0.51,0,0.7757490671636215,-0.052888961081493546
fine,0.51,0,0.7826042459783897,-0.03162400985837577
fine,0.51,0,0.7894209695572407,-0.044351101355480926
fine,0.51,0,0.7960676826573941,-0.020375236122823548
fine,0.51,0,0.8026745349591526,-0.036209461426686795
fine,0.51,0,0.8091059571727188,-0.009241723309868277
fine,0.51,0,0.815496247901735,-0.028496007764767795
fine,0.51,0,0.821706282532953,0.0017326228206859806
fine,0.51,0,0.8278740541693904,-0.021209383271915794
fine,0.51,0,0.833857353628002,0.012518488350305002
fine,0.51,0,0.8397974015862,-0.014348116495541685
fine,0.51,0,0.845549385481997,0.0230499257769905
fine,0.51,0,0.8512572757211313,-0.00793195294937954
fine,0.51,0,0.8567741463625497,0.033228947976971845
fine,0.51,0,0.8622462303900343,-0.0019821556863208745
fine,0.51,0,0.8675249856343406,0.04294041200725207
fine,0.51,0,0.8727584128511666,0.0034918961775883828
fine,0.51,0,0.8777968562627554,0.0520550350615725
fine,0.51,0,0.8827895836090152,0.008494954724034387
fine,0.51,0,0.8875863318914524,0.060428036083178704
fine,0.51,0,0.8923371307594036,0.013044358185904992
fine,0.51,0,0.8968916184360778,0.06790279087259465
fine,0.51,0,0.9014000788273858,0.017166884877462207
fine,0.51,0,0.9057125601548727,0.07432535646278082
fine,0.51,0,0.9099790920678725,0.020906157770754552
fine,0.51,0,0.9140506401756365,0.07959419895740716
fine,0.51,0,0.9180764722180702,0.024361882551342195
fine,0.51,0,0.9219089754773243,0.08368912521465366
fine,0.51,0,0.9256961507090988,0.027640531712353922
fine,0.51,0,0.9292923063431576,0.0866378754340148
fine,0.51,0,0.9328436753632825,0.030815532709243865
fine,0.51,0,0.9362069803210072,0.08854734252461238
fine,0.51,0,0.9395261916220695,0.03394070225636747
fine,0.51,0,0.9426609307453062,0.08963241464227067
fine,0.51,0,0.9457524183681275,0.03705928590070473
fine,0.51,0,0.9486636498931509,0.0901997076118698
fine,0.51,0,0.9515326184233944,0.04020614467264361
fine,0.51,0,0.9542261568654459,0.09059121058797837
fine,0.51,0,0.9568785638229476,0.04341049027968025
fine,0.51,0,0.9593609603017502,0.0911115204172851
fine,0.51,0,0.9618034959821578,0.046697346372986726
fine,0.51,0,0.9640820160550021,0.09197536793010275
fine,0.51,0,0.9663220808919292,0.050088316314147896
fine,0.51,0,0.9684046799693332,0.09329642486574463
fine,0.51,0,0.9704503594936449,0.05360190228285333
fine,0.51,0,0.9723456559207502,0.09510788819160632
fine,0.51,0,0.9742056934016674,0.05725329044601124
fine,0.51,0,0.9759229392964994,0.09739120043873661
fine,0.51,0,0.977606706157162,0.061050304543182166
fine,0.51,0,0.9791557561043863,0.10009858233900037
fine,0.51,0,0.9806732202119135,0.06499200045711695
fine,0.51,0,0.9820644979180408,0.10318343655829132
fine,0.51,0,0.9834261898554257,0.06909064318723912
fine,0.51,0,0.9846706528782887,0.10660830103453656
fine,0.51,0,0.9858876303122419,0.0733472837042175
fine,0.51,0,0.9869967329840885,0.11033161754200038
fine,0.51,0,0.9880805432493895,0.0777598058253457
fine,0.51,0,0.9890661979190487,0.11433716568726093
fine,0.51,0,0.9900288389460237,0.08234795280124985
fine,0.51,0,0.9909033756712872,0.11863986314600294
fine,0.51,0,0.9917572553886107,0.08715457356844691
fine,0.51,0,0.9925333802152202,0.12328596732906472
fine,0.51,0,0.9932912745654094,0.09225118667965537
fine,0.51,0,0.993982026533819,0.1283630863032298
fine,0.51,0,0.9946570362434897,0.09775277085754652
fine,0.51,0,0.995275743268884,0.13400721476152788
fine,0.51,0,0.9958812495200423,0.10380072871849377
fine,0.51,0,0.9964414832948851,0.1402913530466624
fine,0.51,0,0.9969911024472353,0.11018521082171273
fine,0.51,0,0.9975066325189638,0.14610626666974547
fine,0.51,0,0.9980141700364649,0.11287058748112655
fine,0.51,0,0.9984989172156951,0.1377261532135713
fine,0.51,0,0.9989783209532372,0.04744076380375495
fine,0.51,0,0.9994463102101492,-70.58837783467168
fine,0.51,0,0.9999116232184282,-79.53222604857797
fine,0.51,1,0.0003769362267073388,0.22260906246080459
fine,0.51,1,0.0008422492349858611,0.21738375133420584
fine,0.51,1,0.0013189767238955385,0.3585161664576352
fine,0.51,1,0.0017983804614377266,0.327956036739644
fine,0.51,1,0.002300574537251744,0.41221485066411523
fine,0.51,1,0.0028081120547533305,0.3796552977253629
fine,0.51,1,0.0033497386528767285,0.4506873551752014
fine,0.51,1,0.0038993578052271384,0.41561906600065357
fine,0.51,1,0.004494249433891626,0.47173790825921613
fine,0.51,1,0.005099755685049032,0.4372033730436079
fine,0.51,1,0.005761564620484152,0.481465552155559
fine,0.51,1,0.006436574330156183,0.4489507534054007
fine,0.51,1,0.0071787264216068465,0.4828645172012238
fine,0.51,1,0.00793662077179589,0.45331818109847566
fine,0.51,1,0.008772270012699283,0.47771255310712313
fine,0.51,1,0.009626149730022618,0.4518617835367247
fine,0.51,1,0.010568133749057428,0.46723282956780976
fine,0.51,1,0.011530774776031951,0.4457149645402161
fine,0.51,1,0.012591571398649245,0.4524054552108435
fine,0.51,1,0.01367538166395072,0.43581145062986726
fine,0.51,1,0.014867066691358354,0.4340983876630723
fine,0.51,1,0.016084044125311583,0.42295763791830376
fine,0.51,1,0.017418250473786444,0.413047557551658
fine,0.51,1,0.018779942411171507,0.4078032073989868
fine,0.51,1,0.020267820749956512,0.38982037376201595
fine,0.51,1,0.021785284857483437,0.3909321855570631
fine,0.51,1,0.02343746587844835,0.3651091018842635
fine,0.51,1,0.025121232739110988,0.3730633193655368
fine,0.51,1,0.0269477911858587,0.33971828550618055
fine,0.51,1,0.028807828666776312,0.35450317734094483
fine,0.51,1,0.030818249244898316,0.3139431053012045
fine,0.51,1,0.03286392876920821,0.3354454697559095
fine,0.51,1,0.03506707405304395,0.28826983700600317
fine,0.51,1,0.03730713888997252,0.3159648052575701
fine,0.51,1,0.03971121933446255,0.26307165437097213
fine,0.51,1,0.04215375501486977,0.29589222163535667
fine,0.51,1,0.04476630117397562,0.23856686600739763
fine,0.51,1,0.04741870813147699,0.27490777654221865
fine,0.51,1,0.05024654517717008,0.21489620546730892
fine,0.51,1,0.053115513707413325,0.25270402997488717
fine,0.51,1,0.056164738335453795,0.19217178483539743
fine,0.51,1,0.05925622595827467,0.2291567012369481
fine,0.51,1,0.06253218575892242,0.170505137773994
fine,0.51,1,0.06585139705998506,0.2044343155593492
fine,0.51,1,0.06935867242344732,0.14999495969881527
fine,0.51,1,0.07291004144357194,0.17898736640540702
fine,0.51,1,0.07665243006141248,0.13068098758876345
fine,0.51,1,0.08043960529318676,0.15341716986803455
fine,0.51,1,0.0844201093081403,0.11248974294022829
fine,0.51,1,0.0884459413505739,0.12830840113363806
fine,0.51,1,0.09266675719824417,0.09523388542618394
fine,0.51,1,0.09693328911124435,0.10414183376302533
fine,0.51,1,0.10139580008806284,0.07870071603795314
fine,0.51,1,0.10590426047936685,0.08129520575838012
fine,0.51,1,0.11060903206195419,0.06272316658255961
fine,0.51,1,0.11535983092990944,0.059984638361749165
fine,0.51,1,0.12030660886168276,0.047165335968773814
fine,0.51,1,0.12529933620794162,0.040294636105180914
fine,0.51,1,0.13048704735943734,0.03197415055989494
fine,0.51,1,0.135720474576263,0.022213518619458195
fine,0.51,1,0.14114723057626766,0.017162091340308328
fine,0.51,1,0.14661931460375263,0.0056509116936797055
fine,0.51,1,0.15228241822895375,0.002781737709508403
fine,0.51,1,0.15799030846808884,-0.009534526697687173
fine,0.51,1,0.16388626276962218,-0.011096310165040535
fine,0.51,1,0.1698263107278179,-0.02351587776359687
fine,0.51,1,0.17595083086384117,-0.02441931488113691
fine,0.51,1,0.18211860250027934,-0.03650862313454484
fine,0.51,1,0.18846663023451493,-0.03721874460838026
fine,0.51,1,0.1948569209635312,-0.04881519019967939
fine,0.51,1,0.20142264178073868,-0.04968349295848462
fine,0.51,1,0.20802949408249635,-0.060808372635265506
fine,0.51,1,0.21480635686295285,-0.0619977517420669
fine,0.51,1,0.22162308044180512,-0.07253678464317592
fine,0.51,1,0.22860381962821838,-0.07393181356717715
fine,0.51,1,0.23562301405054906,-0.08361896940733637
fine,0.51,1,0.24279967423240514,-0.08503428500712595
fine,0.51,1,0.2500132539673545,-0.09374013088663147
fine,0.51,1,0.2573772167995085,-0.09506467610596658
fine,0.51,1,0.26477643857785016,-0.10270030576444888
fine,0.51,1,0.27231845194227733,-0.10378418873976525
fine,0.51,1,0.27989394434087417,-0.11011180397454079
fine,0.51,1,0.287604153652909,-0.11067083181853143
fine,0.51,1,0.2953459488046411,-0.11527481310909571
fine,0.51,1,0.3032139303577725,-0.11493684954136163
fine,0.51,1,0.3111114976796456,-0.11749712684656122
fine,0.51,1,0.31912629391604297,-0.11607160267387773
fine,0.51,1,0.3271685757413508,-0.11682705550183758
fine,0.51,1,0.3353187323287634,-0.11460972375255274
fine,0.51,1,0.34349418132272164,-0.11437901291930119
fine,0.51,1,0.35176778591232155,-0.11166560612570553
fine,0.51,1,0.3600644041446054,-0.11080179767377252
fine,0.51,1,0.3684491266786016,-0.10763097314769499
fine,0.51,1,0.3768545062205373,-0.10637965441744224
fine,0.51,1,0.3853376406531876,-0.1029137439817156
fine,0.51,1,0.3938390055622576,-0.101547112331688
fine,0.51,1,0.4024075128531069,-0.0979699698627372
fine,0.51,1,0.4109917624026945,-0.09660104512096401
fine,0.51,1,0.4196323146365595,-0.09300122261194299
fine,0.51,1,0.4282860676446611,-0.09161750860736673
fine,0.51,1,0.4369850931290773,-0.08802068078120695
fine,0.51,1,0.44569473323598635,-0.08654282447177941
fine,0.51,1,0.45443846242351704,-0.08293507991273641
fine,0.51,1,0.4631901841652749,-0.08129194885600977
fine,0.51,1,0.47196469624530396,-0.07765905963999553
fine,0.51,1,0.480744551767021,-0.07585128894559201
fine,0.51,1,0.4895358217693684,-0.07220149019101973
fine,0.51,1,0.4983297680203491,-0.07028263161023873
fine,0.51,1,0.5071237142713292,-0.06658480699165881
fine,0.51,1,0.5159176605223093,-0.06456388402161184
fine,0.51,1,0.5247001922926591,-0.06077423328784004
fine,0.51,1,0.5334800478143762,-0.058725994344394516
fine,0.51,1,0.5422371129978218,-0.05482113196213123
fine,0.51,1,0.5509888347395797,-0.05281216373177533
fine,0.51,1,0.5597064674007156,-0.0487431275697634
fine,0.51,1,0.5684161075076242,-0.04683416239123095
fine,0.51,1,0.5770804751382188,-0.042544353700280535
fine,0.51,1,0.5857342281463206,-0.04080804217063072
fine,0.51,1,0.5943316784701448,-0.03623659543468527
fine,0.51,1,0.6029159280197325,-0.03475550151341311
fine,0.51,1,0.6114330351875408,-0.02982866519022731
fine,0.51,1,0.6199344000966113,-0.028694226986540894
fine,0.51,1,0.6283580101149667,-0.0233221349116981
fine,0.51,1,0.6367633896569024,-0.02264428706773569
fine,0.51,1,0.6450806648971266,-0.016728002578465073
fine,0.51,1,0.6533772831294113,-0.016651677182440094
fine,0.51,1,0.661575745766053,-0.01007282880434901
fine,0.51,1,0.6697511947600107,-0.010761813886169813
fine,0.51,1,0.677818768991865,-0.0033683374253479226
fine,0.51,1,0.6858610508171741,-0.005021135301414459
fine,0.51,1,0.6937861037279569,0.0033226776685950643
fine,0.51,1,0.7016836710498282,0.0004285893508307881
fine,0.51,1,0.7094550519703021,0.009873864460646753
fine,0.51,1,0.7171968471220341,0.005522741318638613
fine,0.51,1,0.7248039253603288,0.01629958640619833
fine,0.51,1,0.7323794177589256,0.010328107093097838
fine,0.51,1,0.7398121185714369,0.022704845639756388
fine,0.51,1,0.747211340349779,0.014937543308264023
fine,0.51,1,0.754460179030916,0.029186537647177824
fine,0.51,1,0.7616737587658654,0.019398492030142767
fine,0.51,1,0.7687298727412891,0.03579000641907981
fine,0.51,1,0.7757490671636206,0.02370991338860029
fine,0.51,1,0.782604245978388,0.04251895221573676
fine,0.51,1,0.7894209695572381,0.027851690430973353
fine,0.51,1,0.7960676826573924,0.04935402842899561
fine,0.51,1,0.8026745349591513,0.03179214528394281
fine,0.51,1,0.8091059571727184,0.05624881500132539
fine,0.51,1,0.815496247901735,0.035492146264594515
fine,0.51,1,0.8217062825329516,0.06315298003273195
fine,0.51,1,0.8278740541693878,0.03894274489483163
fine,0.51,1,0.8338573536280006,0.07002946064262006
fine,0.51,1,0.8397974015861995,0.04213620646866434
fine,0.51,1,0.845549385481997,0.07680897660794017
fine,0.51,1,0.8512572757211313,0.04504726085478572
fine,0.51,1,0.8567741463625501,0.08339339944961932
fine,0.51,1,0.8622462303900352,0.04765080284676393
fine,0.51,1,0.867524985634341,0.08966892747445154
fine,0.51,1,0.8727584128511666,0.04993404313582539
fine,0.51,1,0.8777968562627554,0.09550866554931026
fine,0.51,1,0.8827895836090152,0.051898889164817885
fine,0.51,1,0.8875863318914529,0.10077135138089355
fine,0.51,1,0.8923371307594045,0.05356016347868664
fine,0.51,1,0.8968916184360782,0.1053044179330268
fine,0.51,1,0.9014000788273854,0.05494223953262167
fine,0.51,1,0.9057125601548722,0.10895748367598845
fine,0.51,1,0.9099790920678725,0.056085066181006504
fine,0.51,1,0.9140506401756365,0.1116285567765467
fine,0.51,1,0.9180764722180702,0.05708019031168976
fine,0.51,1,0.9219089754773243,0.11329281631304355
fine,0.51,1,0.9256961507090988,0.058025171175594026
fine,0.51,1,0.9292923063431576,0.11397337611455616
fine,0.51,1,0.9328436753632825,0.05898693875047767
fine,0.51,1,0.9362069803210072,0.11377137300944495
fine,0.51,1,0.9395261916220704,0.0600138027999767
fine,0.51,1,0.9426609307453062,0.11289311644203659
fine,0.51,1,0.9457524183681275,0.06114418793714105
fine,0.51,1,0.9486636498931509,0.1116339845978287
fine,0.51,1,0.9515326184233944,0.06240861440217449
fine,0.51,1,0.9542261568654459,0.11032264820277948
fine,0.51,1,0.9568785638229476,0.06383219329103151
fine,0.51,1,0.9593609603017502,0.10925014040504433
fine,0.51,1,0.9618034959821578,0.06543617972381466
fine,0.51,1,0.9640820160550053,0.10861904591233784
fine,0.51,1,0.9663220808919363,0.06723851045118623
fine,0.51,1,0.9684046799693381,0.10853322448839142
fine,0.51,1,0.9704503594936458,0.06925425954412379
fine,0.51,1,0.9723456559207506,0.10901844038788455
fine,0.51,1,0.9742056934016678,0.07149501530058411
fine,0.51,1,0.9759229392964999,0.11005067302338278
fine,0.51,1,0.9776067061571625,0.07396539037716787
fine,0.51,1,0.9791557561043868,0.11157822187491151
fine,0.51,1,0.9806732202119135,0.07666092843444572
fine,0.51,1,0.9820644979180408,0.11355064824208772
fine,0.51,1,0.9834261898554266,0.07958972570201162
fine,0.51,1,0.9846706528782891,0.11592708880709246
fine,0.51,1,0.9858876303122419,0.08274866261431069
fine,0.51,1,0.9869967329840885,0.11866269532631624
fine,0.51,1,0.9880805432493891,0.086130950559278
fine,0.51,1,0.9890661979190487,0.12173674686785052
fine,0.51,1,0.9900288389460241,0.08974975813659858
fine,0.51,1,0.9909033756712872,0.12515859547071861
fine,0.51,1,0.9917572553886107,0.09364058603653858
fine,0.51,1,0.9925333802152202,0.12896711576648967
fine,0.51,1,0.9932912745654094,0.09786404689488315
fine,0.51,1,0.993982026533819,0.13323969589386686
fine,0.51,1,0.9946570362434901,0.10252263538322637
fine,0.51,1,0.995275743268884,0.138098529308459
fine,0.51,1,0.9958812495200419,0.10773988841895721
fine,0.51,1,0.9964414832948851,0.1435923749383594
fine,0.51,1,0.9969911024472353,0.11328482801115847
fine,0.51,1,0.9975066325189638,0.1485704571451466
fine,0.51,1,0.9980141700364658,0.11511328880550575
fine,0.51,1,0.9984989172156955,0.13927174422583422
fine,0.51,1,0.9989783209532377,0.04886320220872342
fine,0.51,1,0.9994463102101492,-71.39285513360646
fine,0.51,1,0.9999116232184282,-79.53222604857797
