level,eta,side,x/c,Cp
coarse,0.041,0,0.00048118465090914685,0.14371103721745326
coarse,0.041,0,0.0015496014049228182,0.41738591635129263
coarse,0.041,0,0.00269005562647162,-0.18400418605514313
coarse,0.041,0,0.003918423528315704,-0.1292121251854017
coarse,0.041,0,0.0052896337841874235,-0.2648219698121246
coarse,0.041,0,0.006835167173204858,-0.2657812282476486
coarse,0.041,0,0.008591903730461864,-0.31830461939511934
coarse,0.041,0,0.010606390156575746,-0.3294903784902423
coarse,0.041,0,0.012896826820377405,-0.3621150396931547
coarse,0.041,0,0.015524029917030911,-0.37258131534292116
coarse,0.041,0,0.01848720873574291,-0.39489043093937415
coarse,0.041,0,0.021860408384262946,-0.40790621377561664
coarse,0.041,0,0.02562386060145986,-0.41639005162575327
coarse,0.041,0,0.029863572475346302,-0.44483121227028843
coarse,0.041,0,0.03454113643487875,-0.4250601384994628
coarse,0.041,0,0.03975304994321132,-0.48840622098021846
coarse,0.041,0,0.0454429232835782,-0.42565474701822437
coarse,0.041,0,0.051716093195926224,-0.5312006965352816
coarse,0.041,0,0.0584991526614552,-0.42560123096931446
coarse,0.041,0,0.06590447535607928,-0.5598371593316813
coarse,0.041,0,0.07384289297340799,-0.4295551616893327
coarse,0.041,0,0.08243189338057205,-0.5682209156519109
coarse,0.041,0,0.0915680726780352,-0.4358150804914922
coarse,0.041,0,0.10137202267416444,-0.5605508374575272
coarse,0.041,0,0.11172787314566725,-0.44092963706512456
coarse,0.041,0,0.12275725648287138,-0.5444133907654041
coarse,0.041,0,0.13433381871037453,-0.443303926286466
coarse,0.041,0,0.14657815163654367,-0.5259367510236774
coarse,0.041,0,0.15935557948541748,-0.4435135153146692
coarse,0.041,0,0.1727835901241267,-0.5092107375477146
coarse,0.041,0,0.1867214903160169,-0.44341164710147996
coarse,0.041,0,0.20128165373700224,-0.4974249604241807
coarse,0.041,0,0.216319776990022,-0.44508692845766595
coarse,0.041,0,0.2319411968150229,-0.49089514656967914
coarse,0.041,0,0.24800046872566975,-0.4472768780940466
coarse,0.041,0,0.26459409018511665,-0.4846752833085606
coarse,0.041,0,0.28157796421324005,-0.44410792375152464
coarse,0.041,0,0.29903809789805247,-0.4709147139843315
coarse,0.041,0,0.31683420730492456,-0.42929454584802773
coarse,0.041,0,0.3350403375416063,-0.4445147647344252
coarse,0.041,0,0.35352241801597445,-0.40289191321132467
coarse,0.041,0,0.37234126492319286,-0.41087088072502986
coarse,0.041,0,0.3913713149986512,-0.3726077308031608
coarse,0.041,0,0.4106591149429669,-0.37613490450921394
coarse,0.041,0,0.4300897572413104,-0.3424001194063939
coarse,0.041,0,0.4496947226727998,-0.34263218547985397
coarse,0.041,0,0.4693717255718243,-0.31275319044762084
coarse,0.041,0,0.48913664215114394,-0.30998526295435
coarse,0.041,0,0.5089015587304634,-0.28295060610006906
coarse,0.041,0,0.528666475309783,-0.2776848900349995
coarse,0.041,0,0.5483593544215678,-0.2528563500831347
coarse,0.041,0,0.567964319853058,-0.2455910448740639
coarse,0.041,0,0.5874264429305198,-0.22252702087863807
coarse,0.041,0,0.6067142428748349,-0.21368174747408886
coarse,0.041,0,0.6257908396509104,-0.19204745681671698
coarse,0.041,0,0.6446096865581292,-0.18206080102012545
coarse,0.041,0,0.6631525832276604,-0.16166291397779653
coarse,0.041,0,0.68135871346434,-0.1511232779854037
coarse,0.041,0,0.6992288679789616,-0.1319553812701506
coarse,0.041,0,0.7166890016637757,-0.12168560759092517
coarse,0.041,0,0.7337588827799126,-0.10348759688090747
coarse,0.041,0,0.7503525042393596,-0.09375705621896113
coarse,0.041,0,0.7665082736131604,-0.07590548713607248
coarse,0.041,0,0.7821296934381609,-0.06693387261038475
coarse,0.041,0,0.7972731534311278,-0.04902834349121954
coarse,0.041,0,0.8118333168521147,-0.04124511660553054
coarse,0.041,0,0.8258835907199191,-0.02321108286926421
coarse,0.041,0,0.8393116013586267,-0.016841916242275268
coarse,0.041,0,0.8522065170746307,0.0012317252402397338
coarse,0.041,0,0.8644508500008001,0.00611261968204424
coarse,0.041,0,0.8761480040366688,0.024083730883475263
coarse,0.041,0,0.887177387373869,0.027245920282850333
coarse,0.041,0,0.8976548702356991,0.04515813372310984
coarse,0.041,0,0.9074588202318321,0.045939382265117956
coarse,0.041,0,0.9167155913376644,0.0643073082510135
coarse,0.041,0,0.925304591744829,0.0618279443690426
coarse,0.041,0,0.9333604972292886,0.08145884576858531
coarse,0.041,0,0.9407658199239126,0.07514847306276284
coarse,0.041,0,0.9476612530653556,0.09622885900368505
coarse,0.041,0,0.9539344229777034,0.08661540169116355
coarse,0.041,0,0.959729633058017,0.1080506162549768
coarse,0.041,0,0.9649415465663495,0.09698993455530769
coarse,0.041,0,0.9697156079890361,0.11736527001799602
coarse,0.041,0,0.9739553198629224,0.10678109029494587
coarse,0.041,0,0.977804779168133,0.12595238877211334
coarse,0.041,0,0.981177978816655,0.11620755681388628
coarse,0.041,0,0.9842152027431164,0.1349852613702176
coarse,0.041,0,0.9868424058397669,0.12515670531770684
coarse,0.041,0,0.9891936586987315,0.14423883414840188
coarse,0.041,0,0.9912081451248465,0.13273996408250166
coarse,0.041,0,0.9930114283827214,0.15182559134024776
coarse,0.041,0,0.9945569617717391,0.1338910398700638
coarse,0.041,0,0.9959596528067287,0.14306056787146237
coarse,0.041,0,0.9971880207085727,0.0621029622522663
coarse,0.041,0,0.9983443511428813,0.40980143026629945
coarse,0.041,0,0.999412767896895,-4.127513307017782
coarse,0.041,1,0.00048118465090914685,0.41887727595468527
coarse,0.041,1,0.0015496014049228182,-0.4301964900742148
coarse,0.041,1,0.00269005562647169,0.49002966852866736
coarse,0.041,1,0.003918423528315872,0.4983023249301838
coarse,0.041,1,0.005289633784187605,0.48098841892045285
coarse,0.041,1,0.006835167173204914,0.4883511973834255
coarse,0.041,1,0.00859190373046192,0.44388912604047326
coarse,0.041,1,0.010606390156575914,0.45690095672772724
coarse,0.041,1,0.012896826820377546,0.3943751858470359
coarse,0.041,1,0.015524029917030798,0.4154750758275314
coarse,0.041,1,0.018487208735742795,0.33921827098820345
coarse,0.041,1,0.021860408384263057,0.3658532640187756
coarse,0.041,1,0.02562386060146008,0.28396742415837684
coarse,0.041,1,0.029863572475346496,0.3048718600155993
coarse,0.041,1,0.034541136434878945,0.23392814516816585
coarse,0.041,1,0.039753049943211376,0.22984251587380577
coarse,0.041,1,0.04544292328357814,0.19017724960503435
coarse,0.041,1,0.05171609319592603,0.1485117918374157
coarse,0.041,1,0.05849915266145498,0.14949150051426463
coarse,0.041,1,0.06590447535607923,0.07553483411526363
coarse,0.041,1,0.07384289297340799,0.10827860966371661
coarse,0.041,1,0.08243189338057205,0.02004457850813046
coarse,0.041,1,0.09156807267803525,0.06734080251884944
coarse,0.041,1,0.1013720226741646,-0.018364686675473196
coarse,0.041,1,0.1117278731456675,0.029833503783756044
coarse,0.041,1,0.1227572564828716,-0.044569733252392885
coarse,0.041,1,0.13433381871037475,-0.0023631641568273576
coarse,0.041,1,0.1465781516365439,-0.06357845399812967
coarse,0.041,1,0.15935557948541765,-0.02953954445161755
coarse,0.041,1,0.1727835901241268,-0.07937724214062514
coarse,0.041,1,0.1867214903160169,-0.05339352515032769
coarse,0.041,1,0.20128165373700224,-0.09533098278296714
coarse,0.041,1,0.216319776990022,-0.07606661505347012
coarse,0.041,1,0.2319411968150229,-0.11264826394376759
coarse,0.041,1,0.24800046872566975,-0.09734607470530254
coarse,0.041,1,0.26459409018511665,-0.12845851433950828
coarse,0.041,1,0.28157796421324,-0.11330213545096002
coarse,0.041,1,0.2990380978980523,-0.1371908174062615
coarse,0.041,1,0.31683420730492434,-0.11910081200889433
coarse,0.041,1,0.33504033754160617,-0.13471913220791354
coarse,0.041,1,0.3535224180159745,-0.11434113575234917
coarse,0.041,1,0.372341264923193,-0.12469049967821322
coarse,0.041,1,0.39137131499865147,-0.10471989851866326
coarse,0.041,1,0.41065911494296714,-0.11178572988787971
coarse,0.041,1,0.4300897572413105,-0.09348089254398784
coarse,0.041,1,0.4496947226727998,-0.09809655695202357
coarse,0.041,1,0.4693717255718243,-0.08127160997504079
coarse,0.041,1,0.48913664215114405,-0.08363250692711799
coarse,0.041,1,0.5089015587304636,-0.06773623464509648
coarse,0.041,1,0.5286664753097831,-0.06821387043145233
coarse,0.041,1,0.5483593544215681,-0.0529166388213449
coarse,0.041,1,0.5679643198530588,-0.051896864167695345
coarse,0.041,1,0.5874264429305208,-0.036978204719478436
coarse,0.041,1,0.6067142428748352,-0.0348046656979224
coarse,0.041,1,0.6257908396509105,-0.020092177583225013
coarse,0.041,1,0.6446096865581294,-0.017148928625778437
coarse,0.041,1,0.663152583227661,-0.0025565753831418014
coarse,0.041,1,0.6813587134643413,0.0006188810789574672
coarse,0.041,1,0.6992288679789629,0.015039378943377257
coarse,0.041,1,0.7166890016637761,0.017681608722751596
coarse,0.041,1,0.7337588827799125,0.032113073940502
coarse,0.041,1,0.7503525042393594,0.03389715231860235
coarse,0.041,1,0.7665082736131595,0.04886280028305967
coarse,0.041,1,0.7821296934381589,0.049501196281918514
coarse,0.041,1,0.7972731534311254,0.06534968586954237
coarse,0.041,1,0.8118333168521132,0.06438812145320427
coarse,0.041,1,0.8258835907199186,0.08118524726797138
coarse,0.041,1,0.8393116013586271,0.0783732671337023
coarse,0.041,1,0.8522065170746315,0.09603985051869535
coarse,0.041,1,0.8644508500008006,0.09129565273452422
coarse,0.041,1,0.8761480040366691,0.1097156378775278
coarse,0.041,1,0.8871773873738699,0.10283289412076935
coarse,0.041,1,0.8976548702356999,0.12208927668506553
coarse,0.041,1,0.9074588202318321,0.11244337447313224
coarse,0.041,1,0.9167155913376644,0.13309676868831688
coarse,0.041,1,0.9253045917448286,0.11980235618116453
coarse,0.041,1,0.9333604972292884,0.1427173769963136
coarse,0.041,1,0.9407658199239126,0.12515253308184304
coarse,0.041,1,0.9476612530653556,0.15059501543514864
coarse,0.041,1,0.9539344229777034,0.12922122359274724
coarse,0.041,1,0.959729633058017,0.15617495246863355
coarse,0.041,1,0.9649415465663495,0.13280711951059498
coarse,0.041,1,0.9697156079890359,0.15987380467454793
coarse,0.041,1,0.9739553198629226,0.13647288212356012
coarse,0.041,1,0.9778047791681304,0.16341950075919487
coarse,0.041,1,0.9811779788166468,0.1404870138706289
coarse,0.041,1,0.9842152027431075,0.16795358778531466
coarse,0.041,1,0.9868424058397636,0.14476606842950834
coarse,0.041,1,0.9891936586987313,0.17323753813039755
coarse,0.041,1,0.9912081451248462,0.14842115090757602
coarse,0.041,1,0.9930114283827214,0.17742135098511258
coarse,0.041,1,0.9945569617717391,0.14633113546010124
coarse,0.041,1,0.9959596528067287,0.16594456867410035
coarse,0.041,1,0.9971880207085727,0.07227974720946706
coarse,0.041,1,0.9983443511428813,0.46291309777409473
coarse,0.041,1,0.999412767896895,-4.127513307017782
medium,0.041,0,6.0106394590345875e-05,0.20141919575085798
medium,0.041,0,0.000762480564323757,0.452914651895731
medium,0.041,0,0.0014689201025283964,-0.07916149473449607
medium,0.041,0,0.0022188001961175883,0.022293634107864668
medium,0.041,0,0.002976780086740445,-0.13797922981446642
medium,0.041,0,0.0038213104792755976,-0.10909569158866161
medium,0.041,0,0.0046779134530605575,-0.19204159803290755
medium,0.041,0,0.005663518173705085,-0.17883001545989408
medium,0.041,0,0.006665076380182741,-0.2399472778353453
medium,0.041,0,0.007837105797281049,-0.23417902529640355
medium,0.041,0,0.009028848189135477,-0.281869388306925
medium,0.041,0,0.010431233866523944,-0.2819927804977185
medium,0.041,0,0.011856941979951,-0.3171196618461509
medium,0.041,0,0.013531862331236598,-0.32630172594304363
medium,0.041,0,0.01523353708202198,-0.3450822186623843
medium,0.041,0,0.01722109636737633,-0.37091400091879634
medium,0.041,0,0.019238638398557037,-0.3668845021168401
medium,0.041,0,0.021576561507090617,-0.4163923612173104
medium,0.041,0,0.023947467520977282,-0.38252444790008555
medium,0.041,0,0.026670812861550434,-0.45821978891487913
medium,0.041,0,0.029429890247177997,-0.39258819234921605
medium,0.041,0,0.03257078293274012,-0.49275821334869185
medium,0.041,0,0.035749884860619564,-0.40059028570189237
medium,0.041,0,0.0393372722167033,-0.5169397817666053
medium,0.041,0,0.04296505521696179,-0.40833985777842785
medium,0.041,0,0.04702448647505605,-0.5306130400383711
medium,0.041,0,0.05112619234393883,-0.41688815000787893
medium,0.041,0,0.05567962419641018,-0.5355157119244502
medium,0.041,0,0.060276887890969626,-0.4254225292652618
medium,0.041,0,0.06534251738737609,-0.5337380079907492
medium,0.041,0,0.07045320237038545,-0.432335752650723
medium,0.041,0,0.07604532842694091,-0.5274549149987076
medium,0.041,0,0.08168339071515585,-0.4367327580271685
medium,0.041,0,0.08781230529134439,-0.5190122707435343
medium,0.041,0,0.09398768724178905,-0.4389467244353751
medium,0.041,0,0.10065959701233833,-0.5102783277891079
medium,0.041,0,0.10737815165496441,-0.43979525287478416
medium,0.041,0,0.11459513077330384,-0.5022828838501141
medium,0.041,0,0.12185857726589934,-0.44006087263316207
medium,0.041,0,0.12961855157859992,-0.49536977629461965
medium,0.041,0,0.1374244621229599,-0.44031697083454047
medium,0.041,0,0.1457212249552932,-0.48948631764838746
medium,0.041,0,0.15406304327422934,-0.4408805902318278
medium,0.041,0,0.16288630266671167,-0.48450216842651717
medium,0.041,0,0.17175339390128203,-0.4419249451441376
medium,0.041,0,0.18108885093769977,-0.48053587212132576
medium,0.041,0,0.19046658258490598,-0.4438337590468735
medium,0.041,0,0.20029604021570058,-0.478341948997846
medium,0.041,0,0.21016589349066994,-0.44713390157341126
medium,0.041,0,0.22046739502347515,-0.4778981152744579
medium,0.041,0,0.23080710579859776,-0.45098963517626145
medium,0.041,0,0.24155510200192443,-0.4776043496817368
medium,0.041,0,0.2523388302503056,-0.4535138946895272
medium,0.041,0,0.2635043737986214,-0.47598595885994355
medium,0.041,0,0.27470290025229027,-0.4531355373455368
medium,0.041,0,0.2862538660326451,-0.4707134493000331
medium,0.041,0,0.2978348145588264,-0.4473171053244065
medium,0.041,0,0.30973614416236145,-0.45891299319989476
medium,0.041,0,0.3216642281653963,-0.4346260631256402
medium,0.041,0,0.3338781967030005,-0.44149739400271204
medium,0.041,0,0.34611548767664313,-0.4175753182607078
medium,0.041,0,0.35860199088814243,-0.42121534376798886
medium,0.041,0,0.371108207074398,-0.3987494536679439
medium,0.041,0,0.38382506654618853,-0.39999822563321996
medium,0.041,0,0.39655787950381216,-0.379542659173689
medium,0.041,0,0.40946116367205637,-0.37917929718386456
medium,0.041,0,0.4223765204215504,-0.3608066567041357
medium,0.041,0,0.4354208789179044,-0.35903042822842046
medium,0.041,0,0.448473337211292,-0.34238449389047276
medium,0.041,0,0.46161234600659157,-0.3391816681073505
medium,0.041,0,0.47475542017036226,-0.3239249582087764
medium,0.041,0,0.48794193488951787,-0.31943432370991864
medium,0.041,0,0.5011284496086734,-0.3053522762321943
medium,0.041,0,0.5143149643278289,-0.29964655326393075
medium,0.041,0,0.5274974136785129,-0.28659402005428514
medium,0.041,0,0.5406364224738128,-0.27981395932803377
medium,0.041,0,0.5537673314720791,-0.2676968126384507
medium,0.041,0,0.5668116899684336,-0.2599316279030641
medium,0.041,0,0.5798439758835381,-0.24866189954506757
medium,0.041,0,0.5927472600517815,-0.24000364760873305
medium,0.041,0,0.605634590734192,-0.22951403609172383
medium,0.041,0,0.6183514502059826,-0.22004445121487737
medium,0.041,0,0.6310485967030172,-0.21029223428582777
medium,0.041,0,0.6435350999145167,-0.2001099768848773
medium,0.041,0,0.6559982806899781,-0.19108237537436956
medium,0.041,0,0.6682122492275825,-0.1802994087743357
medium,0.041,0,0.6803994633656869,-0.17203705966925598
medium,0.041,0,0.692300792969221,-0.16086656879995243
medium,0.041,0,0.7041721398269286,-0.15341288780450557
medium,0.041,0,0.715723105607284,-0.14204210648977011
medium,0.041,0,0.7272410884822862,-0.1352499547203132
medium,0.041,0,0.7384066320306021,-0.12360978109368115
medium,0.041,0,0.749536443533864,-0.11718927986840466
medium,0.041,0,0.7602844397371971,-0.105282251927729
medium,0.041,0,0.7709942266982119,-0.09899595493188929
medium,0.041,0,0.7812957282310103,-0.0869524403206825
medium,0.041,0,0.7915568341196345,-0.08061994555839336
medium,0.041,0,0.8013862917504293,-0.06864187029784952
medium,0.041,0,0.8111734747704356,-0.06209060721363047
medium,0.041,0,0.8205089318068524,-0.05039842403397676
medium,0.041,0,0.8298005570011814,-0.04344404008763525
medium,0.041,0,0.8386238163936641,-0.032246686881883146
medium,0.041,0,0.8474020202995443,-0.024738021407997524
medium,0.041,0,0.8556987831318779,-0.014286128454623404
medium,0.041,0,0.8639496097325521,-0.006133068796048358
medium,0.041,0,0.8717095840452526,0.0033216143131710174
medium,0.041,0,0.8794230909836964,0.012183534824260489
medium,0.041,0,0.886640070102032,0.02035429663328181
medium,0.041,0,0.8938104043482916,0.030012256703911055
medium,0.041,0,0.9004823141188447,0.0365128392848979
medium,0.041,0,0.9071077565151413,0.04717785300179134
medium,0.041,0,0.9132366710913303,0.05153274559338261
medium,0.041,0,0.9193196494358595,0.06363538228907195
medium,0.041,0,0.9249117754924154,0.06524706802032776
medium,0.041,0,0.930458846062368,0.07938892247837237
medium,0.041,0,0.935524475558774,0.07744849328741454
medium,0.041,0,0.9405462732130917,0.09430807130957664
medium,0.041,0,0.9450997050655636,0.08791423199852189
medium,0.041,0,0.949610862307247,0.10813015145303806
medium,0.041,0,0.9536702935653408,0.09654405546409928
medium,0.041,0,0.9576893291792603,0.12043794084480308
medium,0.041,0,0.9612767165353446,0.10351312822701031
medium,0.041,0,0.9648258946491115,0.13068823099221882
medium,0.041,0,0.9679667873346732,0.10928600034850544
medium,0.041,0,0.9710719479751805,0.13838353639493273
medium,0.041,0,0.9737952933157534,0.11440792684537882
medium,0.041,0,0.976485655750973,0.143485687006907
medium,0.041,0,0.978823578859507,0.11928660347840414
medium,0.041,0,0.9811315192222146,0.14689352170017422
medium,0.041,0,0.9831190785075726,0.12419044963201797
medium,0.041,0,0.9850798833934303,0.15010699961778406
medium,0.041,0,0.9867548037447115,0.12927080278373548
medium,0.041,0,0.9884064016599543,0.15414762643342528
medium,0.041,0,0.9898087873373436,0.13461021974150655
medium,0.041,0,0.9911914600399766,0.15928343382265853
medium,0.041,0,0.9923634894570758,0.14021322860613217
medium,0.041,0,0.9935195653883413,0.16529274698651997
medium,0.041,0,0.9945051701089856,0.14562212658024132
medium,0.041,0,0.99547870224838,0.17065014664315548
medium,0.041,0,0.996323232640915,0.14640260498940094
medium,0.041,0,0.9971596632364164,0.16063038218545322
medium,0.041,0,0.9979095433300057,0.07571831053703848
medium,0.041,0,0.9986553580551235,0.028138563025946195
medium,0.041,0,0.9993577322248565,-5.937545955991714
medium,0.041,1,6.0106394590345875e-05,0.44865070106413574
medium,0.041,1,0.000762480564323757,-0.2521402294162338
medium,0.041,1,0.0014689201025283964,0.5186386666064572
medium,0.041,1,0.0022188001961176026,0.5188858104615286
medium,0.041,1,0.002976780086740459,0.5241883472380515
medium,0.041,1,0.003821310479275723,0.5327136623758968
medium,0.041,1,0.0046779134530607665,0.5102368386064661
medium,0.041,1,0.005663518173705196,0.5263392811609733
medium,0.041,1,0.006665076380182741,0.4860093485435908
medium,0.041,1,0.007837105797281049,0.5088412302604529
medium,0.041,1,0.009028848189135491,0.45496473498650225
medium,0.041,1,0.01043123386652407,0.4827582719383756
medium,0.041,1,0.011856941979951222,0.4196697486222558
medium,0.041,1,0.01353186233123682,0.44828233813950735
medium,0.041,1,0.01523353708202219,0.38244929400346783
medium,0.041,1,0.017221096367376315,0.40450639863342375
medium,0.041,1,0.019238638398556843,0.34483084590025925
medium,0.041,1,0.021576561507090634,0.3517655142588534
medium,0.041,1,0.023947467520977504,0.3081132344019486
medium,0.041,1,0.026670812861550517,0.2936350248414171
medium,0.041,1,0.029429890247177997,0.27294596878440636
medium,0.041,1,0.03257078293274012,0.23496864598523515
medium,0.041,1,0.035749884860619564,0.2382164071235664
medium,0.041,1,0.03933727221670327,0.18079494039612642
medium,0.041,1,0.04296505521696179,0.2032905536134968
medium,0.041,1,0.047024486475056075,0.13392606817731711
medium,0.041,1,0.05112619234393883,0.16809071848861135
medium,0.041,1,0.055679624196410316,0.0950434290567661
medium,0.041,1,0.06027688789096982,0.13372570254123595
medium,0.041,1,0.0653425173873762,0.06355824504706209
medium,0.041,1,0.07045320237038545,0.10178460686256252
medium,0.041,1,0.07604532842694091,0.038137590618741
medium,0.041,1,0.08168339071515585,0.07328154193109093
medium,0.041,1,0.0878123052913443,0.01700532306839575
medium,0.041,1,0.09398768724178883,0.048209254852941474
medium,0.041,1,0.10065959701233836,-0.0014418300975747034
medium,0.041,1,0.10737815165496466,0.02598996015220567
medium,0.041,1,0.11459513077330395,-0.018272898428532303
medium,0.041,1,0.12185857726589934,0.005913762394534561
medium,0.041,1,0.12961855157859975,-0.03402970701353536
medium,0.041,1,0.13742446212295967,-0.01263371106258182
medium,0.041,1,0.1457212249552932,-0.04889420342835016
medium,0.041,1,0.15406304327422957,-0.03007220547881051
medium,0.041,1,0.1628863026667119,-0.06293813335370269
medium,0.041,1,0.1717533939012822,-0.04668270641874073
medium,0.041,1,0.18108885093769977,-0.07639417623299516
medium,0.041,1,0.19046658258490576,-0.0628677570216718
medium,0.041,1,0.20029604021570047,-0.08995877765945459
medium,0.041,1,0.21016589349066994,-0.0791589357130833
medium,0.041,1,0.22046739502347515,-0.1038192534284581
medium,0.041,1,0.2308071057985977,-0.09513669667769875
medium,0.041,1,0.24155510200192448,-0.11703047631539243
medium,0.041,1,0.2523388302503056,-0.10954420831929212
medium,0.041,1,0.2635043737986214,-0.12863857662571654
medium,0.041,1,0.27470290025229027,-0.12125564367890829
medium,0.041,1,0.28625386603264524,-0.13693589936060713
medium,0.041,1,0.29783481455882654,-0.12832456166967487
medium,0.041,1,0.3097361441623615,-0.1396861515004475
medium,0.041,1,0.3216642281653963,-0.12950523706644756
medium,0.041,1,0.3338781967030005,-0.1374044496039628
medium,0.041,1,0.34611548767664313,-0.12655417484669917
medium,0.041,1,0.3586019908881426,-0.13205848867897219
medium,0.041,1,0.37110820707439823,-0.12142005711158133
medium,0.041,1,0.38382506654618864,-0.1251319492136893
medium,0.041,1,0.39655787950381216,-0.11523114275747948
medium,0.041,1,0.4094611636720566,-0.11773295364893666
medium,0.041,1,0.4223765204215508,-0.10873761719799502
medium,0.041,1,0.4354208789179046,-0.11016963130631674
medium,0.041,1,0.448473337211292,-0.1018998563732072
medium,0.041,1,0.4616123460065917,-0.10223557227369673
medium,0.041,1,0.4747554201703626,-0.09450241011912341
medium,0.041,1,0.4879419348895181,-0.09383764149809792
medium,0.041,1,0.5011284496086736,-0.08653282250474725
medium,0.041,1,0.5143149643278289,-0.0849123627228392
medium,0.041,1,0.5274974136785129,-0.07797164744790641
medium,0.041,1,0.5406364224738128,-0.07549861842656602
medium,0.041,1,0.5537673314720791,-0.06889039105835137
medium,0.041,1,0.5668116899684342,-0.06562950643109078
medium,0.041,1,0.5798439758835393,-0.059319694174478244
medium,0.041,1,0.5927472600517821,-0.05534136083716157
medium,0.041,1,0.6056345907341922,-0.04930634905057163
medium,0.041,1,0.6183514502059827,-0.04467624623458866
medium,0.041,1,0.6310485967030172,-0.03890717640841479
medium,0.041,1,0.643535099914517,-0.03370860939143161
medium,0.041,1,0.6559982806899786,-0.028217172368648624
medium,0.041,1,0.6682122492275832,-0.022549612790048634
medium,0.041,1,0.6803994633656878,-0.017389663459249416
medium,0.041,1,0.6923007929692215,-0.011443765240198411
medium,0.041,1,0.7041721398269288,-0.006669888641750221
medium,0.041,1,0.7157231056072841,-0.0006211625217060757
medium,0.041,1,0.7272410884822862,0.003879795081499826
medium,0.041,1,0.7384066320306021,0.010071137457021484
medium,0.041,1,0.749536443533863,0.01454451053932071
medium,0.041,1,0.7602844397371846,0.020855220702395094
medium,0.041,1,0.7709942266981898,0.025509451378641912
medium,0.041,1,0.7812957282309982,0.03180313936602619
medium,0.041,1,0.791556834119632,0.03680273191590744
medium,0.041,1,0.8013862917504275,0.04287736785132357
medium,0.041,1,0.8111734747704344,0.04838406323441502
medium,0.041,1,0.8205089318068505,0.05402004350198475
medium,0.041,1,0.8298005570011788,0.06020974598879614
medium,0.041,1,0.8386238163936635,0.06519903741977129
medium,0.041,1,0.8474020202995451,0.072221809012187
medium,0.041,1,0.8556987831318787,0.07632421827710945
medium,0.041,1,0.8639496097325529,0.08428015933028643
medium,0.041,1,0.8717095840452532,0.08725776353937864
medium,0.041,1,0.8794230909836971,0.09623233852736635
medium,0.041,1,0.8866400701020329,0.09781340229130941
medium,0.041,1,0.8938104043482925,0.10792715516055085
medium,0.041,1,0.9004823141188454,0.10773570198614357
medium,0.041,1,0.9071077565151417,0.1192440327262998
medium,0.041,1,0.9132366710913303,0.11679314502222182
medium,0.041,1,0.9193196494358595,0.1301793826412525
medium,0.041,1,0.924911775492415,0.1248321326615578
medium,0.041,1,0.9304588460623677,0.14075839075385732
medium,0.041,1,0.935524475558774,0.1316515663463249
medium,0.041,1,0.9405462732130921,0.1508580522791193
medium,0.041,1,0.9450997050655638,0.13702680077349327
medium,0.041,1,0.949610862307247,0.16020502036240525
medium,0.041,1,0.9536702935653408,0.14084754673320166
medium,0.041,1,0.9576893291792603,0.16835992287418955
medium,0.041,1,0.9612767165353442,0.14327507952087815
medium,0.041,1,0.9648258946491108,0.17475644926434286
medium,0.041,1,0.967966787334673,0.14476449558717885
medium,0.041,1,0.9710719479751809,0.17887881428858565
medium,0.041,1,0.9737952933157534,0.145863550726539
medium,0.041,1,0.976485655750973,0.18067178177015641
medium,0.041,1,0.978823578859507,0.14699639888572957
medium,0.041,1,0.9811315192222144,0.18101018731101148
medium,0.041,1,0.9831190785075715,0.14845207010394668
medium,0.041,1,0.9850798833934281,0.1813641308996834
medium,0.041,1,0.9867548037447101,0.15040376870151762
medium,0.041,1,0.9884064016599539,0.1827407266863823
medium,0.041,1,0.9898087873373433,0.15295075266744929
medium,0.041,1,0.9911914600399766,0.18541039214132238
medium,0.041,1,0.9923634894570758,0.1561051442646617
medium,0.041,1,0.9935195653883413,0.18919349615181869
medium,0.041,1,0.9945051701089856,0.15937973293750407
medium,0.041,1,0.99547870224838,0.192752857334057
medium,0.041,1,0.996323232640915,0.15816762317625188
medium,0.041,1,0.9971596632364164,0.18158855194852552
medium,0.041,1,0.9979095433300053,0.08584163738139305
medium,0.041,1,0.9986553580551231,0.1817025000938357
medium,0.041,1,0.9993577322248565,-5.937545955991714
fine,0.041,0,5.5937078602379166e-05,0.21942734705651
fine,0.041,0,0.0005212500868810686,0.4693246146703598
fine,0.041,0,0.0009882569962894338,-0.021096634628753108
fine,0.041,0,0.001467660733831845,0.10491764032933637
fine,0.041,0,0.0019504465420083108,-0.0578812285972341
fine,0.041,0,0.0024579840595098414,-0.012985310092399338
fine,0.041,0,0.002970580373293382,-0.10693727130979669
fine,0.041,0,0.0035201995256438196,-0.07652147315223812
fine,0.041,0,0.004076537082558917,-0.15171442188577178
fine,0.041,0,0.004682043333716463,-0.1281632618072417
fine,0.041,0,0.005295904864767017,-0.19152433749787745
fine,0.041,0,0.0059709145744387135,-0.17288082713787234
fine,0.041,0,0.006655888167709287,-0.22726892273446597
fine,0.041,0,0.007413782517898443,-0.21353946631281717
fine,0.041,0,0.008183215640764305,-0.2594262996014065
fine,0.041,0,0.009037095358087527,-0.25197426345160334
fine,0.041,0,0.009904049693610972,-0.28812186253155514
fine,0.041,0,0.010866690720585371,-0.28908568326174655
fine,0.041,0,0.011843897970914521,-0.31301955257790137
fine,0.041,0,0.012927708236216135,-0.325088071672363
fine,0.041,0,0.014027527042537567,-0.3339373756777544
fine,0.041,0,0.015244504476490698,-0.3599717337825845
fine,0.041,0,0.01647887860129349,-0.3516387770362148
fine,0.041,0,0.017840570538678706,-0.39390217598118427
fine,0.041,0,0.01922098845184841,-0.36760403207187387
fine,0.041,0,0.02073845255937513,-0.42574943621883254
fine,0.041,0,0.022275908564846673,-0.3814970199235821
fine,0.041,0,0.02395967542550917,-0.45228871422213834
fine,0.041,0,0.02566463246002244,-0.3923787595616195
fine,0.041,0,0.02752466994093997,-0.4737992104475992
fine,0.041,0,0.029407024170773528,-0.40229007207930234
fine,0.041,0,0.03145270369508345,-0.4900902820180688
fine,0.041,0,0.033521751030560515,-0.41104369095526305
fine,0.041,0,0.035761815867489284,-0.50113121666496
fine,0.041,0,0.0380262205085602,-0.418575299382854
fine,0.041,0,0.040468756188967316,-0.5077672799004049
fine,0.041,0,0.042936521308299024,-0.42508691911179164
fine,0.041,0,0.04558892826580048,-0.5111760655972639
fine,0.041,0,0.04826736892857373,-0.43075241195580594
fine,0.041,0,0.051136337458816836,-0.5124569773248298
fine,0.041,0,0.05403205587086111,-0.4356593759637175
fine,0.041,0,0.057123543493682157,-0.5124366334528372
fine,0.041,0,0.06024240666170126,-0.4397942097009375
fine,0.041,0,0.06356161796276386,-0.5116313406394764
fine,0.041,0,0.06690873784224194,-0.443099308676584
fine,0.041,0,0.07046010686236684,-0.5103038979412582
fine,0.041,0,0.07403982306032948,-0.4455699682977685
fine,0.041,0,0.07782699829210395,-0.5085857951483821
fine,0.041,0,0.08164286338326175,-0.44734240034147565
fine,0.041,0,0.08566869542569527,-0.5065809607491731
fine,0.041,0,0.08972346293165524,-0.4486643347259742
fine,0.041,0,0.0939899948446555,-0.5043475630080385
fine,0.041,0,0.09828560991687595,-0.44971862582196787
fine,0.041,0,0.10279407030817998,-0.5018468508288472
fine,0.041,0,0.10733166314619323,-0.45055802368492825
fine,0.041,0,0.11208246201414832,-0.49913425534882716
fine,0.041,0,0.1168623440413236,-0.4512611854883597
fine,0.041,0,0.1218550713875826,-0.4963014959807168
fine,0.041,0,0.12687673419736803,-0.4518699731218718
fine,0.041,0,0.1321101614141939,-0.4934581842122998
fine,0.041,0,0.13737227849040312,-0.45243394752405597
fine,0.041,0,0.14284436251788798,-0.49072701481687186
fine,0.041,0,0.14834479372321066,-0.45302046700766363
fine,0.041,0,0.15405268396234573,-0.4882128817985476
fine,0.041,0,0.15978848277989607,-0.4536969025583846
fine,0.041,0,0.16572853073809174,-0.4859947729069829
fine,0.041,0,0.17169595424148565,-0.4545361067089164
fine,0.041,0,0.17786372587792404,-0.48416836066516433
fine,0.041,0,0.18405824739616367,-0.45567206263724125
fine,0.041,0,0.19044853812517984,-0.482949691120949
fine,0.041,0,0.1968648625594678,-0.45738166528163293
fine,0.041,0,0.20347171486122553,-0.48270031138576686
fine,0.041,0,0.21010379660190773,-0.4598947970897316
fine,0.041,0,0.21692052018076,-0.4832971076577157
fine,0.041,0,0.22376158356375442,-0.4627916559272609
fine,0.041,0,0.23078077798608487,-0.4840403152315669
fine,0.041,0,0.23782334021958246,-0.4653195530949181
fine,0.041,0,0.24503691995453172,-0.48441823687973606
fine,0.041,0,0.25227281643839694,-0.4670840942159058
fine,0.041,0,0.2596720382167387,-0.48407107958520856
fine,0.041,0,0.26709245016893124,-0.4676946922693703
fine,0.041,0,0.274667942567528,-0.4824202932066637
fine,0.041,0,0.28226342686406963,-0.46641508858037484
fine,0.041,0,0.29000522201580176,-0.4784963186329516
fine,0.041,0,0.2977657431433183,-0.4622432895552431
fine,0.041,0,0.3056633104651915,-0.4713103593063548
fine,0.041,0,0.3135782744779148,-0.45458561831282873
fine,0.041,0,0.3216205563032225,-0.46082685232054676
fine,0.041,0,0.32967884666954994,-0.44414644866210184
fine,0.041,0,0.3378542956635082,-0.448536009378955
fine,0.041,0,0.34604431088082105,-0.43245506164949354
fine,0.041,0,0.35434092911310483,-0.4351686470458216
fine,0.041,0,0.362650621963589,-0.4198791959962107
fine,0.041,0,0.3710560015055249,-0.4211565431145772
fine,0.041,0,0.37947291982013753,-0.4068706526749952
fine,0.041,0,0.38797428472920764,-0.4070946583431436
fine,0.041,0,0.39648561352187667,-0.3939696475667389
fine,0.041,0,0.40506986307146436,-0.3933295681250317
fine,0.041,0,0.4136624679009451,-0.3813585554999024
fine,0.041,0,0.42231622090904647,-0.3799372662705167
fine,0.041,0,0.4309766923217128,-0.36900662264463935
fine,0.041,0,0.43968633242862176,-0.36681346713880636
fine,0.041,0,0.4484010313318127,-0.35676917013958276
fine,0.041,0,0.4571527530735706,-0.3537946381869057
fine,0.041,0,0.4659078568859624,-0.34451700443217637
fine,0.041,0,0.4746877124076794,-0.3408006189355337
fine,0.041,0,0.4834692618305259,-0.3322345090256573
fine,0.041,0,0.4922632080815063,-0.32786088753850984
fine,0.041,0,0.5010571543324867,-0.31994008917803707
fine,0.041,0,0.5098511005834669,-0.3148845759556449
fine,0.041,0,0.5186433529333175,-0.30755128441393564
fine,0.041,0,0.5274232084550345,-0.30188819399493383
fine,0.041,0,0.5361996819061174,-0.2951223589805434
fine,0.041,0,0.5449514036478755,-0.288888102954868
fine,0.041,0,0.5536980665933513,-0.28265636673684735
fine,0.041,0,0.5624077067002602,-0.2758739681331426
fine,0.041,0,0.5711106284026042,-0.27014604871593795
fine,0.041,0,0.5797643814107059,-0.2628461893045
fine,0.041,0,0.5884097791389143,-0.2576005343222836
fine,0.041,0,0.596994028688502,-0.24981182298807347
fine,0.041,0,0.6055683143544907,-0.2450293147809519
fine,0.041,0,0.6140696792635608,-0.236773853610466
fine,0.041,0,0.6225595053999542,-0.23243794206608226
fine,0.041,0,0.63096488494189,-0.22373626340682118
fine,0.041,0,0.6393571898656255,-0.21984366905324348
fine,0.041,0,0.6476538080979101,-0.21073658213846613
fine,0.041,0,0.6559358601068398,-0.2072907147517955
fine,0.041,0,0.6641113091007976,-0.19780454832689154
fine,0.041,0,0.6722707495537354,-0.19480523728075472
fine,0.041,0,0.6803130313790395,-0.18496120550576012
fine,0.041,0,0.6883379165134946,-0.1824462001834326
fine,0.041,0,0.696235483835371,-0.17236684798954327
fine,0.041,0,0.7041143251814626,-0.17036370236574938
fine,0.041,0,0.7118561203331948,-0.16007393011226445
fine,0.041,0,0.7195779235869822,-0.1585251192826742
fine,0.041,0,0.7271534159855794,-0.1479874939600021
fine,0.041,0,0.7347077182103254,-0.14679559354439942
fine,0.041,0,0.7421069399886673,-0.13597676348575716
fine,0.041,0,0.7494838450180932,-0.1350536255356396
fine,0.041,0,0.7566974247530426,-0.12395247113269292
fine,0.041,0,0.7638876366768249,-0.1232336429100862
fine,0.041,0,0.7709068310991566,-0.11187651732712678
fine,0.041,0,0.777901685717346,-0.11131028696534528
fine,0.041,0,0.7847184092961965,-0.09973175040758564
fine,0.041,0,0.7915099034361227,-0.09927094595132124
fine,0.041,0,0.7981167557378812,-0.08752179869881993
fine,0.041,0,0.8046975743343677,-0.08712333607188705
fine,0.041,0,0.8110878650633836,-0.07526705055649074
fine,0.041,0,0.8174514059105983,-0.07487809023902159
fine,0.041,0,0.8236191775470355,-0.06295014283463107
fine,0.041,0,0.829759573638275,-0.06251221068485169
fine,0.041,0,0.8356996215964724,-0.05056476841106394
fine,0.041,0,0.8416117609762543,-0.05003471249481728
fine,0.041,0,0.8473196512153888,-0.03813425441199336
fine,0.041,0,0.8529991942766852,-0.03747963061597992
fine,0.041,0,0.85847127830417,-0.025696951520533196
fine,0.041,0,0.8639146724722715,-0.02488724394655617
fine,0.041,0,0.8691480996890972,-0.0133002807918845
fine,0.041,0,0.8743525914423966,-0.01229787961471418
fine,0.041,0,0.8793453187886557,-0.0010050657049160971
fine,0.041,0,0.8843089629756943,0.00024766373519991003
fine,0.041,0,0.8890597618436453,0.011108431279703512
fine,0.041,0,0.8937814282648882,0.012707780896715426
fine,0.041,0,0.8982898886561963,0.022939964595717233
fine,0.041,0,0.9027692658882837,0.02504710646459818
fine,0.041,0,0.9070357978012841,0.034385428175628174
fine,0.041,0,0.9112733942507577,0.037264692214831086
fine,0.041,0,0.9152992262931914,0.04540678839783063
fine,0.041,0,0.9192963684762414,0.04943058788958077
fine,0.041,0,0.9230835437080159,0.055961494321428606
fine,0.041,0,0.9268423717619523,0.061589472522953326
fine,0.041,0,0.9303937407820771,0.06597264364149935
fine,0.041,0,0.9339172012237866,0.0737384586219616
fine,0.041,0,0.9372364125248491,0.07535164878083
fine,0.041,0,0.9405282482807135,0.0858528778456974
fine,0.041,0,0.943619735903535,0.08399876560385866
fine,0.041,0,0.9466844736445551,0.09784095889793387
fine,0.041,0,0.9495534421747981,0.09179277889180049
fine,0.041,0,0.9523963769997694,0.10954908245984385
fine,0.041,0,0.9550487839572708,0.09860030681980636
fine,0.041,0,0.9576759614758479,0.12076299439712046
fine,0.041,0,0.9601184971562551,0.10429873293915026
fine,0.041,0,0.9625366930325199,0.13120186740245188
fine,0.041,0,0.9647767578694472,0.10882166597748455
fine,0.041,0,0.9669934548952075,0.14053354200006674
fine,0.041,0,0.9690391344195192,0.1122164035846811
fine,0.041,0,0.9710624971949144,0.14840247038523613
fine,0.041,0,0.9729225346758318,0.11467094012114276
fine,0.041,0,0.9747613819828982,0.154469743627748
fine,0.041,0,0.9764451488435607,0.11647083039689377
fine,0.041,0,0.9781089238062785,0.15847450263486484
fine,0.041,0,0.9796263879138054,0.11791156054545193
fine,0.041,0,0.9811251260455475,0.1603636375391232
fine,0.041,0,0.9824868179829328,0.11925126494307292
fine,0.041,0,0.9838311132294686,0.1604569719152159
fine,0.041,0,0.9850480906634214,0.1206627198501673
fine,0.041,0,0.9862490595563541,0.15948977587290947
fine,0.041,0,0.9873328698216551,0.12225918122342283
fine,0.041,0,0.9884021138636017,0.15842273971906573
fine,0.041,0,0.9893647548905768,0.12414147563824274
fine,0.041,0,0.9903143212993519,0.1580463949783515
fine,0.041,0,0.9911682010166755,0.1264078692144882
fine,0.041,0,0.9920105419613223,0.15877121549641315
fine,0.041,0,0.9927684363115116,0.12916161193800313
fine,0.041,0,0.9935163667781021,0.16071845443945199
fine,0.041,0,0.994191376487773,0.13252687892225534
fine,0.041,0,0.9948580309175509,0.16389767781278286
fine,0.041,0,0.995463537168709,0.13663629968283242
fine,0.041,0,0.9960623250153025,0.16819959408634655
fine,0.041,0,0.9966119441676526,0.14126045736745174
fine,0.041,0,0.997156504523721,0.1722688831504049
fine,0.041,0,0.997664042041222,0.14222638720648462
fine,0.041,0,0.9981681974880893,0.1620721691677982
fine,0.041,0,0.9986476012256317,0.07465018665655232
fine,0.041,0,0.9991253110620446,-1.6256311498226022
fine,0.041,0,0.9995906240703231,-11.03965818031001
fine,0.041,1,5.5937078602379166e-05,0.45422196169569207
fine,0.041,1,0.0005212500868810686,-0.22982866039512984
fine,0.041,1,0.0009882569962894338,0.530141791438536
fine,0.041,1,0.001467660733831845,0.5120128544163149
fine,0.041,1,0.0019504465420083108,0.5401653331181897
fine,0.041,1,0.0024579840595098414,0.539468106774081
fine,0.041,1,0.002970580373293382,0.5413812367312582
fine,0.041,1,0.0035201995256438196,0.549241859838161
fine,0.041,1,0.004076537082558917,0.5343056956441605
fine,0.041,1,0.004682043333716351,0.549244063878376
fine,0.041,1,0.005295904864766822,0.5216334162235429
fine,0.041,1,0.00597091457443863,0.5424665989836213
fine,0.041,1,0.006655888167709273,0.5048294340370576
fine,0.041,1,0.007413782517898317,0.5300527321855002
fine,0.041,1,0.008183215640764081,0.484880743805453
fine,0.041,1,0.009037095358087442,0.5123686432055409
fine,0.041,1,0.009904049693610986,0.4625742590721156
fine,0.041,1,0.010866690720585482,0.4895294895551231
fine,0.041,1,0.011843897970914745,0.43867144868129315
fine,0.041,1,0.012927708236216246,0.46171268390442466
fine,0.041,1,0.014027527042537595,0.4138399038845113
fine,0.041,1,0.015244504476490825,0.42932298057530704
fine,0.041,1,0.016478878601293687,0.3884036695897086
fine,0.041,1,0.017840570538678678,0.3930336380735142
fine,0.041,1,0.019220988451848216,0.36223845981541336
fine,0.041,1,0.020738452559375172,0.35425386178490204
fine,0.041,1,0.022275908564846923,0.33558360449194446
fine,0.041,1,0.02395967542550928,0.3153075622508863
fine,0.041,1,0.02566463246002244,0.3090572358175997
fine,0.041,1,0.02752466994093997,0.2772937041058793
fine,0.041,1,0.029407024170773528,0.2821215303578276
fine,0.041,1,0.03145270369508345,0.2414615181668528
fine,0.041,1,0.03352175103056049,0.25513707673160324
fine,0.041,1,0.03576181586748917,0.20863197677030676
fine,0.041,1,0.03802622050855998,0.22851192972826517
fine,0.041,1,0.04046875618896723,0.17898816035175358
fine,0.041,1,0.042936521308299024,0.20256290278502653
fine,0.041,1,0.04558892826580045,0.15229748726029713
fine,0.041,1,0.04826736892857376,0.17756221410983009
fine,0.041,1,0.05113633745881695,0.128133676607327
fine,0.041,1,0.05403205587086134,0.15372199511247475
fine,0.041,1,0.05712354349368238,0.10604453602417407
fine,0.041,1,0.060242406661701484,0.13119888634715782
fine,0.041,1,0.06356161796276408,0.08564703521374695
fine,0.041,1,0.06690873784224216,0.11008695780315747
fine,0.041,1,0.07046010686236692,0.06666918353929274
fine,0.041,1,0.07403982306032948,0.09039565165838326
fine,0.041,1,0.07782699829210395,0.048935638567591644
fine,0.041,1,0.08164286338326175,0.07202382070540947
fine,0.041,1,0.08566869542569541,0.032330061905247676
fine,0.041,1,0.08972346293165546,0.054787975194960925
fine,0.041,1,0.09398999484465559,0.0167964392991512
fine,0.041,1,0.09828560991687595,0.0385355553436888
fine,0.041,1,0.10279407030818012,0.002345839150059814
fine,0.041,1,0.10733166314619343,0.023198830821266614
fine,0.041,1,0.11208246201414854,-0.011078807401800894
fine,0.041,1,0.11686234404132383,0.008696766135549705
fine,0.041,1,0.12185507138758284,-0.02357145014379247
fine,0.041,1,0.12687673419736825,-0.0050315197839709835
fine,0.041,1,0.13211016141419385,-0.03525364698815814
fine,0.041,1,0.1373722784904029,-0.018057127061152922
fine,0.041,1,0.14284436251788787,-0.04626536849937568
fine,0.041,1,0.14834479372321066,-0.030468854546034763
fine,0.041,1,0.15405268396234573,-0.056738398631223985
fine,0.041,1,0.15978848277989613,-0.04235973059773279
fine,0.041,1,0.16572853073809185,-0.06678659992378844
fine,0.041,1,0.17169595424148582,-0.05382713752624979
fine,0.041,1,0.17786372587792415,-0.0765325640234018
fine,0.041,1,0.18405824739616367,-0.06500845477514239
fine,0.041,1,0.19044853812517984,-0.08618044068996578
fine,0.041,1,0.1968648625594678,-0.07614224004783576
fine,0.041,1,0.20347171486122553,-0.09603979168407761
fine,0.041,1,0.21010379660190773,-0.08745139423669945
fine,0.041,1,0.21692052018075988,-0.10608734112882301
fine,0.041,1,0.2237615835637542,-0.09870386059437442
fine,0.041,1,0.23078077798608465,-0.1158902301387581
fine,0.041,1,0.2378233402195823,-0.10940082423024777
fine,0.041,1,0.2450369199545316,-0.12512597236015388
fine,0.041,1,0.25227281643839694,-0.11927398252503885
fine,0.041,1,0.2596720382167387,-0.13355035698759643
fine,0.041,1,0.2670924501689313,-0.1280439423744073
fine,0.041,1,0.274667942567528,-0.14074210393562603
fine,0.041,1,0.28226342686406963,-0.13516162258784914
fine,0.041,1,0.29000522201580187,-0.14597148176024555
fine,0.041,1,0.29776574314331844,-0.13985109480419955
fine,0.041,1,0.30566331046519163,-0.1484621706179785
fine,0.041,1,0.3135782744779148,-0.14160474354209418
fine,0.041,1,0.3216205563032225,-0.14812436616808222
fine,0.041,1,0.32967884666954994,-0.14088285210114382
fine,0.041,1,0.3378542956635082,-0.14602844981886332
fine,0.041,1,0.34604431088082105,-0.1388199592919137
fine,0.041,1,0.35434092911310483,-0.14270349583783148
fine,0.041,1,0.362650621963589,-0.135696505488635
fine,0.041,1,0.3710560015055249,-0.13848810174856951
fine,0.041,1,0.37947291982013753,-0.1318712929512611
fine,0.041,1,0.38797428472920764,-0.13385953552509533
fine,0.041,1,0.39648561352187667,-0.12778719332193256
fine,0.041,1,0.40506986307146436,-0.1291135734693556
fine,0.041,1,0.4136624679009451,-0.12361683167662685
fine,0.041,1,0.42231622090904647,-0.12434183013685551
fine,0.041,1,0.4309766923217128,-0.11936572854222027
fine,0.041,1,0.43968633242862176,-0.11949222005640658
fine,0.041,1,0.4484010313318127,-0.1149444528630954
fine,0.041,1,0.4571527530735706,-0.11445985343234066
fine,0.041,1,0.4659078568859624,-0.11026955349441425
fine,0.041,1,0.47468771240767926,-0.10920049803074905
fine,0.041,1,0.4834692618305257,-0.10534443306356911
fine,0.041,1,0.4922632080815063,-0.10375469694736417
fine,0.041,1,0.5010571543324868,-0.10019873869722629
fine,0.041,1,0.5098511005834668,-0.09806359254746733
fine,0.041,1,0.5186433529333173,-0.09477777715656477
fine,0.041,1,0.5274232084550344,-0.09215387788390728
fine,0.041,1,0.5361996819061174,-0.08913698020332306
fine,0.041,1,0.5449514036478755,-0.0860507343128909
fine,0.041,1,0.5536980665933513,-0.08328945424521228
fine,0.041,1,0.56240770670026,-0.07975682880987223
fine,0.041,1,0.571110628402604,-0.07723877637618592
fine,0.041,1,0.5797643814107057,-0.07328265173899595
fine,0.041,1,0.5884097791389143,-0.07100134389870827
fine,0.041,1,0.596994028688502,-0.0666437716299999
fine,0.041,1,0.6055683143544909,-0.06459356699073204
fine,0.041,1,0.614069679263561,-0.059851525261741756
fine,0.041,1,0.6225595053999544,-0.05802774145563272
fine,0.041,1,0.6309648849418902,-0.052917613753704185
fine,0.041,1,0.6393571898656257,-0.05132579282108152
fine,0.041,1,0.6476538080979104,-0.0458818512460879
fine,0.041,1,0.6559358601068401,-0.04453253636411869
fine,0.041,1,0.6641113091007979,-0.03877761348371034
fine,0.041,1,0.672270749553736,-0.037677652171061116
fine,0.041,1,0.680313031379045,-0.03163094519100551
fine,0.041,1,0.6883379165135037,-0.030819143441757513
fine,0.041,1,0.6962354838353754,-0.024587986462429434
fine,0.041,1,0.7041143251814628,-0.024094777004564527
fine,0.041,1,0.7118561203331952,-0.017704090244454074
fine,0.041,1,0.7195779235869827,-0.017486206949483662
fine,0.041,1,0.7271534159855796,-0.010907609632474058
fine,0.041,1,0.7347077182103257,-0.010885350613897282
fine,0.041,1,0.7421069399886675,-0.004093301594260579
fine,0.041,1,0.7494838450180932,-0.004192962512652221
fine,0.041,1,0.7566974247530426,0.0028099989359924304
fine,0.041,1,0.7638876366768248,0.0026429581827038806
fine,0.041,1,0.7709068310991558,0.009830881455486273
fine,0.041,1,0.7779016857173442,0.009640759029605594
fine,0.041,1,0.7847184092961943,0.016980298333895583
fine,0.041,1,0.79150990343612,0.01680786975341686
fine,0.041,1,0.7981167557378794,0.02425210022849189
fine,0.041,1,0.804697574334367,0.02413479392893858
fine,0.041,1,0.8110878650633832,0.03162627258724038
fine,0.041,1,0.8174514059105982,0.031610225195560226
fine,0.041,1,0.8236191775470341,0.039117348349071546
fine,0.041,1,0.8297595736382725,0.03925409718549644
fine,0.041,1,0.8356996215964713,0.046732514230621636
fine,0.041,1,0.8416117609762543,0.04706037392582796
fine,0.041,1,0.8473196512153888,0.05445463144413443
fine,0.041,1,0.8529991942766852,0.05500311688610093
fine,0.041,1,0.8584712783041706,0.06225517807497616
fine,0.041,1,0.8639146724722724,0.06305380835520458
fine,0.041,1,0.8691480996890976,0.07009912594216328
fine,0.041,1,0.8743525914423966,0.0711870880120693
fine,0.041,1,0.8793453187886557,0.07794068152831402
fine,0.041,1,0.8843089629756944,0.07938049711175788
fine,0.041,1,0.8890597618436459,0.08571632613947311
fine,0.041,1,0.893781428264889,0.08761311661051041
fine,0.041,1,0.8982898886561964,0.09334312555892044
fine,0.041,1,0.9027692658882832,0.09587124667112668
fine,0.041,1,0.9070357978012836,0.10073199750579176
fine,0.041,1,0.9112733942507577,0.10417335655321003
fine,0.041,1,0.9152992262931914,0.10785151148891536
fine,0.041,1,0.9192963684762414,0.11260206579797671
fine,0.041,1,0.9230835437080159,0.11466348423908646
fine,0.041,1,0.9268423717619523,0.12121371114470259
fine,0.041,1,0.9303937407820771,0.12109474617604665
fine,0.041,1,0.9339172012237866,0.13001564077382566
fine,0.041,1,0.9372364125248493,0.1270571231070512
fine,0.041,1,0.9405282482807139,0.13898675836366903
fine,0.041,1,0.9436197359035352,0.13244858031808637
fine,0.041,1,0.9466844736445551,0.14803466207068428
fine,0.041,1,0.9495534421747981,0.13714361383814122
fine,0.041,1,0.9523963769997694,0.15699839917104152
fine,0.041,1,0.9550487839572708,0.14100232850461014
fine,0.041,1,0.9576759614758479,0.16564977580136753
fine,0.041,1,0.9601184971562551,0.1438937467801098
fine,0.041,1,0.9625366930325203,0.17368975705614575
fine,0.041,1,0.9647767578694514,0.14574125018888895
fine,0.041,1,0.9669934548952148,0.18076607546099932
fine,0.041,1,0.9690391344195227,0.14658088104788147
fine,0.041,1,0.9710624971949149,0.18650431645047827
fine,0.041,1,0.9729225346758322,0.14658962447149904
fine,0.041,1,0.9747613819828986,0.19055034816416339
fine,0.041,1,0.9764451488435612,0.14604572181948583
fine,0.041,1,0.9781089238062789,0.1926333968508972
fine,0.041,1,0.9796263879138054,0.1452422461000994
fine,0.041,1,0.9811251260455475,0.1926935449223668
fine,0.041,1,0.9824868179829332,0.14443913891956905
fine,0.041,1,0.983831113229469,0.1910424204393396
fine,0.041,1,0.9850480906634218,0.1438163129195965
fine,0.041,1,0.9862490595563546,0.18840547304300548
fine,0.041,1,0.9873328698216551,0.14349549726246025
fine,0.041,1,0.9884021138636012,0.1857322740271954
fine,0.041,1,0.9893647548905768,0.143585466803971
fine,0.041,1,0.9903143212993522,0.18380667235063974
fine,0.041,1,0.9911682010166755,0.14419362777262823
fine,0.041,1,0.9920105419613223,0.1830395596177593
fine,0.041,1,0.9927684363115116,0.14543143159592276
fine,0.041,1,0.9935163667781023,0.18356005140066756
fine,0.041,1,0.9941913764877732,0.14743221238169235
fine,0.041,1,0.9948580309175513,0.18540275106895554
fine,0.041,1,0.995463537168709,0.15032792007926143
fine,0.041,1,0.9960623250153016,0.18853375252551874
fine,0.041,1,0.9966119441676522,0.15383035235594134
fine,0.041,1,0.997156504523721,0.1918379654716399
fine,0.041,1,0.9976640420412225,0.15351750463291547
fine,0.041,1,0.9981681974880897,0.18149382277306514
fine,0.041,1,0.9986476012256319,0.08468099592478451
fine,0.041,1,0.9991253110620446,-1.2279406292724135
fine,0.041,1,0.9995906240703231,-11.03965818031001
coarse,0.163,0,0.00024982898733673603,-0.01857005021321645
coarse,0.163,0,0.0013182457413504355,0.2620740921100039
coarse,0.163,0,0.002424064036603292,-0.3851842612513183
coarse,0.163,0,0.0036524319384473062,-0.3865328204111973
coarse,0.163,0,0.0049549629720289845,-0.5202789461170279
coarse,0.163,0,0.006500496361046419,-0.5176720275258861
coarse,0.163,0,0.008155685520554257,-0.5624804234402214
coarse,0.163,0,0.010170171946668154,-0.5618950869656525
coarse,0.163,0,0.012327930541390511,-0.5892401636083138
coarse,0.163,0,0.014955133638044016,-0.5812387158370356
coarse,0.163,0,0.01775677387489508,-0.6023058819592269
coarse,0.163,0,0.021129973523415172,-0.5844698317187731
coarse,0.163,0,0.024705790615891225,-0.6041203006293165
coarse,0.163,0,0.028945502489777723,-0.5750986720731062
coarse,0.163,0,0.03341254527073595,-0.5960935365773317
coarse,0.163,0,0.0386244587790685,-0.5583669136179599
coarse,0.163,0,0.04408452696274063,-0.5834453357703604
coarse,0.163,0,0.05035769687508863,-0.5418644836812181
coarse,0.163,0,0.05689559923574745,-0.569764015456941
coarse,0.163,0,0.06430092193037153,-0.5321964957354162
coarse,0.163,0,0.07198302520068933,-0.5551458179360951
coarse,0.163,0,0.0805720256078534,-0.5318553036059803
coarse,0.163,0,0.08944511892570604,-0.5383687329121543
coarse,0.163,0,0.09924906892183522,-0.5382400989044962
coarse,0.163,0,0.10933956325518038,-0.520346289796018
coarse,0.163,0,0.12036894659238448,-0.5451634896425415
coarse,0.163,0,0.1316824228402771,-0.5032552216931685
coarse,0.163,0,0.1439267557664463,-0.5476824445826798
coarse,0.163,0,0.1564478692683092,-0.48906415260505054
coarse,0.163,0,0.16987587990701847,-0.5446463916893531
coarse,0.163,0,0.18356862299403856,-0.4789325044188286
coarse,0.163,0,0.1981287864150239,-0.5381747438125717
coarse,0.163,0,0.21293710451134884,-0.4729336994142743
coarse,0.163,0,0.2285585243363497,-0.529590506014066
coarse,0.163,0,0.24440727506842244,-0.46754564172825197
coarse,0.163,0,0.2610008965278694,-0.5155335110258468
coarse,0.163,0,0.277797135431272,-0.45531349734491733
coarse,0.163,0,0.2952572691160844,-0.4900379414162528
coarse,0.163,0,0.3128918399410952,-0.42952702372573737
coarse,0.163,0,0.3310979701777768,-0.45054081390921064
coarse,0.163,0,0.3494473725830663,-0.3915797908379248
coarse,0.163,0,0.36826621949028465,-0.40461593364100334
coarse,0.163,0,0.3871947221679936,-0.35055841818547484
coarse,0.163,0,0.40648252211230934,-0.35967164062837953
coarse,0.163,0,0.4258444851883628,-0.31127356314095
coarse,0.163,0,0.44544945061985247,-0.31782040324501915
coarse,0.163,0,0.46509181759258095,-0.27435229453015375
coarse,0.163,0,0.48485673417190045,-0.2784235818034577
coarse,0.163,0,0.50462165075122,-0.23901620637581344
coarse,0.163,0,0.5243865673305395,-0.24094573037821743
coarse,0.163,0,0.54411408236862,-0.20506318977268845
coarse,0.163,0,0.5637190478001101,-0.2053616669264675
coarse,0.163,0,0.5832498500998621,-0.1725379244585843
coarse,0.163,0,0.6025376500441775,-0.17171347774070944
coarse,0.163,0,0.6217157942180023,-0.14150392070181583
coarse,0.163,0,0.640534641125221,-0.14011783253394872
coarse,0.163,0,0.6592102158638312,-0.1121440007041059
coarse,0.163,0,0.6774163461005108,-0.11093620782857516
coarse,0.163,0,0.6954480391969929,-0.0849563785357037
coarse,0.163,0,0.7129081728818071,-0.08483316098537319
coarse,0.163,0,0.7301656891226651,-0.06028541029947743
coarse,0.163,0,0.746759310582112,-0.06173827994379866
coarse,0.163,0,0.7631256011344871,-0.03761850323943916
coarse,0.163,0,0.7787470209594879,-0.04111330640443467
coarse,0.163,0,0.7941202861091492,-0.016563211632055097
coarse,0.163,0,0.8086804495301362,-0.022761905185749498
coarse,0.163,0,0.8229758805028112,0.0028385088552945748
coarse,0.163,0,0.8364038911415189,-0.006522005579908008
coarse,0.163,0,0.8495551212045331,0.020467918175166244
coarse,0.163,0,0.8617994541307028,0.00796935195804449
coarse,0.163,0,0.873759694146183,0.03603878260199167
coarse,0.163,0,0.8847890774833831,0.021090116453533647
coarse,0.163,0,0.8955319164833692,0.049099769403687654
coarse,0.163,0,0.905335866479502,0.033065642424910835
coarse,0.163,0,0.9148557235649457,0.059553360525490096
coarse,0.163,0,0.9234447239721105,0.04417532403259683
coarse,0.163,0,0.9317569438035812,0.06827786062666796
coarse,0.163,0,0.9391622664982051,0.05480043225290565
coarse,0.163,0,0.9463028567445182,0.07660900480275079
coarse,0.163,0,0.9525760266568659,0.06521531533946456
coarse,0.163,0,0.9586010418938744,0.08537203771371793
coarse,0.163,0,0.9638129554022067,0.07554795022726168
coarse,0.163,0,0.9687975380034675,0.0947384083853654
coarse,0.163,0,0.9730372498773537,0.08582409227716126
coarse,0.163,0,0.9770743443072847,0.10455576970149716
coarse,0.163,0,0.9804475439558069,0.0959460002652428
coarse,0.163,0,0.9836463064641302,0.11454880685304392
coarse,0.163,0,0.986273509560781,0.10561434387263202
coarse,0.163,0,0.9887574404888242,0.1242456636563034
coarse,0.163,0,0.9907719269149389,0.11389425781565121
coarse,0.163,0,0.9926767575705628,0.13196911561255453
coarse,0.163,0,0.9942222909595808,0.11595337997169997
coarse,0.163,0,0.9956936612168605,0.12363263562267501
coarse,0.163,0,0.9969220291187043,0.048358728398960715
coarse,0.163,0,0.9981129954793089,-2.87091441952412
coarse,0.163,0,0.9991814122333226,-15.097144088904091
coarse,0.163,1,0.00024982898733679176,0.3095967675431269
coarse,0.163,1,0.0013182457413504355,-1.644724417965922
coarse,0.163,1,0.002424064036603292,0.45122145715189355
coarse,0.163,1,0.0036524319384474177,0.42917241620289437
coarse,0.163,1,0.004954962972029207,0.4609506605572332
coarse,0.163,1,0.00650049636104653,0.44113224821077424
coarse,0.163,1,0.008155685520554257,0.43943176067480993
coarse,0.163,1,0.01017017194666832,0.4205229813081276
coarse,0.163,1,0.012327930541390678,0.3986678204247125
coarse,0.163,1,0.01495513363804396,0.38402288472399104
coarse,0.163,1,0.01775677387489497,0.34764774872012427
coarse,0.163,1,0.021129973523415228,0.3401485372704538
coarse,0.163,1,0.024705790615891392,0.2926420462092768
coarse,0.163,1,0.028945502489777834,0.29509490136445227
coarse,0.163,1,0.033412545270736116,0.23856570804805433
coarse,0.163,1,0.03862445877906861,0.25236904497076584
coarse,0.163,1,0.044084526962740574,0.1877310070544954
coarse,0.163,1,0.050357696875088453,0.21186506425247265
coarse,0.163,1,0.05689559923574728,0.14103768024338625
coarse,0.163,1,0.06430092193037142,0.17033496856395414
coarse,0.163,1,0.07198302520068933,0.09944799455652309
coarse,0.163,1,0.0805720256078534,0.12433648278560816
coarse,0.163,1,0.08944511892570604,0.06397454271709646
coarse,0.163,1,0.09924906892183533,0.07410706477604145
coarse,0.163,1,0.1093395632551806,0.0341377291284547
coarse,0.163,1,0.12036894659238481,0.02434918973481015
coarse,0.163,1,0.1316824228402773,0.008121513727857077
coarse,0.163,1,0.14392675576644653,-0.019956332494319495
coarse,0.163,1,0.15644786926830942,-0.016170283338658997
coarse,0.163,1,0.16987587990701858,-0.05676166017769857
coarse,0.163,1,0.18356862299403856,-0.040245259605360406
coarse,0.163,1,0.1981287864150239,-0.08705457955448481
coarse,0.163,1,0.21293710451134884,-0.06466179775569669
coarse,0.163,1,0.2285585243363497,-0.11202883895629223
coarse,0.163,1,0.24440727506842244,-0.0874238296527925
coarse,0.163,1,0.2610008965278694,-0.1299840859329504
coarse,0.163,1,0.277797135431272,-0.10346515944969892
coarse,0.163,1,0.2952572691160844,-0.1370916476791928
coarse,0.163,1,0.312891839941095,-0.1076250417347222
coarse,0.163,1,0.3310979701777768,-0.13135985663827832
coarse,0.163,1,0.3494473725830663,-0.10021217770900503
coarse,0.163,1,0.368266219490285,-0.11791626115631515
coarse,0.163,1,0.38719472216799405,-0.08762331334564832
coarse,0.163,1,0.4064825221123097,-0.1022465202706353
coarse,0.163,1,0.42584448518836326,-0.07375657353175935
coarse,0.163,1,0.4454494506198526,-0.0863335536293055
coarse,0.163,1,0.46509181759258095,-0.0595384332193456
coarse,0.163,1,0.48485673417190056,-0.07014195324641448
coarse,0.163,1,0.5046216507512201,-0.04473571569111523
coarse,0.163,1,0.5243865673305395,-0.053618611412064476
coarse,0.163,1,0.5441140823686202,-0.029459131128778848
coarse,0.163,1,0.563719047800111,-0.03701940890518829
coarse,0.163,1,0.5832498500998634,-0.013954204536216874
coarse,0.163,1,0.6025376500441779,-0.020600001515405753
coarse,0.163,1,0.6217157942180023,0.001560375106578138
coarse,0.163,1,0.6405346411252212,-0.0046418852017084955
coarse,0.163,1,0.6592102158638321,0.016796121672961406
coarse,0.163,1,0.6774163461005122,0.010389748286259937
coarse,0.163,1,0.6954480391969947,0.03121002958307728
coarse,0.163,1,0.7129081728818077,0.02377491838810053
coarse,0.163,1,0.7301656891226651,0.044388608182332034
coarse,0.163,1,0.746759310582112,0.03540574394025975
coarse,0.163,1,0.7631256011344869,0.056653397060786426
coarse,0.163,1,0.7787470209594861,0.04560229283709272
coarse,0.163,1,0.7941202861091465,0.06824080882609262
coarse,0.163,1,0.8086804495301344,0.054427914610895245
coarse,0.163,1,0.8229758805028106,0.07901861130127796
coarse,0.163,1,0.8364038911415189,0.06194153860689844
coarse,0.163,1,0.849555121204534,0.08878312786009812
coarse,0.163,1,0.8617994541307032,0.06841135374281304
coarse,0.163,1,0.873759694146183,0.09718143191731032
coarse,0.163,1,0.8847890774833838,0.07415014642223439
coarse,0.163,1,0.89553191648337,0.10372333366582098
coarse,0.163,1,0.9053358664795025,0.07934962190595307
coarse,0.163,1,0.9148557235649457,0.1082773554227251
coarse,0.163,1,0.9234447239721101,0.08425265789036374
coarse,0.163,1,0.9317569438035808,0.11165768079277005
coarse,0.163,1,0.9391622664982049,0.0892051329165483
coarse,0.163,1,0.9463028567445182,0.11513456064845373
coarse,0.163,1,0.9525760266568659,0.09446575186152784
coarse,0.163,1,0.9586010418938744,0.119500785925864
coarse,0.163,1,0.9638129554022067,0.10015864397493435
coarse,0.163,1,0.9687975380034675,0.12492026189597394
coarse,0.163,1,0.9730372498773537,0.10630786626864652
coarse,0.163,1,0.9770743443072833,0.1312363826600088
coarse,0.163,1,0.9804475439557998,0.11281305823813614
coarse,0.163,1,0.9836463064641201,0.13815728993943555
coarse,0.163,1,0.9862735095607763,0.11936912586144421
coarse,0.163,1,0.9887574404888237,0.1451810769432087
coarse,0.163,1,0.9907719269149386,0.12503028854376752
coarse,0.163,1,0.9926767575705628,0.150642076671759
coarse,0.163,1,0.9942222909595808,0.124930450213944
coarse,0.163,1,0.9956936612168605,0.14055165633180866
coarse,0.163,1,0.9969220291187043,0.05586544355256362
coarse,0.163,1,0.9981129954793089,-1.9665014948502457
coarse,0.163,1,0.9991814122333226,-15.097144088904091
medium,0.163,0,0.0005807617012621174,-0.007295802591408496
medium,0.163,0,0.0012831358709954727,0.13715594372251516
medium,0.163,0,0.0020247905586456647,-0.33710140475444605
medium,0.163,0,0.002774670652234885,-0.31004186633857955
medium,0.163,0,0.003602812833197941,-0.475854162349606
medium,0.163,0,0.004447343225733079,-0.44952066177781513
medium,0.163,0,0.005408521653357948,-0.5280122117421819
medium,0.163,0,0.0063941263740024895,-0.506503102847077
medium,0.163,0,0.007533877315472296,-0.5674288071371756
medium,0.163,0,0.008705906732570604,-0.5438013200438294
medium,0.163,0,0.010068407410411926,-0.5973850837523575
medium,0.163,0,0.011470793087800352,-0.5677968418100094
medium,0.163,0,0.013098525464549125,-0.6187050088492907
medium,0.163,0,0.014773445815834722,-0.5810798126240397
medium,0.163,0,0.016706873280642725,-0.6321974344655967
medium,0.163,0,0.01869443256599706,-0.5865193664373989
medium,0.163,0,0.020971691983814145,-0.6400050712665839
medium,0.163,0,0.0233096150923477,-0.586176534132494
medium,0.163,0,0.025966226559350405,-0.6420937576469532
medium,0.163,0,0.028689571899923584,-0.5802305546645479
medium,0.163,0,0.031758168414134244,-0.6384199407823112
medium,0.163,0,0.03489906109969637,-0.5713626911303804
medium,0.163,0,0.0384091402041653,-0.6311530923429423
medium,0.163,0,0.04199652756024898,-0.5626019745614124
medium,0.163,0,0.04597422684893979,-0.6213469285009423
medium,0.163,0,0.050033658107034085,-0.5571756371441356
medium,0.163,0,0.05450155630195162,-0.6103540707966997
medium,0.163,0,0.05905498815442294,-0.5572993038964624
medium,0.163,0,0.06403193326790586,-0.5985181367139618
medium,0.163,0,0.06909756276431232,-0.5625305692649674
medium,0.163,0,0.07459852865427766,-0.5855344579185275
medium,0.163,0,0.08019065471083303,-0.5701992547358079
medium,0.163,0,0.08622662712067666,-0.5715255235377137
medium,0.163,0,0.09235554169686525,-0.5772945110903589
medium,0.163,0,0.09893343464732064,-0.5574520846340405
medium,0.163,0,0.10560534441786998,-0.5816718610690361
medium,0.163,0,0.11272794758713645,-0.544391473136004
medium,0.163,0,0.11994492670547588,-0.5823310639033603
medium,0.163,0,0.12761088419808253,-0.5329985774451542
medium,0.163,0,0.13537085851078307,-0.5792575195375238
medium,0.163,0,0.14357467917677144,-0.5233601234358685
medium,0.163,0,0.15187144200910468,-0.573044130228201
medium,0.163,0,0.1606035412349969,-0.5151140459730821
medium,0.163,0,0.16942680062747922,-0.5645696754277647
medium,0.163,0,0.1786735732809733,-0.5078105230421774
medium,0.163,0,0.188009030317391,-0.554934094610096
medium,0.163,0,0.19775295429063186,-0.5015112751312145
medium,0.163,0,0.20758241192142649,-0.545647061830602
medium,0.163,0,0.21780218148482822,-0.4965626309425464
medium,0.163,0,0.22810368301763342,-0.5370990226607226
medium,0.163,0,0.23877437096934534,-0.49184868939233684
medium,0.163,0,0.2495223671726721,-0.5277274498321907
medium,0.163,0,0.26061561454963633,-0.48532943972962705
medium,0.163,0,0.2717811580979523,-0.5160266012293091
medium,0.163,0,0.2832653900047367,-0.47529534744095114
medium,0.163,0,0.2948163557850916,-0.4998128247043494
medium,0.163,0,0.30665702169791,-0.4589975733902376
medium,0.163,0,0.318558351301445,-0.4765033315633933
medium,0.163,0,0.3307181880185028,-0.4353231472379968
medium,0.163,0,0.3429321565561069,-0.4476393839537116
medium,0.163,0,0.35537147179306977,-0.407431561018994
medium,0.163,0,0.36785797500456907,-0.41674032658310733
medium,0.163,0,0.3805349494768123,-0.3784725161408735
medium,0.163,0,0.3932518089486028,-0.38594451804796925
medium,0.163,0,0.40612281464121863,-0.35017096487745847
medium,0.163,0,0.41902609880946284,-0.3564737769348114
medium,0.163,0,0.43204603101279704,-0.3234099569727553
medium,0.163,0,0.445090389509151,-0.3285189526436143
medium,0.163,0,0.4582130100928785,-0.2979442610570575
medium,0.163,0,0.47135201888817807,-0.301648116280788
medium,0.163,0,0.4845303082013946,-0.2733418274543089
medium,0.163,0,0.4977168229205502,-0.2756791999968262
medium,0.163,0,0.5109033376397055,-0.24946451594532215
medium,0.163,0,0.5240898523588609,-0.25053841515118
medium,0.163,0,0.5372370865600996,-0.22623135711823683
medium,0.163,0,0.5503760953553993,-0.22624646345812294
medium,0.163,0,0.5634368420633259,-0.20367374695729779
medium,0.163,0,0.5764812005596803,-0.2028162756172709
medium,0.163,0,0.5894089110209437,-0.1817797832923551
medium,0.163,0,0.6023121951891874,-0.1802480138398621
medium,0.163,0,0.6150613331366064,-0.16054487737076362
medium,0.163,0,0.627778192608397,-0.15855444298382726
medium,0.163,0,0.6403045808194441,-0.13997082765683944
medium,0.163,0,0.6527910840309437,-0.13779148310622347
medium,0.163,0,0.6650522405430844,-0.12009478631771664
medium,0.163,0,0.6772662090806889,-0.11807133377848955
medium,0.163,0,0.6892216705047697,-0.10103898094894248
medium,0.163,0,0.7011230001083038,-0.09964266546731393
medium,0.163,0,0.7127346295793754,-0.08303645225445688
medium,0.163,0,0.7242855953597307,-0.08271361530170807
medium,0.163,0,0.7355178727816168,-0.06609027179894755
medium,0.163,0,0.7466834163299328,-0.06708369256358182
medium,0.163,0,0.7575037087046161,-0.049858890345702234
medium,0.163,0,0.7682517049079494,-0.05247798603695086
medium,0.163,0,0.778630514692365,-0.03412478339127767
medium,0.163,0,0.7889320162251634,-0.03882196916426239
medium,0.163,0,0.7988432058253605,-0.01885779609797744
medium,0.163,0,0.8086726634561553,-0.026155024656305814
medium,0.163,0,0.818093654150126,-0.00410727902900998
medium,0.163,0,0.8274291111865428,-0.014508806035283373
medium,0.163,0,0.8363410549619491,0.010077283064347409
medium,0.163,0,0.8451643143544321,-0.003855115450162705
medium,0.163,0,0.853552237353356,0.023620310492371344
medium,0.163,0,0.8618490001856899,0.005826426892438952
medium,0.163,0,0.8697019166647353,0.03634469215486236
medium,0.163,0,0.8774618909774355,0.014566736604085917
medium,0.163,0,0.8847728869158656,0.04800224513869589
medium,0.163,0,0.8919898660342015,0.022437855278338636
medium,0.163,0,0.8987561517538264,0.05827313465360695
medium,0.163,0,0.9054280615243795,0.029530415734383975
medium,0.163,0,0.9116509929206627,0.0668438491961908
medium,0.163,0,0.9177799074968512,0.03600419589565507
medium,0.163,0,0.9234649757197521,0.07359256273769244
medium,0.163,0,0.9290571017763076,0.042109497551541475
medium,0.163,0,0.934213891439304,0.07867623459181539
medium,0.163,0,0.9392795209357097,0.04804954327447497
medium,0.163,0,0.943921637171105,0.0825436540020752
medium,0.163,0,0.9484750690235767,0.053950922307700044
medium,0.163,0,0.9526200339392247,0.08589838196568556
medium,0.163,0,0.9566794651973185,0.05990349898439129
medium,0.163,0,0.9603485845228064,0.08941726072956324
medium,0.163,0,0.9639359718788908,0.06597110500752978
medium,0.163,0,0.9671541728160675,0.09350542470705159
medium,0.163,0,0.9702950655016291,0.07219747910085395
medium,0.163,0,0.9730907070135534,0.09828360690854121
medium,0.163,0,0.9758140523541263,0.0786095310739221
medium,0.163,0,0.9782187093362306,0.10370217825024164
medium,0.163,0,0.9805566324447643,0.08520416167988576
medium,0.163,0,0.9826048554208383,0.10965630176098395
medium,0.163,0,0.9845924147061961,0.09197484986182913
medium,0.163,0,0.9863214668780249,0.11605374065578988
medium,0.163,0,0.9879963872293058,0.09889417647639887
medium,0.163,0,0.9894459608812312,0.12282036005390495
medium,0.163,0,0.9908483465586202,0.10593284515778567
medium,0.163,0,0.9920602609752667,0.129939518885809
medium,0.163,0,0.9932322903923656,0.1130493136131383
medium,0.163,0,0.9942501735886385,0.1373179091783575
medium,0.163,0,0.9952357783092827,0.11982520324917068
medium,0.163,0,0.9961047349948372,0.14368959897753042
medium,0.163,0,0.9969492653873722,0.12214655212473824
medium,0.163,0,0.9977155336925335,0.13495121170728785
medium,0.163,0,0.9984654137861227,0.05721028740332579
medium,0.163,0,0.999176013361795,-11.81689726940883
medium,0.163,0,0.9998783875315281,-34.69597472416413
medium,0.163,1,0.0005807617012620616,0.2954890574765875
medium,0.163,1,0.0012831358709955287,-2.1885464645403068
medium,0.163,1,0.0020247905586456647,0.43956189495202247
medium,0.163,1,0.002774670652234885,0.3908223914056971
medium,0.163,1,0.003602812833197997,0.46414956070681124
medium,0.163,1,0.004447343225733247,0.43057499169976887
medium,0.163,1,0.00540852165335806,0.4742463070028231
medium,0.163,1,0.0063941263740024895,0.44366781436563874
medium,0.163,1,0.007533877315472296,0.4667727341546084
medium,0.163,1,0.008705906732570604,0.44087214306190003
medium,0.163,1,0.010068407410411984,0.4476103801988498
medium,0.163,1,0.011470793087800576,0.42781828902289254
medium,0.163,1,0.013098525464549348,0.4202019785575115
medium,0.163,1,0.014773445815834944,0.40790535557216423
medium,0.163,1,0.01670687328064278,0.38717147213226877
medium,0.163,1,0.018694432565996837,0.38358523083053864
medium,0.163,1,0.02097169198381409,0.35051446080876636
medium,0.163,1,0.023309615092347923,0.35681348124452106
medium,0.163,1,0.025966226559350516,0.3121558868173959
medium,0.163,1,0.028689571899923584,0.3292600969291103
medium,0.163,1,0.031758168414134244,0.2739064545948121
medium,0.163,1,0.03489906109969637,0.3015218323228438
medium,0.163,1,0.0384091402041653,0.23674943820675276
medium,0.163,1,0.04199652756024898,0.2732556580020469
medium,0.163,1,0.04597422684893979,0.2015291053540591
medium,0.163,1,0.050033658107034085,0.24309670698036057
medium,0.163,1,0.054501556301951734,0.16859891620526124
medium,0.163,1,0.05905498815442322,0.20949244448226534
medium,0.163,1,0.06403193326790603,0.1382767023315532
medium,0.163,1,0.06909756276431238,0.17206135372813958
medium,0.163,1,0.07459852865427766,0.11087215265343031
medium,0.163,1,0.08019065471083303,0.1321893016857565
medium,0.163,1,0.08622662712067661,0.08632926113029638
medium,0.163,1,0.09235554169686508,0.09227155958787636
medium,0.163,1,0.09893343464732064,0.0640054355139833
medium,0.163,1,0.10560534441787009,0.05460554961952191
medium,0.163,1,0.11272794758713656,0.04302871453277979
medium,0.163,1,0.11994492670547599,0.020712467476394214
medium,0.163,1,0.12761088419808242,0.02271187388225193
medium,0.163,1,0.13537085851078284,-0.008797251521325045
medium,0.163,1,0.14357467917677144,0.002778510376771348
medium,0.163,1,0.1518714420091049,-0.034006573083865455
medium,0.163,1,0.16060354123499712,-0.016645997078878594
medium,0.163,1,0.16942680062747945,-0.05542197858876574
medium,0.163,1,0.1786735732809733,-0.03528250838224789
medium,0.163,1,0.18800903031739089,-0.07385081793297221
medium,0.163,1,0.19775295429063164,-0.05314712082483397
medium,0.163,1,0.20758241192142637,-0.09046363729033491
medium,0.163,1,0.21780218148482822,-0.07052954881988494
medium,0.163,1,0.22810368301763342,-0.10579206511239181
medium,0.163,1,0.23877437096934534,-0.0868604444108354
medium,0.163,1,0.2495223671726721,-0.11909200062614955
medium,0.163,1,0.26061561454963633,-0.10088497274648245
medium,0.163,1,0.2717811580979523,-0.12954007284414581
medium,0.163,1,0.28326539000473683,-0.11146260751267056
medium,0.163,1,0.2948163557850918,-0.1356940160261655
medium,0.163,1,0.3066570216979101,-0.11660284659327491
medium,0.163,1,0.318558351301445,-0.13567539829907593
medium,0.163,1,0.3307181880185028,-0.11525904437290801
medium,0.163,1,0.3429321565561069,-0.1303915211598663
medium,0.163,1,0.3553714717930699,-0.1094587303125687
medium,0.163,1,0.3678579750045693,-0.12221581796170833
medium,0.163,1,0.38053494947681243,-0.10144969852977437
medium,0.163,1,0.3932518089486029,-0.11269052053936601
medium,0.163,1,0.40612281464121874,-0.0925919794391652
medium,0.163,1,0.41902609880946307,-0.10281029905981987
medium,0.163,1,0.43204603101279715,-0.08369310577174405
medium,0.163,1,0.445090389509151,-0.09285699664650404
medium,0.163,1,0.4582130100928785,-0.07471628522338647
medium,0.163,1,0.4713520188881783,-0.08264677680051524
medium,0.163,1,0.4845303082013948,-0.06544681946228859
medium,0.163,1,0.4977168229205503,-0.07216337960702157
medium,0.163,1,0.5109033376397055,-0.05587074590652308
medium,0.163,1,0.5240898523588609,-0.0614507321014095
medium,0.163,1,0.5372370865600996,-0.04600292994478172
medium,0.163,1,0.5503760953553993,-0.05061147692480161
medium,0.163,1,0.5634368420633266,-0.03593692477855215
medium,0.163,1,0.5764812005596817,-0.039730617668407575
medium,0.163,1,0.5894089110209446,-0.025723219477117754
medium,0.163,1,0.6023121951891877,-0.028874717662475513
medium,0.163,1,0.6150613331366064,-0.015410128569525838
medium,0.163,1,0.627778192608397,-0.018114270892198858
medium,0.163,1,0.6403045808194443,-0.005044778610701961
medium,0.163,1,0.6527910840309441,-0.007550714998201924
medium,0.163,1,0.6650522405430853,0.005300754336578173
medium,0.163,1,0.6772662090806898,0.002669105513182446
medium,0.163,1,0.6892216705047701,0.015483059345604122
medium,0.163,1,0.701123000108304,0.012282145021775381
medium,0.163,1,0.7127346295793754,0.025261242013230656
medium,0.163,1,0.7242855953597307,0.021055086983179594
medium,0.163,1,0.7355178727816168,0.03458810381651989
medium,0.163,1,0.7466834163299328,0.02910425278691564
medium,0.163,1,0.7575037087046066,0.04371883802925092
medium,0.163,1,0.7682517049079285,0.03662030191603072
medium,0.163,1,0.7786305146923506,0.05281040523959413
medium,0.163,1,0.788932016225159,0.043629211774597665
medium,0.163,1,0.7988432058253585,0.06185926180885515
medium,0.163,1,0.8086726634561542,0.05006064217560935
medium,0.163,1,0.8180936541501245,0.07079001165963972
medium,0.163,1,0.8274291111865404,0.055852651570554857
medium,0.163,1,0.836341054961948,0.07952418560218533
medium,0.163,1,0.8451643143544327,0.0609995917759959
medium,0.163,1,0.8535522373533568,0.08795674705670053
medium,0.163,1,0.8618490001856908,0.06549534836047977
medium,0.163,1,0.8697019166647357,0.09588956702901308
medium,0.163,1,0.877461890977436,0.06935029501787648
medium,0.163,1,0.8847728869158665,0.10305834128256786
medium,0.163,1,0.8919898660342024,0.07261976420897187
medium,0.163,1,0.8987561517538268,0.10913365305106604
medium,0.163,1,0.9054280615243799,0.07538226018795957
medium,0.163,1,0.9116509929206627,0.11379597289684229
medium,0.163,1,0.9177799074968512,0.07778203702520725
medium,0.163,1,0.9234649757197518,0.11691047582436975
medium,0.163,1,0.9290571017763072,0.08004900345839938
medium,0.163,1,0.9342138914393038,0.11861425675231241
medium,0.163,1,0.9392795209357101,0.08237397505321398
medium,0.163,1,0.943921637171105,0.11933663626139768
medium,0.163,1,0.9484750690235767,0.08487841021251685
medium,0.163,1,0.9526200339392247,0.11975949563846555
medium,0.163,1,0.9566794651973185,0.08765043672692796
medium,0.163,1,0.9603485845228059,0.12054094091044332
medium,0.163,1,0.9639359718788899,0.09075383678215532
medium,0.163,1,0.9671541728160673,0.12207552317411208
medium,0.163,1,0.9702950655016294,0.09423302539158773
medium,0.163,1,0.9730907070135538,0.1244805704277725
medium,0.163,1,0.9758140523541263,0.09811495723229147
medium,0.163,1,0.9782187093362306,0.12770588465417176
medium,0.163,1,0.9805566324447643,0.10239684142910055
medium,0.163,1,0.9826048554208374,0.1316456349810683
medium,0.163,1,0.9845924147061943,0.10707058211443254
medium,0.163,1,0.9863214668780236,0.13620120781481782
medium,0.163,1,0.9879963872293054,0.11210820671006938
medium,0.163,1,0.9894459608812307,0.14128973587874483
medium,0.163,1,0.9908483465586202,0.11747986031348256
medium,0.163,1,0.9920602609752667,0.14688561185974824
medium,0.163,1,0.9932322903923656,0.12314234589720074
medium,0.163,1,0.9942501735886385,0.15291215162894334
medium,0.163,1,0.9952357783092827,0.12865837031849459
medium,0.163,1,0.9961047349948372,0.1582266660420103
medium,0.163,1,0.9969492653873722,0.12981036856243744
medium,0.163,1,0.9977155336925333,0.14889678168552278
medium,0.163,1,0.9984654137861223,0.06395687306646258
medium,0.163,1,0.9991760133617947,-9.814345244395463
medium,0.163,1,0.9998783875315281,-34.69597472416413
fine,0.163,0,0.00010809955304188912,0.030161610230483027
fine,0.163,0,0.0005734125613205786,0.04502219351478587
fine,0.163,0,0.001041999068315914,-0.253602058219927
fine,0.163,0,0.0015214028058582695,-0.17922522666502916
fine,0.163,0,0.0020073424643503343,-0.35042862999631597
fine,0.163,0,0.002514879981851865,-0.30790125709676786
fine,0.163,0,0.0030321937270485076,-0.40304129588021076
fine,0.163,0,0.0035818128793989735,-0.36679106613762436
fine,0.163,0,0.004144415486530113,-0.44724928353290316
fine,0.163,0,0.00474992173768763,-0.4103285266047907
fine,0.163,0,0.005371574738810308,-0.48408515005242103
fine,0.163,0,0.006046584448482004,-0.4437158684368814
fine,0.163,0,0.006740849567812426,-0.5153613292128492
fine,0.163,0,0.0074987439180016924,-0.46982958187979373
fine,0.163,0,0.00827893718333216,-0.5421500169588964
fine,0.163,0,0.009132816900655327,-0.4903658261506214
fine,0.163,0,0.010011963586131878,-0.5649793045118789
fine,0.163,0,0.010974604613106233,-0.5061853335740081
fine,0.163,0,0.0119653951658247,-0.5837702448863289
fine,0.163,0,0.013049205431126283,-0.517818511471678
fine,0.163,0,0.014163952530677053,-0.5984965871962569
fine,0.163,0,0.01538092996463017,-0.5261785626537594
fine,0.163,0,0.016631526860883553,-0.6099801656420307
fine,0.163,0,0.017993218798268727,-0.5330417220525023
fine,0.163,0,0.01939109906838702,-0.6194386643906591
fine,0.163,0,0.02090856317591378,-0.5394578240019039
fine,0.163,0,0.022464662036743598,-0.6258445834865343
fine,0.163,0,0.024148428897406125,-0.544447025052688
fine,0.163,0,0.02587314620416597,-0.6278871271106279
fine,0.163,0,0.02773318368508353,-0.5499040360536815
fine,0.163,0,0.029636348741545724,-0.627329964555911
fine,0.163,0,0.03168202826585568,-0.5569141399809023
fine,0.163,0,0.03377286656509372,-0.6240006247145837
fine,0.163,0,0.03601293140202252,-0.5655635162641095
fine,0.163,0,0.03830003341026301,-0.6182070387107059
fine,0.163,0,0.040742569090670123,-0.5758253550932784
fine,0.163,0,0.043233861179874204,-0.6107965653013274
fine,0.163,0,0.04588626813737569,-0.5872412916197551
fine,0.163,0,0.048588985764905404,-0.6027011798190534
fine,0.163,0,0.05145795429514854,-0.5988722792174006
fine,0.163,0,0.05437861752126931,-0.5947181055315756
fine,0.163,0,0.057470105144090414,-0.6095167879721366
fine,0.163,0,0.06061449657015131,-0.5873597167753326
fine,0.163,0,0.06393370787121391,-0.6180157862134046
fine,0.163,0,0.06730685307315461,-0.5808217391702473
fine,0.163,0,0.07085822209327951,-0.623535549264506
fine,0.163,0,0.07446437261667258,-0.575063398565751
fine,0.163,0,0.07825154784844697,-0.6257613554682322
fine,0.163,0,0.08209416682261332,-0.569957063601088
fine,0.163,0,0.08611999886504683,-0.6249107392141813
fine,0.163,0,0.09020174928492213,-0.5653619912739165
fine,0.163,0,0.0944682811979223,-0.6214996930542389
fine,0.163,0,0.09879101691332523,-0.5610478879297756
fine,0.163,0,0.10329947730462935,-0.6160502355886623
fine,0.163,0,0.1078642367474207,-0.5567236058806888
fine,0.163,0,0.11261503561537584,-0.6091381152908288
fine,0.163,0,0.11742203828573358,-0.5522323328877081
fine,0.163,0,0.12241476563199266,-0.6012920300058211
fine,0.163,0,0.12746341135569333,-0.54748080673905
fine,0.163,0,0.1326968385725192,-0.5929541271999008
fine,0.163,0,0.13798570953173692,-0.5424651058590804
fine,0.163,0,0.14345779355922178,-0.5844904069169938
fine,0.163,0,0.14898465908997502,-0.5372538166425107
fine,0.163,0,0.1546925493291101,-0.5761754241193542
fine,0.163,0,0.16045437346912286,-0.5319430807188867
fine,0.163,0,0.16639442142731858,-0.5681974115536248
fine,0.163,0,0.17238737318875433,-0.5266463232357763
fine,0.163,0,0.17855514482519283,-0.5607230908697016
fine,0.163,0,0.18477461115750884,-0.521565913929116
fine,0.163,0,0.19116490188652507,-0.554019294309547
fine,0.163,0,0.19760550328556956,-0.5171111228452556
fine,0.163,0,0.2042123555873272,-0.5484515951001618
fine,0.163,0,0.2108679642978819,-0.5136060709453723
fine,0.163,0,0.21768468787673415,-0.5437831323998363
fine,0.163,0,0.22454844862689805,-0.5105651759106342
fine,0.163,0,0.23156764304922853,-0.5391109289692935
fine,0.163,0,0.2386319962464872,-0.5071142586313608
fine,0.163,0,0.24584557598143633,-0.5338250664460589
fine,0.163,0,0.25310228329193035,-0.5028060098738147
fine,0.163,0,0.2605015050702721,-0.5275818597950657
fine,0.163,0,0.2679416772947113,-0.49725039316796593
fine,0.163,0,0.27551716969330803,-0.5197475272260981
fine,0.163,0,0.2831312968452078,-0.4896724912367285
fine,0.163,0,0.29087309199693995,-0.5092330419061777
fine,0.163,0,0.29865107548140507,-0.47894669719958083
fine,0.163,0,0.30654864280327837,-0.4950342466535631
fine,0.163,0,0.31447982958745246,-0.4643992541902566
fine,0.163,0,0.3225221114127601,-0.47734749192466297
fine,0.163,0,0.33059533007231673,-0.4469573297198579
fine,0.163,0,0.33877077906627495,-0.4579980286753602
fine,0.163,0,0.34697437758597693,-0.4284036604413264
fine,0.163,0,0.35527099581826077,-0.43786190912023715
fine,0.163,0,0.3635928810186982,-0.40923617313410476
fine,0.163,0,0.3719982605606341,-0.41732160504349514
fine,0.163,0,0.3804259390177113,-0.3899624463003437
fine,0.163,0,0.38892730392678143,-0.3970353938893938
fine,0.163,0,0.3974479242455103,-0.37116153327895396
fine,0.163,0,0.40603217379509804,-0.37739545612392167
fine,0.163,0,0.41463257009465093,-0.35303315852618455
fine,0.163,0,0.4232863231027525,-0.35845565698738935
fine,0.163,0,0.43195305956563457,-0.33553159972145274
fine,0.163,0,0.4406626996725435,-0.34009005668413517
fine,0.163,0,0.44938211600714745,-0.3184833939550138
fine,0.163,0,0.4581338377489053,-0.32213123024414325
fine,0.163,0,0.46689209541161286,-0.3017394625205798
fine,0.163,0,0.47567195093332976,-0.3045141825979105
fine,0.163,0,0.4844550799537633,-0.2852908213207821
fine,0.163,0,0.4932490262047437,-0.28728147746859856
fine,0.163,0,0.5020429724557239,-0.2691550900173396
fine,0.163,0,0.5108369187067042,-0.27034811824429794
fine,0.163,0,0.519627591458968,-0.25325794959498293
fine,0.163,0,0.528407446980685,-0.25372817695786565
fine,0.163,0,0.5371807665814522,-0.23765442691397376
fine,0.163,0,0.5459324883232103,-0.23745012123017428
fine,0.163,0,0.5546744338372731,-0.22235159953135097
fine,0.163,0,0.5633840739441819,-0.22150247048180538
fine,0.163,0,0.5720807305963099,-0.2073424277687832
fine,0.163,0,0.5807344836044114,-0.2058865128525209
fine,0.163,0,0.5893720898625477,-0.19263441823639216
fine,0.163,0,0.5979563394121354,-0.19061188480034663
fine,0.163,0,0.6065213335520644,-0.17823481412159858
fine,0.163,0,0.6150226984611346,-0.1756827189611203
fine,0.163,0,0.6235017644550632,-0.16414460092932748
fine,0.163,0,0.631907143996999,-0.16110529899415127
fine,0.163,0,0.6402872565707813,-0.1503781967165072
fine,0.163,0,0.6485838748030661,-0.1469190222669572
fine,0.163,0,0.6568523435096065,-0.13697258773660592
fine,0.163,0,0.6650277925035644,-0.13315874200367128
fine,0.163,0,0.6731723046632727,-0.12393818804209022
fine,0.163,0,0.6812145864885767,-0.11985738713100114
fine,0.163,0,0.6892232488515816,-0.11133250288952423
fine,0.163,0,0.697120816173458,-0.1071767089932476
fine,0.163,0,0.7049821951626006,-0.09929561313476865
fine,0.163,0,0.712723990314333,-0.0951739308492574
fine,0.163,0,0.7204271507127622,-0.08779179794968917
fine,0.163,0,0.7280026431113592,-0.08374726354715945
fine,0.163,0,0.7355371850638588,-0.07667706668559093
fine,0.163,0,0.7429364068422006,-0.07277187315266365
fine,0.163,0,0.7502925010449977,-0.06581414716957457
fine,0.163,0,0.757506080779947,-0.06217780497299685
fine,0.163,0,0.7646745017399686,-0.055120998051965575
fine,0.163,0,0.7716936961623004,-0.051948212393313487
fine,0.163,0,0.77866585341332,-0.04455239526313237
fine,0.163,0,0.7854825769921704,-0.04208233612297896
fine,0.163,0,0.7922505441622247,-0.034074481886971375
fine,0.163,0,0.7988573964639829,-0.03259017247711382
fine,0.163,0,0.8054139380957127,-0.023670675958360032
fine,0.163,0,0.8118042288247285,-0.023489319903886807
fine,0.163,0,0.8181428248578669,-0.013317256336965677
fine,0.163,0,0.8243105964943042,-0.014757413072530534
fine,0.163,0,0.830425464327502,-0.0029595374390360973
fine,0.163,0,0.8363655122856994,-0.006374417162224866
fine,0.163,0,0.8422516263430186,0.0074272220473977635
fine,0.163,0,0.8479595165821531,0.001650353200879029
fine,0.163,0,0.8536126253180191,0.017836169810168
fine,0.163,0,0.8590847093455038,0.009291459420569637
fine,0.163,0,0.8645013496305968,0.02823833291731337
fine,0.163,0,0.8697347768474226,0.016512562833132627
fine,0.163,0,0.8749122856868065,0.03857816491428934
fine,0.163,0,0.8799050130330658,0.023260296088600474
fine,0.163,0,0.8848415365769214,0.04876216107912035
fine,0.163,0,0.8895923354448725,0.02946231046836778
fine,0.163,0,0.894286835261338,0.058651143277936746
fine,0.163,0,0.8987952956526463,0.03503555335327169
fine,0.163,0,0.903247552241551,0.06806772586409915
fine,0.163,0,0.9075140841545509,0.03991568896012798
fine,0.163,0,0.9117246976901094,0.07684236692717317
fine,0.163,0,0.9157505297325431,0.04412636877306042
fine,0.163,0,0.9197209180325848,0.08484220014080801
fine,0.163,0,0.9235080932643589,0.04774423267601813
fine,0.163,0,0.9272404869928651,0.0919126531242187
fine,0.163,0,0.9307918560129901,0.05086548098974486
fine,0.163,0,0.9342892911322367,0.09788991659382773
fine,0.163,0,0.9376085024332993,0.053610759168340016
fine,0.163,0,0.9408748099311218,0.10263112218922632
fine,0.163,0,0.9439662975539431,0.056111004167752276
fine,0.163,0,0.9470060904808868,0.10604259311164377
fine,0.163,0,0.9498750590111298,0.05848492965647989
fine,0.163,0,0.9526937168713446,0.10812562991624075
fine,0.163,0,0.955346123828846,0.06082748472990995
fine,0.163,0,0.9579497743775506,0.10903148090043147
fine,0.163,0,0.9603923100579578,0.06320886595964137
fine,0.163,0,0.9627878085670529,0.10908879592948217
fine,0.163,0,0.9650278734039799,0.06568072082591436
fine,0.163,0,0.9672227794659797,0.10875743839317498
fine,0.163,0,0.9692684589902913,0.0682833330882916
fine,0.163,0,0.9712710109390577,0.10850731050613938
fine,0.163,0,0.9731310484199751,0.0710502315706335
fine,0.163,0,0.9749501354547949,0.10869322230972922
fine,0.163,0,0.9766339023154575,0.07400556274160563
fine,0.163,0,0.978279034422817,0.10949936382007008
fine,0.163,0,0.979796498530344,0.07716203087068152
fine,0.163,0,0.9812777743051375,0.11097627011548528
fine,0.163,0,0.9826394662425229,0.08054200865706718
fine,0.163,0,0.9839675387176077,0.1130989097081716
fine,0.163,0,0.9851845161515604,0.08415306271872791
fine,0.163,0,0.9863705567512643,0.11579484189584865
fine,0.163,0,0.9874543670165653,0.08799355914404816
fine,0.163,0,0.9885100277561225,0.11900272602809425
fine,0.163,0,0.9894726687830979,0.0920796496637204
fine,0.163,0,0.9904100428419195,0.12269304704753015
fine,0.163,0,0.9912639225592431,0.09644653695287886
fine,0.163,0,0.9920955033614253,0.126872078273067
fine,0.163,0,0.9928533977116151,0.10115421403270941
fine,0.163,0,0.9935920366521453,0.13159166348568496
fine,0.163,0,0.9942670463618161,0.10630387401669794
fine,0.163,0,0.9949259093215221,0.13695203057360694
fine,0.163,0,0.9955314155726802,0.11202728285519936
fine,0.163,0,0.9961239383690575,0.1429807361804738
fine,0.163,0,0.9966735575214077,0.11813811611440428
fine,0.163,0,0.9972134004460627,0.1484912025508872
fine,0.163,0,0.997720937963564,0.1207368442098774
fine,0.163,0,0.9982219395601157,0.13987461132160595
fine,0.163,0,0.9987013432976581,0.05846941563331176
fine,0.163,0,0.9991774735364838,-21.62163648435301
fine,0.163,0,0.9996427865447625,-54.47500040128375
fine,0.163,1,0.00010809955304188912,0.3149376901631151
fine,0.163,1,0.0005734125613205786,-2.343771625685215
fine,0.163,1,0.001041999068315914,0.4435726959486471
fine,0.163,1,0.0015214028058582695,0.365528875864807
fine,0.163,1,0.0020073424643503343,0.4590338808480291
fine,0.163,1,0.002514879981851865,0.41104068960012874
fine,0.163,1,0.0030321937270485076,0.479944164652115
fine,0.163,1,0.0035818128793989735,0.4381666292445584
fine,0.163,1,0.004144415486530058,0.4878343860985872
fine,0.163,1,0.004749921737687464,0.45265283780468235
fine,0.163,1,0.00537157473881014,0.48693297773702526
fine,0.163,1,0.006046584448481892,0.45898486519148507
fine,0.163,1,0.006740849567812426,0.4794811281581012
fine,0.163,1,0.0074987439180014695,0.4594460787171558
fine,0.163,1,0.008278937183331881,0.46685124313055437
fine,0.163,1,0.009132816900655214,0.4554327482086804
fine,0.163,1,0.010011963586131933,0.4500280499731951
fine,0.163,1,0.010974604613106457,0.4479233153312291
fine,0.163,1,0.011965395165824922,0.4298637336606006
fine,0.163,1,0.013049205431126394,0.4376522816056373
fine,0.163,1,0.014163952530677053,0.40715294147593484
fine,0.163,1,0.015380929964630282,0.42511323185094196
fine,0.163,1,0.016631526860883664,0.38254931039072504
fine,0.163,1,0.01799321879826867,0.41047877787580545
fine,0.163,1,0.01939109906838691,0.3565193369072215
fine,0.163,1,0.020908563175913837,0.3937834053890439
fine,0.163,1,0.022464662036743823,0.32982626443144014
fine,0.163,1,0.02414842889740618,0.3751764483186807
fine,0.163,1,0.02587314620416597,0.30347799593963964
fine,0.163,1,0.02773318368508353,0.3540814470536918
fine,0.163,1,0.029636348741545724,0.27767355439161545
fine,0.163,1,0.03168202826585568,0.3301017522057027
fine,0.163,1,0.033772866565093665,0.25296680794322546
fine,0.163,1,0.036012931402022295,0.303076664293076
fine,0.163,1,0.03830003341026273,0.22967638934698276
fine,0.163,1,0.04074256909067007,0.27313149472727016
fine,0.163,1,0.043233861179874204,0.20779120584391875
fine,0.163,1,0.04588626813737569,0.24083146608070238
fine,0.163,1,0.048588985764905404,0.1870716328299663
fine,0.163,1,0.05145795429514865,0.20715776359919746
fine,0.163,1,0.05437861752126953,0.1671499080683546
fine,0.163,1,0.057470105144090636,0.17332968363816803
fine,0.163,1,0.06061449657015154,0.14765869687312871
fine,0.163,1,0.06393370787121419,0.14056201415212688
fine,0.163,1,0.06730685307315483,0.12833712978507705
fine,0.163,1,0.07085822209327956,0.10984478894016758
fine,0.163,1,0.07446437261667258,0.10907912207302695
fine,0.163,1,0.07825154784844697,0.08179327801519476
fine,0.163,1,0.08209416682261332,0.08990888131017738
fine,0.163,1,0.086119998865047,0.05661357048854776
fine,0.163,1,0.09020174928492229,0.07094070992888668
fine,0.163,1,0.09446828119792242,0.034216977546984606
fine,0.163,1,0.09879101691332534,0.052386612959662404
fine,0.163,1,0.10329947730462957,0.014390393168577265
fine,0.163,1,0.10786423674742092,0.03451793322112806
fine,0.163,1,0.11261503561537606,-0.0031957459408358257
fine,0.163,1,0.1174220382857338,0.017527898996956393
fine,0.163,1,0.12241476563199288,-0.018900339170630387
fine,0.163,1,0.12746341135569356,0.0015460530194398858
fine,0.163,1,0.1326968385725192,-0.03307093505451686
fine,0.163,1,0.1379857095317367,-0.013384448816447625
fine,0.163,1,0.14345779355922167,-0.04602960427987712
fine,0.163,1,0.14898465908997502,-0.02729768948943323
fine,0.163,1,0.1546925493291101,-0.05804956879607359
fine,0.163,1,0.16045437346912286,-0.040272438722717574
fine,0.163,1,0.1663944214273187,-0.06934804266616013
fine,0.163,1,0.17238737318875455,-0.05241667279073092
fine,0.163,1,0.17855514482519283,-0.08011997226464884
fine,0.163,1,0.18477461115750884,-0.06390635056007321
fine,0.163,1,0.19116490188652507,-0.09061423229622023
fine,0.163,1,0.19760550328556956,-0.07506574665391685
fine,0.163,1,0.2042123555873272,-0.10113868368516754
fine,0.163,1,0.2108679642978819,-0.08619827509259426
fine,0.163,1,0.21768468787673403,-0.11160828375879883
fine,0.163,1,0.22454844862689782,-0.09708303045247679
fine,0.163,1,0.2315676430492283,-0.12149387310802284
fine,0.163,1,0.23863199624648698,-0.10719358933539258
fine,0.163,1,0.24584557598143633,-0.13043945424535353
fine,0.163,1,0.25310228329193035,-0.116252446281214
fine,0.163,1,0.2605015050702721,-0.1382353249925783
fine,0.163,1,0.2679416772947113,-0.12400871626787224
fine,0.163,1,0.27551716969330803,-0.14444593876000456
fine,0.163,1,0.2831312968452078,-0.12992628844046794
fine,0.163,1,0.29087309199694017,-0.14828956678711314
fine,0.163,1,0.2986510754814053,-0.13317255081327017
fine,0.163,1,0.3065486428032785,-0.14900874188805413
fine,0.163,1,0.31447982958745246,-0.1331689293212055
fine,0.163,1,0.3225221114127601,-0.1466738977361992
fine,0.163,1,0.33059533007231673,-0.1304690298454061
fine,0.163,1,0.33877077906627495,-0.14253477953461902
fine,0.163,1,0.34697437758597693,-0.12632957828241898
fine,0.163,1,0.35527099581826077,-0.13717936178754342
fine,0.163,1,0.3635928810186982,-0.12111513230329707
fine,0.163,1,0.3719982605606341,-0.1308867731796528
fine,0.163,1,0.3804259390177113,-0.11521397535732358
fine,0.163,1,0.38892730392678143,-0.12416946294826103
fine,0.163,1,0.3974479242455103,-0.1090935155066286
fine,0.163,1,0.40603217379509804,-0.11735915024529664
fine,0.163,1,0.41463257009465093,-0.10295210126759069
fine,0.163,1,0.4232863231027525,-0.11054384879878842
fine,0.163,1,0.43195305956563457,-0.09680380509782438
fine,0.163,1,0.4406626996725435,-0.10367500812856156
fine,0.163,1,0.44938211600714745,-0.09055788723289115
fine,0.163,1,0.4581338377489053,-0.09666628667256272
fine,0.163,1,0.46689209541161286,-0.08413282473670947
fine,0.163,1,0.47567195093332976,-0.08950332341970446
fine,0.163,1,0.4844550799537632,-0.07755070743900183
fine,0.163,1,0.4932490262047437,-0.08225017690001035
fine,0.163,1,0.5020429724557242,-0.07085343227467322
fine,0.163,1,0.5108369187067042,-0.07486520135188512
fine,0.163,1,0.5196275914589678,-0.06400472656042355
fine,0.163,1,0.5284074469806849,-0.06738360880103822
fine,0.163,1,0.5371807665814522,-0.05706958223386405
fine,0.163,1,0.5459324883232103,-0.0598492179000194
fine,0.163,1,0.5546744338372731,-0.05007323114272921
fine,0.163,1,0.5633840739441817,-0.05227213745086079
fine,0.163,1,0.5720807305963096,-0.043027166923306215
fine,0.163,1,0.5807344836044113,-0.04467119752664983
fine,0.163,1,0.5893720898625479,-0.03595301365377379
fine,0.163,1,0.5979563394121354,-0.03707088443020479
fine,0.163,1,0.6065213335520644,-0.028870961104683568
fine,0.163,1,0.6150226984611346,-0.02948965285555971
fine,0.163,1,0.6235017644550632,-0.02179427409878265
fine,0.163,1,0.631907143996999,-0.02194671780755475
fine,0.163,1,0.6402872565707816,-0.014746303102257441
fine,0.163,1,0.6485838748030661,-0.014488598277518694
fine,0.163,1,0.656852343509607,-0.0077689342100351055
fine,0.163,1,0.6650277925035646,-0.007157918885409842
fine,0.163,1,0.6731723046632738,-0.00088109464647812
fine,0.163,1,0.6812145864885828,4.149690734922551e-06
fine,0.163,1,0.6892232488515903,0.005858320997247146
fine,0.163,1,0.6971208161734618,0.006844925059694029
fine,0.163,1,0.7049821951626011,0.01231713551110225
fine,0.163,1,0.7127239903143332,0.013299729190709209
fine,0.163,1,0.7204271507127626,0.018513610499078736
fine,0.163,1,0.7280026431113596,0.019441024664066275
fine,0.163,1,0.7355371850638592,0.02456258321688909
fine,0.163,1,0.7429364068422009,0.025364025755620245
fine,0.163,1,0.7502925010449977,0.030577121013934172
fine,0.163,1,0.757506080779947,0.031118352730890253
fine,0.163,1,0.7646745017399686,0.0366243955084774
fine,0.163,1,0.7716936961622995,0.03670898432025449
fine,0.163,1,0.7786658534133182,0.04274089753145505
fine,0.163,1,0.7854825769921682,0.04212723497136972
fine,0.163,1,0.7922505441622221,0.048953360256182465
fine,0.163,1,0.7988573964639815,0.047355369670257774
fine,0.163,1,0.8054139380957123,0.05527360668130965
fine,0.163,1,0.8118042288247285,0.052369008867220956
fine,0.163,1,0.8181428248578665,0.061719645017194735
fine,0.163,1,0.8243105964943024,0.05717940126086407
fine,0.163,1,0.8304254643274995,0.06833698434861035
fine,0.163,1,0.8363655122856983,0.06179657627029711
fine,0.163,1,0.8422516263430186,0.07514396634500431
fine,0.163,1,0.8479595165821531,0.06620441576936953
fine,0.163,1,0.8536126253180193,0.08212909388642697
fine,0.163,1,0.8590847093455045,0.070372025462476
fine,0.163,1,0.8645013496305974,0.08925889644544382
fine,0.163,1,0.8697347768474228,0.07425810920037124
fine,0.163,1,0.8749122856868065,0.09647317667889144
fine,0.163,1,0.8799050130330658,0.077805505535402
fine,0.163,1,0.8848415365769214,0.10367423735151404
fine,0.163,1,0.8895923354448732,0.08093912031017791
fine,0.163,1,0.8942868352613389,0.11071931808013036
fine,0.163,1,0.8987952956526463,0.08357384156125214
fine,0.163,1,0.9032475522415503,0.11742801154051985
fine,0.163,1,0.9075140841545507,0.08564215054030355
fine,0.163,1,0.9117246976901094,0.12362588333356295
fine,0.163,1,0.9157505297325431,0.08715933144813015
fine,0.163,1,0.9197209180325848,0.1291713864014008
fine,0.163,1,0.9235080932643589,0.08819343640006094
fine,0.163,1,0.9272404869928651,0.13390324000161713
fine,0.163,1,0.9307918560129901,0.08883419459235431
fine,0.163,1,0.9342892911322367,0.1376531826172097
fine,0.163,1,0.9376085024332993,0.08919654936936228
fine,0.163,1,0.9408748099311223,0.14027491661690472
fine,0.163,1,0.9439662975539433,0.08940703218978407
fine,0.163,1,0.9470060904808868,0.14167232855306588
fine,0.163,1,0.9498750590111298,0.08958156875585876
fine,0.163,1,0.9526937168713446,0.1418440546490758
fine,0.163,1,0.955346123828846,0.08981381272048672
fine,0.163,1,0.9579497743775506,0.1409374321304686
fine,0.163,1,0.9603923100579578,0.0901741143059035
fine,0.163,1,0.9627878085670538,0.1392751454194957
fine,0.163,1,0.9650278734039849,0.09071510509239389
fine,0.163,1,0.9672227794659868,0.13730945158362773
fine,0.163,1,0.9692684589902945,0.09147867451653446
fine,0.163,1,0.9712710109390581,0.13550289249571912
fine,0.163,1,0.9731310484199756,0.09249990386889229
fine,0.163,1,0.9749501354547954,0.13420502354114971
fine,0.163,1,0.976633902315458,0.09380487413400518
fine,0.163,1,0.9782790344228175,0.13359796398675716
fine,0.163,1,0.9797964985303442,0.09540784162844362
fine,0.163,1,0.9812777743051375,0.133732012467906
fine,0.163,1,0.9826394662425231,0.09733157372936285
fine,0.163,1,0.9839675387176081,0.1345818441744735
fine,0.163,1,0.9851845161515609,0.09958502634656241
fine,0.163,1,0.9863705567512647,0.13607541068615547
fine,0.163,1,0.9874543670165653,0.10216748227763639
fine,0.163,1,0.9885100277561223,0.13815030112415083
fine,0.163,1,0.9894726687830979,0.10509533425952211
fine,0.163,1,0.9904100428419199,0.1407746001531064
fine,0.163,1,0.9912639225592433,0.1084057057785971
fine,0.163,1,0.9920955033614253,0.14395216270285527
fine,0.163,1,0.9928533977116151,0.11216089622254433
fine,0.163,1,0.9935920366521453,0.1477353563373912
fine,0.163,1,0.9942670463618165,0.11646717625092973
fine,0.163,1,0.9949259093215224,0.15223847233127885
fine,0.163,1,0.99553141557268,0.1214566021723762
fine,0.163,1,0.9961239383690567,0.15754355178441792
fine,0.163,1,0.9966735575214073,0.126904729311192
fine,0.163,1,0.9972134004460629,0.16265018554933808
fine,0.163,1,0.9977209379635644,0.1287414499022813
fine,0.163,1,0.9982219395601162,0.15413564442782512
fine,0.163,1,0.9987013432976581,0.06576113187068777
fine,0.163,1,0.9991774735364838,-18.81687061252788
fine,0.163,1,0.9996427865447625,-54.47500040128375
coarse,0.245,0,0.0003279404297042116,-0.051976068254897756
coarse,0.245,0,0.0013963571837179109,0.3627944761727898
coarse,0.245,0,0.00251386943155844,-0.43562997652782043
coarse,0.245,0,0.003742237333402566,-0.4685705594224845
coarse,0.245,0,0.005067956185388659,-0.5986235801768496
coarse,0.245,0,0.006613489574406038,-0.6016390032904246
coarse,0.245,0,0.00830296366813337,-0.637233745851274
coarse,0.245,0,0.01031745009424721,-0.6409147749307875
coarse,0.245,0,0.01252000411427396,-0.658365630009204
coarse,0.245,0,0.015147207210927353,-0.6549421659649377
coarse,0.245,0,0.01800338690202103,-0.6649426308208233
coarse,0.245,0,0.021376586550541067,-0.6527541254232669
coarse,0.245,0,0.02501575394101469,-0.6596979210394582
coarse,0.245,0,0.02925546581490119,-0.6379017386213677
coarse,0.245,0,0.033793585796449366,-0.6443794750404348
coarse,0.245,0,0.03900549930478196,-0.6150018377804292
coarse,0.245,0,0.04454315544102777,-0.6246699330323771
coarse,0.245,0,0.05081632535337576,-0.5900955329059603
coarse,0.245,0,0.05743699886721204,-0.6047563589777323
coarse,0.245,0,0.06484232156183611,-0.5674045166009025
coarse,0.245,0,0.07261096294855608,-0.5852725636511549
coarse,0.245,0,0.08119996335572009,-0.5489199300997396
coarse,0.245,0,0.09016188106203478,-0.5650858292348071
coarse,0.245,0,0.09996583105816391,-0.5363324175848558
coarse,0.245,0,0.11014591624211774,-0.5442320034949537
coarse,0.245,0,0.12117529957932173,-0.5295193146413777
coarse,0.245,0,0.1325776002156764,-0.5234562258758373
coarse,0.245,0,0.1448219331418456,-0.525551710554546
coarse,0.245,0,0.15742958476011049,-0.5039448715535593
coarse,0.245,0,0.17085759539881976,-0.5213447647088292
coarse,0.245,0,0.1846331096390174,-0.4875156853425211
coarse,0.245,0,0.19919327306000276,-0.516314942908942
coarse,0.245,0,0.21407917910890142,-0.4756078772839589
coarse,0.245,0,0.2297005989339023,-0.509985155007918
coarse,0.245,0,0.2456204268665646,-0.46561319726315964
coarse,0.245,0,0.26221404832601164,-0.4981485008307738
coarse,0.245,0,0.2790736375274121,-0.45022773667493277
coarse,0.245,0,0.2965337712122244,-0.4744728809419665
coarse,0.245,0,0.31422288149147776,-0.42250928950682254
coarse,0.245,0,0.33242901172815936,-0.4362878093426985
coarse,0.245,0,0.3508232095587531,-0.3836209183678154
coarse,0.245,0,0.3696420564659716,-0.39107008122349995
coarse,0.245,0,0.38860484407790014,-0.3421347962561192
coarse,0.245,0,0.40789264402221576,-0.3465939352598144
coarse,0.245,0,0.4272777949166735,-0.30261826521504465
coarse,0.245,0,0.44688276034816315,-0.3052761231927137
coarse,0.245,0,0.4665368212734792,-0.26564895597818117
coarse,0.245,0,0.48630173785279884,-0.26658527717222125
coarse,0.245,0,0.5060666544321185,-0.23046121935122832
coarse,0.245,0,0.5258315710114378,-0.2299906646520562
coarse,0.245,0,0.5455473920969307,-0.19680333552979135
coarse,0.245,0,0.5651523575284207,-0.19547678328572116
coarse,0.245,0,0.5846599720097686,-0.1646482831074385
coarse,0.245,0,0.6039477719540836,-0.1630936032654311
coarse,0.245,0,0.6230916311936892,-0.13400881211837046
coarse,0.245,0,0.6419104781009078,-0.13294626142462507
coarse,0.245,0,0.660541257414214,-0.10505817463049127
coarse,0.245,0,0.6787473876508934,-0.10536780016695757
coarse,0.245,0,0.696724541293133,-0.07832311037895834
coarse,0.245,0,0.7141846749779475,-0.0809767956822951
coarse,0.245,0,0.7313788409208076,-0.054194714958945456
coarse,0.245,0,0.7479724623802544,-0.059671408876468934
coarse,0.245,0,0.7642676757320398,-0.03228055716683542
coarse,0.245,0,0.7798890955570406,-0.0408169731340029
coarse,0.245,0,0.7951847727541281,-0.012330086012759978
coarse,0.245,0,0.8097449361751148,-0.024031420517458324
coarse,0.245,0,0.8239575959946123,0.005518402417252211
coarse,0.245,0,0.83738560663332,-0.008962627692632008
coarse,0.245,0,0.8504502985799325,0.021133906631417454
coarse,0.245,0,0.8626946315061021,0.004839028490969066
coarse,0.245,0,0.87456604713312,0.03441500645172957
coarse,0.245,0,0.8855954304703202,0.017688196477276152
coarse,0.245,0,0.8962486786196981,0.04544649833355885
coarse,0.245,0,0.906052628615831,0.029672421264326898
coarse,0.245,0,0.9154836613128123,0.05485301605079973
coarse,0.245,0,0.9240726617199769,0.0409483111547686
coarse,0.245,0,0.9322983434350456,0.06370668062624663
coarse,0.245,0,0.9397036661296697,0.05181883734752757
coarse,0.245,0,0.946761485222805,0.07278665618676983
coarse,0.245,0,0.9530346551351531,0.06250898278168826
coarse,0.245,0,0.9589820824195878,0.08232603186632992
coarse,0.245,0,0.9641939959279202,0.07311095840214532
coarse,0.245,0,0.9691075013285909,0.0922731399775959
coarse,0.245,0,0.9733472132024774,0.08362705583982843
coarse,0.245,0,0.9773209573344107,0.10247493665809604
coarse,0.245,0,0.980694156982933,0.09395071297784185
coarse,0.245,0,0.9838383800370135,0.11270919374803634
coarse,0.245,0,0.9864655831336642,0.10378776356921171
coarse,0.245,0,0.9889047186364033,0.1225515757941632
coarse,0.245,0,0.990919205062518,0.11222304392826521
coarse,0.245,0,0.9927897507839227,0.13037086574972423
coarse,0.245,0,0.9943352841729404,0.11448308101812155
coarse,0.245,0,0.9957834666118158,0.12214739681440978
coarse,0.245,0,0.9970118345136595,0.0477629098638922
coarse,0.245,0,0.9981911069216763,-5.578471714328674
coarse,0.245,0,0.99925952367569,-20.99966624163983
coarse,0.245,1,0.0003279404297042116,0.28879093055455085
coarse,0.245,1,0.0013963571837179109,-1.502491318179072
coarse,0.245,1,0.00251386943155844,0.44691015436700576
coarse,0.245,1,0.0037422373334026777,0.43013899209100837
coarse,0.245,1,0.0050679561853888815,0.4685095784894404
coarse,0.245,1,0.006613489574406261,0.4493015608943105
coarse,0.245,1,0.00830296366813337,0.4536497947710061
coarse,0.245,1,0.01031745009424732,0.4318304537782016
coarse,0.245,1,0.01252000411427407,0.41638076763106746
coarse,0.245,1,0.015147207210927353,0.39555370864985995
coarse,0.245,1,0.018003386902020805,0.3668683475717679
coarse,0.245,1,0.021376586550541067,0.3496703899260091
coarse,0.245,1,0.025015753941014914,0.3121216190289501
coarse,0.245,1,0.02925546581490141,0.3009289098621847
coarse,0.245,1,0.03379358579644948,0.25751240959619714
coarse,0.245,1,0.03900549930478196,0.253832886282504
coarse,0.245,1,0.04454315544102777,0.2057049504587235
coarse,0.245,1,0.05081632535337565,0.21025025178157708
coarse,0.245,1,0.05743699886721193,0.1576152284505089
coarse,0.245,1,0.06484232156183611,0.16999150735979263
coarse,0.245,1,0.07261096294855608,0.11393680496635739
coarse,0.245,1,0.08119996335572009,0.1315949592595187
coarse,0.245,1,0.09016188106203478,0.07555922599808207
coarse,0.245,1,0.09996583105816413,0.0927798121487351
coarse,0.245,1,0.11014591624211796,0.0426495333231367
coarse,0.245,1,0.12117529957932195,0.052577879684046924
coarse,0.245,1,0.13257760021567663,0.014640049220526308
coarse,0.245,1,0.14482193314184583,0.012731196292924518
coarse,0.245,1,0.1574295847601107,-0.009684580885167549
coarse,0.245,1,0.17085759539881987,-0.02416039558969163
coarse,0.245,1,0.1846331096390174,-0.032179979297868755
coarse,0.245,1,0.19919327306000276,-0.057120570078216915
coarse,0.245,1,0.21407917910890142,-0.05460949621973343
coarse,0.245,1,0.22970059893390218,-0.08578474357872445
coarse,0.245,1,0.24562042686656482,-0.07606668976193087
coarse,0.245,1,0.26221404832601164,-0.10766994978991695
coarse,0.245,1,0.2790736375274121,-0.09196020495795154
coarse,0.245,1,0.2965337712122243,-0.1185833483486094
coarse,0.245,1,0.31422288149147753,-0.09708195334410807
coarse,0.245,1,0.33242901172815936,-0.1163145327847066
coarse,0.245,1,0.3508232095587531,-0.0914071518620112
coarse,0.245,1,0.3696420564659717,-0.10568233755834111
coarse,0.245,1,0.38860484407790025,-0.08069211719522018
coarse,0.245,1,0.407892644022216,-0.09230240133214362
coarse,0.245,1,0.4272777949166737,-0.0685405270569055
coarse,0.245,1,0.44688276034816315,-0.07837549436423785
coarse,0.245,1,0.4665368212734792,-0.055831345291079915
coarse,0.245,1,0.48630173785279907,-0.06398064620062915
coarse,0.245,1,0.5060666544321185,-0.042359563807970124
coarse,0.245,1,0.5258315710114378,-0.04910649070745765
coarse,0.245,1,0.5455473920969309,-0.02821537373204608
coarse,0.245,1,0.5651523575284216,-0.03405586707012631
coarse,0.245,1,0.5846599720097695,-0.013612977688854278
coarse,0.245,1,0.603947771954084,-0.019132575832540022
coarse,0.245,1,0.6230916311936892,0.0012332208854464177
coarse,0.245,1,0.6419104781009083,-0.004650382910424078
coarse,0.245,1,0.6605412574142144,0.015996279127824753
coarse,0.245,1,0.6787473876508947,0.008909774178036511
coarse,0.245,1,0.6967245412931345,0.030056530820556038
coarse,0.245,1,0.7141846749779479,0.020832016888938765
coarse,0.245,1,0.7313788409208076,0.04290240939762224
coarse,0.245,1,0.7479724623802544,0.031008531876304812
coarse,0.245,1,0.7642676757320394,0.054696483283470765
coarse,0.245,1,0.7798890955570386,0.03982685033179256
coarse,0.245,1,0.7951847727541256,0.06550691929306596
coarse,0.245,1,0.8097449361751135,0.04751012697896684
coarse,0.245,1,0.8239575959946116,0.07508602288897182
coarse,0.245,1,0.8373856066333204,0.05429028258718438
coarse,0.245,1,0.8504502985799334,0.0832068600550041
coarse,0.245,1,0.8626946315061026,0.06051354815016963
coarse,0.245,1,0.8745660471331203,0.08969332367085647
coarse,0.245,1,0.8855954304703206,0.06642684839907398
coarse,0.245,1,0.896248678619699,0.09457732223790138
coarse,0.245,1,0.9060526286158315,0.07208217748099921
coarse,0.245,1,0.9154836613128123,0.09842823777050458
coarse,0.245,1,0.9240726617199767,0.07759592046524932
coarse,0.245,1,0.9322983434350451,0.10224553968319494
coarse,0.245,1,0.9397036661296693,0.0832281567030837
coarse,0.245,1,0.946761485222805,0.10675407985366114
coarse,0.245,1,0.9530346551351531,0.08917793607382629
coarse,0.245,1,0.9589820824195878,0.11216442853568576
coarse,0.245,1,0.9641939959279202,0.09552338716157494
coarse,0.245,1,0.9691075013285909,0.11841578048371548
coarse,0.245,1,0.9733472132024774,0.10225627072457588
coarse,0.245,1,0.9773209573344092,0.12534446642630337
coarse,0.245,1,0.9806941569829254,0.10926007620874834
coarse,0.245,1,0.9838383800370037,0.13270686543377952
coarse,0.245,1,0.9864655831336597,0.11622810939390715
coarse,0.245,1,0.9889047186364024,0.14004509408529353
coarse,0.245,1,0.9909192050625177,0.12222617389833423
coarse,0.245,1,0.9927897507839227,0.1457200519500419
coarse,0.245,1,0.9943352841729404,0.12243959583340525
coarse,0.245,1,0.9957834666118158,0.13576452095388047
coarse,0.245,1,0.9970118345136595,0.0542468367877903
coarse,0.245,1,0.9981911069216763,-4.325998420925075
coarse,0.245,1,0.99925952367569,-20.99966624163983
medium,0.245,0,0.00031302556495614597,-0.02612050284008749
medium,0.245,0,0.0010153997346895572,0.22094784374432952
medium,0.245,0,0.0017389457659386077,-0.3640168519516287
medium,0.245,0,0.002488825859527716,-0.35824748209592694
medium,0.245,0,0.0032808885454979507,-0.5237667513717097
medium,0.245,0,0.004125418938033145,-0.5020108850720542
medium,0.245,0,0.005032821618815901,-0.57604040455475
medium,0.245,0,0.006018426339460443,-0.5581887310947347
medium,0.245,0,0.007087114548142882,-0.614045449080493
medium,0.245,0,0.00825914396524119,-0.5941401826268955
medium,0.245,0,0.009533835754655825,-0.6418604194551174
medium,0.245,0,0.010936221432044195,-0.6165035411759092
medium,0.245,0,0.012460067043386622,-0.6605704784377417
medium,0.245,0,0.01413498739467222,-0.6279269461651276
medium,0.245,0,0.01594924085810979,-0.671132988517886
medium,0.245,0,0.01793680014346407,-0.6312794569341271
medium,0.245,0,0.02008050531005496,-0.675782943013614
medium,0.245,0,0.022418428418588512,-0.6285940480121719
medium,0.245,0,0.0249281218130034,-0.6745668092884247
medium,0.245,0,0.02765146715357658,-0.6198245174576298
medium,0.245,0,0.030560899909082232,-0.6676314439894802
medium,0.245,0,0.033701792594644356,-0.6072033920587256
medium,0.245,0,0.03704167358660004,-0.6573342887794218
medium,0.245,0,0.04062906094268372,-0.593251427405602
medium,0.245,0,0.04442682307545796,-0.6449753619555771
medium,0.245,0,0.04848625433355224,-0.5807550015115579
medium,0.245,0,0.0527658457595555,-0.632051557178289
medium,0.245,0,0.05731927761202693,-0.5721343018093294
medium,0.245,0,0.062100979471811736,-0.618867088957781
medium,0.245,0,0.0671666089682182,-0.5681177108468571
medium,0.245,0,0.07246688103875366,-0.6048483440623875
medium,0.245,0,0.0780590070953091,-0.5677302326545193
medium,0.245,0,0.08389036252113904,-0.5896805087088517
medium,0.245,0,0.09001927709732763,-0.5691737765111224
medium,0.245,0,0.09639018715798518,-0.5738831582773405
medium,0.245,0,0.10306209692853441,-0.5705092777458147
medium,0.245,0,0.10997692656698974,-0.5583235589977176
medium,0.245,0,0.11719390568532918,-0.5702032976776992
medium,0.245,0,0.12465288028813772,-0.5438110597085546
medium,0.245,0,0.13241285460083824,-0.5674949769517907
medium,0.245,0,0.14041205828281306,-0.5308725766266964
medium,0.245,0,0.1487088211151463,-0.5623343448520521
medium,0.245,0,0.15724022652160877,-0.5196318731602843
medium,0.245,0,0.16606348591409084,-0.5551367120200874
medium,0.245,0,0.17511501531388687,-0.5099491055203464
medium,0.245,0,0.18445047235030457,-0.5466923433998265
medium,0.245,0,0.19400608955463122,-0.5019482052802668
medium,0.245,0,0.20383554718542582,-0.5383113468147536
medium,0.245,0,0.21387537959291097,-0.49583394517445933
medium,0.245,0,0.22417688112571632,-0.5303190840024448
medium,0.245,0,0.23467737096491495,-0.4903089364512394
medium,0.245,0,0.24542536716824173,-0.5211739733647194
medium,0.245,0,0.25635945078650096,-0.4831992982470188
medium,0.245,0,0.2675249943348169,-0.5093871690359904
medium,0.245,0,0.27886230816901375,-0.4726439868069303
medium,0.245,0,0.2904132739493686,-0.49288059702501963
medium,0.245,0,0.30212038561096044,-0.4558255206303099
medium,0.245,0,0.3140217152144955,-0.4692242076533819
medium,0.245,0,0.32606237793018267,-0.4316841507799185
medium,0.245,0,0.33827634646778665,-0.44000684883547536
medium,0.245,0,0.35061177493934376,-0.40337015595526493
medium,0.245,0,0.36309827815084317,-0.4088285583865967
medium,0.245,0,0.37568744373465934,-0.3740286755437825
medium,0.245,0,0.3884043032064499,-0.3779097260472628
medium,0.245,0,0.4012042461662782,-0.34541799299443054
medium,0.245,0,0.4141075303345223,-0.34846744501861626
medium,0.245,0,0.42707368679101454,-0.3184342638765201
medium,0.245,0,0.4401180452873686,-0.3206677185619091
medium,0.245,0,0.45320458637610317,-0.29284291615594804
medium,0.245,0,0.4663435951714028,-0.29404901702978625
medium,0.245,0,0.47950377582821796,-0.268210048986276
medium,0.245,0,0.4926902905473737,-0.2683984420784409
medium,0.245,0,0.5058768052665289,-0.2443736486024113
medium,0.245,0,0.5190633199856844,-0.24363196066058324
medium,0.245,0,0.5322286628433245,-0.22122907320087415
medium,0.245,0,0.5453676716386242,-0.21976417098327516
medium,0.245,0,0.5584644978415435,-0.1987835346230915
medium,0.245,0,0.5715088563378977,-0.19680492997332522
medium,0.245,0,0.5844903425460036,-0.17700724070211682
medium,0.245,0,0.5973936267142473,-0.174749490924341
medium,0.245,0,0.6102138273944533,-0.15588082396256908
medium,0.245,0,0.6229306868662439,-0.1536053303758118
medium,0.245,0,0.635544883965718,-0.1353948771710678
medium,0.245,0,0.6480313871772178,-0.13342285391612307
medium,0.245,0,0.6603964304547644,-0.11558108617416352
medium,0.245,0,0.6726103989923685,-0.11430898520295685
medium,0.245,0,0.6846850344178205,-0.09656600667615911
medium,0.245,0,0.6965863640213547,-0.09650469253698213
medium,0.245,0,0.7083315477436524,-0.07858922418545022
medium,0.245,0,0.7198825135240075,-0.08021458773766876
medium,0.245,0,0.7312617090184813,-0.0616629456486355
medium,0.245,0,0.7424272525667972,-0.06524679624909413
medium,0.245,0,0.7534067087001833,-0.04547258898501094
medium,0.245,0,0.7641547049035166,-0.051332225467978
medium,0.245,0,0.7747037128004505,-0.029836285925317396
medium,0.245,0,0.7850052143332489,-0.038399173890734106
medium,0.245,0,0.7950963410893599,-0.014765493566364807
medium,0.245,0,0.8049257987201547,-0.026486339607853626
medium,0.245,0,0.8145350961830401,-0.0003547105349852586
medium,0.245,0,0.8238705532194569,-0.015610880728343712
medium,0.245,0,0.8329777402485609,0.013304781156848189
medium,0.245,0,0.8418009996410436,-0.005705319691850619
medium,0.245,0,0.8503896164593974,0.026106722654986925
medium,0.245,0,0.8586863792917313,0.003317771226378441
medium,0.245,0,0.8667439127547905,0.03786450036917266
medium,0.245,0,0.8745038870674909,0.011562834605471362
medium,0.245,0,0.8820218658957204,0.04834714214113056
medium,0.245,0,0.8892388450140563,0.019148627236185267
medium,0.245,0,0.8962129042644892,0.05729132269138426
medium,0.245,0,0.9028848140350422,0.026163027587241983
medium,0.245,0,0.9093147283211248,0.06450421636120252
medium,0.245,0,0.9154436428973136,0.032720009963431274
medium,0.245,0,0.921333328104228,0.07007279817421741
medium,0.245,0,0.9269254541607835,0.03901143166686183
medium,0.245,0,0.9322829376432098,0.07441694863749726
medium,0.245,0,0.9373485671396159,0.04519566405822251
medium,0.245,0,0.9421859266287088,0.07815201879044076
medium,0.245,0,0.9467393584811804,0.051371455298725666
medium,0.245,0,0.9510726301657431,0.08190265794784746
medium,0.245,0,0.9551320614238369,0.05761157277755313
medium,0.245,0,0.9589811179052409,0.08608666970972023
medium,0.245,0,0.9625685052613253,0.06396676075665275
medium,0.245,0,0.9659569043110156,0.0908680497307438
medium,0.245,0,0.9690977969965773,0.07046947278386617
medium,0.245,0,0.9720526022672065,0.09624394639088307
medium,0.245,0,0.9747759476077794,0.07713735758821005
medium,0.245,0,0.9773275226624712,0.10213538209515804
medium,0.245,0,0.979665445771005,0.08396144293438068
medium,0.245,0,0.9818472229983037,0.1084508616080384
medium,0.245,0,0.9838347822836617,0.09093303178808931
medium,0.245,0,0.9856830084568641,0.11512198439023069
medium,0.245,0,0.9873579288081454,0.0980262167307615
medium,0.245,0,0.9889113892254751,0.12209709437377902
medium,0.245,0,0.9903137749028641,0.10521609200685766
medium,0.245,0,0.991613498207937,0.1293783533975702
medium,0.245,0,0.9927855276250362,0.11246828322064595
medium,0.245,0,0.9938744735540966,0.13689036180461533
medium,0.245,0,0.9948600782747408,0.11937405265289902
medium,0.245,0,0.9957828107071374,0.1433922215439134
medium,0.245,0,0.9966273410996724,0.12183902310840644
medium,0.245,0,0.9974296888998265,0.13478620347732517
medium,0.245,0,0.9981795689934159,0.05737182694651777
medium,0.245,0,0.9989082772254894,-15.623853115961165
medium,0.245,0,0.9996106513952225,-42.716042939938276
medium,0.245,1,0.00031302556495614597,0.27820108342686867
medium,0.245,1,0.0010153997346895572,-2.100970579829676
medium,0.245,1,0.0017389457659386077,0.4292683324360538
medium,0.245,1,0.002488825859527716,0.3873915763194312
medium,0.245,1,0.0032808885454979507,0.46120293688920433
medium,0.245,1,0.004125418938033257,0.43097215639422415
medium,0.245,1,0.005032821618816124,0.4761969473627673
medium,0.245,1,0.006018426339460554,0.44656737572103755
medium,0.245,1,0.007087114548142882,0.4720253336965601
medium,0.245,1,0.00825914396524119,0.44515082656964866
medium,0.245,1,0.009533835754655825,0.4552307090692038
medium,0.245,1,0.010936221432044419,0.4325738869617405
medium,0.245,1,0.012460067043386844,0.4295214386267199
medium,0.245,1,0.014134987394672442,0.41235854512604364
medium,0.245,1,0.015949240858109903,0.39767070013225403
medium,0.245,1,0.01793680014346396,0.3870956202990826
medium,0.245,1,0.020080505310054734,0.3618124114368806
medium,0.245,1,0.022418428418588512,0.3589133091990875
medium,0.245,1,0.024928121813003624,0.32394019627599535
medium,0.245,1,0.02765146715357658,0.3297450819586566
medium,0.245,1,0.030560899909082232,0.2858628183574978
medium,0.245,1,0.033701792594644356,0.30070621899364014
medium,0.245,1,0.03704167358660004,0.2485756889068882
medium,0.245,1,0.04062906094268372,0.2721744722453445
medium,0.245,1,0.04442682307545796,0.21285214373709116
medium,0.245,1,0.04848625433355224,0.24358323755524514
medium,0.245,1,0.05276584575955561,0.17900187108597376
medium,0.245,1,0.05731927761202704,0.21373973116509848
medium,0.245,1,0.06210097947181185,0.1473678169872369
medium,0.245,1,0.0671666089682182,0.18166179938152327
medium,0.245,1,0.07246688103875366,0.11842824722396961
medium,0.245,1,0.0780590070953091,0.14730587372441428
medium,0.245,1,0.08389036252113904,0.09246193501746136
medium,0.245,1,0.09001927709732752,0.11167411070063116
medium,0.245,1,0.09639018715798507,0.06923581531414924
medium,0.245,1,0.10306209692853463,0.07641422717718549
medium,0.245,1,0.10997692656698985,0.048154970119662965
medium,0.245,1,0.11719390568532918,0.04314937858685686
medium,0.245,1,0.12465288028813772,0.02850926921064567
medium,0.245,1,0.13241285460083801,0.012958193642332971
medium,0.245,1,0.14041205828281295,0.009701473291043095
medium,0.245,1,0.14870882111514652,-0.013731570371872781
medium,0.245,1,0.157240226521609,-0.008583571198287565
medium,0.245,1,0.16606348591409129,-0.037005049117964095
medium,0.245,1,0.1751150153138871,-0.026408949701553386
medium,0.245,1,0.18445047235030457,-0.05735446756659823
medium,0.245,1,0.1940060895546311,-0.04392068889189549
medium,0.245,1,0.20383554718542582,-0.07572023488124313
medium,0.245,1,0.21387537959291097,-0.061345707229843116
medium,0.245,1,0.22417688112571632,-0.09253086785105835
medium,0.245,1,0.23467737096491495,-0.07800798237573359
medium,0.245,1,0.24542536716824173,-0.10704085033320809
medium,0.245,1,0.25635945078650096,-0.09256519684476738
medium,0.245,1,0.2675249943348169,-0.11843124547149908
medium,0.245,1,0.27886230816901375,-0.10375911096228063
medium,0.245,1,0.2904132739493686,-0.12534299721990916
medium,0.245,1,0.30212038561096055,-0.10954834725623752
medium,0.245,1,0.3140217152144956,-0.12602696603690733
medium,0.245,1,0.32606237793018256,-0.10890088220747907
medium,0.245,1,0.33827634646778676,-0.12140529740491779
medium,0.245,1,0.35061177493934387,-0.10377808288698298
medium,0.245,1,0.3630982781508434,-0.11387883938613341
medium,0.245,1,0.37568744373465957,-0.09638409233400647
medium,0.245,1,0.3884043032064499,-0.10503946641070705
medium,0.245,1,0.4012042461662782,-0.08809041025719133
medium,0.245,1,0.4141075303345225,-0.0958741784331767
medium,0.245,1,0.42707368679101476,-0.07971540839987146
medium,0.245,1,0.4401180452873686,-0.08664744675589175
medium,0.245,1,0.45320458637610317,-0.07124085578670636
medium,0.245,1,0.4663435951714028,-0.07715891527977137
medium,0.245,1,0.4795037758282182,-0.062459604522603795
medium,0.245,1,0.4926902905473739,-0.06737391788957203
medium,0.245,1,0.5058768052665293,-0.05334457402113335
medium,0.245,1,0.5190633199856844,-0.05733466963188061
medium,0.245,1,0.5322286628433245,-0.04389689123030216
medium,0.245,1,0.5453676716386242,-0.04714607648386249
medium,0.245,1,0.5584644978415437,-0.0341960928454621
medium,0.245,1,0.5715088563378986,-0.03689810509476965
medium,0.245,1,0.5844903425460047,-0.0242847325435831
medium,0.245,1,0.5973936267142478,-0.026660951663200372
medium,0.245,1,0.6102138273944533,-0.014206376590010228
medium,0.245,1,0.6229306868662439,-0.016508151049071884
medium,0.245,1,0.6355448839657182,-0.0040067327014376986
medium,0.245,1,0.6480313871772182,-0.006543557954491908
medium,0.245,1,0.660396430454765,0.006238462430094627
medium,0.245,1,0.6726103989923694,0.0030840578171699162
medium,0.245,1,0.6846850344178211,0.016373823396860443
medium,0.245,1,0.6965863640213547,0.012112673764977488
medium,0.245,1,0.7083315477436524,0.026144351213922223
medium,0.245,1,0.7198825135240075,0.02030707759589223
medium,0.245,1,0.7312617090184813,0.03548552765773605
medium,0.245,1,0.7424272525667972,0.02777098230123065
medium,0.245,1,0.7534067087001785,0.04461950621244282
medium,0.245,1,0.7641547049035003,0.03468498360779659
medium,0.245,1,0.7747037128004322,0.05366318418713234
medium,0.245,1,0.7850052143332409,0.04106897870255988
medium,0.245,1,0.7950963410893576,0.06256840301661815
medium,0.245,1,0.8049257987201534,0.04685144201113156
medium,0.245,1,0.8145350961830388,0.0712130190245418
medium,0.245,1,0.8238705532194549,0.051983688057385846
medium,0.245,1,0.8329777402485591,0.07947646916079631
medium,0.245,1,0.8418009996410436,0.056498040580082565
medium,0.245,1,0.8503896164593983,0.08722426624023494
medium,0.245,1,0.8586863792917322,0.06045360511732134
medium,0.245,1,0.8667439127547913,0.09425089757932581
medium,0.245,1,0.8745038870674914,0.06393273283832768
medium,0.245,1,0.8820218658957211,0.10031180418645247
medium,0.245,1,0.8892388450140569,0.06703681604554601
medium,0.245,1,0.8962129042644901,0.10513609655137102
medium,0.245,1,0.9028848140350428,0.06984213342435752
medium,0.245,1,0.9093147283211253,0.10852485943163093
medium,0.245,1,0.9154436428973138,0.07244855222283086
medium,0.245,1,0.921333328104228,0.11054893123219467
medium,0.245,1,0.9269254541607833,0.07502859085134972
medium,0.245,1,0.9322829376432098,0.11160278636071486
medium,0.245,1,0.9373485671396159,0.07772776503637657
medium,0.245,1,0.942185926628709,0.11227703664435373
medium,0.245,1,0.9467393584811806,0.08063823651131918
medium,0.245,1,0.9510726301657431,0.11317372881138421
medium,0.245,1,0.9551320614238369,0.08382887038472475
medium,0.245,1,0.9589811179052409,0.1146948469985486
medium,0.245,1,0.9625685052613244,0.08734788978437036
medium,0.245,1,0.9659569043110149,0.11699650645954385
medium,0.245,1,0.9690977969965773,0.09122591540080283
medium,0.245,1,0.9720526022672069,0.12007274271951662
medium,0.245,1,0.9747759476077794,0.0954782885640103
medium,0.245,1,0.977327522662471,0.1238425673887068
medium,0.245,1,0.979665445771005,0.10009410838702326
medium,0.245,1,0.9818472229983033,0.12821147395972965
medium,0.245,1,0.9838347822836602,0.10506104754763324
medium,0.245,1,0.9856830084568623,0.13310323308177086
medium,0.245,1,0.9873579288081441,0.11035014366583773
medium,0.245,1,0.9889113892254742,0.13845606299875357
medium,0.245,1,0.9903137749028637,0.11593276896125382
medium,0.245,1,0.991613498207937,0.1442607006951595
medium,0.245,1,0.9927855276250362,0.12176849082164343
medium,0.245,1,0.9938744735540966,0.1504492937499078
medium,0.245,1,0.9948600782747408,0.1274268993789205
medium,0.245,1,0.9957828107071374,0.15587180318913485
medium,0.245,1,0.9966273410996724,0.12872237207436943
medium,0.245,1,0.9974296888998265,0.14656085939820918
medium,0.245,1,0.9981795689934154,0.0633098932376025
medium,0.245,1,0.9989082772254887,-13.437202523825613
medium,0.245,1,0.9996106513952221,-42.716042939938276
fine,0.245,0,7.055382704709045e-05,-0.002149251880855463
fine,0.245,0,0.0005358668353258357,0.07490827788742893
fine,0.245,0,0.001003316372903602,-0.29599504293773204
fine,0.245,0,0.0014827201104459019,-0.24913203649911297
fine,0.245,0,0.001966389677247502,-0.42213928076755036
fine,0.245,0,0.002473927194749088,-0.384604158650127
fine,0.245,0,0.0029878454072541825,-0.4764922792651618
fine,0.245,0,0.0035374645596045924,-0.4438663353437051
fine,0.245,0,0.0040955576824507475,-0.5205383937490893
fine,0.245,0,0.004701063933608154,-0.4870062928768377
fine,0.245,0,0.005317108757519855,-0.55620493394185
fine,0.245,0,0.00599211846719144,-0.5194475598126236
fine,0.245,0,0.006679695692681328,-0.585650197596419
fine,0.245,0,0.007437590042870483,-0.5442068743750375
fine,0.245,0,0.008210038327446366,-0.610130150001073
fine,0.245,0,0.009063918044769699,-0.5630291153845068
fine,0.245,0,0.009934288869141336,-0.6302761363275378
fine,0.245,0,0.010896929896115749,-0.5767516726015334
fine,0.245,0,0.011877943402114403,-0.6460897755390802
fine,0.245,0,0.012961753667415988,-0.5858006424748194
fine,0.245,0,0.014065755617063936,-0.6576421277233728
fine,0.245,0,0.015282733051017053,-0.5909225803970362
fine,0.245,0,0.016521653052370293,-0.6658939413128535
fine,0.245,0,0.017883344989755467,-0.5936942006772534
fine,0.245,0,0.01926865613089264,-0.6721844115817415
fine,0.245,0,0.02078612023841934,-0.594968215591817
fine,0.245,0,0.022328800266140373,-0.6755734862351357
fine,0.245,0,0.02401256712680279,-0.5935555047332257
fine,0.245,0,0.025723061301410187,-0.6749764000689129
fine,0.245,0,0.027583098782327804,-0.5911463666509502
fine,0.245,0,0.029471284534170736,-0.6722090382582135
fine,0.245,0,0.03151696405848063,-0.5890748756804154
fine,0.245,0,0.03359211756585777,-0.6671326444245449
fine,0.245,0,0.035832182402786565,-0.5879636141599873
fine,0.245,0,0.038102947204295495,-0.6599575274691629
fine,0.245,0,0.04054548288470261,-0.5886317208403014
fine,0.245,0,0.043019840632240444,-0.6512922551355373
fine,0.245,0,0.04567224758974182,-0.5915807503147705
fine,0.245,0,0.048357491041122566,-0.6417382552803936
fine,0.245,0,0.05122645957136559,-0.596647841978043
fine,0.245,0,0.054129167913935156,-0.6317614458141319
fine,0.245,0,0.05722065553675614,-0.603009880861241
fine,0.245,0,0.06034667212550607,-0.6216545523697083
fine,0.245,0,0.06366588342656872,-0.6094492884760618
fine,0.245,0,0.0670202960120721,-0.6115920967342976
fine,0.245,0,0.07057166503219695,-0.6147480135890171
fine,0.245,0,0.0741587885452702,-0.6017324316540946
fine,0.245,0,0.0779459637770447,-0.6180468819050082
fine,0.245,0,0.08176932572838895,-0.5923065088444279
fine,0.245,0,0.08579515777082246,-0.6190048037852405
fine,0.245,0,0.08985748631504302,-0.5835725538954113
fine,0.245,0,0.09412401822804332,-0.6176615022406493
fine,0.245,0,0.0984272329324384,-0.5756215786688361
fine,0.245,0,0.10293569332374251,-0.6141836048853202
fine,0.245,0,0.10748089867309468,-0.5683380928273793
fine,0.245,0,0.11223169754104971,-0.6089012327878862
fine,0.245,0,0.11701917920039973,-0.5615765871278209
fine,0.245,0,0.1220119065466587,-0.6021995048602327
fine,0.245,0,0.12704113039470474,-0.5551379655315309
fine,0.245,0,0.13227455761153062,-0.5944579693289915
fine,0.245,0,0.13754417154792634,-0.548853786405729
fine,0.245,0,0.1430162555754112,-0.5860476230299383
fine,0.245,0,0.14852409409584458,-0.5426199283172837
fine,0.245,0,0.15423198433497964,-0.5773039840076506
fine,0.245,0,0.15997507585855503,-0.5363856671700322
fine,0.245,0,0.16591512381675075,-0.5685166928833951
fine,0.245,0,0.1718897007408755,-0.5301631741444139
fine,0.245,0,0.1780574723773139,-0.559973549340919
fine,0.245,0,0.18425898382607883,-0.5241047334861113
fine,0.245,0,0.19064927455509495,-0.5520586413263042
fine,0.245,0,0.19707240177799024,-0.5186036510220273
fine,0.245,0,0.20367925407974802,-0.5452339009895304
fine,0.245,0,0.2103179284486365,-0.5139716338066807
fine,0.245,0,0.21713465202748866,-0.5393477746371824
fine,0.245,0,0.22398207557092106,-0.5097372205271338
fine,0.245,0,0.23100126999325152,-0.5335438527829235
fine,0.245,0,0.2380499383986491,-0.5050771798981646
fine,0.245,0,0.24526351813359837,-0.5271972222838592
fine,0.245,0,0.25250524613947306,-0.4995856684586064
fine,0.245,0,0.2599044679178148,-0.5199437745159081
fine,0.245,0,0.2673304170101016,-0.4928914732879637
fine,0.245,0,0.2749059094086983,-0.5111486306589219
fine,0.245,0,0.28250661772748936,-0.4842162123818383
fine,0.245,0,0.2902484128792215,-0.4997326905677584
fine,0.245,0,0.29801382723470526,-0.4724312964473909
fine,0.245,0,0.30591139455657856,-0.4847030974349473
fine,0.245,0,0.31383090444585243,-0.45689572400106426
fine,0.245,0,0.3218731862711601,-0.4662591123582851
fine,0.245,0,0.32993565978081396,-0.43857446176075165
fine,0.245,0,0.3381111087747722,-0.4462213921004874
fine,0.245,0,0.34630493024775466,-0.41921928518529517
fine,0.245,0,0.35460154848003855,-0.425529582911244
fine,0.245,0,0.3629146578193709,-0.3993497278927103
fine,0.245,0,0.3713200373613067,-0.4045670283543026
fine,0.245,0,0.3797399708376294,-0.37949696878259354
fine,0.245,0,0.3882413357466996,-0.383959086722496
fine,0.245,0,0.3967552681715877,-0.36023995631308536
fine,0.245,0,0.4053395177211753,-0.3640890632357172
fine,0.245,0,0.4139343058435173,-0.34177403867624334
fine,0.245,0,0.4225880588516187,-0.3450038078087776
fine,0.245,0,0.43125028583021585,-0.3240443940488409
fine,0.245,0,0.43995992593712474,-0.3265696322573224
fine,0.245,0,0.4486759467390373,-0.30686733318907367
fine,0.245,0,0.4574276684807952,-0.308614991772302
fine,0.245,0,0.4661836560518123,-0.29008572868668847
fine,0.245,0,0.4749635115735291,-0.29107227953229775
fine,0.245,0,0.4837455036245451,-0.2736811242987862
fine,0.245,0,0.4925394498755256,-0.27398216850081103
fine,0.245,0,0.501333396126506,-0.2576572100106189
fine,0.245,0,0.510127342377486,-0.2572634530923923
fine,0.245,0,0.5189191520991674,-0.2419359573204738
fine,0.245,0,0.5276990076208843,-0.24092219628918632
fine,0.245,0,0.5364745973133421,-0.22656220584582587
fine,0.245,0,0.5452263190551,-0.22498218290402616
fine,0.245,0,0.5539716601018544,-0.2115335131759699
fine,0.245,0,0.5626813002087631,-0.2094270047393363
fine,0.245,0,0.5713824663451762,-0.19683344194456498
fine,0.245,0,0.580036219353278,-0.1942508753171186
fine,0.245,0,0.5886794337886255,-0.18245890047050528
fine,0.245,0,0.597263683338213,-0.1794570727024416
fine,0.245,0,0.6058353653719823,-0.16840561869413473
fine,0.245,0,0.6143367302810526,-0.1650443503014014
fine,0.245,0,0.6228235412557359,-0.15466295737741742
fine,0.245,0,0.6312289207976716,-0.15101431920839814
fine,0.245,0,0.6396178092325591,-0.14123374358012386
fine,0.245,0,0.6479144274648436,-0.1374022189837112
fine,0.245,0,0.6561926732181039,-0.12814107802112784
fine,0.245,0,0.6643681222120617,-0.12424134926485975
fine,0.245,0,0.6725233795216728,-0.11538470981362159
fine,0.245,0,0.6805656613469772,-0.11156367651614785
fine,0.245,0,0.6885860006048817,-0.10301803767769302
fine,0.245,0,0.6964835679267581,-0.0995249266913536
fine,0.245,0,0.7043575160448822,-0.09117250677588928
fine,0.245,0,0.7120993111966145,-0.08818219776472014
fine,0.245,0,0.7198158904281523,-0.07980757828194629
fine,0.245,0,0.7273913828267494,-0.07743343903456479
fine,0.245,0,0.7349401479114015,-0.06877696988840265
fine,0.245,0,0.7423393696897436,-0.06715135792002314
fine,0.245,0,0.74971044319716,-0.05794435609189663
fine,0.245,0,0.756924022932109,-0.057264543313182203
fine,0.245,0,0.7641081286839914,-0.047230722415571025
fine,0.245,0,0.7711273231063231,-0.04775657978200498
fine,0.245,0,0.7781158175640746,-0.036599156116730036
fine,0.245,0,0.784932541142925,-0.03862854323949927
fine,0.245,0,0.791717442654645,-0.02603076120202541
fine,0.245,0,0.7983242949564037,-0.029892106098465154
fine,0.245,0,0.8048983107642829,-0.015529190728600817
fine,0.245,0,0.8112886014932986,-0.021567000903081723
fine,0.245,0,0.817645152409988,-0.005095494028369396
fine,0.245,0,0.8238129240464255,-0.013636921988817718
fine,0.245,0,0.8299461667169341,0.0052934944281893825
fine,0.245,0,0.8358862146751317,-0.006089842615978558
fine,0.245,0,0.8417910613488881,0.015625792413849537
fine,0.245,0,0.8474989515880226,0.0010553309852487924
fine,0.245,0,0.8531710873342087,0.02585327155591277
fine,0.245,0,0.8586431713616934,0.0077646880726713885
fine,0.245,0,0.8640790686696079,0.03590397537498169
fine,0.245,0,0.8693124958864338,0.013999544976904477
fine,0.245,0,0.8745094266014726,0.04567860988824335
fine,0.245,0,0.8795021539477319,0.019718354993172094
fine,0.245,0,0.8844581985025958,0.05504564338264306
fine,0.245,0,0.8892089973705468,0.024881059221848245
fine,0.245,0,0.8939230512804509,0.0638416121582257
fine,0.245,0,0.8984315116717592,0.029459669540003564
fine,0.245,0,0.9029032892716717,0.07188439468859487
fine,0.245,0,0.9071698211846719,0.033461712465473914
fine,0.245,0,0.911399856595885,0.07902002430530719
fine,0.245,0,0.9154256886383186,0.03698217194517672
fine,0.245,0,0.9194153339611822,0.0851483098686302
fine,0.245,0,0.9232025091929565,0.04015152914259967
fine,0.245,0,0.9269539299317822,0.09017108541181262
fine,0.245,0,0.9305052989519073,0.0430841494117693
fine,0.245,0,0.9340214666875913,0.09401374564889853
fine,0.245,0,0.9373406779886541,0.04587913897770801
fine,0.245,0,0.9406253603237874,0.0966699136596626
fine,0.245,0,0.9437168479466087,0.04861798734469791
fine,0.245,0,0.9467745957571037,0.09824187755402136
fine,0.245,0,0.9496435642873469,0.051362755522331494
fine,0.245,0,0.9524796963237108,0.0989673217702941
fine,0.245,0,0.9551321032812123,0.05415964505330295
fine,0.245,0,0.9577526881715829,0.0992011877741572
fine,0.245,0,0.9601952238519901,0.05704416042800642
fine,0.245,0,0.9626070595678173,0.09933964081324398
fine,0.245,0,0.9648471244047443,0.06004534200431366
fine,0.245,0,0.9670577152586045,0.0997232542130232
fine,0.245,0,0.9691033947829162,0.06318822126467194
fine,0.245,0,0.971120926036302,0.100574270426395
fine,0.245,0,0.9729809635172191,0.06649420756612634
fine,0.245,0,0.9748142736841917,0.10199049201289212
fine,0.245,0,0.9764980405448543,0.06997660712903608
fine,0.245,0,0.9781565914853224,0.10397472841370736
fine,0.245,0,0.9796740555928494,0.07363847550327451
fine,0.245,0,0.9811679004966242,0.1064876494983481
fine,0.245,0,0.9825295924340095,0.07749403686609502
fine,0.245,0,0.9838693418039947,0.10947998956131844
fine,0.245,0,0.9850863192379474,0.08154550171112651
fine,0.245,0,0.986283104987554,0.11288989228638391
fine,0.245,0,0.987366915252855,0.08578855607570846
fine,0.245,0,0.9884323530391319,0.11667975520508844
fine,0.245,0,0.9893949940661071,0.0902391478838922
fine,0.245,0,0.9903411439860338,0.1208455682448395
fine,0.245,0,0.9911950237033574,0.09493477033973452
fine,0.245,0,0.992034349486294,0.12541697763913873
fine,0.245,0,0.9927922438364837,0.0999396479080632
fine,0.245,0,0.9935375706708549,0.1304661193859581
fine,0.245,0,0.9942125803805256,0.10536112072064474
fine,0.245,0,0.9948770515174424,0.13611199446532418
fine,0.245,0,0.9954825577686007,0.1113385167878499
fine,0.245,0,0.996079590049263,0.14240307423713683
fine,0.245,0,0.9966292092016132,0.11769366965058514
fine,0.245,0,0.9971724476589597,0.1481821007673212
fine,0.245,0,0.9976799851764613,0.12054426150181341
fine,0.245,0,0.9981832568647032,0.1398165605282663
fine,0.245,0,0.9986626606022458,0.05896965752897465
fine,0.245,0,0.9991399278104891,-32.099864731478284
fine,0.245,0,0.9996052408187679,-75.15346676581999
fine,0.245,1,7.055382704709045e-05,0.2822351339587582
fine,0.245,1,0.0005358668353258357,-2.5297850492067524
fine,0.245,1,0.001003316372903602,0.42035577037553573
fine,0.245,1,0.0014827201104459019,0.3473941577893328
fine,0.245,1,0.001966389677247502,0.4434689933072795
fine,0.245,1,0.002473927194749088,0.39714172718860963
fine,0.245,1,0.0029878454072541825,0.47125627894900624
fine,0.245,1,0.0035374645596045924,0.4279850741690008
fine,0.245,1,0.0040955576824506365,0.4841630820341032
fine,0.245,1,0.004701063933608042,0.4451040050952084
fine,0.245,1,0.005317108757519632,0.487218384786407
fine,0.245,1,0.00599211846719144,0.453260068381382
fine,0.245,1,0.006679695692681328,0.48300840264707345
fine,0.245,1,0.007437590042870372,0.4548865940721398
fine,0.245,1,0.008210038327446142,0.4730852347257285
fine,0.245,1,0.009063918044769588,0.4514882490667057
fine,0.245,1,0.009934288869141336,0.4585365388947603
fine,0.245,1,0.010896929896115749,0.4441463576237442
fine,0.245,1,0.011877943402114515,0.44026556422149954
fine,0.245,1,0.0129617536674161,0.4337283685675839
fine,0.245,1,0.014065755617063936,0.4190895791381183
fine,0.245,1,0.015282733051017164,0.4209306159253793
fine,0.245,1,0.016521653052370515,0.3956817389245152
fine,0.245,1,0.017883344989755467,0.4062281910361143
fine,0.245,1,0.01926865613089219,0.37053240356308237
fine,0.245,1,0.02078612023841923,0.39000729110514853
fine,0.245,1,0.0223288002661406,0.34435450991478456
fine,0.245,1,0.0240125671268029,0.37275421286343413
fine,0.245,1,0.025723061301410187,0.3180354440782568
fine,0.245,1,0.027583098782327804,0.35432882707331204
fine,0.245,1,0.029471284534170736,0.2918128797852009
fine,0.245,1,0.03151696405848063,0.33451287955836206
fine,0.245,1,0.03359211756585777,0.266231076087704
fine,0.245,1,0.035832182402786454,0.3129952561122855
fine,0.245,1,0.038102947204295266,0.2416898829841133
fine,0.245,1,0.04054548288470249,0.28937889547720674
fine,0.245,1,0.043019840632240444,0.21837437510863056
fine,0.245,1,0.04567224758974182,0.2634246959734431
fine,0.245,1,0.048357491041122566,0.19632633294149593
fine,0.245,1,0.0512264595713657,0.23526884159261563
fine,0.245,1,0.05412916791393538,0.17548663855280777
fine,0.245,1,0.05722065553675637,0.20549925547619952
fine,0.245,1,0.06034667212550629,0.15573839205640994
fine,0.245,1,0.06366588342656894,0.1750508116665631
fine,0.245,1,0.06702029601207232,0.13693029020446335
fine,0.245,1,0.07057166503219695,0.1449732204494416
fine,0.245,1,0.0741587885452702,0.11888017592967726
fine,0.245,1,0.0779459637770447,0.1161767597396216
fine,0.245,1,0.08176932572838895,0.10137061362683364
fine,0.245,1,0.08579515777082257,0.08927092756278299
fine,0.245,1,0.08985748631504324,0.08418725571777641
fine,0.245,1,0.09412401822804344,0.06457106132243784
fine,0.245,1,0.0984272329324384,0.06722440792325834
fine,0.245,1,0.10293569332374264,0.04220478251772952
fine,0.245,1,0.10748089867309492,0.050526984718421986
fine,0.245,1,0.11223169754104993,0.022109947713390143
fine,0.245,1,0.11701917920039995,0.03419836516926633
fine,0.245,1,0.12201190654665892,0.004116289497387959
fine,0.245,1,0.12704113039470497,0.01839442723519369
fine,0.245,1,0.13227455761153062,-0.012004666446933987
fine,0.245,1,0.13754417154792611,0.0032607313289817474
fine,0.245,1,0.1430162555754111,-0.0265180021253264
fine,0.245,1,0.14852409409584458,-0.011102620281708386
fine,0.245,1,0.15423198433497964,-0.039695927766369765
fine,0.245,1,0.15997507585855503,-0.024644251507232928
fine,0.245,1,0.16591512381675086,-0.051800426928152676
fine,0.245,1,0.17188970074087573,-0.03736958263459145
fine,0.245,1,0.17805747237731412,-0.06310010206000127
fine,0.245,1,0.18425898382607883,-0.04938838638484255
fine,0.245,1,0.19064927455509495,-0.07392456554882254
fine,0.245,1,0.19707240177799024,-0.06098459795854261
fine,0.245,1,0.20367925407974802,-0.08465365895953769
fine,0.245,1,0.2103179284486365,-0.07243533608427222
fine,0.245,1,0.21713465202748855,-0.09528146710464758
fine,0.245,1,0.22398207557092084,-0.083536668521625
fine,0.245,1,0.2310012699932513,-0.1053413921907651
fine,0.245,1,0.238049938398649,-0.09381580092133013
fine,0.245,1,0.24526351813359837,-0.11448449139726669
fine,0.245,1,0.25250524613947306,-0.10303514026699356
fine,0.245,1,0.2599044679178148,-0.12249342207659408
fine,0.245,1,0.2673304170101016,-0.11096582931732035
fine,0.245,1,0.2749059094086983,-0.12894130879316812
fine,0.245,1,0.28250661772748936,-0.1170812178768812
fine,0.245,1,0.2902484128792217,-0.1330675825403742
fine,0.245,1,0.2980138272347057,-0.1205594843974207
fine,0.245,1,0.3059113945565788,-0.13413202868554475
fine,0.245,1,0.31383090444585243,-0.12084783511145458
fine,0.245,1,0.3218731862711601,-0.13219721941093732
fine,0.245,1,0.32993565978081396,-0.11850376125584017
fine,0.245,1,0.3381111087747722,-0.12847970577530599
fine,0.245,1,0.34630493024775466,-0.11473137936345945
fine,0.245,1,0.35460154848003855,-0.1236011075560619
fine,0.245,1,0.3629146578193709,-0.1099036185448532
fine,0.245,1,0.3713200373613067,-0.11783546943415213
fine,0.245,1,0.3797399708376294,-0.10442091428331857
fine,0.245,1,0.3882413357466996,-0.11166024130968011
fine,0.245,1,0.3967552681715877,-0.09874612167606434
fine,0.245,1,0.4053395177211753,-0.1053957548621236
fine,0.245,1,0.4139343058435173,-0.09307473667795874
fine,0.245,1,0.4225880588516187,-0.09912566216055185
fine,0.245,1,0.43125028583021585,-0.08741672023745495
fine,0.245,1,0.43995992593712474,-0.09279871714865551
fine,0.245,1,0.4486759467390373,-0.08167702187405923
fine,0.245,1,0.4574276684807952,-0.08632953173732383
fine,0.245,1,0.4661836560518123,-0.0757707845364739
fine,0.245,1,0.4749635115735291,-0.07970535678274215
fine,0.245,1,0.4837455036245449,-0.06971429241480331
fine,0.245,1,0.4925394498755256,-0.07299178081538304
fine,0.245,1,0.501333396126506,-0.06354038660546402
fine,0.245,1,0.510127342377486,-0.06615399526485621
fine,0.245,1,0.518919152099167,-0.05721250676577494
fine,0.245,1,0.5276990076208843,-0.05922397994940076
fine,0.245,1,0.5364745973133421,-0.05078959906376812
fine,0.245,1,0.5452263190551,-0.0522447348817523
fine,0.245,1,0.5539716601018544,-0.04429183925415847
fine,0.245,1,0.5626813002087631,-0.04522581353833677
fine,0.245,1,0.5713824663451762,-0.03772589676903171
fine,0.245,1,0.5800362193532778,-0.03818371409865429
fine,0.245,1,0.5886794337886255,-0.03110758203535946
fine,0.245,1,0.5972636833382132,-0.031141222077633257
fine,0.245,1,0.6058353653719828,-0.02445053013781373
fine,0.245,1,0.6143367302810528,-0.024116043571762003
fine,0.245,1,0.6228235412557361,-0.0177613900378768
fine,0.245,1,0.631228920797672,-0.017127264719215107
fine,0.245,1,0.6396178092325593,-0.011056772394832493
fine,0.245,1,0.6479144274648441,-0.010221625650798982
fine,0.245,1,0.6561926732181044,-0.004369757525287676
fine,0.245,1,0.6643681222120619,-0.0034441194164300803
fine,0.245,1,0.6725233795216737,0.002286726596095634
fine,0.245,1,0.6805656613469827,0.003161306083601767
fine,0.245,1,0.6885860006048908,0.008854424701080998
fine,0.245,1,0.6964835679267624,0.009444038878148375
fine,0.245,1,0.7043575160448826,0.01520555362848297
fine,0.245,1,0.7120993111966147,0.01533658834034779
fine,0.245,1,0.7198158904281527,0.0213590481950785
fine,0.245,1,0.7273913828267499,0.02090848287640934
fine,0.245,1,0.7349401479114019,0.027428181867651502
fine,0.245,1,0.7423393696897436,0.026254060016239755
fine,0.245,1,0.74971044319716,0.03352173130383851
fine,0.245,1,0.756924022932109,0.03142159356884677
fine,0.245,1,0.7641081286839911,0.03970081989844387
fine,0.245,1,0.7711273231063223,0.03641346713196347
fine,0.245,1,0.7781158175640728,0.045991046388136114
fine,0.245,1,0.7849325411429228,0.041217563069413155
fine,0.245,1,0.7917174426546424,0.05240209469227963
fine,0.245,1,0.7983242949564019,0.04581315015690679
fine,0.245,1,0.804898310764282,0.05892369811158371
fine,0.245,1,0.8112886014932984,0.0501726767903693
fine,0.245,1,0.817645152409988,0.06554728022456069
fine,0.245,1,0.8238129240464239,0.05430073071047892
fine,0.245,1,0.8299461667169314,0.07228533326027353
fine,0.245,1,0.8358862146751304,0.058198895121711725
fine,0.245,1,0.8417910613488881,0.07911832035225808
fine,0.245,1,0.8474989515880226,0.06184137810333179
fine,0.245,1,0.8531710873342087,0.08599278390623977
fine,0.245,1,0.8586431713616939,0.06518899832673897
fine,0.245,1,0.8640790686696088,0.09283205564537333
fine,0.245,1,0.8693124958864342,0.06819845544101089
fine,0.245,1,0.8745094266014726,0.09953285638783882
fine,0.245,1,0.8795021539477319,0.07082464028100643
fine,0.245,1,0.8844581985025958,0.10596095869914934
fine,0.245,1,0.8892089973705473,0.07302479174604215
fine,0.245,1,0.8939230512804516,0.11195149526023729
fine,0.245,1,0.8984315116717592,0.07476867724934866
fine,0.245,1,0.9029032892716713,0.11732192631063598
fine,0.245,1,0.9071698211846715,0.07606036617232403
fine,0.245,1,0.911399856595885,0.12191611654170276
fine,0.245,1,0.9154256886383186,0.07698647227641009
fine,0.245,1,0.9194153339611822,0.1256282521254516
fine,0.245,1,0.9232025091929565,0.07766913697757383
fine,0.245,1,0.9269539299317822,0.12835635845498294
fine,0.245,1,0.9305052989519073,0.07821718086147267
fine,0.245,1,0.9340214666875916,0.13002347565320205
fine,0.245,1,0.9373406779886543,0.07872552436864533
fine,0.245,1,0.9406253603237879,0.13062049906246798
fine,0.245,1,0.9437168479466091,0.07927287652405013
fine,0.245,1,0.9467745957571037,0.1302459607114147
fine,0.245,1,0.9496435642873469,0.07991969245989405
fine,0.245,1,0.9524796963237108,0.1291316385849055
fine,0.245,1,0.9551321032812123,0.08071132298462191
fine,0.245,1,0.9577526881715829,0.12762457994610787
fine,0.245,1,0.9601952238519901,0.08168308723761508
fine,0.245,1,0.9626070595678178,0.12611228800343732
fine,0.245,1,0.9648471244047487,0.0828640579461013
fine,0.245,1,0.9670577152586117,0.12492765444866394
fine,0.245,1,0.9691033947829197,0.08427950706348097
fine,0.245,1,0.9711209260363024,0.12428750668126298
fine,0.245,1,0.9729809635172195,0.08595082266528586
fine,0.245,1,0.9748142736841922,0.12428655326816263
fine,0.245,1,0.9764980405448548,0.08789156396570497
fine,0.245,1,0.9781565914853229,0.12492651139839217
fine,0.245,1,0.9796740555928496,0.09010467051511162
fine,0.245,1,0.9811679004966244,0.12616735478213803
fine,0.245,1,0.98252959243401,0.09260324152752297
fine,0.245,1,0.9838693418039951,0.12795843209997326
fine,0.245,1,0.9850863192379479,0.0953892080634744
fine,0.245,1,0.9862831049875542,0.1302367503012708
fine,0.245,1,0.9873669152528548,0.09845760694876804
fine,0.245,1,0.9884323530391315,0.13296214351735802
fine,0.245,1,0.9893949940661073,0.1018229360318561
fine,0.245,1,0.9903411439860342,0.13612688487268365
fine,0.245,1,0.9911950237033577,0.10552248070537174
fine,0.245,1,0.992034349486294,0.13975669839022264
fine,0.245,1,0.9927922438364837,0.10961996796878704
fine,0.245,1,0.9935375706708549,0.1439216605328424
fine,0.245,1,0.9942125803805261,0.11422416095660537
fine,0.245,1,0.9948770515174429,0.14874882128864386
fine,0.245,1,0.9954825577686003,0.11947118752191455
fine,0.245,1,0.9960795900492624,0.1543244213440409
fine,0.245,1,0.9966292092016128,0.1251492729182938
fine,0.245,1,0.99717244765896,0.15962933549249592
fine,0.245,1,0.9976799851764615,0.12724184390765036
fine,0.245,1,0.9981832568647037,0.15117297423932596
fine,0.245,1,0.9986626606022458,0.06496377048161739
fine,0.245,1,0.9991399278104891,-28.80212503260789
fine,0.245,1,0.9996052408187679,-75.15346676581999
coarse,0.51,0,0.0009773445603639772,-0.09551428345982593
coarse,0.51,0,0.0020457613143778997,0.45367715767978134
coarse,0.51,0,0.0032604949280518798,-0.5080201025562074
coarse,0.51,0,0.004488862829896006,-0.5734282594150473
coarse,0.51,0,0.006007360929024542,-0.7037689476192854
coarse,0.51,0,0.007552894318042032,-0.7086617428853863
coarse,0.51,0,0.00952740703385368,-0.7366649656049973
coarse,0.51,0,0.011541893459967409,-0.7407039943131002
coarse,0.51,0,0.014116868387170856,-0.7500825997762441
coarse,0.51,0,0.016744071483824362,-0.7469768386596469
coarse,0.51,0,0.020053682142206725,-0.7483948025741038
coarse,0.51,0,0.023426881790726984,-0.7369271486761844
coarse,0.51,0,0.027592731879039448,-0.7347443234517324
coarse,0.51,0,0.031832443752925724,-0.7143966369217036
coarse,0.51,0,0.03696148647587775,-0.7111449857382137
coarse,0.51,0,0.042173399984210345,-0.6840622217847034
coarse,0.51,0,0.04835610805348478,-0.6835017138433903
coarse,0.51,0,0.05462927796583278,-0.6518154954747812
coarse,0.51,0,0.061938095586906355,-0.6561685512140609
coarse,0.51,0,0.06934341828153043,-0.6209516211124599
coarse,0.51,0,0.07783152161323179,-0.6299596598861026
coarse,0.51,0,0.0864205220203959,-0.5918827043786707
coarse,0.51,0,0.09612090931608505,-0.6040616584697247
coarse,0.51,0,0.1059248593122144,-0.565443007612527
coarse,0.51,0,0.11684978631051872,-0.5786663539104644
coarse,0.51,0,0.12787916964772272,-0.5432579996463816
coarse,0.51,0,0.14001993987345196,-0.554215316094669
coarse,0.51,0,0.15226427279962115,-0.5258659077450172
coarse,0.51,0,0.16559138636286744,-0.5311870927559392
coarse,0.51,0,0.1790193970015767,-0.5122913300057075
coarse,0.51,0,0.19348305534901156,-0.5107487491485945
coarse,0.51,0,0.2080432187699969,-0.5017267576585849
coarse,0.51,0,0.22357417675192454,-0.4941177611200571
coarse,0.51,0,0.2391955965769255,-0.4925952888590521
coarse,0.51,0,0.2557063472509918,-0.479029238792938
coarse,0.51,0,0.2722999687104384,-0.4798103526064983
coarse,0.51,0,0.28968624060967696,-0.4588785087585099
coarse,0.51,0,0.3071463742944894,-0.45640257381825644
coarse,0.51,0,0.32528891554103334,-0.42732802237952994
coarse,0.51,0,0.34349504577771517,-0.4191312483698677
coarse,0.51,0,0.3622616645154838,-0.3857889062093205
coarse,0.51,0,0.3810805114227021,-0.3748228681886985
coarse,0.51,0,0.4003283376567152,-0.342419790809648
coarse,0.51,0,0.41961613760103106,-0.3311750422032085
coarse,0.51,0,0.43919406774263176,-0.3014183609652763
coarse,0.51,0,0.4587990331741212,-0.2907310749560317
coarse,0.51,0,0.4785503154652709,-0.26316443940510426
coarse,0.51,0,0.49831523204459033,-0.25301149828698644
coarse,0.51,0,0.5180801486239099,-0.22682212804492718
coarse,0.51,0,0.5378450652032296,-0.2174397253077689
coarse,0.51,0,0.5574636649228891,-0.19208629533710497
coarse,0.51,0,0.5770686303543795,-0.18398015823747116
coarse,0.51,0,0.5963834655885836,-0.15889447182811867
coarse,0.51,0,0.6156712655328989,-0.15270851250165052
coarse,0.51,0,0.6345300861504201,-0.12726958863632443
coarse,0.51,0,0.6533489330576387,-0.12376437738955137
coarse,0.51,0,0.6716072914637684,-0.09745833434040829
coarse,0.51,0,0.689813421700448,-0.09748943495404538
coarse,0.51,0,0.7073371443753995,-0.0701053320847198
coarse,0.51,0,0.7247972780602134,-0.07446002532170115
coarse,0.51,0,0.7414647613052343,-0.04571989965594203
coarse,0.51,0,0.7580583827646814,-0.054511137874525994
coarse,0.51,0,0.7737626733750627,-0.02404243110605453
coarse,0.51,0,0.7893840932000632,-0.03689887524043001
coarse,0.51,0,0.8040347184641232,-0.004906819809424423
coarse,0.51,0,0.8185948818851099,-0.0211323234550016
coarse,0.51,0,0.8321193975973683,0.011585021465730927
coarse,0.51,0,0.8455474082360762,-0.006838577822393832
coarse,0.51,0,0.857892638237708,0.025529294504122335
coarse,0.51,0,0.8701369711638781,0.0063730946108712105
coarse,0.51,0,0.8812699172015185,0.03731583596066379
coarse,0.51,0,0.8922993005387185,0.018745470300892797
coarse,0.51,0,0.9022077068737506,0.04758029851327139
coarse,0.51,0,0.9120116568698835,0.03032258346837191
coarse,0.51,0,0.9207042199774885,0.05705955368230797
coarse,0.51,0,0.9292932203846531,0.04123587594873801
coarse,0.51,0,0.9367994401547397,0.06642434583902901
coarse,0.51,0,0.9442047628493634,0.05177227366156756
coarse,0.51,0,0.9505744378352623,0.07603266004431453
coarse,0.51,0,0.9568476077476098,0.062147349830717125
coarse,0.51,0,0.9621499830990164,0.08594897076892649
coarse,0.51,0,0.9673618966073488,0.07244879871621634
coarse,0.51,0,0.9716844792666158,0.09611970738015085
coarse,0.51,0,0.9759241911405017,0.0826806938366047
coarse,0.51,0,0.9793712525745976,0.10643616171247605
coarse,0.51,0,0.9827444522231196,0.09274597170371612
coarse,0.51,0,0.9854352443099086,0.11671691364823433
coarse,0.51,0,0.9880624474065596,0.10236934490712091
coarse,0.51,0,0.9901291620021239,0.12657156391779523
coarse,0.51,0,0.9921436484282382,0.11067147660496957
coarse,0.51,0,0.9937291555275582,0.1344381296023941
coarse,0.51,0,0.9952746889165762,0.11296786751483356
coarse,0.51,0,0.9965300921083088,0.12648761680857412
coarse,0.51,0,0.9977584600101528,0.04721146058885828
coarse,0.51,0,0.998840511052336,-9.113040389987066
coarse,0.51,0,0.9999089278063494,-40.116714004463965
coarse,0.51,1,0.0009773445603639772,0.26667039939188697
coarse,0.51,1,0.0020457613143778997,-1.1418029243686862
coarse,0.51,1,0.003260494928052103,0.4396644705729936
coarse,0.51,1,0.004488862829896006,0.43365683612169215
coarse,0.51,1,0.006007360929024765,0.48018871230957805
coarse,0.51,1,0.007552894318042032,0.46432984211877204
coarse,0.51,1,0.00952740703385368,0.4754225871845916
coarse,0.51,1,0.011541893459967633,0.4528733653320518
coarse,0.51,1,0.014116868387170856,0.4434976472224308
coarse,0.51,1,0.01674407148382414,0.41882995849458915
coarse,0.51,1,0.020053682142206725,0.396223862243954
coarse,0.51,1,0.023426881790726984,0.37240750453791305
coarse,0.51,1,0.02759273187903967,0.3415692980816538
coarse,0.51,1,0.03183244375292617,0.32103063367499995
coarse,0.51,1,0.03696148647587775,0.28560450715923025
coarse,0.51,1,0.042173399984210345,0.26987791599903177
coarse,0.51,1,0.04835610805348478,0.23168834244899406
coarse,0.51,1,0.05462927796583278,0.2216229476709235
coarse,0.51,1,0.061938095586906355,0.18118985817930433
coarse,0.51,1,0.06934341828153043,0.1773053324712961
coarse,0.51,1,0.07783152161323179,0.13490606815157347
coarse,0.51,1,0.0864205220203959,0.13729140008437768
coarse,0.51,1,0.09612090931608527,0.09355985101053832
coarse,0.51,1,0.10592485931221463,0.10089419304063929
coarse,0.51,1,0.11684978631051916,0.057229150503739445
coarse,0.51,1,0.12787916964772317,0.06652081414398914
coarse,0.51,1,0.14001993987345218,0.0255755698018707
coarse,0.51,1,0.15226427279962115,0.033006265259033274
coarse,0.51,1,0.16559138636286766,-0.002029702837350822
coarse,0.51,1,0.1790193970015767,0.0004374136670702855
coarse,0.51,1,0.19348305534901156,-0.026799082721656875
coarse,0.51,1,0.2080432187699969,-0.030752871128353565
coarse,0.51,1,0.22357417675192454,-0.05021132901012293
coarse,0.51,1,0.2391955965769255,-0.05967810356739922
coarse,0.51,1,0.2557063472509918,-0.07173586575102031
coarse,0.51,1,0.2722999687104384,-0.08333501561860479
coarse,0.51,1,0.28968624060967696,-0.08761188516595153
coarse,0.51,1,0.3071463742944894,-0.09712614265473785
coarse,0.51,1,0.32528891554103334,-0.09331520034616458
coarse,0.51,1,0.34349504577771517,-0.09835530082951238
coarse,0.51,1,0.3622616645154838,-0.08893865338430285
coarse,0.51,1,0.38108051142270233,-0.09112475165516654
coarse,0.51,1,0.40032833765671566,-0.07974215911012661
coarse,0.51,1,0.4196161376010315,-0.08080262689790385
coarse,0.51,1,0.43919406774263176,-0.06899366430033238
coarse,0.51,1,0.4587990331741212,-0.06964315990444936
coarse,0.51,1,0.4785503154652709,-0.05745463748675528
coarse,0.51,1,0.4983152320445908,-0.05778085422623014
coarse,0.51,1,0.5180801486239102,-0.044914209690352314
coarse,0.51,1,0.5378450652032296,-0.04519238695190886
coarse,0.51,1,0.55746366492289,-0.0314609380163382
coarse,0.51,1,0.5770686303543808,-0.03218902378753308
coarse,0.51,1,0.5963834655885843,-0.017318979889256125
coarse,0.51,1,0.6156712655328989,-0.019123334935148062
coarse,0.51,1,0.6345300861504201,-0.0027479751709056366
coarse,0.51,1,0.653348933057639,-0.006364037453622462
coarse,0.51,1,0.6716072914637691,0.011830421381837875
coarse,0.51,1,0.6898134217004493,0.005580046202436129
coarse,0.51,1,0.7073371443754002,0.025666828753470705
coarse,0.51,1,0.7247972780602134,0.016015430203093928
coarse,0.51,1,0.7414647613052343,0.0381102684892467
coarse,0.51,1,0.758058382764681,0.024888904144070967
coarse,0.51,1,0.7737626733750609,0.04918121385090568
coarse,0.51,1,0.7893840932000601,0.03268183355883314
coarse,0.51,1,0.804034718464121,0.058865098886446754
coarse,0.51,1,0.818594881885109,0.03970423875841589
coarse,0.51,1,0.8321193975973683,0.06694570269517486
coarse,0.51,1,0.8455474082360771,0.04619211057255501
coarse,0.51,1,0.8578926382377089,0.07341190866675418
coarse,0.51,1,0.8701369711638781,0.0524152384839609
coarse,0.51,1,0.8812699172015189,0.0785559422391332
coarse,0.51,1,0.8922993005387194,0.05852572432212533
coarse,0.51,1,0.9022077068737515,0.0829244330041804
coarse,0.51,1,0.912011656869884,0.06450402610146788
coarse,0.51,1,0.9207042199774881,0.08715916064577822
coarse,0.51,1,0.9292932203846527,0.0704162957472586
coarse,0.51,1,0.9367994401547397,0.09183243822221987
coarse,0.51,1,0.9442047628493634,0.07648067989302032
coarse,0.51,1,0.9505744378352623,0.09722851565277413
coarse,0.51,1,0.9568476077476098,0.08285933867440687
coarse,0.51,1,0.9621499830990164,0.10336567059450463
coarse,0.51,1,0.9673618966073488,0.08960115394167345
coarse,0.51,1,0.9716844792666158,0.11015847870887507
coarse,0.51,1,0.9759241911405017,0.09667763539440244
coarse,0.51,1,0.9793712525745927,0.11747267347422263
coarse,0.51,1,0.9827444522231089,0.10395993242496238
coarse,0.51,1,0.9854352443099024,0.12509979014338446
coarse,0.51,1,0.9880624474065587,0.11113380701143771
coarse,0.51,1,0.9901291620021234,0.1326079409514539
coarse,0.51,1,0.9921436484282382,0.11726223624738885
coarse,0.51,1,0.9937291555275582,0.1383466859308553
coarse,0.51,1,0.9952746889165762,0.11757864754808456
coarse,0.51,1,0.9965300921083088,0.12834055495950214
coarse,0.51,1,0.9977584600101528,0.050111601021773144
coarse,0.51,1,0.998840511052336,-9.255939722268892
coarse,0.51,1,0.9999089278063499,-40.116714004463965
medium,0.51,0,0.0006131722044418839,-0.06400721882528893
medium,0.51,0,0.001315546374175295,0.39182465741291284
medium,0.51,0,0.002059393185286955,-0.42189257415207515
medium,0.51,0,0.0028092732788760635,-0.4512755272775293
medium,0.51,0,0.003641783023378735,-0.6191060251526568
medium,0.51,0,0.004486313415913818,-0.6032205025964579
medium,0.51,0,0.005454001607361085,-0.6706844473966946
medium,0.51,0,0.006439606328005627,-0.6572544872519217
medium,0.51,0,0.007587959690346681,-0.7054431630583071
medium,0.51,0,0.00875998910744499,-0.6900170861112747
medium,0.51,0,0.010133119393589698,-0.728883472411638
medium,0.51,0,0.01153550507097829,-0.7086543847015685
medium,0.51,0,0.013175813345724742,-0.7425642513812616
medium,0.51,0,0.014850733697010563,-0.7159623297793978
medium,0.51,0,0.016798587639333493,-0.7477051060671633
medium,0.51,0,0.018786146924687882,-0.7149195936312547
medium,0.51,0,0.02107957360533249,-0.7466979697292839
medium,0.51,0,0.023417496713866042,-0.707705067528891
medium,0.51,0,0.026091893186376353,-0.7396598608971146
medium,0.51,0,0.02881523852694931,-0.6941848512724578
medium,0.51,0,0.03190310243471709,-0.7269151043069983
medium,0.51,0,0.03504399512027921,-0.6763116306798569
medium,0.51,0,0.038574677369855315,-0.7109783853302687
medium,0.51,0,0.042162064725939113,-0.6562372103340792
medium,0.51,0,0.04616154610891296,-0.6933992326951945
medium,0.51,0,0.05022097736700725,-0.6361093879921382
medium,0.51,0,0.05471167083049354,-0.6758896523818323
medium,0.51,0,0.05926510268296497,-0.6178201779065875
medium,0.51,0,0.06426568275354456,-0.6589013589199009
medium,0.51,0,0.06933131224995114,-0.6021602207613064
medium,0.51,0,0.0748565729092462,-0.6418695330467241
medium,0.51,0,0.08044869896580165,-0.58918887764528
medium,0.51,0,0.0865094410593438,-0.624283275999606
medium,0.51,0,0.0926383556355324,-0.5787917578619199
medium,0.51,0,0.09924130467180627,-0.606248877086681
medium,0.51,0,0.10591321444235571,-0.5704863170442627
medium,0.51,0,0.11306096940761776,-0.5881531717348816
medium,0.51,0,0.1202779485259572,-0.5633242248233621
medium,0.51,0,0.12796896210438238,-0.5704749429537967
medium,0.51,0,0.13572893641708292,-0.5563221690794464
medium,0.51,0,0.14395752676676996,-0.553718387259112
medium,0.51,0,0.1522542895991032,-0.5488361663662245
medium,0.51,0,0.16101068359432513,-0.5383020816978519
medium,0.51,0,0.16983394298680746,-0.540656220765579
medium,0.51,0,0.1791043505973984,-0.524543958206168
medium,0.51,0,0.18843980763381607,-0.5320441967824472
medium,0.51,0,0.19820652687562576,-0.5129642383744262
medium,0.51,0,0.20803598450642036,-0.5238869990271293
medium,0.51,0,0.21827753616410503,-0.5039214905985769
medium,0.51,0,0.22857903769691035,-0.5162731093406319
medium,0.51,0,0.23927032879372967,-0.49610732828908355
medium,0.51,0,0.25001832499705645,-0.5075554944294458
medium,0.51,0,0.2611308397675778,-0.4872744847505166
medium,0.51,0,0.2722963833158935,-0.4961223846876104
medium,0.51,0,0.28379840022818575,-0.47537368288595583
medium,0.51,0,0.29534936600854067,-0.4798863281823711
medium,0.51,0,0.3072061991841864,-0.4574649492167697
medium,0.51,0,0.31910752878772136,-0.45647377498464614
medium,0.51,0,0.33128179198229407,-0.4324962667258876
medium,0.51,0,0.3434957605198985,-0.4274040741256149
medium,0.51,0,0.355947651654859,-0.4035154379195445
medium,0.51,0,0.3684341548663584,-0.3963118015978526
medium,0.51,0,0.3811217589469051,-0.3735772030926803
medium,0.51,0,0.39383861841869566,-0.36553315560706046
medium,0.51,0,0.40671822653218254,-0.3444217747218259
medium,0.51,0,0.4196215107004267,-0.33633268700322727
medium,0.51,0,0.4326479526675832,-0.3169309146560835
medium,0.51,0,0.44569231116393726,-0.3088879091382166
medium,0.51,0,0.4588192993112044,-0.2908797337189266
medium,0.51,0,0.47195830810650397,-0.28271741470068457
medium,0.51,0,0.4851387895431818,-0.26584240492497924
medium,0.51,0,0.49832530426233723,-0.25756876016289
medium,0.51,0,0.5115118189814928,-0.24163867751241175
medium,0.51,0,0.5246983337006482,-0.2333373576049238
medium,0.51,0,0.5378433757784257,-0.2181403171639016
medium,0.51,0,0.5509823845737255,-0.21002593931751745
medium,0.51,0,0.5640387637181121,-0.19532517101113567
medium,0.51,0,0.5770831222144666,-0.18764133369205926
medium,0.51,0,0.5900043229119077,-0.1731395074058828
medium,0.51,0,0.6029076070801512,-0.16617732233304494
medium,0.51,0,0.6156481426066986,-0.15154481942742004
medium,0.51,0,0.6283650020784894,-0.14564248144694214
medium,0.51,0,0.6408807606812333,-0.13052087206626117
medium,0.51,0,0.6533672638927333,-0.12609091034311337
medium,0.51,0,0.6656158445068762,-0.11010162793536371
medium,0.51,0,0.6778298130444805,-0.10763716317608041
medium,0.51,0,0.689770847991046,-0.09043330170737396
medium,0.51,0,0.7016721775945799,-0.09053024889018735
medium,0.51,0,0.7132676398028244,-0.0717842412436307
medium,0.51,0,0.7248186055831798,-0.07498927139516298
medium,0.51,0,0.7360330979995583,-0.05420684265697462
medium,0.51,0,0.7471986415478743,-0.06084788201303737
medium,0.51,0,0.7579996665290007,-0.037456407590794605
medium,0.51,0,0.7687476627323342,-0.04784821458005317
medium,0.51,0,0.7791058693716416,-0.021436054677138605
medium,0.51,0,0.7894073709044402,-0.03590919725045172
medium,0.51,0,0.7992967784103546,-0.0062417962879857125
medium,0.51,0,0.8091262360411492,-0.025037530438886568
medium,0.51,0,0.8185244314665514,0.007961600210720565
medium,0.51,0,0.8278598885029682,-0.01519295479682059
medium,0.51,0,0.8367481973212777,0.021035038528019245
medium,0.51,0,0.8455714567137604,-0.006231704122338977
medium,0.51,0,0.8539350849433547,0.03285191328254655
medium,0.51,0,0.8622318477756882,0.002007447254324113
medium,0.51,0,0.8700599945710349,0.043244844693958506
medium,0.51,0,0.8778199688837357,0.00966709402143695
medium,0.51,0,0.8851059087363471,0.05206093381605781
medium,0.51,0,0.8923228878546825,0.016855447200780693
medium,0.51,0,0.899064021778312,0.05920978947565303
medium,0.51,0,0.9057359315488651,0.023616174679675028
medium,0.51,0,0.9119338068593297,0.06478803660150168
medium,0.51,0,0.9180627214355187,0.03001089282012026
medium,0.51,0,0.9237230199747206,0.06922056535967724
medium,0.51,0,0.929315146031276,0.03619142194942404
medium,0.51,0,0.9344476409249425,0.07313252209408294
medium,0.51,0,0.9395132704213486,0.04229520270841325
medium,0.51,0,0.944131751699647,0.077067317254783
medium,0.51,0,0.9486851835521187,0.048410647617342706
medium,0.51,0,0.9528073531991978,0.08137166900880843
medium,0.51,0,0.9568667844572917,0.05460376086835794
medium,0.51,0,0.9605141216884964,0.08618642479043948
medium,0.51,0,0.9641015090445808,0.06091883457858116
medium,0.51,0,0.96729910683665,0.09151831099061791
medium,0.51,0,0.9704399995222117,0.0673818767278479
medium,0.51,0,0.9732163736405794,0.09731631423872755
medium,0.51,0,0.975939718981152,0.07400663413990449
medium,0.51,0,0.9783265909577485,0.10350927638936991
medium,0.51,0,0.9806645140662822,0.08078327700988275
medium,0.51,0,0.982696569779529,0.11003141013759488
medium,0.51,0,0.9846841290648872,0.08770524578877803
medium,0.51,0,0.9863987547592002,0.11683964609706887
medium,0.51,0,0.9880736751104816,0.09475310006622795
medium,0.51,0,0.9895106728644092,0.12390400179540006
medium,0.51,0,0.9909130585417987,0.10191221194405309
medium,0.51,0,0.9921143433501413,0.13124691975302227
medium,0.51,0,0.9932863727672405,0.10916356425774809
medium,0.51,0,0.9942956535426414,0.13882779017260571
medium,0.51,0,0.9952812582632855,0.11611650835949505
medium,0.51,0,0.9961437051850178,0.1455033937968977
medium,0.51,0,0.9969882355775529,0.11870222665683361
medium,0.51,0,0.9977501363191746,0.137374536193272
medium,0.51,0,0.998500016412764,0.055009093756195004
medium,0.51,0,0.9992084238649749,-24.486535031389078
medium,0.51,0,0.9999107980347078,-75.1452965245441
medium,0.51,1,0.0006131722044418839,0.246620598786484
medium,0.51,1,0.001315546374175295,-1.7085677200984706
medium,0.51,1,0.002059393185286955,0.4066930939335849
medium,0.51,1,0.0028092732788760635,0.38139265158344315
medium,0.51,1,0.003641783023378958,0.45507467439124594
medium,0.51,1,0.0044863134159142636,0.43390888942175165
medium,0.51,1,0.005454001607361085,0.4805992196261125
medium,0.51,1,0.006439606328005627,0.45574703765356783
medium,0.51,1,0.007587959690346681,0.4835702370486863
medium,0.51,1,0.00875998910744499,0.45832770976871084
medium,0.51,1,0.010133119393589698,0.4718902321346379
medium,0.51,1,0.01153550507097829,0.44800367644900974
medium,0.51,1,0.013175813345725188,0.44980466634455896
medium,0.51,1,0.014850733697010563,0.42856074796653865
medium,0.51,1,0.016798587639333493,0.4203854761886563
medium,0.51,1,0.01878614692468766,0.40282274263511564
medium,0.51,1,0.02107957360533249,0.3860410613705132
medium,0.51,1,0.023417496713866042,0.37312799336752556
medium,0.51,1,0.026091893186376353,0.3489451726806698
medium,0.51,1,0.02881523852694931,0.3416289789886092
medium,0.51,1,0.03190310243471709,0.31101756754107324
medium,0.51,1,0.03504399512027921,0.3098659787089224
medium,0.51,1,0.038574677369855315,0.27341601230243007
medium,0.51,1,0.042162064725939113,0.2788212231218016
medium,0.51,1,0.04616154610891296,0.23695299928603286
medium,0.51,1,0.05022097736700725,0.24880880479004208
medium,0.51,1,0.05471167083049399,0.20194706706380483
medium,0.51,1,0.0592651026829652,0.21957839630249432
medium,0.51,1,0.06426568275354456,0.16869304022722975
medium,0.51,1,0.06933131224995114,0.19066077945770388
medium,0.51,1,0.0748565729092462,0.1376434511146064
medium,0.51,1,0.08044869896580165,0.16159261860822272
medium,0.51,1,0.0865094410593438,0.10919561183248427
medium,0.51,1,0.0926383556355324,0.13207345573780838
medium,0.51,1,0.09924130467180627,0.0834399366531231
medium,0.51,1,0.10591321444235595,0.10225669892447642
medium,0.51,1,0.11306096940761821,0.06021135831819213
medium,0.51,1,0.12027794852595743,0.07281476137207821
medium,0.51,1,0.12796896210438238,0.039160575156377275
medium,0.51,1,0.1357289364170827,0.044609262753366186
medium,0.51,1,0.14395752676676996,0.019817723243334973
medium,0.51,1,0.15225428959910342,0.01832335718952338
medium,0.51,1,0.16101068359432558,0.0016988116309729628
medium,0.51,1,0.1698339429868079,-0.005707928503393855
medium,0.51,1,0.1791043505973984,-0.01562932754844959
medium,0.51,1,0.18843980763381563,-0.027553880007342046
medium,0.51,1,0.19820652687562554,-0.03268379729341331
medium,0.51,1,0.20803598450642036,-0.047773672437809056
medium,0.51,1,0.21827753616410503,-0.04990333367512911
medium,0.51,1,0.22857903769691035,-0.06657087717073784
medium,0.51,1,0.23927032879372967,-0.06672347540433554
medium,0.51,1,0.25001832499705645,-0.0831205177155796
medium,0.51,1,0.2611308397675778,-0.08184256789409639
medium,0.51,1,0.2722963833158935,-0.0965135250312601
medium,0.51,1,0.28379840022818575,-0.09391645456585951
medium,0.51,1,0.29534936600854067,-0.10539127111727087
medium,0.51,1,0.3072061991841866,-0.10085562023987893
medium,0.51,1,0.31910752878772136,-0.10806292793095196
medium,0.51,1,0.33128179198229407,-0.10160134356130324
medium,0.51,1,0.3434957605198985,-0.10534776362635179
medium,0.51,1,0.355947651654859,-0.09792906294884629
medium,0.51,1,0.3684341548663586,-0.09959162218827511
medium,0.51,1,0.3811217589469051,-0.09189520352597058
medium,0.51,1,0.39383861841869566,-0.09243431393770019
medium,0.51,1,0.40671822653218276,-0.08482389182339745
medium,0.51,1,0.41962151070042714,-0.08488683589453183
medium,0.51,1,0.43264795266758344,-0.07752036783664451
medium,0.51,1,0.44569231116393726,-0.07722491381284646
medium,0.51,1,0.4588192993112044,-0.06999360060224102
medium,0.51,1,0.47195830810650397,-0.06924521593837585
medium,0.51,1,0.48513878954318224,-0.06206175928353819
medium,0.51,1,0.4983253042623377,-0.06089292956055914
medium,0.51,1,0.5115118189814932,-0.05369729593953054
medium,0.51,1,0.5246983337006482,-0.052203263923208176
medium,0.51,1,0.5378433757784257,-0.04489386794573158
medium,0.51,1,0.5509823845737255,-0.043281174153608104
medium,0.51,1,0.5640387637181128,-0.03571787752401834
medium,0.51,1,0.5770831222144679,-0.03422295659553276
medium,0.51,1,0.5900043229119086,-0.026203191127020187
medium,0.51,1,0.6029076070801517,-0.02510627680443478
medium,0.51,1,0.6156481426066991,-0.016388200946731546
medium,0.51,1,0.6283650020784897,-0.01601347069092185
medium,0.51,1,0.6408807606812333,-0.006319420651333285
medium,0.51,1,0.6533672638927333,-0.007058700894879033
medium,0.51,1,0.6656158445068766,0.003916349812058795
medium,0.51,1,0.677829813044481,0.001596628841633585
medium,0.51,1,0.6897708479910465,0.014139038916765934
medium,0.51,1,0.7016721775945803,0.009678475218966698
medium,0.51,1,0.7132676398028244,0.024059862754513217
medium,0.51,1,0.7248186055831798,0.01693553749226029
medium,0.51,1,0.7360330979995583,0.03356637588039002
medium,0.51,1,0.7471986415478743,0.02344656208626328
medium,0.51,1,0.7579996665289909,0.042808778621158505
medium,0.51,1,0.7687476627323128,0.0293783544184244
medium,0.51,1,0.7791058693716273,0.0518226547631917
medium,0.51,1,0.7894073709044362,0.03475767671329977
medium,0.51,1,0.7992967784103524,0.060481893726038294
medium,0.51,1,0.8091262360411483,0.039543557915757255
medium,0.51,1,0.8185244314665496,0.06860152915424556
medium,0.51,1,0.8278598885029654,0.043743506657566766
medium,0.51,1,0.8367481973212764,0.07602072433424512
medium,0.51,1,0.8455714567137613,0.04746416764690442
medium,0.51,1,0.8539350849433556,0.08259282336544516
medium,0.51,1,0.8622318477756891,0.050834650900941414
medium,0.51,1,0.8700599945710358,0.08813777755174323
medium,0.51,1,0.8778199688837357,0.053971671009648614
medium,0.51,1,0.8851059087363475,0.09249220799201163
medium,0.51,1,0.8923228878546834,0.05696208225616861
medium,0.51,1,0.8990640217783125,0.09555605540581791
medium,0.51,1,0.9057359315488656,0.05983335192664674
medium,0.51,1,0.9119338068593301,0.0974094717294588
medium,0.51,1,0.9180627214355187,0.0626285374692842
medium,0.51,1,0.9237230199747202,0.09844489505832787
medium,0.51,1,0.929315146031276,0.06547456236438909
medium,0.51,1,0.9344476409249425,0.09924674341513684
medium,0.51,1,0.9395132704213486,0.0684872688162943
medium,0.51,1,0.9441317516996475,0.1003218071233265
medium,0.51,1,0.9486851835521187,0.07173928602285617
medium,0.51,1,0.9528073531991978,0.10198688668102318
medium,0.51,1,0.9568667844572917,0.0752833887172375
medium,0.51,1,0.9605141216884964,0.10436091340160303
medium,0.51,1,0.9641015090445799,0.07915243206581157
medium,0.51,1,0.96729910683665,0.10743552447667659
medium,0.51,1,0.9704399995222122,0.0833623038926441
medium,0.51,1,0.9732163736405794,0.11114877082136032
medium,0.51,1,0.975939718981152,0.08791679337631797
medium,0.51,1,0.9783265909577485,0.11542076902655396
medium,0.51,1,0.9806645140662822,0.09279639689493491
medium,0.51,1,0.9826965697795281,0.1201773485220089
medium,0.51,1,0.984684129064885,0.09798302908944434
medium,0.51,1,0.9863987547591994,0.12536532931884492
medium,0.51,1,0.9880736751104812,0.10344299316790917
medium,0.51,1,0.9895106728644092,0.13094150994895737
medium,0.51,1,0.9909130585417987,0.10914229431959499
medium,0.51,1,0.9921143433501413,0.13690687260428203
medium,0.51,1,0.9932863727672405,0.11503282032053852
medium,0.51,1,0.9942956535426414,0.14318384994660682
medium,0.51,1,0.9952812582632855,0.12068524897531907
medium,0.51,1,0.9961437051850178,0.14855812964678816
medium,0.51,1,0.9969882355775529,0.12199415467266295
medium,0.51,1,0.9977501363191742,0.1390486907400711
medium,0.51,1,0.9985000164127635,0.057148717524948545
medium,0.51,1,0.9992084238649744,-24.58962947192993
medium,0.51,1,0.9999107980347078,-75.1452965245441
fine,0.51,0,0.0003769362267073388,-0.04402885504834231
fine,0.51,0,0.0008422492349858611,0.2856583178705855
fine,0.51,0,0.0013189767238955385,-0.354230155021348
fine,0.51,0,0.0017983804614377266,-0.3473176785614547
fine,0.51,0,0.002300574537251744,-0.5242979696156842
fine,0.51,0,0.0028081120547533305,-0.49384626474272
fine,0.51,0,0.0033497386528767285,-0.5807034728600589
fine,0.51,0,0.0038993578052271384,-0.5535577973284278
fine,0.51,0,0.004494249433891626,-0.6241141423011443
fine,0.51,0,0.005099755685049032,-0.5960185100769755
fine,0.51,0,0.005761564620484598,-0.6577936145625154
fine,0.51,0,0.006436574330156183,-0.6270239034109109
fine,0.51,0,0.007178726421607069,-0.6844092082164634
fine,0.51,0,0.007936620771796113,-0.6498398391537041
fine,0.51,0,0.008772270012699507,-0.7054801013504393
fine,0.51,0,0.00962614973002284,-0.6663436011190642
fine,0.51,0,0.010568133749057428,-0.721771102764089
fine,0.51,0,0.011530774776031727,-0.6774277183675432
fine,0.51,0,0.012591571398649245,-0.733365915757187
fine,0.51,0,0.01367538166395072,-0.6834930241652477
fine,0.51,0,0.01486706669135813,-0.7404161363237736
fine,0.51,0,0.016084044125311135,-0.6852201309567838
fine,0.51,0,0.017418250473786444,-0.7439997686344253
fine,0.51,0,0.01877994241117173,-0.6841275417228447
fine,0.51,0,0.020267820749956512,-0.7455447309111387
fine,0.51,0,0.021785284857483215,-0.6810045767043664
fine,0.51,0,0.02343746587844835,-0.7441532042730492
fine,0.51,0,0.025121232739110988,-0.6744310581726112
fine,0.51,0,0.0269477911858587,-0.7389720026311513
fine,0.51,0,0.028807828666776312,-0.6657082400543242
fine,0.51,0,0.030818249244898316,-0.7319060927001055
fine,0.51,0,0.03286392876920821,-0.6560415774066373
fine,0.51,0,0.03506707405304395,-0.7229850537717475
fine,0.51,0,0.037307138889972745,-0.645936964373536
fine,0.51,0,0.03971121933446277,-0.7125321434155274
fine,0.51,0,0.04215375501486977,-0.6363458007607745
fine,0.51,0,0.04476630117397562,-0.7011736904510584
fine,0.51,0,0.04741870813147699,-0.6282437401120387
fine,0.51,0,0.05024654517716985,-0.6894101451501988
fine,0.51,0,0.0531155137074131,-0.6222282596918589
fine,0.51,0,0.05616473833545335,-0.6774889354799338
fine,0.51,0,0.05925622595827445,-0.6183395277057631
fine,0.51,0,0.06253218575892219,-0.66541241574478
fine,0.51,0,0.06585139705998484,-0.6160802888773029
fine,0.51,0,0.06935867242344708,-0.6530666067341822
fine,0.51,0,0.07291004144357194,-0.614630293203652
fine,0.51,0,0.07665243006141248,-0.6404018833814376
fine,0.51,0,0.08043960529318676,-0.6131679483840975
fine,0.51,0,0.0844201093081403,-0.6275772597449909
fine,0.51,0,0.0884459413505739,-0.6111177180921876
fine,0.51,0,0.09266675719824395,-0.6149315260849413
fine,0.51,0,0.09693328911124435,-0.6081530912449089
fine,0.51,0,0.10139580008806262,-0.6027682750392767
fine,0.51,0,0.10590426047936685,-0.6040561338930135
fine,0.51,0,0.11060903206195397,-0.5912637378695165
fine,0.51,0,0.11535983092990898,-0.5988006380628521
fine,0.51,0,0.12030660886168232,-0.5805474215370374
fine,0.51,0,0.1252993362079414,-0.5924822373271226
fine,0.51,0,0.13048704735943734,-0.5706198954609139
fine,0.51,0,0.135720474576263,-0.5852565864119661
fine,0.51,0,0.14114723057626766,-0.5614057342670069
fine,0.51,0,0.14661931460375263,-0.5773314158316902
fine,0.51,0,0.15228241822895375,-0.5527952735011266
fine,0.51,0,0.15799030846808884,-0.5689349891227087
fine,0.51,0,0.16388626276962218,-0.5446679600021878
fine,0.51,0,0.16982631072781768,-0.5602988312988866
fine,0.51,0,0.17595083086384095,-0.5369404560374957
fine,0.51,0,0.18211860250027934,-0.5516919702054504
fine,0.51,0,0.18846663023451493,-0.5296683989793958
fine,0.51,0,0.1948569209635312,-0.5435069072800611
fine,0.51,0,0.20142264178073868,-0.5231498314414305
fine,0.51,0,0.20802949408249635,-0.5362349756417744
fine,0.51,0,0.21480635686295285,-0.517596185349879
fine,0.51,0,0.22162308044180512,-0.5297998610246233
fine,0.51,0,0.2286038196282186,-0.5124825515107108
fine,0.51,0,0.23562301405054906,-0.5234223187962297
fine,0.51,0,0.24279967423240537,-0.506989320808561
fine,0.51,0,0.2500132539673545,-0.516498268334447
fine,0.51,0,0.2573772167995085,-0.5007073478691093
fine,0.51,0,0.26477643857785016,-0.5086744826072231
fine,0.51,0,0.27231845194227733,-0.4932476205385352
fine,0.51,0,0.27989394434087417,-0.4993469473674912
fine,0.51,0,0.287604153652909,-0.48381270758634765
fine,0.51,0,0.2953459488046411,-0.4874787811512755
fine,0.51,0,0.3032139303577725,-0.4712833376470873
fine,0.51,0,0.3111114976796456,-0.472100634066013
fine,0.51,0,0.31912629391604297,-0.4550672438033605
fine,0.51,0,0.3271685757413508,-0.45339262295384497
fine,0.51,0,0.3353187323287634,-0.43616176913494886
fine,0.51,0,0.34349418132272164,-0.4331325876100063
fine,0.51,0,0.35176778591232155,-0.416268800840202
fine,0.51,0,0.3600644041446054,-0.4123190647494044
fine,0.51,0,0.3684491266786016,-0.3959228762414895
fine,0.51,0,0.3768545062205373,-0.39135105293751193
fine,0.51,0,0.3853376406531876,-0.3756748763549129
fine,0.51,0,0.3938390055622576,-0.3708232474332227
fine,0.51,0,0.4024075128531069,-0.3561034108089345
fine,0.51,0,0.4109917624026945,-0.35110040100565354
fine,0.51,0,0.4196323146365595,-0.3374022898226501
fine,0.51,0,0.4282860676446611,-0.3322174491532057
fine,0.51,0,0.4369850931290773,-0.3195094858566012
fine,0.51,0,0.44569473323598635,-0.3140290364556959
fine,0.51,0,0.45443846242351704,-0.3022317701110486
fine,0.51,0,0.4631901841652749,-0.2963533086149752
fine,0.51,0,0.47196469624530396,-0.2854025232416124
fine,0.51,0,0.480744551767021,-0.2791145777485329
fine,0.51,0,0.4895358217693684,-0.2689902053336717
fine,0.51,0,0.4983297680203487,-0.2623495055588263
fine,0.51,0,0.5071237142713292,-0.2529816797259876
fine,0.51,0,0.5159176605223097,-0.24598255100179411
fine,0.51,0,0.5247001922926593,-0.23729241661615896
fine,0.51,0,0.5334800478143764,-0.2300159332071099
fine,0.51,0,0.5422371129978218,-0.2219564730662993
fine,0.51,0,0.5509888347395797,-0.21447188618106572
fine,0.51,0,0.5597064674007156,-0.20696271459250326
fine,0.51,0,0.5684161075076242,-0.19933283473111185
fine,0.51,0,0.577080475138219,-0.19228689039038582
fine,0.51,0,0.5857342281463206,-0.1845899515465801
fine,0.51,0,0.5943316784701446,-0.17791723010790217
fine,0.51,0,0.602915928019732,-0.17024369275791362
fine,0.51,0,0.6114330351875403,-0.16383996852185678
fine,0.51,0,0.6199344000966108,-0.15629129648801254
fine,0.51,0,0.6283580101149663,-0.15003480329984686
fine,0.51,0,0.6367633896569019,-0.14273390221366777
fine,0.51,0,0.6450806648971263,-0.1364947968205581
fine,0.51,0,0.6533772831294109,-0.12960643184048037
fine,0.51,0,0.6615757457660528,-0.12323316113168414
fine,0.51,0,0.6697511947600107,-0.11694346835924074
fine,0.51,0,0.677818768991861,-0.1102448205779527
fine,0.51,0,0.685861050817165,-0.10477804395319779
fine,0.51,0,0.6937861037279507,-0.09758471639993549
fine,0.51,0,0.7016836710498269,-0.09326190958707947
fine,0.51,0,0.7094550519703017,-0.08538187155948562
fine,0.51,0,0.7171968471220341,-0.08245357204805126
fine,0.51,0,0.7248039253603283,-0.07359563841006866
fine,0.51,0,0.7323794177589253,-0.07225307322222418
fine,0.51,0,0.7398121185714369,-0.06208357868401215
fine,0.51,0,0.747211340349779,-0.06253302817382123
fine,0.51,0,0.754460179030916,-0.050717696164494175
fine,0.51,0,0.7616737587658654,-0.05322274403029814
fine,0.51,0,0.7687298727412896,-0.03943211616656117
fine,0.51,0,0.7757490671636215,-0.044310664013267775
fine,0.51,0,0.7826042459783897,-0.028210096927124395
fine,0.51,0,0.7894209695572407,-0.035807612367052544
fine,0.51,0,0.7960676826573941,-0.017060869208829432
fine,0.51,0,0.8026745349591526,-0.02773769132504933
fine,0.51,0,0.8091059571727188,-0.0060245465306925094
fine,0.51,0,0.815496247901735,-0.020134008738201814
fine,0.51,0,0.821706282532953,0.004854424330536178
fine,0.51,0,0.8278740541693904,-0.012994306219520801
fine,0.51,0,0.833857353628002,0.01554701894609467
fine,0.51,0,0.8397974015862,-0.006314698962360588
fine,0.51,0,0.845549385481997,0.025987333151887615
fine,0.51,0,0.8512572757211313,-0.00011207988273009839
fine,0.51,0,0.8567741463625497,0.036077337052180636
fine,0.51,0,0.8622462303900343,0.005596002034981562
fine,0.51,0,0.8675249856343406,0.04570186179564917
fine,0.51,0,0.8727584128511666,0.010804822845026818
fine,0.51,0,0.8777968562627554,0.054731690929017196
fine,0.51,0,0.8827895836090152,0.015524355659819689
fine,0.51,0,0.8875863318914524,0.06302229557186667
fine,0.51,0,0.8923371307594036,0.019777476022634022
fine,0.51,0,0.8968916184360778,0.07041745719293613
fine,0.51,0,0.9014000788273858,0.023596414549216127
fine,0.51,0,0.9057125601548727,0.07676357918557986
fine,0.51,0,0.9099790920678725,0.027029527354312077
fine,0.51,0,0.9140506401756365,0.08195831396118047
fine,0.51,0,0.9180764722180702,0.03018109977963379
fine,0.51,0,0.9219089754773243,0.0859816467594905
fine,0.51,0,0.9256961507090988,0.033163118670492486
fine,0.51,0,0.9292923063431576,0.0888616768497249
fine,0.51,0,0.9328436753632825,0.03605342350148544
fine,0.51,0,0.9362069803210072,0.09070531661944403
fine,0.51,0,0.9395261916220695,0.03890924397053641
fine,0.51,0,0.9426609307453062,0.09172750921522654
fine,0.51,0,0.9457524183681275,0.04177656920926354
fine,0.51,0,0.9486636498931509,0.09223542195516732
fine,0.51,0,0.9515326184233944,0.044692285005613286
fine,0.51,0,0.9542261568654459,0.09257240670245193
fine,0.51,0,0.9568785638229476,0.04768692527915808
fine,0.51,0,0.9593609603017502,0.09304524688511939
fine,0.51,0,0.9618034959821578,0.0507862636360229
fine,0.51,0,0.9640820160550021,0.09387134716629264
fine,0.51,0,0.9663220808919292,0.05401217153918447
fine,0.51,0,0.9684046799693332,0.09516699767021719
fine,0.51,0,0.9704503594936449,0.05738304018442253
fine,0.51,0,0.9723456559207502,0.09696759090257479
fine,0.51,0,0.9742056934016674,0.06091373151507162
fine,0.51,0,0.9759229392964994,0.09925628886718507
fine,0.51,0,0.977606706157162,0.06461167025904602
fine,0.51,0,0.9791557561043863,0.10198650355259031
fine,0.51,0,0.9806732202119135,0.06847535678598593
fine,0.51,0,0.9820644979180408,0.10511133698529385
fine,0.51,0,0.9834261898554257,0.07251564331033444
fine,0.51,0,0.9846706528782887,0.10859403487863772
fine,0.51,0,0.9858876303122419,0.07673399486378618
fine,0.51,0,0.9869967329840885,0.11239258453356449
fine,0.51,0,0.9880805432493895,0.0811271547692285
fine,0.51,0,0.9890661979190487,0.11648961636352684
fine,0.51,0,0.9900288389460237,0.08571377796007607
fine,0.51,0,0.9909033756712872,0.12089904966101239
fine,0.51,0,0.9917572553886107,0.09053615828556971
fine,0.51,0,0.9925333802152202,0.12566636731847936
fine,0.51,0,0.9932912745654094,0.09566569483251441
fine,0.51,0,0.993982026533819,0.13087918792847653
fine,0.51,0,0.9946570362434897,0.10121875174248096
fine,0.51,0,0.995275743268884,0.13667641466848335
fine,0.51,0,0.9958812495200423,0.10734445454711283
fine,0.51,0,0.9964414832948851,0.1431448748699501
fine,0.51,0,0.9969911024472353,0.11386672391509867
fine,0.51,0,0.9975066325189638,0.14922892600098703
fine,0.51,0,0.9980141700364649,0.11689299251788232
fine,0.51,0,0.9984989172156951,0.14145835831475762
fine,0.51,0,0.9989783209532372,0.0560591259599319
fine,0.51,0,0.9994463102101492,-51.99913880291614
fine,0.51,0,0.9999116232184282,-128.94357662082058
fine,0.51,1,0.0003769362267073388,0.23693000387239038
fine,0.51,1,0.0008422492349858611,-2.2162059361522988
fine,0.51,1,0.0013189767238955385,0.38168251667048214
fine,0.51,1,0.0017983804614377266,0.32884238174540115
fine,0.51,1,0.002300574537251744,0.41989917618031336
fine,0.51,1,0.0028081120547533305,0.3857916369976252
fine,0.51,1,0.0033497386528767285,0.45869661162722286
fine,0.51,1,0.0038993578052271384,0.4228461396845775
fine,0.51,1,0.004494249433891626,0.4795891403389517
fine,0.51,1,0.005099755685049032,0.4445375371109338
fine,0.51,1,0.005761564620484152,0.48893979909531515
fine,0.51,1,0.006436574330156183,0.4560564809695874
fine,0.51,1,0.0071787264216068465,0.48988304715781295
fine,0.51,1,0.00793662077179589,0.46005248229580076
fine,0.51,1,0.008772270012699283,0.48425355913585255
fine,0.51,1,0.009626149730022618,0.4581605082690351
fine,0.51,1,0.010568133749057428,0.47330311048251283
fine,0.51,1,0.011530774776031951,0.45155278404179056
fine,0.51,1,0.012591571398649245,0.4580292859158298
fine,0.51,1,0.01367538166395072,0.44118336055450924
fine,0.51,1,0.014867066691358354,0.43931210553999345
fine,0.51,1,0.016084044125311583,0.42786900498322156
fine,0.51,1,0.017418250473786444,0.4178940386416221
fine,0.51,1,0.018779942411171507,0.4122693444641813
fine,0.51,1,0.020267820749956512,0.3943482892095175
fine,0.51,1,0.021785284857483437,0.3949809567584095
fine,0.51,1,0.02343746587844835,0.3693805137664071
fine,0.51,1,0.025121232739110988,0.3767161538883772
fine,0.51,1,0.0269477911858587,0.3437874927172252
fine,0.51,1,0.028807828666776312,0.3577842209336167
fine,0.51,1,0.030818249244898316,0.317870808535762
fine,0.51,1,0.03286392876920821,0.3383859747239051
fine,0.51,1,0.03506707405304395,0.29211771199871384
fine,0.51,1,0.03730713888997252,0.3185941105641551
fine,0.51,1,0.03971121933446255,0.26689845933788103
fine,0.51,1,0.04215375501486977,0.2982411220176636
fine,0.51,1,0.04476630117397562,0.24242728684354964
fine,0.51,1,0.04741870813147699,0.2770110008480071
fine,0.51,1,0.05024654517717008,0.21883993245889943
fine,0.51,1,0.053115513707413325,0.25460116403892097
fine,0.51,1,0.056164738335453795,0.19624304830034778
fine,0.51,1,0.05925622595827467,0.23089222092647266
fine,0.51,1,0.06253218575892242,0.17474245801012533
fine,0.51,1,0.06585139705998506,0.20605620951085823
fine,0.51,1,0.06935867242344732,0.15443083328813567
fine,0.51,1,0.07291004144357194,0.18054466881635767
fine,0.51,1,0.07665243006141248,0.13534122033792684
fine,0.51,1,0.08043960529318676,0.15495726733004278
fine,0.51,1,0.0844201093081403,0.11739267416087351
fine,0.51,1,0.0884459413505739,0.129875138479141
fine,0.51,1,0.09266675719824417,0.10039078874534013
fine,0.51,1,0.09693328911124435,0.1057744243553983
fine,0.51,1,0.10139580008806284,0.084118056513665
fine,0.51,1,0.10590426047936685,0.08302703363232444
fine,0.51,1,0.11060903206195419,0.06840292449232632
fine,0.51,1,0.11535983092990944,0.061841843557966514
fine,0.51,1,0.12030660886168276,0.0531052138596908
fine,0.51,1,0.12529933620794162,0.04229678823841154
fine,0.51,1,0.13048704735943734,0.03816813566736876
fine,0.51,1,0.135720474576263,0.02437377486428982
fine,0.51,1,0.14114723057626766,0.023600201553735767
fine,0.51,1,0.14661931460375263,0.007976742393096647
fine,0.51,1,0.15228241822895375,0.009449972462637346
fine,0.51,1,0.15799030846808884,-0.0070403408442052395
fine,0.51,1,0.16388626276962218,-0.004215641460478592
fine,0.51,1,0.1698263107278179,-0.020854271649041856
fine,0.51,1,0.17595083086384117,-0.017347187753155247
fine,0.51,1,0.18211860250027934,-0.033683166056933445
fine,0.51,1,0.18846663023451493,-0.029979756896940213
fine,0.51,1,0.1948569209635312,-0.04583072015692946
fine,0.51,1,0.20142264178073868,-0.04230829646874157
fine,0.51,1,0.20802949408249635,-0.057672298170264646
fine,0.51,1,0.21480635686295285,-0.054520498481037016
fine,0.51,1,0.22162308044180512,-0.06925505237372342
fine,0.51,1,0.22860381962821838,-0.06638064506148433
fine,0.51,1,0.23562301405054906,-0.08019234635745942
fine,0.51,1,0.24279967423240514,-0.07743285699823677
fine,0.51,1,0.2500132539673545,-0.09017029883483074
fine,0.51,1,0.2573772167995085,-0.08744033969438414
fine,0.51,1,0.26477643857785016,-0.0989900366455756
fine,0.51,1,0.27231845194227733,-0.0961651451117298
fine,0.51,1,0.27989394434087417,-0.10626316555985515
fine,0.51,1,0.287604153652909,-0.10308098590507342
fine,0.51,1,0.2953459488046411,-0.11128514173871662
fine,0.51,1,0.3032139303577725,-0.10739250990873384
fine,0.51,1,0.3111114976796456,-0.11335292021743593
fine,0.51,1,0.31912629391604297,-0.10858488167580393
fine,0.51,1,0.3271685757413508,-0.11250591112295982
fine,0.51,1,0.3353187323287634,-0.10720253673924929
fine,0.51,1,0.34349418132272164,-0.1098865371527018
fine,0.51,1,0.35176778591232155,-0.104370536507993
fine,0.51,1,0.3600644041446054,-0.10613678548199434
fine,0.51,1,0.3684491266786016,-0.10046116164625873
fine,0.51,1,0.3768545062205373,-0.10153541841554947
fine,0.51,1,0.3853376406531876,-0.09588009983615775
fine,0.51,1,0.3938390055622576,-0.09652404676165283
fine,0.51,1,0.4024075128531069,-0.09108347679846895
fine,0.51,1,0.4109917624026945,-0.09140065537288544
fine,0.51,1,0.4196323146365595,-0.08626760745604534
fine,0.51,1,0.4282860676446611,-0.08623989939263188
fine,0.51,1,0.4369850931290773,-0.08144294727225376
fine,0.51,1,0.44569473323598635,-0.08098571414149602
fine,0.51,1,0.45443846242351704,-0.07651401934784419
fine,0.51,1,0.4631901841652749,-0.07555025501300627
fine,0.51,1,0.47196469624530396,-0.07139377996639795
fine,0.51,1,0.480744551767021,-0.06991924968370045
fine,0.51,1,0.4895358217693684,-0.06609082872545402
fine,0.51,1,0.4983297680203491,-0.06415879158471327
fine,0.51,1,0.5071237142713292,-0.060627952341270275
fine,0.51,1,0.5159176605223093,-0.05824336275947961
fine,0.51,1,0.5247001922926591,-0.05496695243432326
fine,0.51,1,0.5334800478143762,-0.05220611640209816
fine,0.51,1,0.5422371129978218,-0.04916079672200557
fine,0.51,1,0.5509888347395797,-0.04609188919925189
fine,0.51,1,0.5597064674007156,-0.043226081833612096
fine,0.51,1,0.5684161075076242,-0.03991283925349398
fine,0.51,1,0.5770804751382188,-0.037166625110592655
fine,0.51,1,0.5857342281463206,-0.03368629122187805
fine,0.51,1,0.5943316784701448,-0.030994438701788862
fine,0.51,1,0.6029159280197325,-0.027435706563128548
fine,0.51,1,0.6114330351875408,-0.024718550757756974
fine,0.51,1,0.6199344000966113,-0.02118049769879482
fine,0.51,1,0.6283580101149667,-0.018340690842284735
fine,0.51,1,0.6367633896569024,-0.014942217999460272
fine,0.51,1,0.6450806648971266,-0.011871909025656713
fine,0.51,1,0.6533772831294113,-0.008769872900175502
fine,0.51,1,0.661575745766053,-0.005339477511508095
fine,0.51,1,0.6697511947600107,-0.0027117603557136327
fine,0.51,1,0.677818768991865,0.0012449445421308658
fine,0.51,1,0.6858610508171741,0.003185211183061587
fine,0.51,1,0.6937861037279569,0.007819805344151387
fine,0.51,1,0.7016836710498282,0.008772573579368226
fine,0.51,1,0.7094550519703021,0.014256205325190785
fine,0.51,1,0.7171968471220341,0.01398094863463517
fine,0.51,1,0.7248039253603288,0.020568147871538267
fine,0.51,1,0.7323794177589256,0.018875997431690883
fine,0.51,1,0.7398121185714369,0.026860236503781
fine,0.51,1,0.747211340349779,0.023549432977162388
fine,0.51,1,0.754460179030916,0.03322926994790765
fine,0.51,1,0.7616737587658654,0.028046373649152745
fine,0.51,1,0.7687298727412891,0.03972079804195616
fine,0.51,1,0.7757490671636206,0.03236280732102803
fine,0.51,1,0.782604245978388,0.04633878635447242
fine,0.51,1,0.7894209695572381,0.036476294029605394
fine,0.51,1,0.7960676826573924,0.05306437162664224
fine,0.51,1,0.8026745349591513,0.04035366598860557
fine,0.51,1,0.8091059571727184,0.059851449032113146
fine,0.51,1,0.815496247901735,0.043954514511580056
fine,0.51,1,0.8217062825329516,0.06664925295452151
fine,0.51,1,0.8278740541693878,0.047270478259924587
fine,0.51,1,0.8338573536280006,0.0734209655167889
fine,0.51,1,0.8397974015861995,0.050295830670698205
fine,0.51,1,0.845549385481997,0.0800973897267857
fine,0.51,1,0.8512572757211313,0.053007772742768466
fine,0.51,1,0.8567741463625501,0.08658039693219244
fine,0.51,1,0.8622462303900352,0.055384516671013406
fine,0.51,1,0.867524985634341,0.09275619835687432
fine,0.51,1,0.8727584128511666,0.05741751093064229
fine,0.51,1,0.8777968562627554,0.09849799314868157
fine,0.51,1,0.8827895836090152,0.059113478718477386
fine,0.51,1,0.8875863318914529,0.10366480005064338
fine,0.51,1,0.8923371307594045,0.06049240996997296
fine,0.51,1,0.8968916184360782,0.1081044801305101
fine,0.51,1,0.9014000788273854,0.06158382281725139
fine,0.51,1,0.9057125601548722,0.11166704048497644
fine,0.51,1,0.9099790920678725,0.062432216767238535
fine,0.51,1,0.9140506401756365,0.11424979583408701
fine,0.51,1,0.9180764722180702,0.06313360817389113
fine,0.51,1,0.9219089754773243,0.11582811290267414
fine,0.51,1,0.9256961507090988,0.06379092417254206
fine,0.51,1,0.9292923063431576,0.11642548613682802
fine,0.51,1,0.9328436753632825,0.0644754518702283
fine,0.51,1,0.9362069803210072,0.11614313089109618
fine,0.51,1,0.9395261916220704,0.06523893939014935
fine,0.51,1,0.9426609307453062,0.11518746484738518
fine,0.51,1,0.9457524183681275,0.06612260597932762
fine,0.51,1,0.9486636498931509,0.11385447744519517
fine,0.51,1,0.9515326184233944,0.06715908954235306
fine,0.51,1,0.9542261568654459,0.11247425102335296
fine,0.51,1,0.9568785638229476,0.0683749296546754
fine,0.51,1,0.9593609603017502,0.111340034353963
fine,0.51,1,0.9618034959821578,0.069792245063243
fine,0.51,1,0.9640820160550053,0.11065711077218321
fine,0.51,1,0.9663220808919363,0.07142936354855522
fine,0.51,1,0.9684046799693381,0.11053196921068686
fine,0.51,1,0.9704503594936458,0.07330135813986827
fine,0.51,1,0.9723456559207506,0.11099259993093091
fine,0.51,1,0.9742056934016678,0.07541961416829535
fine,0.51,1,0.9759229392964999,0.11201670233873606
fine,0.51,1,0.9776067061571625,0.07778841851092677
fine,0.51,1,0.9791557561043868,0.11355380251921532
fine,0.51,1,0.9806732202119135,0.08040287249828304
fine,0.51,1,0.9820644979180408,0.11555319168481737
fine,0.51,1,0.9834261898554266,0.08326973826354367
fine,0.51,1,0.9846706528782891,0.11797470078358696
fine,0.51,1,0.9858876303122419,0.08638635013622231
fine,0.51,1,0.9869967329840885,0.12077302847088378
fine,0.51,1,0.9880805432493891,0.08974483629587704
fine,0.51,1,0.9890661979190487,0.12392632728822639
fine,0.51,1,0.9900288389460241,0.09335735582083016
fine,0.51,1,0.9909033756712872,0.12744286124656679
fine,0.51,1,0.9917572553886107,0.09725882683579601
fine,0.51,1,0.9925333802152202,0.13136075851869644
fine,0.51,1,0.9932912745654094,0.10150985794438216
fine,0.51,1,0.993982026533819,0.1357572013824394
fine,0.51,1,0.9946570362434901,0.10621416016491603
fine,0.51,1,0.995275743268884,0.14075724968751802
fine,0.51,1,0.9958812495200419,0.11150297946202892
fine,0.51,1,0.9964414832948851,0.14642324115201455
fine,0.51,1,0.9969911024472353,0.11717826494402994
fine,0.51,1,0.9975066325189638,0.15165783096636476
fine,0.51,1,0.9980141700364658,0.11933524403475027
fine,0.51,1,0.9984989172156955,0.1429569189602522
fine,0.51,1,0.9989783209532377,0.057709562262198366
fine,0.51,1,0.9994463102101492,-51.99117467452563
fine,0.51,1,0.9999116232184282,-128.94357662082058
